14D
F79
FFB
08D
E92
EA0
086
31E
0BF
C44
0DE
EA7
C63
F74
34D
104
0CC
F94
1F6
063
CB1
2DA
3EE
073
FA4
1E0
DC4
DB6
CAC
138
239
D62
FE1
1A6
CAE
D17
257
137
32A
FC4
25C
1CA
D1B
D43
2B0
03F
E52
218
FCC
EFF
B54
E76
141
046
E97
501
13D
D4D
FD9
0EA
170
03A
17E
2F8
0F6
A3A
F93
FA4
D2A
051
1DD
129
E72
DA3
FC3
1EC
D0B
35F
499
075
EAA
078
F4D
FA1
E60
14B
3D0
C5A
DBB
FCB
DF2
CBA
248
2B7
267
F37
F7B
21A
DF0
E29
3DF
308
E4A
090
E98
ED0
C6F
E2D
33E
0FD
D01
0E0
180
BF4
02A
130
429
0DC
03C
191
1A3
B4A
FAF
286
EC0
003
00E
022
D5E
BF6
F24
3A4
E3D
15A
422
FA4
DCA
FC0
1BE
15E
078
017
379
C44
BB2
FB8
F64
E06
061
1E8
0E4
E3D
CB7
308
046
F97
372
45E
E5F
EE8
EC1
FCD
F02
E63
3CE
0EA
BF9
D8C
0E8
D1A
FBB
0E7
353
1D2
DFA
0ED
199
DC7
F66
52E
FD5
FCC
DD1
F28
E53
CC0
F29
457
FAE
DD1
257
EB1
E9A
F76
324
37F
160
EE9
2D3
E3F
B83
101
167
FF4
F04
02E
F29
DC0
B78
320
241
FAB
222
2A8
ED7
DCB
007
17D
2DB
DC3
231
13A
BE0
C54
093
F07
FAD
0F7
14E
1A1
BEA
F81
292
056
FB0
4EC
10C
E2E
D93
F09
0D0
DE8
FA7
30E
FE1
A98
045
F52
F89
019
24C
402
04D
DAC
169
11A
D15
201
2DD
0DA
DFE
DA2
EBB
EA5
C3F
198
408
D91
010
0C9
FDF
EB3
14D
2AD
45B
DD7
FC2
1E4
C42
D30
15B
19B
F4A
FC0
EBE
105
B7A
E71
441
19F
FAB
24A
1AE
E97
EC6
F11
36F
FC8
E63
11E
FCC
A09
EB2
086
04C
083
006
321
F77
CDA
0C1
3E7
EC0
291
25B
06D
DBA
C8F
035
0A9
D97
FE1
3F8
C8F
D8F
F53
02C
000
064
324
3DF
E40
D6B
29F
E7A
EE4
208
2D0
E99
DD8
C7F
07C
DAB
D81
434
244
EB2
FA1
159
F0A
085
FFC
4F5
168
DCD
05C
012
C2B
E07
1BE
04F
08C
D68
0A8
F96
C79
022
4CC
0C9
07B
203
FD9
F57
CD8
18A
29E
F42
E2A
216
D33
C44
F67
075
1DB
F5C
1A4
29D
F42
BD0
3A5
185
03D
1A7
1B1
FA5
CD4
C67
0D0
0C3
CB7
2EB
146
D24
D0D
034
09B
192
06A
410
37B
C65
FB6
104
ECC
EBB
2A5
09D
FBC
B8F
DF9
0D2
CD0
FD5
426
1E8
E1E
140
F8A
1AA
E87
1C6
4BA
045
D1B
00D
EB7
B67
013
0CA
25E
E94
E55
080
FBF
C0A
31D
457
0C6
146
067
0CD
D5B
DA1
185
375
CA0
FDA
0CD
C54
D10
F17
270
14E
01B
06A
373
C2B
EE2
314
1E1
01A
1B3
116
F4B
C63
C99
2A4
E9A
EB1
203
13C
C91
EC1
FF1
275
115
057
51E
0A7
CCC
F18
1B0
DE8
0A3
0EA
188
E37
ADE
FE4
0A6
D91
0F8
526
FDE
008
EF0
135
10F
EBF
1A3
456
E11
CDE
0D8
D0A
E0C
EE7
25E
1E5
EF4
D5A
1D7
E68
D4E
40F
318
1DC
FDA
087
FAE
E6C
C9E
3A4
0D0
D72
FC5
F98
D28
D1F
03F
264
2AE
E75
31A
18C
D12
F05
32E
0BE
08D
090
001
FD3
A21
F4E
1AA
F64
E88
369
F9D
DFC
E42
0FF
392
FC6
1CC
409
043
BBB
099
FA8
FD5
F8B
138
192
D1B
B2A
050
113
D28
381
2E8
140
E4F
F54
0BA
0ED
E46
2BA
3D3
C59
E48
F2C
E55
D65
059
1A4
2D7
D16
F8B
251
DEF
F79
391
3E7
038
053
F16
125
C63
E9A
37A
048
D8D
FD3
F92
CF3
EA8
FAB
51C
0F6
FB3
2BB
161
BCB
04E
2D6
0DF
10A
EB8
157
DBF
ADC
EFD
2F1
D91
0BC
1C4
F49
E33
DB8
1B5
269
058
0A7
50E
D8A
D31
F85
FEE
EF8
F7C
106
1DA
CF9
B0A
26A
F3D
F62
253
446
FC9
F22
E44
1B6
02F
DE9
40F
1D5
D6A
D88
FA3
D86
F2D
F81
39E
21B
CDA
011
175
E0F
F57
49E
1D8
188
DE7
035
FE9
BEC
EAB
3A5
01D
D75
0BD
DF8
E70
D4C
16D
41B
126
F58
3AB
012
C79
0C3
199
217
F0E
F5C
FFE
DF8
9DC
0FD
188
E7C
131
1F0
059
E4A
E6F
1B6
403
E77
2C9
30E
DB5
C65
F61
FDC
F6B
F4F
03B
273
A96
D4F
102
017
EF1
3B2
31C
11A
E60
E15
27C
E4C
F07
35B
22B
BCA
E70
E5C
F62
E4C
F48
440
13B
D43
078
1E4
CAD
16C
2AC
36C
072
E85
FF4
FC8
BB7
EFB
3D5
E68
F54
F25
FCA
DBC
E03
0E6
549
073
FDF
3D4
EB6
D4B
F4E
24D
183
04F
DF6
205
C5D
AA9
127
162
F6F
141
26B
01D
EE8
D3C
403
250
F08
223
30A
D32
D04
F53
F2C
066
DC0
26A
0D4
C76
CF1
267
F61
04C
2E7
2CC
1C2
D3C
F2C
188
ED1
DA8
453
00F
D97
D97
E96
F57
E15
FFB
409
224
C94
1B7
0B5
E7C
FAC
373
2C0
0D4
D80
FA1
F58
A9E
028
259
039
DF3
033
F2F
F78
D03
128
52D
FC9
0CE
29E
F74
C85
024
044
244
E44
F0B
140
CAD
B14
0AC
1DD
F3B
254
0FD
192
D7B
DB0
32D
2EA
EB4
24C
298
CFB
E00
D48
07B
F30
E81
17A
29D
C08
DFC
1FA
F3C
0A5
1F7
3D3
170
E19
E06
2AA
D76
F20
33F
0A4
D5C
D9C
E9F
EB8
ED3
EFE
57F
0DE
DB4
0B4
10D
DEF
07C
2A5
35A
11A
C8E
12F
ECC
BC6
EE4
310
F60
FB2
F4D
FB6
FCB
C93
1D7
490
143
F9A
3E4
E34
E3F
E90
131
1AE
EDE
F35
13D
D7C
A49
1A4
07E
0B0
098
239
1A6
F2D
CF3
339
2D9
E28
30B
1A2
EB0
C28
E57
F78
07A
DD5
262
29A
C0B
E98
0ED
0A5
FEA
30E
298
321
DA9
EDD
156
E3C
E56
2B2
202
DA6
E8D
D4A
040
CCE
F96
436
28C
DBA
1D4
173
E1A
03C
126
3E7
05A
DBA
FA8
FF3
A6E
F02
20E
039
FED
F4A
0CF
F1D
CE2
080
634
FED
12A
2A7
FB8
D77
E15
068
18D
F48
E0A
33F
D44
B6D
FC6
13E
045
1CE
182
2CE
F1A
C58
345
15B
FB2
217
351
D87
D76
CC6
F95
FC4
D4B
2F8
28D
DB4
D8D
249
F34
11B
15D
3A0
315
D9F
E34
190
E30
CD7
353
0D5
FA8
D4B
EBA
F98
DD1
E71
4F3
2DF
E77
1F2
05D
F28
E4C
123
2F3
254
D07
0CE
046
A03
E61
16A
153
F29
032
034
0F5
C02
06D
43C
0F0
0C7
33F
03E
CE7
DDC
EC0
2B6
E6F
EEE
1D8
EC6
B26
F62
0B0
FFB
14C
125
441
F14
CC7
0DD
27D
E38
219
2C6
FAB
D93
C37
033
F94
DFF
0DD
494
DAA
E52
0BC
010
03C
09D
3A2
3B6
EE0
D3F
2D0
D26
D5C
134
205
F86
E50
E1C
014
E85
CD3
513
241
FB8
0BB
1E2
E3B
F37
F83
339
27A
CFE
0C3
018
BA7
C5A
243
FE7
138
F19
1A2
0EC
C70
F11
40C
1A6
F93
496
034
F2A
D12
EB4
1AA
F04
E6A
2D9
041
ACC
F63
FEE
079
FC1
22B
349
176
BD9
09D
207
DA0
0FC
24A
10B
DF1
D04
E7B
086
BCC
08C
487
FAF
E60
069
08E
EC4
08F
13C
572
F3E
E79
1D0
EBB
B7C
0AA
233
FEF
F80
D7C
154
DA9
CC8
20F
477
F43
1CF
1FF
FA9
ECB
D94
2E8
227
F04
F8D
287
B28
C3A
FAD
067
126
FC4
17C
1FD
E27
CDF
48E
0FD
092
2C1
26D
F72
D3D
D9A
0DC
05B
CDC
40A
092
D06
DB6
0D4
FA3
06C
0D1
3B0
323
C93
0BD
1B8
ECD
F08
32E
129
080
C85
E31
02D
C34
F54
438
19F
DDC
133
FC7
049
E83
1D1
522
170
DDE
171
032
AD0
F83
02F
1E5
ECF
ED5
0BE
F6D
B33
09B
491
00C
1E9
1A8
174
E83
E6C
056
385
E72
FB7
2C1
D5D
BD0
DEC
03A
FD9
073
019
420
E22
CD8
210
1F5
FD1
1F7
376
088
E80
B40
0D7
F1B
D0E
110
318
D6A
D74
F8F
F44
115
EE1
42F
3BB
F07
E6D
253
E1D
EA0
177
1F0
1BF
D59
E83
F4B
D34
BFE
3D8
19C
FB1
0AB
08E
00E
E49
F8F
408
3BB
DBF
260
05D
CCE
D05
FC0
0F1
09C
E6A
0AB
189
A86
EEE
268
194
074
310
1B4
0FB
D63
EEB
35B
EC1
F77
277
041
B0D
E5E
E03
115
EBA
FE2
43F
07A
CE2
FDE
2A5
E69
199
19E
330
FE2
CC2
F6A
071
C02
F8D
3D1
ECE
EB4
E21
F79
F76
ED7
1B3
60C
073
E52
261
F04
E3B
F82
21C
1CB
FCA
CCA
171
DA2
AC5
163
250
05D
01F
19B
02A
FEF
C89
2FD
3B7
FD0
10E
269
E1C
C31
ECB
F90
1B4
D6F
0D0
1A6
CFC
BA0
1AB
0B0
FED
28C
1DA
2F9
D95
DDE
1D9
086
D28
2A0
1C4
D6E
D51
D31
FCB
E1C
EFE
30C
499
C9C
FF0
13C
F62
F9B
143
399
1AA
DAD
E7E
1CA
BA7
E28
1A8
190
ECF
F13
F2E
F9A
E1F
E11
57F
1F3
01A
194
1AB
D72
F1F
02B
29D
0E9
D64
18A
F91
AD7
D46
2B4
F75
0F3
05F
1D9
096
C78
013
3AB
080
F94
440
F97
EFE
D79
F5E
0E5
E40
EE8
312
FEF
B1C
07A
FB9
025
068
326
391
0FD
CD7
11B
110
CAC
13F
203
061
D68
E2A
E2C
FD9
C07
09A
4C1
F07
F6C
18A
044
E8A
105
15D
4DC
F22
EC3
1CD
E08
BAB
FFD
206
EE5
FDF
E90
139
D8A
D15
1F8
3C9
F69
1EC
305
ECF
E78
D88
230
156
EB4
FB1
2DB
B52
C06
022
F68
08F
FE9
253
211
E88
C94
3D7
09B
FA8
322
25C
013
D03
E3B
FEC
FA3
C47
2F5
14C
D50
E90
055
F33
F72
0F9
3BB
41F
D99
051
155
E22
D7C
2EF
16F
025
E22
E45
0A2
B54
E20
33A
1F1
E04
1F0
050
FF3
EBF
FD6
489
1E8
FA1
193
132
A5E
EC2
FDB
127
F87
F07
112
037
B75
E81
3F8
FA6
1D0
278
236
EFC
DDD
F65
240
E9A
ECA
44E
EBD
C27
D0D
FD3
EDF
FCD
05C
422
086
C6F
1C8
0CD
F30
161
3B4
1A8
065
C4A
FF0
FB2
C4D
004
35A
F65
E00
055
E54
FF7
DA3
2A7
4D1
036
F2E
318
F4A
C9D
113
088
2B9
EB6
EE0
040
DE9
A65
133
275
F10
1C1
0E0
12F
E0C
E6A
1CC
471
E95
28F
2BF
DB7
CFE
E2A
0AA
FD9
F21
FD7
387
BF0
CDB
0D9
077
F8A
20A
36E
19C
F04
C9D
261
F2C
E76
241
2BE
D7C
E08
E15
EF9
F37
D2E
40F
2EE
E4D
F41
2CD
E4A
F8E
1D0
339
33B
DB5
FEE
0DA
CF5
C11
2C1
021
F26
EDB
F52
F7E
D56
EBE
355
2E6
E6C
331
102
ED5
DF5
021
1FA
0DD
E1B
125
105
A09
E61
092
046
F79
13C
1AA
15E
CA5
F01
43C
F80
09A
38A
22A
D95
E68
DDF
0BD
E23
E99
3D0
FDF
BFC
E73
006
E37
0C6
12D
4F4
147
D6C
0E6
120
D70
F5C
3E8
044
F86
D2B
F9D
E63
BC7
F7F
485
02F
EB2
200
F63
F49
E5E
205
425
132
EC1
33B
E99
B3C
FCE
0B2
106
F21
FAF
044
F21
B51
1AC
372
FA0
1FB
32B
10D
E88
E83
FE7
35F
D5D
0CC
30B
D8B
B90
EC1
F42
EF6
026
057
400
D4F
D7C
1C6
0F7
E9C
2F1
3BC
180
F34
CA9
136
E1F
D49
178
380
D36
EAE
F20
EA3
EEC
E64
3F5
3F8
FDE
F16
378
D66
E7C
132
286
1E0
E94
F09
01F
C4D
AD2
28E
0E6
FE0
09C
12E
FE9
E74
ED4
335
366
E1D
3A4
1D8
DF4
C7C
FD8
FD8
05B
E95
12D
1D2
AE2
E3E
0E8
010
F31
305
21C
225
D1B
EC4
2CF
F1B
F16
33A
1F7
CA9
E6C
D60
FB0
E07
EC2
439
18B
D65
F45
1E9
DC7
0C2
1AA
49A
1C7
E55
02F
0D6
BAA
E02
364
FEE
F89
E13
078
E71
D51
EFB
4D4
105
F40
381
09C
E5F
EB0
191
24E
135
E0A
2C8
F48
AB0
E93
06E
01D
F93
171
0E7
0AE
B5D
169
2B5
FA9
166
38B
173
EB9
E2F
EC1
1BC
D29
03E
31A
F45
B68
F59
F52
EB5
0DC
1B9
4CB
F5B
E3A
144
1BA
D6B
213
33D
0E1
F88
D43
028
E60
C5C
019
460
E5C
F7B
08D
FEA
ED2
EE8
327
48C
087
E9B
387
D87
D12
03A
1B0
0C7
F13
EDB
11C
D87
A31
28F
14B
FF4
180
2AF
013
E6D
DD6
208
2F7
D93
2BF
1DB
E32
BFC
F84
EEC
050
E3D
1C9
36D
BED
DDB
144
092
EC4
397
2B9
2BB
E02
DDF
1C7
E38
D50
267
280
D25
F22
DC2
FEE
D91
E5F
3A6
39C
E81
058
251
D43
00C
0B7
37C
181
E32
F77
10E
BB1
C61
2BF
002
016
F6A
104
F21
DD7
DBC
49F
175
FC8
368
149
E98
D83
026
0EA
136
D86
2ED
FAB
AD7
E11
0AB
FC4
F7B
19E
221
241
BFF
05D
315
F6C
076
3F2
133
E86
E08
E23
0EA
C2E
FDE
36A
03B
C27
FDF
FE8
F05
049
135
546
0FC
E7B
0E7
137
BF4
04C
25D
167
026
D63
FD3
E5A
B90
F11
48A
EFA
090
120
08F
F42
E6D
1C9
43F
103
EE5
3BF
E21
BCB
E3A
11D
041
F4A
F1E
1FA
E32
A6E
1FF
175
08C
17B
3AC
0F8
F78
CA8
148
217
D66
1C2
295
ED7
B8F
E50
DF6
059
E3F
197
4AB
E0B
DCD
132
048
EB7
28B
216
353
E1B
DEA
136
E15
C6B
16A
285
E43
F48
DB0
011
E0F
E3C
2E3
44A
F1D
0A3
2D6
E04
F0B
F0B
32D
1DF
EBA
F14
1D4
B3B
C00
1C7
037
08D
026
188
0D0
DD5
D40
47F
195
FC8
38C
16D
F1D
C6E
E93
0F6
0E1
CED
2E0
0FF
C25
D97
078
FD1
FA3
159
2E1
361
C19
059
19D
EF8
F05
311
196
F6C
D1F
D19
100
C56
E5B
3BB
18D
D99
09D
01A
F7F
F86
03C
58E
194
EA6
0AB
134
C42
F38
0EB
17C
FEC
D35
09E
EF1
B32
E89
454
010
156
184
1A2
F76
CF8
0A9
3F9
02B
EFD
3A4
E4E
CCD
D2B
014
09B
F0B
F7F
2D6
007
AF4
1A0
0EE
0A0
147
2E2
282
03B
C07
06F
1F4
CA9
10D
212
F99
C97
E65
E57
07D
D46
1E6
4CD
F6B
E69
10B
02C
EC0
15E
179
47E
E60
DC9
0F4
E24
BC6
036
258
F95
015
DD5
14E
E15
D95
2B1
46D
FF8
120
224
EAC
E83
D59
271
1F2
E0D
F79
232
B98
C58
FEE
080
1BD
F3A
162
251
E39
C8E
3DD
0FE
041
26F
184
088
CA1
D83
052
01E
C8B
333
17D
D79
D8E
F76
110
082
06A
370
484
C7F
00A
148
F50
EED
1F6
25D
043
C4F
D0F
0D5
BB2
E66
2D4
27F
ED5
005
FD3
0D9
E56
F46
5D1
1A4
F16
097
0C1
C51
E74
EE0
23E
050
D10
142
FBE
BB9
E65
361
106
224
067
26B
074
C3A
F8C
3F5
001
F37
2EE
F35
E36
B5C
F06
194
F2D
F97
3E1
FEC
C47
05B
061
227
077
24E
37E
092
B66
FC8
0B6
D33
040
0F1
154
D4B
C93
F1A
105
CDA
19D
4C4
062
FAF
02F
0C6
F6C
F59
128
52D
E29
E18
007
E49
C2F
F73
1EB
124
FC3
E51
2AC
E2F
D49
289
454
098
122
116
04B
F5E
BCF
2A1
190
E0A
F9B
1AA
CF8
CBA
E5C
091
2F8
ECA
26D
2CA
E53
D08
2FD
085
193
17D
17A
1EE
BDD
C1F
115
FEC
CBE
2BA
0D5
F39
CA3
E4B
19F
032
F30
3C7
433
D60
FE2
FC1
FF7
EC9
F86
24D
1CD
BB4
DD8
168
C1B
F30
1E6
343
0B5
F9F
F62
223
E12
F50
558
1B1
FF1
FA6
014
DCA
D37
D94
393
048
D4B
19D
F7E
CDC
E6A
220
254
2F0
F1D
3B2
147
C7E
FE2
2B9
03B
FC7
174
F31
F24
A09
F56
157
EE9
FAC
35D
041
DB4
F66
011
365
F1D
1CB
4AA
068
BD3
FDF
F7B
ECA
F60
04B
367
D60
B9C
FB1
116
CB7
246
376
1AB
FAC
ECB
19C
FF2
E4A
126
512
E20
E9E
EE0
E6B
DFC
DAC
14A
304
EA6
E30
2E0
D81
E7C
118
3B7
2C0
0BB
FF1
226
E75
B38
2A7
094
F9F
F39
044
E03
D56
C3F
220
24C
E17
2D9
1F4
EFD
DE4
0CD
14A
2B2
F14
226
219
B1F
CB7
057
F8A
E9D
150
09D
1C2
C2D
E59
2AA
FE8
F75
408
34D
EE1
F6A
E4D
20B
E59
EFA
345
15C
C06
E5A
EC4
D6E
F71
FB9
4A9
0E9
E07
03D
24A
D4A
079
3AF
24E
10C
D82
080
F3F
C8B
DB8
405
F71
EF8
FBC
F28
F07
D7D
0B0
499
1D3
EB8
41A
F5D
D92
F42
202
21E
FD7
F04
105
F5E
99F
054
10C
FC5
005
198
0DC
F8D
D01
141
464
E9C
2A9
2FA
043
CA9
E66
F84
114
DAE
02B
38E
CBB
C2B
F40
FD7
EB4
14C
222
3E2
E6D
E1D
30F
FAA
E76
290
362
FA6
F09
C9F
04B
E1C
CDF
23D
2F7
DDA
EDE
152
E9F
FDB
F3A
473
3E4
E8B
FC3
265
CE8
D6E
1BB
130
121
D45
F89
FC7
C68
C4A
3D4
164
FC1
1F1
0FE
0FF
D7E
FB7
368
26F
DF5
324
07C
CCE
D6E
F47
0DC
F7E
EF5
1E2
182
A68
FCD
1B9
0C3
0A0
29F
22D
0B3
C99
EE8
390
D58
0D9
2A6
06B
CCC
D12
E5C
FE8
E53
F8E
58E
003
E03
FD9
16B
F6C
10B
196
498
FD8
C6A
122
E9C
CE7
F6B
300
F98
F80
C9E
0A2
F77
C96
1D3
48F
0AE
FDF
1FA
EE2
00F
D72
280
389
F15
F51
10E
D18
BBC
F71
079
23D
EBE
043
1C0
EA7
CB3
30D
278
0A7
27A
078
151
D66
D4E
0F4
14E
CE8
1F1
10C
CF4
D35
D9C
1E4
063
FB8
2AE
413
C5B
F5B
207
08F
07F
0CD
2BB
07A
CCE
CB2
1AC
CB0
E79
22F
184
EEE
DD9
F31
11E
F10
F2B
625
1B6
EA1
FF8
0A7
E61
EFA
FF0
3E8
085
BC1
042
EC5
C77
E7A
290
146
13F
E77
163
10E
C78
1A4
410
170
FA4
179
E82
F45
B74
FD3
2BB
E5C
EA9
183
EAC
BA7
080
0EB
3BF
FF2
13A
392
F36
C77
10B
284
F0C
12F
004
177
C15
BCF
020
12B
D6E
1D9
353
EF7
EB3
DE2
1EC
17B
F7F
279
4D3
D68
D60
051
EDC
F1C
EF1
213
122
C81
C5F
20D
D6A
F31
2B5
2CF
18C
E67
F58
1B0
FAA
DD3
4CE
1D4
EF1
EDB
F18
DED
D49
E5F
2E9
1BD
C68
165
044
DB9
E73
2F1
34E
23A
E74
1A9
185
BA2
FC0
230
0CC
E6A
059
EE8
F01
AB4
F47
3C6
F7A
F71
2D0
10E
D71
F9A
036
3E5
075
00B
34C
EDA
B6A
EFF
0CB
ED1
0A1
F84
1D4
DBC
C0F
092
288
F2B
272
3E2
063
FAD
D35
1B3
113
E7B
0F3
40B
D4A
D0C
EEA
E3B
F8F
E80
28A
394
E95
D29
2E5
F10
F38
2D1
3B9
262
E74
E8B
093
E2C
BE2
346
172
EA0
E52
F4E
E80
DEE
E48
375
3DC
DDC
1FA
142
F0C
E42
161
2A0
22E
E01
FDF
0FF
A5E
DEA
0FE
113
F0F
078
FB0
06F
C0B
F16
51B
0A4
04F
2CA
1D4
D60
F01
EA7
2D9
ECA
EFC
281
EED
AB7
E10
0E8
F1A
13A
043
465
FB1
CE3
0E4
292
F1B
159
3D5
093
F5E
C02
049
FAD
D80
04A
40C
E2C
DA0
F69
F7C
0B2
F21
308
4A8
F60
D88
2A8
E96
EA5
137
259
1ED
D81
D8A
042
E66
B60
32B
244
FDF
F98
FBF
061
F0E
F10
433
44C
E10
1B4
06B
E76
D77
F2E
1B0
124
D38
F72
1A1
B10
E7D
1D4
263
0B2
180
106
1E2
CA3
EEA
472
03A
FF5
228
069
C84
D3C
D8C
258
EE6
EC9
2EA
FCB
C1D
EFB
1C1
0ED
1D8
0A2
49F
03E
C50
FF8
191
E0A
070
214
F6A
E9C
B31
042
030
E41
09B
4EE
F60
E71
00A
044
1F5
F09
2D4
402
F0C
C67
1A1
DD5
DC6
FF5
10D
22A
D15
DEA
0D9
F6F
C25
409
309
151
04B
05A
115
EA5
E6C
2EF
373
CA7
061
F66
D3C
C9E
EF1
20E
193
D8F
0FB
278
BB0
F10
250
32A
120
162
0C0
13F
BDE
E39
33C
F20
F47
082
FF2
CF0
D5B
E19
35E
FCA
FA5
480
0F4
D89
F7D
1B8
06D
194
FAF
389
EBC
AED
F4B
0AF
DBE
F9A
1DA
019
F9B
BE4
12C
218
F43
1CE
5EC
F74
EB8
F7F
FA2
07D
DC1
15B
2EA
E27
BA1
0D9
D74
E2E
027
1C2
310
E52
E97
201
016
D2A
43B
331
13D
F0C
F0E
02F
DDD
D22
226
27F
C98
01C
F28
E4C
DD2
052
348
382
ED8
130
2F5
C6A
F4E
1A3
233
FF8
F8C
F3B
FDF
A80
D54
32A
FC0
FCF
186
14C
E52
EA6
F2B
505
034
05E
3DA
02F
C7C
E31
09F
02C
03D
E8B
2F2
E3E
AF6
F61
20A
EFB
0F8
33F
15C
041
C9D
24E
19B
F24
1AD
41B
E53
DD0
E05
EB9
017
DAC
166
29F
E26
C5D
1DE
EB3
FF2
13F
357
3CB
EB4
E94
1AD
F40
C76
3C7
15E
F8C
D86
E42
EEC
D24
D62
2F0
31F
D91
19B
0C0
F4A
ED5
15E
3D7
316
E1A
0F7
136
B0E
E1A
0E5
177
EF8
F40
F0F
05D
B60
F52
492
07C
099
26B
13B
EEC
EC0
F55
4B4
F66
F4C
251
E74
B04
DF1
05A
01F
041
F35
3AB
E72
C1F
10C
2ED
F64
23F
323
0E0
FAF
B7E
10A
0DD
E0F
037
362
D44
CEE
E42
FA5
08A
EA4
2D8
38A
EAF
DA7
2D7
F1E
006
134
2EB
22C
D83
D82
08D
E02
C4F
388
11C
EE5
DD6
F06
FFA
F73
ED7
490
39F
DC4
17F
075
F1C
E4E
0FA
265
16B
C47
FF2
00C
AB1
EAF
1A9
20B
FC0
027
039
14B
C66
154
52F
0D3
008
238
FF3
D34
DEE
F1F
383
E22
EE0
251
EAF
B25
F86
13B
1C1
160
095
412
E2D
D72
18A
369
EBF
1B2
13E
F62
D60
B31
0F4
049
DE6
0ED
36E
CDE
E59
F7C
156
16F
009
3BB
384
DE3
D3B
2AA
E53
F6F
08B
1CA
00C
C27
CF0
144
E98
DAC
4C5
1A0
FBB
E56
089
090
09A
F54
4F0
1CC
C3C
019
EA5
D6F
DAA
145
176
0FE
C64
0A8
FFF
C65
10A
40D
25D
005
138
00E
0C6
BC6
133
39F
F3F
E45
106
E1F
C4F
E57
082
3B8
E83
048
262
F1C
C8C
22B
2AC
1E7
18F
FEB
1B5
CD6
CB5
106
209
D1A
17B
07D
E76
C7B
D51
223
164
F6C
23B
46A
CA9
F84
09F
1C0
137
061
252
10E
BF7
C34
1E5
D60
F21
101
20A
EA5
D5B
EC4
2C4
FA2
FAC
5C2
180
EAF
F3B
048
F13
FD7
F50
377
F42
B2A
F9A
F5E
D5E
FBD
314
1E3
15B
D43
1B4
0B2
D50
20A
45F
051
EFB
FD2
ECD
F18
BC8
19F
27D
E91
D9D
18B
DA9
D42
03C
22C
42B
F36
108
1FE
F55
C0E
34A
1F7
051
F98
F78
F50
BA6
CD1
169
1C6
D41
2D2
13A
E40
E0D
097
33B
2BA
00E
292
242
B08
E5D
0D1
0B8
E9F
09D
038
FBA
ACD
E58
323
EB4
0DC
392
201
E32
F5C
FDF
366
F35
004
3D8
F14
C37
E5C
FC8
DE2
F8E
00C
3E9
E63
CA3
0AD
14A
EA4
27E
44A
0EE
04E
D78
16E
FB4
DAC
1A0
3EF
D4C
DE2
F6B
DC2
E49
DEF
324
321
EAA
E7F
361
DB0
EBB
2D8
2AC
1FC
F08
EFF
038
CF4
BDA
392
008
EC1
F90
FC2
E73
D72
EEB
3B1
2E9
E17
3DE
0EC
DD4
E89
223
175
16E
E26
141
FE1
9A2
F14
1EF
051
F20
2A7
00D
F91
C73
127
472
FA8
104
3CC
08F
C1C
FC2
EF2
1AE
DF6
08C
1BF
DE4
AF8
039
073
EC0
200
1EF
25D
DE1
E20
1D3
193
DE8
342
31A
E3D
E63
D45
FD8
E71
E79
179
3A3
BF1
E61
0CA
F1A
FB3
220
451
1FB
EE5
E8D
2C3
C8F
ECF
2E6
1CE
DD4
EA8
E4B
F79
D13
DD9
4AB
0C8
EFA
0D0
14B
D9C
036
192
41F
146
DF9
17A
F51
B7A
EF9
2A2
F3D
037
E4B
0A0
E0E
B9A
0B9
488
07A
01D
3D7
EE9
F09
E8E
1BD
2BF
F45
F33
2BB
D04
AF7
011
F8A
045
F7D
178
159
EB5
C44
397
1E5
F80
349
273
F7F
D3A
E8E
03F
0DF
CE3
30E
10C
C05
D44
FF9
F74
F72
172
2E6
333
C3D
01F
1AA
F8F
F89
3C0
11A
F34
D7C
E0B
0CA
C7B
FB2
2FE
0FF
C71
078
F5A
F96
FE0
182
4F7
0E2
DFF
146
0AB
C01
141
17F
14F
E7C
E57
F88
E6C
B8A
13C
402
EFE
0B7
0C1
0A0
E26
FA2
239
442
EE1
00A
2A5
C6A
CB4
FA7
18A
FB1
F5D
EE3
1DF
C6B
C9A
30B
20B
024
2C2
272
ED1
EE8
D6C
3FB
088
E99
1BE
18F
B64
D10
F78
F8C
0EF
F5C
35C
0B5
CAE
E8F
395
F2B
14D
34C
13D
FCB
C90
F95
0C0
E1E
E4B
430
E43
CF7
E50
F57
FBB
F2D
1E8
489
0C6
CB0
2E1
025
ED6
10E
369
14A
F65
C77
FDF
EE3
B4B
21C
253
F77
E3E
05A
F4C
015
EF0
3DC
4F7
ECD
FF5
172
E4A
D01
18E
124
223
D56
F36
0B8
C02
CAC
2F6
1B7
F49
1D4
FD2
08B
D7C
047
427
2D1
E01
303
061
BA1
DEF
F6B
1A1
EE4
F6C
12A
093
A23
FF7
250
064
158
287
230
F39
D1A
F7C
37C
D43
0F6
22D
EEE
BBE
E10
F42
012
F4C
02E
4DD
E2C
D9D
150
1C6
F0F
2E4
2C2
218
E77
CC4
12B
EC6
D2E
1AB
338
D3E
EB3
E3C
FE2
F18
EFA
3F5
485
E58
F62
2E5
D5A
02B
0EA
354
0CC
DBD
DF7
0B8
C0C
D5F
3F0
021
F93
F00
090
F44
EA5
FC6
5B4
1B0
ECC
252
FE0
CB7
E92
0B7
0CC
021
CB5
101
E66
B00
F50
2AE
FDC
0BB
1AB
0BE
01C
C6D
277
350
FB5
01B
378
D8F
CB4
E8E
F85
0E9
DDF
0E8
208
DC1
B86
24E
09E
031
1AC
2D4
1B2
E53
E12
174
0A8
CE8
34D
175
D9B
CF0
EE6
FCA
F76
ED3
3A3
319
BEE
033
175
FAE
F83
30B
2CD
1BA
CAC
EF1
122
BDE
EC8
2CF
146
D49
F5A
E39
049
E1B
0FE
54B
1AC
E8E
1D7
0A6
CC6
0D9
16F
321
F3C
DE8
009
EBA
ABD
082
309
F35
06E
035
0B9
E0E
E52
232
51B
EE2
135
232
DF5
D55
EEA
0CF
056
F3D
EDB
2A2
B57
C2A
16B
1AE
FFD
2A3
277
115
EE3
DEC
3E4
04E
F36
28C
273
BE4
DFA
E22
FC3
F8F
E67
36F
0E2
CD4
E7E
346
E0D
1AC
2C1
3B2
09F
DA2
FE1
12C
D67
EF3
441
ED4
DA9
DA6
F58
ED9
ED3
051
4CE
07A
CE9
241
F6E
EA4
0B2
417
1CD
FFE
CD0
103
E63
B2D
12F
2C7
F2B
EB0
073
E7A
FA5
D5C
3B9
3C2
FB6
0A1
2FC
DED
D20
11A
0AE
1D9
E5A
06C
052
C4D
BC4
2EE
0E7
FC3
1B5
0FF
078
D4B
F66
380
29B
E26
3CC
0DB
C5F
D46
F82
005
FA3
FDF
10B
10C
A48
FA1
1C8
FAC
028
3A0
215
041
DDC
FE1
305
D29
0CB
34A
FB0
BE7
EF8
E1B
EF6
E54
11C
3B7
F31
D49
178
0CD
DC8
319
319
297
EC3
E0D
0DD
ECD
BD8
1CC
349
D14
F4A
EF8
F00
DB1
F6A
289
47D
E9B
03B
31A
D81
EAB
14C
2C4
05F
F9A
E62
117
B60
D44
2A9
0C8
ECD
0F8
0F6
E1A
ECD
F67
4E1
111
03A
320
15F
B85
F09
0E6
FFC
077
E82
213
EF1
AB5
E81
34E
E34
156
35E
111
F88
E1A
132
23E
F97
063
4FE
DD8
CDC
E97
F3A
E8E
F52
0BA
293
E4D
BC6
22A
FFA
F19
28B
474
101
FA3
E87
10F
F64
CEA
30F
2B8
D53
CFE
065
CC0
EAF
F39
302
31A
E4B
089
232
E61
E02
460
1F1
13E
EAD
03F
F16
C1D
D59
362
040
D34
1B0
F55
E2B
DC2
16C
308
265
EB7
3F0
06E
C33
FB4
1BF
0D5
FAD
068
FD2
ECE
A4B
044
211
EF3
09A
37F
043
E2A
F89
03B
35E
EA6
1FC
359
EAE
B68
0B5
F1A
E76
06F
0EF
1EB
D10
CC8
140
0F5
D58
45E
378
FFC
F5B
F89
133
F96
EED
22A
3D0
C10
E91
F27
DE8
D4E
107
22D
21B
DA1
F68
2CF
CB6
FEB
42F
2D5
F35
0BB
ED9
FF0
CBB
E24
3C1
002
D95
090
043
BDA
F55
081
3A7
0B7
FA2
2BD
0C6
C43
056
37F
F3F
0BE
016
FF4
D2E
C15
F4E
2B2
E10
038
354
EA7
E0D
F37
25A
131
139
0EC
44B
D45
C63
0C0
FCC
E1C
07D
21A
F35
E01
BCE
1FF
F27
EFB
364
429
E97
F4B
0F4
FB6
07E
F0A
445
1C0
D06
D71
141
C6A
ECC
191
1AF
0D8
DA2
F6D
110
E8B
ECB
62B
1C6
FD7
06B
FF1
E3B
DA3
F7F
304
0C7
C72
164
ED3
BF6
F47
2BE
172
11A
FD5
282
073
BC3
179
315
00F
FA2
1DB
E49
D91
C2B
01C
1D3
E44
04E
367
E3C
BF3
16A
09A
21B
0A1
28D
289
E32
C46
1FD
046
DAF
25C
127
EFA
BE9
DFD
005
041
D90
42E
3D2
E00
F65
118
061
F84
179
20F
2CE
B44
E9E
062
CDD
DAB
255
175
EC4
F89
E7D
18D
DCC
0ED
509
2A2
EBC
247
FAF
D9A
F1A
F99
341
F2B
DC0
FDE
F46
9E8
0C3
250
0DC
126
0FF
172
FA9
DAF
0CC
51F
E71
15C
197
EA3
C42
E01
FE8
198
EB5
F4A
3D9
CB5
D06
0EA
1CB
F9C
315
20B
246
E26
D1F
244
FD5
DDB
1BB
227
C38
E0C
D94
FF4
F71
F42
33B
33A
DDB
EDF
268
E65
095
19E
390
08E
D7C
DB6
0BB
BFE
D92
428
03D
EA8
EB9
024
EEB
F40
00F
5D2
184
E78
1D4
018
D5C
EDD
237
124
068
D67
154
E46
AE1
F7E
38C
FFC
081
2A0
008
FED
D27
2AE
342
003
F92
3CD
D67
C3D
F1E
F81
0B6
F4A
0AD
1CB
DDD
B24
2A1
0D4
FF7
2E8
33F
09F
E3E
E37
137
0A2
C84
379
153
CDE
CE7
F98
E59
FA2
01D
2F6
317
C78
037
25C
F61
F00
425
197
0B2
D03
ED5
06B
C32
E40
38F
0EA
C93
144
ECE
EBD
E8C
161
4A5
1B7
E9D
233
105
BBC
0AA
1BC
199
F13
FC0
F5C
F2A
A9D
FF3
364
E92
0A3
289
08A
DD8
F81
0AF
3D8
EF2
1D2
36C
D75
BC0
008
04A
E9B
0CC
FAE
1F3
CE6
CEC
1A7
190
E4C
3C0
3CB
F1F
F68
E2D
151
EEF
EBA
221
359
B24
E0B
FEA
DCE
F0B
060
33D
1D7
EB4
F47
37B
DCE
F5E
412
26E
F13
F50
F7C
EB8
D5B
DEB
436
F6B
D8E
064
037
C64
F91
166
32F
1DE
F1C
2F4
FF9
C42
F57
3BD
F5D
097
000
FBA
DA4
B88
FE4
223
F4E
FCF
4C7
E78
E2E
F17
1ED
223
09E
14E
373
DEF
B89
0FC
EBE
E4E
03C
239
FB3
E6F
C62
1DE
0A1
E9C
471
3DC
F40
E47
0EC
EC4
000
E08
31E
1F1
CB0
E4B
0A9
D31
D31
2DE
174
1D2
EFC
0D2
137
E3C
EBD
4B9
1C5
EE9
114
E93
E53
C2D
F3E
1C0
0EE
D22
1E9
FDC
C5E
FA7
22F
274
129
113
1CD
0FB
ABD
108
23E
F30
F9C
19E
EB2
CA0
CDA
ED8
2CF
DE2
14B
3F8
038
CD7
160
093
109
138
180
33A
D2F
C73
FBC
FAB
BEC
1DF
185
FEE
DF5
DCC
11D
F8E
F08
36C
53A
E36
08E
04C
EF5
DE7
00B
227
1E7
CDB
E22
179
B47
E4C
1E5
2E3
051
106
025
1BF
D23
EDE
4F8
15B
EFD
0EF
016
C0F
E15
E0A
2CF
F81
E1D
22E
061
BD7
F45
2EC
FDF
233
10C
349
F7D
C2E
F6A
25C
E10
FAA
343
E4E
D87
CD3
FDF
FF3
FB0
007
594
F77
D89
1D3
02F
F7E
0B5
33F
1E6
F87
BAE
128
DED
C9B
0BC
286
F58
F4E
FAF
FCF
07C
DD6
46E
3C2
F61
FFA
260
DBC
DA6
004
161
1B6
D66
F47
02C
C03
C1F
3C7
136
0CF
1BE
1AE
09E
D87
F76
392
1BE
D78
309
F7F
C4C
CED
F36
010
FEE
EF1
240
12A
ACE
05A
1F2
02E
0CF
401
1E6
098
D31
FB4
132
CDA
FD5
2A1
F79
BA5
F2A
E7A
FD6
F1D
1DC
528
00B
E1D
1BB
09C
CAE
1DF
1A4
27A
ED8
E86
F6E
E32
AFA
10D
33D
E2F
09F
05B
FFF
DFB
F01
273
4D7
E5F
15F
26F
CD9
D10
FB9
0D5
F7D
FA2
F48
1AE
B1B
D57
26C
0CD
F9B
2EC
2F8
F78
F09
E1F
33E
F80
F3C
2DC
160
B3E
DE8
F60
E6B
FF4
F50
3C1
0F1
CF8
EE8
292
DE0
121
488
1EF
03D
DA9
F6C
FD0
D37
ED1
4D4
DCB
DB7
FAC
EFA
E14
ED8
19F
449
168
E80
37A
EDD
D04
082
33E
0A2
053
ED1
FE7
DFA
AC6
19C
222
EE8
067
317
EEA
F3A
E5E
2BA
2F3
F2F
237
32E
D6C
B7C
13E
EC2
F88
F43
0FF
143
CEF
CD5
1EA
0A8
E73
47D
234
082
E3E
F8C
0DE
FB0
DF2
347
19A
BBE
ECD
F15
DB4
DD8
130
258
299
D7B
0DA
1C3
CE8
05F
38E
238
000
031
E88
031
AD6
F2A
388
023
DE7
186
FCA
D24
F49
077
463
FDC
0A8
2D9
040
BE3
09A
1CE
F39
0B8
F48
119
D10
BC8
F94
242
D3B
218
34B
FE5
E7E
F3E
193
155
F91
189
4CE
C55
CF5
F27
ED0
D81
026
1B2
1A8
DF0
D04
2B7
EA0
EC1
373
478
FF4
007
F79
F8A
E1F
D85
3CA
159
D5F
ECB
0DB
C79
E6B
034
309
217
F11
1E4
1F8
CAF
DF0
42D
068
14D
FF1
0D1
E95
B9F
D97
27F
F2C
E48
440
F3F
E3C
E0C
156
26C
185
046
464
074
B39
029
FEB
E6C
F8A
1BF
07A
F44
B3D
071
0DB
D7A
25E
484
109
F54
04F
FC1
176
D74
2AC
3C0
E1F
D3D
0A1
E13
C9A
027
08E
31D
E4D
F93
206
F09
D13
3C2
303
049
106
FCE
081
BED
CE0
177
210
C6E
1A2
0FD
D09
D41
F7E
237
17D
071
23C
400
BA4
F29
1D3
FB3
F44
176
120
EDD
C2A
CE5
249
D61
FA1
327
203
D96
FBE
FFD
153
FB4
067
543
043
D2B
FB1
FA3
C24
F96
092
1FE
F84
CC8
0C5
FA9
D1A
0FE
5BA
07E
155
FED
0D5
EB5
D28
122
352
E70
E0E
225
D18
CB4
E7E
1A1
1F0
062
043
392
EB6
CD0
335
150
06B
0EE
22D
F0A
D84
BC9
159
FC9
D00
1ED
1E5
E5C
D45
03C
081
1BE
F68
4B9
346
DC7
E49
13D
E16
E0B
1A7
127
131
BFA
E78
071
D51
E0C
412
26D
01A
107
01E
110
D5C
032
3C6
1ED
CB1
163
E98
BCE
DA5
FB5
289
03C
F47
164
164
B51
0C9
2D5
111
10C
169
117
E52
C8A
EE3
2B6
CE7
025
21C
ED6
BEE
EBE
FF9
163
FFE
189
581
E26
E4C
0DE
111
E5B
13E
1B5
19F
D99
C06
0DD
DC5
D1F
1F4
43A
ECE
FBF
F79
100
FAF
F26
438
2F0
E1A
ED5
159
C3F
E0D
EC7
24F
0AB
DDA
F37
12A
C8B
D22
41D
1AA
1E8
086
215
FE6
DAD
DD7
38C
038
E01
29A
F34
C8B
C61
FDB
0C0
11E
EDD
438
1B4
C59
051
1C2
054
066
269
1A5
0B7
AD0
F61
03B
D0A
FEB
309
027
DDB
F45
F31
166
D89
253
4FC
0A6
E26
1A2
F1F
DA3
FBD
0A7
2CA
DF7
E2F
06A
EA1
B18
257
29A
0DF
134
070
1FE
E17
E1B
203
413
D9B
19C
098
D5A
CC6
D8E
0AE
0F2
E99
0CF
3DB
C14
EDB
135
197
07B
232
21F
163
CE5
C5B
243
DB3
E2C
1ED
1C1
D51
DA1
DDF
0FE
ED2
F70
5AF
1CF
EE0
FD8
13F
DD3
035
FE5
353
074
C0F
FB6
F4D
BB1
E4E
2F6
004
0D9
EF2
161
011
D93
109
50E
17F
F2F
2D8
E6F
D83
CE3
008
1B7
FA6
E70
2ED
E65
B91
148
108
1EF
0B6
263
274
FDD
B94
1B4
17F
DA9
146
1A1
F14
C56
D02
EA9
192
CE4
366
3F3
E89
EBB
114
00E
FF6
134
237
428
C33
E70
05B
DAD
C5A
216
1A1
048
F4B
EAD
1CE
CFA
ED1
469
3A1
EEB
1ED
0B0
EAE
DDA
D8B
31F
FF8
DAB
033
0D2
A92
EB0
0E1
174
1C9
08E
323
183
CCC
EC6
443
F5F
0C3
15C
121
DF5
B94
E9F
12B
E0B
ED0
4C2
F87
DF2
F2C
138
052
0B8
125
51A
FE0
C49
164
E98
D21
F88
241
0E7
F34
C0E
12B
F50
C8B
298
437
13F
01E
1B8
F70
FC6
D21
25F
356
DAA
EC0
0F8
D24
BCF
052
0B7
31A
EBA
196
26B
DCF
CE2
320
24E
FD1
246
082
0D5
BFC
D1D
135
038
D50
21C
133
D39
E65
EF8
1E4
010
0A2
40C
3BA
C90
FA5
0ED
E7B
F13
094
2C8
F62
C4C
D82
1AF
B9D
FFC
347
1A8
04B
FF1
0AF
0B2
E7A
FAD
5AD
FB8
E70
029
F04
C3D
E2D
FF7
277
03A
DEC
33F
ED8
CAF
07A
33A
11C
221
0CD
211
F20
B24
0F7
1B9
E84
F88
23C
DE1
D69
CAE
072
1EF
ECA
284
4BD
FA6
D95
1EA
FAD
0A7
F9E
1F1
259
D1E
BFB
076
E0E
CB4
2E9
1D9
141
E0E
F66
145
F8A
DAB
4BE
3B5
E76
0A9
E83
EDF
D01
EFD
1C9
226
C80
091
160
BE3
F48
17F
310
148
0DC
12C
27E
BC0
F0A
2D1
FCC
F4B
091
051
D9D
C67
D2D
349
ED9
FF5
42D
107
D9E
FB5
0D4
14A
0D9
FAC
474
ECE
BE5
ED6
051
D37
FF2
1AA
18A
02A
C2D
115
082
E6B
1C9
5D2
046
004
F8E
FC2
001
C4F
1D0
345
E5F
D19
162
CC5
DA2
F9A
21F
38F
F53
023
268
EBC
C19
314
17E
0AE
FAD
00A
FAD
C66
BF8
16F
1AD
DA8
2B3
132
F89
E0C
F9F
256
23A
F19
334
350
B87
E0A
F9C
FDA
EC1
077
100
17B
BD7
E6E
1F5
E56
FFD
385
370
026
F41
F0C
245
DA7
F1F
442
038
D25
E93
F0A
D16
EB3
EB8
4B0
094
E73
173
114
D12
0A3
37E
1F7
1BC
E5F
14B
E4C
B20
EBD
251
EC0
F73
155
F0D
F17
C66
1EC
301
054
0A2
4B7
ED7
D37
F57
016
124
E9E
095
1EF
DCD
A88
09D
EF0
F01
133
248
28B
E92
E80
1D0
172
D47
39E
247
F43
DB1
E72
ED3
DF9
D79
1FB
336
C65
FEE
0A6
F1D
EB6
195
3D3
365
E85
FAC
253
B99
DBF
155
128
F06
013
F01
000
C2C
DD3
3CC
0DA
036
29F
22A
E5C
EC0
FA4
3D9
02D
EC5
2B5
F79
B44
DA6
0B2
F48
0AB
F8B
2E9
00A
C61
05C
278
EED
0FA
4BD
0CB
008
BEE
037
010
D22
F7A
44D
EFE
D26
FC3
EFD
040
E7B
2EC
492
07D
DFC
269
EEF
D8B
09D
18E
226
E38
E52
FD1
DB9
AC4
211
25F
03B
09F
12F
131
E68
E44
2BA
45F
E15
2A5
19E
DD1
C74
EC7
084
053
EA5
018
361
B4B
E31
1A2
17F
091
23A
29F
233
D3D
CF3
2B0
E4E
EB9
1FF
14A
D35
D7D
D4C
0EC
F21
E4F
560
1C5
E72
FD6
201
EA9
041
08F
42B
117
CBC
FE2
F53
C0C
D9E
2AD
055
135
E3E
131
0A2
CFF
0C0
4A6
104
FB0
2DB
F40
F2D
C8B
00E
24F
F3A
DFE
2C2
EB8
B50
FBF
07C
2EC
06F
1CF
317
002
B76
1D4
1D1
ED6
133
12A
138
C88
BD9
FAB
13E
CA6
256
3A7
F13
F36
F45
133
05E
059
24B
4E6
D50
E64
0BB
DED
DD9
F99
1F9
0E7
DFD
D66
26F
CF8
E8C
2BE
3E1
102
097
065
0B7
E88
CA4
446
110
E3E
FC9
FD0
CAF
D94
E1E
28F
1D5
DE0
36D
1A6
D64
E69
34A
112
1CD
FD5
1CB
021
A5B
E16
12D
F2A
EF0
2B0
01A
F70
CAC
076
308
F54
144
519
13F
CC7
FF6
EB5
07F
E0D
054
33A
EC6
B89
F74
021
CC3
188
1B9
3FB
FC4
EAA
147
11C
D30
1FD
434
F38
FA6
DDE
F88
D73
CB2
0B2
3F3
E2A
FAB
1DD
E59
EE3
F49
342
2D2
044
F74
3A1
CA8
C55
0AE
081
00E
EF7
045
040
DC3
B51
379
0BC
FE9
2EF
2BE
FFA
E72
EEE
147
140
D20
38F
13E
C40
CE9
F4B
F17
EF5
FF0
2C9
307
C1F
FFB
234
F68
FA9
424
23A
13D
D99
DFC
0F1
BCF
ECD
307
15A
CED
FAF
F0B
FF6
E3C
0A5
604
13C
F1C
1D1
125
C5D
FE2
08E
213
F97
DA3
0CF
EB0
AF9
EF0
327
F3F
168
071
22A
F1D
CD0
146
405
FC4
078
328
DB3
DA2
C51
03A
0C4
E96
FC9
39E
E55
C5B
112
02D
1C5
0CE
358
31E
F5D
C2F
1F3
FC8
D3B
170
167
05A
D1E
DE1
F8E
FFF
C52
445
3BE
F45
028
094
04C
EDC
FCC
2A9
3D5
C04
F4E
0C7
CB3
CDC
07D
15A
108
E58
F25
255
C49
F61
3D3
2CD
FC6
189
044
F9B
CC5
D62
381
F05
E57
131
08E
C1C
E3A
F87
267
177
F81
47F
0DE
CEF
EB3
292
EF6
14C
07D
1B1
FB1
ACF
F00
055
DB7
F1F
424
FF3
FFF
DA5
0B0
1C2
EF0
1BC
4B9
044
CA4
097
DCE
ED4
DDB
0A3
2FE
EFC
C82
112
F57
C4D
232
2D2
39C
FE1
020
13D
FC0
BED
1D9
367
ECF
FEE
EF5
ED4
C7F
D62
0F9
448
E46
0D4
310
E7E
ED1
034
2E9
1A5
02E
FB0
2F9
B57
BF6
0BC
FC7
F6F
0B1
13C
031
D2D
CDF
3B7
097
FF0
3A0
32B
F03
DFE
EF1
05D
041
D61
391
0BC
C66
CE6
FDD
E24
FD6
0EB
340
2F7
D1A
083
178
E61
F42
445
15F
07D
D51
E8A
069
BAE
F01
399
0D9
D66
130
F0E
FA6
E8C
0FD
567
11A
EE2
201
083
B0E
FB0
FE8
213
EF5
E3C
12C
F14
B27
F8F
3E0
FE5
21F
1BD
20F
F4F
D22
0E3
35F
ED0
05C
2F3
D42
C7C
C87
FE9
07A
F5F
FBF
3D3
DE0
D14
1FF
0EA
0F9
0E2
2FD
26D
EF9
B65
1C6
EBB
D44
1DF
1F3
F9D
D1A
E02
F97
0A4
D1B
439
39D
F7A
FC3
0D8
FA4
EFD
00A
230
3C4
C23
E95
FBE
CA5
D01
178
1DB
11B
F01
017
296
D33
F3B
3EA
29C
F35
1B4
FFE
EBC
CBA
D38
393
F63
E7F
0A3
0E8
B7A
EB6
FE2
34D
1AC
FE5
39C
0D1
C90
EC8
2EF
F33
09E
FCD
155
E94
ACF
E86
167
EA3
FF3
47C
05D
FE9
E35
154
20C
F42
0C5
4D3
F7A
BCD
05F
DFC
F06
E45
197
24E
F4D
BA5
117
047
D71
280
34A
2D0
F9D
F23
07C
051
C3F
1C6
357
DCB
EC5
EFF
E90
D1C
E84
1B0
4B4
E88
086
26A
E98
DD3
0D2
2CD
241
009
F47
268
B97
C17
0E4
116
EDC
004
0C2
FC6
E12
CC6
487
18C
017
2E2
2F8
DAB
E1F
F25
083
0ED
D73
2A8
070
BDD
C8A
14A
F40
0AA
0EC
2EA
276
C7C
02D
244
FAA
F70
453
0E8
FA4
C7E
E05
09C
CF2
EE6
354
177
D05
09A
F39
0BC
F37
19E
4E1
1B0
D36
085
0CA
BB4
FC0
080
194
EC6
DA9
FA1
F76
B18
07F
4BE
035
10B
087
1B3
EE5
E65
041
47C
EC4
EE8
214
DFD
C11
D39
0EA
0F5
FC8
EFE
36E
E3E
C8C
194
299
141
11B
22A
110
F05
B09
181
0CF
DB1
11E
1ED
E5B
CBC
DE4
01D
201
E01
403
39D
EA1
E38
160
00D
045
0A0
19C
2A4
B69
D8D
0A6
E7B
CEF
29D
1AB
070
E07
E1A
28A
EB1
FE1
3DA
3AF
DF3
052
EE2
ECE
D5D
E29
351
0DE
C79
F20
153
BEE
FA4
16E
3AB
20D
F18
1A2
149
CD1
E70
44F
FAC
067
F09
FB4
E06
BD3
E1F
3C4
023
E81
377
FE9
E68
E42
1EE
2C1
1EA
F07
3C4
00B
A82
FD4
060
FF8
F0A
09D
0A5
F31
A7E
174
2DD
F42
22A
3A4
113
E5C
EEE
FF8
308
DD3
15D
331
DF1
C18
EB1
F08
F00
FF5
068
413
E0A
DC0
19C
0C6
E71
268
35D
0F3
F0D
C9C
156
DEC
D1A
1AC
350
D6C
EF4
F66
F6A
F5B
DEA
3FD
3B7
F82
F6C
28F
DC2
E95
0AB
243
175
D77
F37
017
C40
BD2
2FF
0A7
0FD
026
113
0AA
D79
EAE
40A
2D9
E2B
339
F9C
DEE
C6B
F30
139
0E1
DA2
18B
153
B17
EE8
08F
1CC
0DF
270
23E
1D6
C20
F05
2D4
E6F
F98
1DC
087
CB3
CF4
DAD
1F7
E30
000
4CD
089
DCB
F88
19F
FF9
105
06C
4D1
F29
BCE
01E
FCD
C95
FBA
1EE
0DD
F95
BD1
158
FED
DCA
1C5
591
07D
F2F
056
FA1
063
D24
22C
34B
F12
D0F
0FD
D3E
CF0
FE1
17B
332
F09
F74
1ED
F85
C61
378
30E
123
014
FDD
006
CF7
CC0
0F0
2C4
D15
0D6
0D9
E54
D87
F22
2ED
348
FAC
218
3F7
C9A
E4E
0B0
1C8
F67
FCA
061
03D
BBB
C30
230
F31
F7B
24A
29E
F5F
EA0
EC6
35A
091
ED3
470
118
D47
DA2
000
E1F
FDE
EEE
354
0DC
BD2
F57
174
EE7
FE8
414
243
1CE
CE2
06F
124
D7B
EC9
3AA
08D
D0E
EFF
DF8
F9B
D0B
124
40A
16A
D48
243
06D
DEA
0FB
1D1
3FE
F6C
DF8
00E
006
A83
040
26D
FC0
F93
ED6
07B
E83
D86
088
642
F55
0E1
229
FBA
E25
E55
15F
225
F71
DF5
291
CC3
BDB
FCD
1B5
057
11C
0EB
25B
EAE
BE1
3AB
1EC
FF4
186
244
E97
D67
CA3
090
099
CEB
1D3
214
D61
C3F
0E3
00D
1DB
073
31C
37F
D26
E44
1D3
FF3
E41
2B3
0AA
080
C79
D92
08B
E0C
DC9
3A6
299
E42
088
F5C
164
F8B
0AE
40A
2D9
C9A
FB1
02E
CC3
E61
FC3
2A2
015
D4D
EA4
186
C02
FF6
492
214
163
004
0E7
FD1
E22
E4E
52C
F9D
DC4
095
ED0
C6B
D3A
0A9
294
16F
DC9
35D
FE6
CDD
0A8
3D8
171
13A
05D
06A
F7F
A48
023
18D
F18
EAE
226
EC4
DC3
D93
09F
404
F3F
1C7
409
024
BD4
15C
01A
178
F9D
036
26A
C9B
B45
003
130
D18
257
199
16F
E33
E10
1AC
201
ED5
26F
446
DB3
ED0
E32
016
E9F
E96
125
2C2
CB9
C97
1BD
E4C
F9B
1C0
3DD
180
F92
DF1
2E1
E8D
DF0
412
1CD
E9F
DFF
F01
E17
E74
CE1
43E
20F
DF4
044
1AC
E9A
E54
242
333
336
D57
0F9
0E6
C50
D5E
2B3
0B2
EF6
F91
EB4
06C
BDF
F30
3E7
1E4
EF9
2C2
0C4
E89
EEE
039
3B3
FE3
E56
1BA
02A
A0B
EFF
076
050
FBB
FCF
204
F95
CC3
007
49F
EFA
20C
2BD
103
E03
D13
F94
1A8
E81
E76
3DA
DBD
C5C
E9E
0E3
0D9
0DD
16D
423
F87
C44
257
0A8
F2D
0CE
30E
FA0
E40
B66
022
FC5
C97
1A5
2CB
F30
DC4
0EB
F09
15C
F40
3A0
46F
EFC
DB9
156
EBF
C8B
16A
122
1B4
CBE
D75
071
E89
C7C
33D
369
FAE
12F
FDC
13C
E35
F42
34A
383
D07
003
090
CB4
D05
F56
221
090
E7A
F48
29D
BFD
EB1
377
223
184
0C6
147
016
D20
CBF
3C8
FBD
E5D
0FA
FE9
BBE
D18
F7D
25F
21C
EA8
3B7
17D
D54
EC1
315
08F
133
015
13C
FDB
A2C
EAC
153
F57
EA6
364
F51
E5F
CF1
04E
2F0
FC4
16F
53C
13E
C17
0BA
F9D
05F
F6A
0FC
257
E25
A93
F65
0DF
CD1
24B
270
244
EDC
EF7
0EE
20D
DCC
23A
4E2
ECC
E89
F00
F6D
D82
EF4
058
3B4
D3F
D5A
16D
EC0
E3B
194
42C
26F
0B9
E1F
2EC
E23
D21
266
31B
E67
ED2
F37
DEC
DB8
CDD
39A
24C
E31
05E
2B9
E0A
EE4
1BF
2F0
33D
E22
0EE
0BB
CA8
BDB
2D9
FF1
F2D
F96
FEB
FBB
C8F
EB7
323
282
E7B
42B
119
E49
E43
058
242
101
EE9
0E7
103
9D5
DEC
069
05F
F2E
17F
144
0EC
C4D
F20
48F
F8D
176
3A9
1D9
D52
DF8
E49
186
E6E
EA5
386
F5C
B9D
EB6
0F1
E85
1A0
14F
3E2
0B4
D59
147
1F7
DFB
07B
3C5
FB7
F51
BEC
FFD
EDF
D6C
029
41C
F71
D66
0E4
F36
031
FC1
374
469
087
D43
218
EB1
C92
0EF
1CF
069
D5B
DFE
F34
F4E
B94
3BF
370
FF4
069
187
F9E
ED6
F83
23A
43F
D2D
FF0
081
CA3
BB4
094
125
0B7
F77
EE8
294
C90
DA5
36F
2EA
F9C
32B
0E3
001
DAF
DA1
333
09D
E2B
064
15B
AD5
DB4
F3A
159
08D
F89
25F
23C
CC3
ECF
447
FCA
101
176
1C1
F14
C27
DC4
216
EAD
DDC
356
F98
D7D
D57
099
0BB
16A
06F
4C4
112
C3F
FEF
057
EB7
FCC
27D
08B
F82
AA2
FAE
07B
DA7
057
3D7
142
E35
FC0
FDB
20A
E70
270
46D
FD9
C53
0FF
E89
CC5
FCB
071
26C
DDB
D56
056
FD6
BF7
2B1
3D4
161
0D4
F84
112
F15
E43
19C
4E2
D19
F10
044
DDA
CD3
EAE
171
2A2
F2E
E5E
304
D1B
E95
274
3E7
0DB
13B
FF9
07C
D72
C01
2E7
0AB
E18
FE5
0CC
CD1
DB5
E0D
298
218
EC2
2A3
251
D5B
D93
283
FE7
1D8
F61
18E
FFC
B7A
CEA
24A
F6E
E3D
2C9
FE8
EF6
C9D
052
241
17C
F9E
512
1BE
C59
FA6
FB8
06C
F61
09B
14A
039
A58
EBE
0FB
E2D
079
31F
273
FE3
EE8
F82
31E
DC8
190
40A
013
D0B
F3F
E8B
E56
EDF
FC5
41A
DF0
CAC
010
093
D5A
1EB
35B
27D
01F
DBF
1BA
F88
D18
0B3
42C
E1B
EE1
EBC
E98
E03
D31
180
326
F5F
E94
302
DE2
EC1
13B
375
22A
032
F18
128
D12
AEC
33B
0C0
F7C
EF3
095
E35
DCC
D5E
36D
36E
E8C
2C3
214
E9C
DC9
18B
0FA
1E4
E1F
10B
078
B25
CF1
160
038
E8F
1EC
017
121
CAD
F5D
364
1F4
EF7
43B
209
D07
EEF
E81
181
F48
F13
204
059
A15
F15
117
EE9
0E1
1BC
2DC
FBF
DE7
F01
3BB
D91
129
3F2
093
D5C
DF3
EF3
F0B
E46
F04
4A1
ED2
CB0
020
0E7
E89
175
27B
403
0B0
C9C
1B3
F52
D04
086
3C0
ED3
EE2
D64
F33
EC2
C8A
212
401
F75
ECB
2C9
E9D
F65
FCB
382
326
F3D
E83
1AF
DA1
AF8
1DC
0E1
02C
E32
FDF
F73
ECA
CD0
399
3C9
EF3
268
237
EDC
D65
011
1B8
2A8
D8C
055
144
B45
CB1
08C
0CF
FAC
0DF
078
1D8
C17
F13
391
206
F4C
329
21D
DA2
DD9
DDF
26A
FAD
EF0
1AA
10C
AE1
E83
013
FEC
0DA
118
3BD
101
CF8
F8A
375
E8F
0FD
33D
079
E35
C71
E4D
077
E40
EA8
4ED
EBE
D11
F03
05D
F7E
120
221
46A
093
C61
201
F70
D47
021
2FE
F11
ED1
CB1
FB4
F74
C4D
21A
495
FFE
E7C
254
F50
095
F6F
340
443
EC2
E14
11D
E20
C10
194
098
0EB
DDD
F23
00C
E05
C4C
3E7
351
F84
20E
0B9
FD4
D8B
F2A
237
2F9
CC3
0AE
100
B2E
D11
FEE
0F9
064
084
09B
285
C31
EF7
3A4
232
011
2DF
173
E80
D7F
D4C
2A6
EFC
E73
19D
0D0
ADF
ED8
FB3
097
177
021
405
0D6
D19
F5E
398
E14
0C1
21F
0B9
EDB
BE8
EF1
050
E02
EF1
4FB
ED4
DA0
EBB
096
057
090
1CC
570
035
C20
21C
FED
DE5
F5A
2A7
013
EC7
BD2
02B
F1A
C56
21B
399
03E
E9D
1E7
F72
0AF
E6A
350
468
E40
E04
159
DB9
C19
106
0A0
223
D92
F5E
0F3
E5F
C79
3D4
377
020
15B
08A
0C2
D37
E83
2C7
2D3
C82
0C8
08B
C16
C72
F70
15D
0AF
F28
0CB
302
BEB
F94
399
1CC
055
1E6
0B6
F32
C76
D5B
32A
EB4
E76
1C8
08A
B2E
DE6
EEB
194
0EF
026
455
0BD
C51
00B
2D4
ED7
11E
136
1ED
E49
B84
EA0
0F9
D92
F4C
4BF
E80
E9F
EAC
0D4
0F9
020
1E4
50D
F97
C8A
15F
F93
EF4
F71
247
079
E7B
B6F
0CC
F11
C8F
254
3C7
073
F53
112
FA1
0BA
DA3
396
422
E62
E43
0BB
D9B
CEE
00B
06F
232
CCE
F99
0BE
DEC
D44
447
2DA
089
1DC
019
10C
D48
ECA
305
24B
CAC
121
F82
C71
CDD
F02
20F
0CE
EE6
14D
2D2
B6C
032
29E
1D4
120
218
129
050
BFA
DEC
330
E01
F4C
163
044
B79
E20
EB2
262
FD8
07C
4C9
028
D10
00C
22B
EEE
1E0
0C1
289
E27
B52
F36
08F
CF7
04C
3C4
EFD
EFD
E0A
0FD
095
FA3
208
56E
EFE
DBC
18D
EDC
EEB
F5E
1F7
15D
E21
BE6
187
D79
C5A
259
334
0F2
F96
06B
049
FF3
DA1
4C7
2F4
EDB
FC4
0D9
D42
D54
F11
14C
257
C4E
065
0EC
CF3
D4C
411
209
1B3
0DE
0BD
15E
CC7
EC2
362
161
D3A
28D
F24
D1C
CC1
EE6
226
05F
EDF
277
187
B2B
0DD
1BC
1FF
0BA
1F4
241
FFF
B88
ED2
2A2
DC7
020
167
04E
C42
D92
EE4
26D
EB4
146
52F
FA8
DA3
083
143
F4D
18D
0B6
368
D93
C0C
FF9
F74
C52
0A7
2AA
F27
F63
D97
193
007
F01
2E1
5AC
E63
F4A
127
E8F
ED1
ECD
276
159
D6E
CFD
212
BE2
D94
258
262
0CD
F9A
04C
0E9
EED
DAB
554
20C
F9F
09D
0A5
D66
DB4
E7F
208
152
C9A
1F3
F92
BED
DAE
30E
13D
211
0AA
229
14A
C6D
023
336
0CF
F03
2C4
E6D
E40
BC0
F20
1B8
F29
FC1
3E4
009
C3E
0DA
080
1E7
08A
254
2EB
014
B26
0FB
0DF
D49
16A
188
02B
CAF
D5D
EFB
165
D17
2CE
458
F5A
EB1
085
014
F52
0AE
1CE
44A
C78
D35
048
D96
C65
14C
1DF
FDD
EBC
D8A
233
DFD
EC2
3A9
478
E57
105
04A
EF1
E65
F32
389
184
CBD
EE8
102
A98
EAB
0D1
1D7
0DB
F52
173
171
DA0
F1D
580
0D4
0CD
15C
094
D64
D24
E8E
2EA
F1D
DA7
2A5
E55
C37
E50
210
0B0
216
056
419
044
C19
136
1A9
F26
07F
2D4
F89
E6A
B2D
031
011
DA2
0B4
3F1
E03
D77
04C
F9D
1B6
FCB
34E
35C
EE9
C1E
225
E9D
D5A
15C
210
09B
CFE
DED
FE5
F2E
C81
46F
32C
F71
029
0BC
036
F2E
047
323
38F
C66
0BA
FC1
C61
CF8
10F
0C7
0B3
E2D
FB9
171
C1C
FB8
461
29C
F25
28B
02A
FDD
D31
F95
3D5
03A
DFF
167
F8F
AC1
EF5
FA8
1CF
011
07B
26F
00D
BF9
0B2
3F5
F6C
208
1E4
179
D7A
CE7
F28
212
D57
03B
2FE
DAC
D2F
E6D
07F
019
070
180
543
E52
E0B
205
011
E9B
1A8
29F
07B
DA7
BF4
143
D8B
D18
240
311
DD8
F23
F93
F90
074
EA2
4D7
3BC
EB2
F91
271
C38
F0F
104
18D
0AE
D11
F1B
FA7
C17
D35
45E
0C4
0A1
10B
0F1
00D
E2B
03B
48A
179
DCF
361
EC9
CAC
D6C
069
0AA
004
E87
1DF
FB0
B04
128
24C
13B
0FD
342
0FB
037
C1B
141
24B
E19
03F
2B6
E04
BE9
EB9
E58
134
E1B
1F2
3D7
EB0
CED
241
0B4
FC9
270
292
307
D52
D86
05E
F43
C47
2FC
1B1
DF5
E5C
E59
029
DDC
F08
385
49B
D1E
131
133
E9D
EEE
1C5
294
1C4
D98
EF6
155
A6B
E56
1F8
153
EE4
078
FE4
FE1
DA9
F95
5BF
0CE
056
290
137
C5C
F78
F9D
279
F35
EAC
237
E2C
A96
EDB
23D
F05
1E8
0DF
299
EF9
D04
197
34E
EE8
16E
420
E3A
DC3
D0F
00A
F71
E8E
0B0
371
D3C
CB2
0F1
F72
018
118
3C9
228
ED1
D75
2C4
EC4
E41
31D
26D
EFA
DB0
ED4
EBA
E7F
D0D
408
273
DD1
034
1D9
E00
F21
16F
395
319
DB8
151
05B
CB4
D99
306
FC9
FF2
ECC
F9F
F1C
B59
F6D
360
178
F6A
3F4
000
F29
E41
107
2E3
06C
F7F
29C
F31
9CC
FB3
F99
FF2
F74
101
113
EEE
BD0
1A7
2A2
E6D
346
3BB
0D3
DC9
F23
F8E
1AA
D0F
1EE
2BC
C84
CC5
FBB
EBD
E2E
0FE
217
363
D86
F48
1E6
F53
E83
3DF
32A
FF3
F79
E4F
0CD
C52
DB9
30F
1C4
CCE
091
FCA
DE1
EA1
053
484
1D9
F61
175
201
B7F
053
287
15F
034
F49
FD6
E97
AE6
DC6
384
E9E
07C
1B1
0D6
E05
E9C
0F0
39D
010
032
4E0
E30
C9E
F16
0BA
E67
04D
FC6
254
D76
AF1
150
02C
EE5
1FD
40A
FB9
FB8
DA2
235
005
E32
316
400
D52
D32
F60
D16
EF5
E19
2E1
1D0
DE1
DF7
224
D5D
EBE
329
26C
272
F2C
0B4
098
D49
D49
45B
05B
E7B
FE0
F33
D97
CF9
FCB
2A3
221
D94
3E1
09F
CE4
F97
28C
1E2
15A
04B
1AD
044
A4D
079
12A
E8D
F4B
26B
F61
E64
C97
025
298
E8A
299
4C8
00F
D4A
0DA
FDD
0E5
F7F
1BF
29E
CAF
B7C
034
ED7
C8C
285
18C
1E6
E37
F07
150
013
E27
42C
43B
F02
03A
F30
FA9
CCA
E89
1F5
263
CC5
08A
0A6
C28
E6E
10F
307
143
061
11E
278
C3D
01C
400
09A
FCD
136
FB0
D97
C95
DEC
386
E7E
F6E
2A7
014
C6C
FA8
154
1C1
1A2
0BD
4C1
EE4
C74
025
1D8
DB4
139
15C
089
DD0
C0F
027
FB5
E21
19F
517
EE0
F8F
F5D
101
038
FD1
33B
396
DC1
D70
0FA
C34
E2B
F8E
23F
003
E40
E50
1D9
D2E
D9C
4EF
253
0E1
0DA
1CB
F1B
E6B
E0F
47C
108
DBC
123
FA8
C15
CFD
08E
0F5
1DB
E46
391
098
C35
020
3AD
0F9
0EC
265
0FA
F47
AC0
FB8
151
E04
FC9
3A3
E78
CE7
E28
F9B
1B1
F35
2CF
4A4
007
CCA
255
F89
F7A
0AA
232
1FE
DA2
CC8
FF8
E57
B24
29B
1DA
FE8
E4C
F8F
003
F66
EC7
45E
41E
DD5
147
0BA
E03
D6A
01E
159
10F
CE8
FE1
0C5
AD2
DAF
225
1D4
FD0
248
0A4
141
C8E
014
437
06F
FEA
2DB
08F
C67
D94
DE6
1F9
E0E
F7B
2D3
FD6
B16
066
159
FA8
1D7
1B1
467
F52
D7A
09D
195
CB8
1FC
2EB
F36
E35
D71
FA8
EA7
D73
1AB
4D9
DAE
FF4
11D
F08
EA3
06D
389
315
EF9
E44
2D4
BB5
D09
115
13C
F0E
F6A
F98
026
CF3
D62
4E8
142
046
1E1
27D
DC2
EE7
F41
2EE
10A
E2D
29F
FD8
B81
D4D
0B4
ED8
093
F5F
2AB
04B
CA9
05D
2CD
EE6
0B3
4FF
08E
F99
CD0
018
FFC
D70
FE2
414
E51
C5C
049
E1B
F56
ED3
349
381
065
DC0
368
F3E
DB9
250
28D
161
EA1
E90
F68
DDA
AC5
2C7
14B
E7A
FF7
091
F07
DDD
FA5
2C8
436
E68
391
1F2
D36
D86
146
055
097
F29
077
08B
A49
DFB
13E
FAD
F18
3F4
164
FF5
D45
F99
2D1
EE0
0BE
443
159
C22
FA7
DDE
F60
E19
075
2FA
EDA
C7F
072
06D
D05
252
2A2
3BC
F2D
F77
157
010
C42
1DE
438
E92
F7C
EDB
E9B
CEC
D6C
0D7
39F
D91
090
2D0
DC1
E34
120
2F5
187
0D1
03F
2EA
B79
D01
1A7
FBE
E5C
0D8
0BE
E91
C9A
CE6
34B
F7B
FFE
43B
31E
DC8
FB9
078
0FA
07B
FE3
427
FC1
BB5
E1F
03F
BF9
FA7
160
1F0
05A
D44
09D
107
DC9
0B8
617
06E
08B
FB6
FC6
E71
D19
0AB
373
E37
D65
1CD
CD9
D89
F68
2DE
1F5
061
0A6
36E
E3F
CF7
2EE
17B
06E
0BE
1ED
F3D
D7E
BD5
210
FF3
DBA
279
143
DD2
DD6
006
0ED
1E7
F85
4A5
23B
CFD
EB2
18D
EAE
EEF
181
097
0A3
B76
F1F
FDE
D3C
F18
449
16A
FE8
030
FC7
111
DB2
16D
48E
0F0
D59
1E9
E13
CB8
DE3
07A
23D
EA2
E95
16D
F17
B03
227
225
19E
13E
1A5
171
E6E
CE3
1A6
2D6
DB1
18E
0B3
E7D
BD6
DF5
FC2
0BE
E53
21F
3CB
CDA
ED6
17A
0E0
F94
282
2AA
284
CC4
DC2
160
CC5
E72
1D9
199
DB4
E79
DC3
119
D98
F9B
54B
24F
EA8
13E
0CD
DE4
03B
037
421
FDC
DBE
08D
F4F
A7A
F64
20A
03E
104
F90
206
F10
D0A
0DC
4CC
F84
186
355
FE2
DDB
CE3
0D4
0FC
ED9
F6F
3E8
C0D
C98
FBE
FE4
03A
0A8
30F
33B
F49
D49
375
EB7
F38
22F
35C
F6B
DDF
D80
FCB
DB3
CFB
41A
12F
E2E
F75
0FB
E7F
FB0
002
470
2C5
DD8
1D7
097
CEB
DCA
281
00D
05C
DB8
06B
F3F
AF2
EFE
323
09F
FE1
32D
FC2
020
D52
14A
35A
FE7
00B
3CB
E74
B48
F4B
EC9
06A
E3A
110
1FE
E9E
B90
204
0E3
EC0
2B2
321
2B3
E16
EBD
FFA
055
C75
29E
2AF
DB3
E4F
EC6
E81
DBA
F0B
1E7
42D
D50
124
1D1
E3B
E16
2D5
2AE
177
FA2
F5B
138
AC1
DCD
1B6
0E6
E30
0F6
F6A
EBB
D6A
EF0
447
03C
0C8
40E
1D8
C5B
FDE
FAE
19D
F96
F5C
297
E44
B0B
EEA
12F
CAA
135
1A8
278
F47
D96
12A
180
E24
1EC
59F
ED4
F60
E29
FC9
DCD
D56
0A3
384
DDA
D8F
1B9
D86
E95
0B0
366
2A0
069
F61
30F
D83
DBD
37B
187
021
F9B
00E
E10
C92
C2B
30E
FEE
E64
257
17E
E18
EA6
0C5
1BA
26A
F5E
472
133
BC9
EE9
10E
E42
F32
0EA
113
FE2
AEA
FD1
0E4
E99
04A
58A
147
FEC
F70
FFF
0B8
DE4
227
464
FF4
C3B
0FA
D65
D00
EC8
167
29A
EDD
F0E
1DE
F11
BD0
340
26B
1C4
0C8
169
0D6
E0F
C31
1B3
292
CB9
1A0
0A3
DA0
C62
EAF
0D9
1CA
EFC
2EE
384
C7D
F57
1BF
0A8
FB7
20C
19D
1A7
B55
D35
14E
D3A
E83
280
194
E1E
EE0
EDB
1AA
E23
11B
59F
1C2
E21
0F0
077
D77
FCB
F72
38C
E62
D59
066
F2C
A90
FA0
33B
097
1A3
FBD
26D
EE9
D74
14F
454
EBB
112
1F1
E7D
D50
BF9
076
0BC
EAD
FFA
3E2
C76
DB7
07B
0A3
122
174
35F
2F0
E90
CBB
348
EB6
EA7
1EE
233
F08
D3B
DBC
03F
ED9
D97
4ED
21A
F1B
FB7
124
F0A
FFC
0A0
42C
21D
CFC
13C
FAF
BF8
D6B
21F
FC9
08D
E69
09A
FD3
BC6
099
42E
159
036
396
FF7
FB9
CF7
0C7
296
F0C
F2C
278
DC7
AF0
F8D
F1E
0FA
EE8
1D4
389
F94
C6D
21F
159
EA2
318
258
1A0
D97
E00
FDA
FA1
BA6
269
2D3
D6E
E61
EFF
FB8
E6F
043
321
4F7
E0D
10F
21C
DC2
E00
1BC
26E
077
ECC
E5B
0A2
A7C
DCB
2AC
0FC
F0C
238
165
FDF
E11
EC3
4F8
07C
060
30D
128
BA1
E1D
F29
01D
F84
EF4
337
ECD
BBE
F8C
1FE
E9D
264
338
254
00A
D1F
142
0B6
DD2
0F0
47D
DC0
E2C
DF0
EF1
E24
D7D
16F
38B
F08
E45
2F7
E6B
ED9
129
354
285
042
EFE
182
D26
B64
2C8
05D
F93
F3E
061
E6A
E06
CB2
3B0
22B
EBF
3CA
255
E84
E0F
0D9
150
1B5
EB1
30D
0A0
B38
DC1
045
E93
E98
27D
134
180
C3E
043
209
EDC
05A
5CC
1FB
EAA
FC9
F08
056
CDE
004
335
F84
C2E
09D
F10
D10
007
175
3CE
05D
FF4
1ED
111
BD5
250
2E2
068
00F
F8E
FB8
C8C
B8C
062
29A
DB6
195
1A4
EC3
DE7
F67
238
21A
073
21B
496
CA4
DA8
047
FF6
E81
128
0D1
096
C35
CA9
267
E78
F25
37B
3ED
F1D
018
F16
145
F57
EB4
48A
168
D5A
EE2
05A
BC2
EAA
F7F
319
0F5
D37
0BE
08D
D12
F8D
4BE
10A
1CD
023
192
F66
C1A
F9D
325
EF5
E18
26C
DD3
D2F
CF0
0C4
273
069
080
4A4
F5E
C3C
1C5
117
100
081
212
17B
E4E
A95
0EC
F54
BFB
224
227
01D
DBD
F26
01C
13D
DDA
436
43D
ECE
F4E
123
F61
DA6
FCB
105
271
C13
F1E
070
C4D
D60
2E2
202
0CF
0C8
031
213
C98
F58
3BD
216
E57
224
FF7
CFB
D49
DEC
1C5
F15
EFF
250
102
B93
FE8
0F6
119
161
1D2
348
012
C95
F4C
215
D1C
04C
1CD
031
DD9
CD6
F1D
069
DDC
0D5
5EF
ED2
F07
05B
05B
F44
FF7
205
3EF
EFE
CD4
19C
D6C
C08
FD8
236
FDE
F64
EBE
14D
EB9
CBA
3B3
304
044
134
265
E67
E0C
D3A
24F
1BC
DD3
111
137
BE7
B9B
127
FCA
1AA
FFB
2E3
274
D5B
E70
2FD
050
F7D
40C
132
F89
C27
D9B
FDC
E08
DCF
3DA
0EC
CD9
FE3
F79
051
EFD
1B0
491
261
D0D
18C
06C
C93
FBA
1DB
1FE
F32
E43
F13
FF7
A5A
0A1
3DD
FEC
03C
162
099
EAA
EFA
10B
53A
EB8
09A
297
E14
B74
F41
033
FE1
FBB
F34
2CE
D34
C35
172
247
F40
2FB
2B1
0E3
E99
D22
1FA
FCE
E15
176
2F5
BF3
D92
E59
EEC
F6E
EF7
3E3
2EC
E7C
EBA
30E
DFF
006
258
2F5
135
DC1
EE9
026
CE1
C6D
3DB
006
F1A
F8D
02A
E46
E55
FE1
480
240
E61
36F
032
DA2
DD3
100
0DA
038
E50
134
F6A
9BE
F86
172
FE9
027
320
05C
04D
CAE
129
2DC
EFD
14E
3C4
FEA
CC1
EF0
E7F
037
D79
103
357
E18
C72
084
025
DFD
2BF
285
3F5
F03
EF5
105
F62
C7A
263
30D
E19
F9C
E69
F21
CF5
E3D
218
3E7
E5E
13F
276
DD0
EB4
0A6
37F
163
034
FD3
1FA
ACF
C42
19E
F88
ED8
063
0EF
EF4
D82
D7D
42A
041
015
418
227
DA0
E44
01E
052
088
E8A
396
F4C
AFE
DFC
0BA
DD8
FEF
22A
270
132
CD8
15B
10F
E58
076
5B7
084
F85
EC3
EAA
F02
C2D
021
31F
F85
CC1
20B
E4B
DD2
040
25C
3D7
020
015
248
F89
B27
206
16D
FB3
FB2
FD6
F6B
D13
BFE
0FB
2AC
DFA
2B0
262
F4F
DA6
023
1A7
28C
FA9
214
3A1
C1C
D5A
F91
F9B
DF0
11A
10F
141
CA2
D8F
284
F13
FC2
3D3
40C
F21
FD8
EC6
0EC
E79
E90
3A8
115
CB6
EDD
055
C3C
F1E
FEA
3AB
0FF
EED
142
170
CAD
FA7
4A2
0F1
0C2
F57
086
E7C
BAE
E4A
32D
F13
E91
2CA
EFA
E0D
DA1
1B9
2CF
167
FEC
54E
002
C2F
0A6
096
F69
F9B
107
FF9
E99
A4F
108
097
DD1
225
38D
096
E6B
FFB
03F
27F
E3E
342
3A8
E4A
CA1
FF3
E59
D98
FDD
08D
328
D75
E76
0FB
EFA
D51
3CB
3B9
0D2
113
F64
139
D32
E0A
24A
2CC
CA6
021
F9D
CE3
DB8
E8F
2E7
16A
F9C
16C
382
C28
EE6
263
1F3
087
0AE
19A
FD1
C35
C70
330
E12
F3F
19E
0AC
DB3
DDB
F02
219
0CD
F8A
58E
0FC
D84
F00
165
E4D
F9B
062
26D
F30
B27
FBD
F7D
D4D
F8C
4B5
116
09B
EC7
068
0E7
DA8
17A
479
04F
D32
127
D94
DC4
D85
166
2C6
E9C
E24
1FD
F7C
BF4
25E
289
2B0
0BC
129
151
EB3
BDE
1D6
2A4
DBB
12D
05B
EC7
C44
E13
055
2B7
E7F
219
3FD
D96
E86
0D3
1A9
00B
194
0FE
288
BB7
C62
122
E8A
DBB
1DA
231
E2E
E9C
D83
287
F72
FA7
4AB
336
DF2
FA5
119
E37
F7F
E8E
345
063
C35
E93
0EB
C3B
EAA
3A4
1B8
1C2
EFD
159
0A3
DFD
FA5
4E9
062
F4F
16C
ED3
DCB
C8F
F8C
215
FDB
D6A
322
F69
C13
036
25B
20F
13B
1A3
210
053
A98
0DC
176
E58
FE2
232
F1E
D39
CF1
F7F
269
DA5
23B
3E0
046
D13
124
064
089
05F
1A8
3F3
CFB
D00
01E
F81
C69
18E
1A8
0CD
E7E
DB5
195
F48
EDC
343
519
EB4
10D
056
EDE
E36
E7D
27D
1C2
CF7
E60
1DE
B95
DD8
0BB
2BF
13A
018
12C
21D
DAE
DBD
4BC
0C9
FF4
075
127
D9D
C96
D5D
252
067
D61
34A
0C3
D39
E2C
21C
119
213
06B
35B
14A
B73
F07
161
E85
EAA
267
FAA
F35
B35
EBE
13D
E13
066
49F
17A
DBE
116
F80
129
F4A
132
3D4
030
BE3
000
FAF
B4B
09F
114
22D
EEC
E5F
050
0D1
CBD
26D
56D
03F
0A4
008
032
DF2
DE5
075
406
D72
E92
177
CC9
C6E
F68
25D
1FA
139
04A
379
DBE
D8A
263
20C
00A
11F
16A
E7B
DAB
B8C
20A
09E
E5D
194
27B
DA5
DA9
028
101
26B
FA0
3EE
2D1
D54
D01
20A
DFE
E49
145
086
0AF
BED
E50
0B0
F20
E3D
563
234
EB2
05E
07D
088
F4D
04B
358
203
B47
011
ED7
C8F
DCC
12B
1E0
0A5
E1A
FD1
21C
BFF
0EF
402
21B
018
13F
F92
F0D
CF1
EEE
425
DF0
E24
13C
F48
B54
F5A
0F1
296
139
F82
3C2
F61
CB8
0DE
397
EDC
0F0
069
0B0
DB4
AD5
052
11A
E3C
FD4
438
E0E
E47
EC0
1E9
15D
078
223
45B
EE7
B88
1BF
E78
E8C
FC0
1C9
096
DBC
C1F
133
FF5
D72
45C
340
099
F34
0FA
046
044
E33
3A0
316
C8E
E7D
FF8
D37
C93
0D5
160
281
D78
FC2
212
D4A
E61
3E7
383
001
159
F1C
018
BF8
DA7
2B0
0F5
D55
0E5
092
BBF
EBB
F22
373
12C
044
21C
27C
BDA
EF6
299
FC5
092
FC0
183
E44
B66
D89
2E8
E4D
F4F
3B5
045
E56
E0D
0DC
1F2
15B
F7C
553
F7D
C6A
FCB
FB3
E89
F4B
145
15D
FC6
AD7
0A6
0BB
DB9
153
4BA
187
FD3
FE8
02A
0F4
D22
206
384
F03
C77
01C
D82
CFD
F06
103
3C5
E5C
EA7
188
028
CC9
2FC
34F
155
020
F57
056
CF9
C50
076
2FA
C8D
FF9
024
E2D
D52
F83
29C
2D9
022
121
3EA
C9F
DE4
122
197
06E
059
FDC
FE7
BDE
B89
31C
F63
F2D
197
2E6
EB0
EFA
F29
253
1EA
EFB
431
1A3
D09
D9E
0E5
E82
FB0
EF2
1FF
07E
B30
EA4
14C
EE4
F63
506
1AC
0FB
E0C
FD5
16B
E09
F52
45B
12A
BB6
FCB
DB8
EA4
D77
07B
336
0EA
D5B
182
1B1
CE0
1AE
2BF
318
FC3
F07
F9F
FF0
AE9
FB2
37D
E75
F0B
00B
F93
D8A
ED6
0AA
5A6
F7C
FF1
329
FA8
CB0
04F
214
058
028
E05
1AD
CAE
B87
03C
283
F00
10F
28C
F9F
F44
CFD
331
244
F4C
153
3D5
CEA
C55
F6E
F50
047
E8B
135
199
D8C
B60
2AB
FE8
F5F
366
305
1A2
DE6
E3D
0C7
0B8
D3C
3B5
179
D4D
D54
E7A
F39
F17
FB3
308
3CE
C9C
055
1F1
EEF
F35
316
2AB
0EC
E06
DD3
11B
BAB
E0A
2C9
140
DB3
FD2
F45
F31
E93
FB1
584
1DA
F63
195
1A9
BC2
F3C
017
1EE
073
D96
12B
F0A
B5E
E21
3AF
FB0
116
0EE
15F
FA6
E01
077
3FC
050
EF3
402
E10
C38
D1F
035
007
FBB
F5F
2DC
EED
B05
18E
1AC
111
15C
38A
164
004
B9F
0BF
1C9
D57
0D8
253
F39
C38
EA7
EAE
10D
E84
258
4F4
EB6
DF8
1B4
08E
EE3
23A
1F5
383
D92
C93
FFA
E30
C6A
18C
2A7
E9B
F70
DDF
140
ED4
EFF
3CC
4D2
E34
027
1B9
DC2
EAC
ED3
266
130
DC6
D8E
202
BC8
D31
2C2
198
161
053
152
05D
E6F
DD0
4EA
1CA
E6A
108
FD7
CDD
C76
F38
183
1AB
D65
244
05B
CB2
E9E
306
184
1B7
194
126
165
B50
F0F
289
F98
E19
21A
F5B
D96
D55
E67
2D3
F6B
0AE
425
231
C56
0A8
145
0B1
0A0
101
342
E9E
B30
E4F
144
C3F
08B
22E
14B
EA0
DB6
067
151
EC6
128
63B
F49
E85
F6E
FCD
E80
EFA
074
337
E3B
BE7
131
E5E
DC1
0FD
3C1
1D0
02E
E51
26D
04C
CE0
2CD
331
F22
E48
07F
D52
E2D
CB1
254
2F4
E1E
F59
239
E4A
D90
267
2EA
37D
F19
07B
1AD
D21
BAB
25B
163
DC5
0FE
F1C
F4E
CBA
E78
25D
314
ECA
2CE
2D9
D66
EE4
FCF
2C0
0BB
F9D
094
1EA
A30
CFF
173
F7C
FAC
0D7
194
F86
E2E
E6D
434
FDA
06B
3E9
1C6
D54
D94
F00
004
F9D
DD0
3B7
F3E
B94
EAA
17A
EAE
0E5
27D
2DF
18E
C98
0FB
1A4
E24
FA7
43B
FA7
E16
D03
E37
FAF
D4D
0DC
3F6
07B
CBD
217
FD6
F64
0A6
282
459
FC2
D67
0CA
FF7
AAE
104
1F9
052
E77
EE3
FAB
EDD
CF7
22E
568
F5C
100
141
FC6
DF1
FAC
16C
2E9
E88
E2C
1F1
C6A
BE1
01F
1E8
FA6
13A
FCA
266
DE4
D45
395
2F0
FAC
14C
2D1
DEB
DBE
C8B
17A
0CC
DEB
12C
1A4
C8E
CF9
19B
07F
243
03B
320
20C
D70
DA2
2F0
001
EF7
22E
03C
F4E
B76
DD4
0D1
FE2
E4A
45B
1CA
D63
FE1
FE9
1B7
074
16F
2CC
2AD
AD1
F3A
024
D63
EA4
15C
15E
F03
D4B
E71
2C2
D58
08D
4D6
264
EFE
07F
FB6
FFA
EEB
F80
4C6
ED8
CAE
F2C
EEE
BD2
F88
193
23D
0E5
DE5
1F9
02C
D80
0F0
559
FF9
019
ED0
F5D
E65
BD7
0C3
329
F22
D99
258
DDC
E42
F79
282
3CF
04D
000
334
EE9
B8B
19F
147
0CF
EC9
FCF
F33
CD9
B25
1C2
2DD
E5C
246
1F0
02F
D98
FE1
1E9
368
EA6
199
271
C18
CA8
FEC
094
F15
01D
062
1E8
C16
DAA
29A
15E
FFA
383
317
F2A
EB2
D7A
2A1
F2B
E2D
282
148
B5E
D5C
014
EE5
05F
FB6
461
19D
D5C
E9B
2DA
E84
FE7
337
177
FE0
C02
EED
F75
DCD
DB4
48C
01B
DF0
012
F6B
05E
F93
1DC
4B9
25B
BEC
211
FAD
D92
F1D
1D9
163
ED7
D4C
EC3
02F
AD8
183
3BA
0E7
FD9
120
FC6
FD9
E3F
136
492
F05
ED8
0E3
EC8
B7B
F5C
089
213
EE7
E4E
259
E03
D26
1D1
44F
072
27F
026
10B
D88
C7B
18D
248
DEE
F83
178
CA6
DF3
D6D
259
24D
FAB
177
3EF
DF9
D93
29B
0CA
12C
007
12D
03D
D1D
B8A
1AE
FDB
D96
2B5
155
F04
D2C
F9A
209
21B
E88
493
2AD
D2F
E3E
064
F7F
F2B
FDF
12C
18E
A53
E7B
13A
EFF
F3A
3A9
2E2
08A
F2C
EF1
2E4
DF0
01F
41C
194
D27
F37
DD4
E5C
E84
F1D
43B
00B
D2A
FD0
1CC
D11
1AC
255
355
0A5
DB9
06C
F7A
C40
F31
3F9
E4C
ED6
E11
EF1
E21
DCE
15B
508
14A
EBF
384
ED4
E1E
FCC
2C5
235
F3A
DB4
13B
E2A
A84
115
15D
06C
F7E
147
0A0
F4B
CC2
34C
3B5
F40
15A
1BF
EE0
CA7
EC5
045
23F
D16
052
167
C6C
C4E
161
1C8
12C
23C
110
344
D17
E34
28F
131
E5E
226
0C9
DF3
CEC
CD5
19B
FEB
ED5
249
34B
C51
F9B
190
114
214
079
36C
0F2
C1F
D4B
219
D56
F56
156
0F6
EBC
C9B
EB2
1C6
ED3
FB2
5E2
16A
E8D
F6A
043
063
F84
FFB
358
036
ABC
FF9
EC2
D2C
EAF
2C0
1F0
0A2
DBA
116
200
CFF
268
474
195
E2D
FF2
EBC
F70
C37
0AA
3CB
E61
DAE
0D5
F33
CD1
135
1CD
4BC
000
F2B
289
F61
C60
1C6
275
FE0
FE3
D70
FDC
CFB
C60
143
3C3
E18
113
210
EE8
F60
F2B
3CA
30F
FB5
FDD
31D
B7D
C90
06A
094
011
F14
07F
04A
D06
C34
476
151
0D0
2C0
282
F8F
DDE
EC4
224
178
D26
273
00F
C37
C6D
008
F88
0A3
FB0
2DD
28D
BFF
038
28E
07F
043
367
0DA
FDF
B83
DD6
1BC
D51
F3B
2E0
121
C9C
F24
F1B
1F7
F24
119
52A
111
CC8
08A
0FA
DBD
0B1
0D0
28A
E3E
C17
F26
01A
C5D
0C6
40E
117
005
E41
145
FF0
F46
178
5AB
E82
E11
FE1
DC2
DD5
DCF
15B
244
F2B
D14
2D8
E03
E36
22C
3E2
1F7
061
FA3
0E4
EF4
B43
337
151
E9D
F12
011
DAB
D7E
DD0
246
364
E2F
22B
22C
E50
E14
207
214
263
F6B
080
0A9
B28
CC7
189
0B3
DC8
185
FED
02E
D02
F12
3B7
1B9
FCF
32D
2A4
CC2
ED3
EE0
1FE
F50
E76
1AD
05D
A32
E6B
1E0
F0C
17D
15B
31E
FC1
D5E
F86
38B
E72
0C0
3E7
002
D4F
C6C
F63
FE6
E4D
F04
4CC
F29
C7B
068
092
042
069
2E3
303
0AA
BB1
1B4
FA5
D46
01E
2A9
009
DF4
CE0
F11
0C1
CA9
32A
488
053
E89
17E
F9A
06F
F68
241
40F
D63
DED
FE0
DAA
BA7
116
0F5
1F3
E2B
EDE
217
E78
E1D
3B6
44D
F31
166
EE4
03A
C99
D9E
2AA
24E
D42
F82
0A8
BFB
E6A
FA7
3A4
1CA
025
151
2EA
C41
EDC
388
137
0C9
F2F
0F1
E66
C23
C12
422
EF0
EE6
24C
0AE
E11
E5A
062
30A
1FF
EF4
43B
FE6
BE8
E98
0C1
FAE
FDD
FDC
12B
F79
A46
046
196
FA3
0B0
41E
0EB
FD3
DFD
0C0
268
DF1
153
2FD
EF2
B97
EF8
E33
03B
E91
170
3F9
E51
D80
185
0F0
E45
2D9
1DF
2E2
E2F
D82
0A8
F5D
C3A
162
2FD
D7E
EB9
DB1
04C
F03
F17
29B
4E0
E33
012
1E1
E5C
F68
046
348
104
DE6
D28
16B
BEC
D3A
2BD
1CF
03B
F87
02C
084
EC3
E02
601
20E
F2C
0F2
027
D82
D32
EC5
25E
102
C1F
1B9
F54
BF9
E49
289
1C4
180
00E
1EB
136
B8E
FF4
2F8
05E
E99
28D
ED6
E56
B7D
ED2
2AF
EDF
FF7
32D
07D
CC9
09B
065
334
03E
0C7
364
ECF
ACA
FC3
0FE
DC5
0CB
00B
188
D0C
CB3
16F
286
E28
311
43E
F80
EFB
E5B
147
04B
EF8
0AA
3BA
BE5
CB5
FEF
F1D
ECD
029
2DA
2B7
EB6
D63
39C
E9A
F87
307
2EA
FD9
E37
DFA
FC8
E68
C6E
38E
0C8
DFE
E9A
03C
E3A
F98
024
483
3B4
DD9
128
12B
DE1
E4F
2C0
10D
0B9
CB9
F5E
FF6
B78
E66
37C
19D
F22
1CA
FB6
07E
DA4
0FA
45D
108
E3A
20B
F45
BBC
E4F
F4A
27D
EB3
EF2
188
F84
B35
171
316
08E
1E4
17B
226
EC6
CA7
FFD
369
D57
0C0
168
DE6
C99
CCB
0F1
1B8
FA7
0F6
507
D9D
DA7
12D
192
0C7
101
1BA
218
D0D
B42
202
E3B
EAA
14D
281
F4F
DFF
DA9
230
12D
EE7
4D8
35E
F0A
E0B
0C0
EDD
00D
E83
30E
1B2
B6B
DE3
038
DC4
E74
2AF
29C
293
DCF
060
1A6
E1B
F70
4CE
185
E0B
F04
DF5
FC8
C71
F6E
368
0E2
C8A
0F8
FDE
D98
F64
1DD
4B8
103
EE4
144
0DC
B64
09F
1AE
06C
F07
ECA
FD4
E6E
BC7
FFF
487
EBC
1A2
23D
08F
E89
EF5
13D
370
F2F
F3F
332
C90
C02
EB7
0B5
FDD
FB7
FBD
2D2
DAC
CA0
2EF
1D2
06D
1EA
354
FEE
E34
C49
236
01D
D52
1CE
1D4
D23
D34
FA4
FC6
197
F0E
451
2D7
D3F
E83
21D
F7E
FC3
209
1F9
191
BBE
E00
FE7
E2C
D99
3E6
0B0
F03
E7E
F3B
18E
EAC
130
563
294
CB2
13E
F57
DFA
E2E
FFE
2D6
FEA
C3F
FBA
049
B41
14E
2BE
2F2
090
FAA
11A
09E
CFB
123
531
F10
FB8
F6E
EB3
C7F
D9D
FA6
3DC
EBD
F7B
2D5
E4B
D84
0EF
2C0
236
14E
F77
2C3
CD3
C33
0B5
1A6
EA2
FE0
07E
EB2
DF1
BAE
324
1EF
F97
256
405
E19
E45
FC1
0EA
20E
E0E
26B
11F
C78
BBF
118
E4A
FDE
092
226
168
C78
E96
2B8
0B5
F4A
4D8
19F
FB6
D47
ED1
02E
DF5
E3C
35C
0D8
B6C
F8B
F3F
FD7
EF5
1F0
39E
253
C90
158
119
CEF
08C
22D
1EF
E85
E03
E41
02D
AD8
04A
436
FF3
F87
096
056
F07
F68
160
621
EB3
F40
157
E26
C50
F1F
0CE
126
EDB
D5A
258
C93
CE7
140
384
01F
1E4
15A
179
EF4
C85
31C
1D8
F06
068
190
C23
CEE
D3D
164
12A
ED6
267
2B6
DE7
D84
302
09C
1D5
0B8
268
154
CA3
D0B
143
F20
D85
274
FEE
F26
C17
FD3
136
084
F7B
560
1F6
DFB
044
F9A
04A
EEB
0DB
2BF
102
AAA
FC2
FD0
CAB
01C
27A
2C0
FF2
E4A
059
25F
CD1
245
49C
136
E82
F77
EEA
E6D
D1F
F6A
415
DC2
EB3
062
F3C
CD4
0EE
1E9
3CC
03D
F7C
348
EAC
C71
160
318
EF2
02F
E7A
00F
CAA
BEA
21A
247
EEB
13F
35C
E1A
F64
F39
34B
224
FB0
199
2D9
BED
CE5
086
EC0
07B
ECF
1C9
093
C2F
CFF
3AC
F50
01B
395
231
093
D1C
F44
18F
FDB
DBB
468
025
C84
E04
F6E
F23
F11
09B
39F
1A8
C1E
1C4
0EE
EE2
03E
3AB
22D
031
C93
F45
034
B2C
02B
289
046
DDD
FF7
EC3
FD9
DAE
253
5F7
012
FA3
1F4
FA7
CA0
013
047
302
DFA
E6A
0D1
D2C
B67
0D2
256
FCB
185
021
220
DEF
E0A
2C8
399
E85
19C
12C
DB3
D5C
CFB
1A2
07F
E7F
085
306
BE0
E8A
0C4
11A
1C2
14F
32C
1B1
D01
D60
368
E6B
F17
180
0B5
E46
C75
DCF
14B
EF6
E86
561
0EB
EC6
EFA
160
02F
078
FF7
40D
0F2
BC6
FEC
EFE
D2F
E80
242
163
06F
C80
0B3
080
D66
177
488
1B4
FB3
0E9
F51
FD7
C48
135
350
E87
D7F
100
E36
C7E
F9C
12F
3D0
F8A
09D
2CA
F57
C0F
2EC
26B
0F2
0C3
FBF
0AA
C13
BF4
0ED
25D
CE5
20E
143
F36
DA4
EBF
280
238
FC8
245
3CF
BFF
EA5
014
085
F14
FD9
08F
155
ADB
D20
1F6
E43
010
2E9
383
FC3
F46
E79
2A5
EFE
F9E
4B5
07C
D71
E4B
F39
DC1
EAD
E98
495
005
CED
0AE
0BF
DB7
05B
339
2A8
1E8
D59
1C9
F2F
C3E
F53
3CC
F1C
EB5
F0B
DFE
E6C
C5D
239
408
071
F7A
37A
F02
E68
F83
1F0
2EA
F2C
FDA
18C
D7D
A8B
0C9
01A
FCC
FF3
183
091
E17
CD5
30B
2FB
E78
3E1
263
F5F
CEC
F09
028
0F9
DB3
23C
24D
B56
DE0
01D
051
FF0
17A
2C4
387
CC1
FD1
26D
EEE
F3E
314
227
EC1
DA9
D5C
146
C53
EA0
3A0
16C
CEA
054
044
F71
F7D
08E
5E6
0C2
E89
087
0D1
BBA
FC6
10F
13E
F7A
D41
0D7
EAD
BF2
022
4F6
FCB
1D6
15B
0D0
EFC
DFF
159
358
F38
EFB
32B
D06
C95
DE0
09F
08B
F55
002
3AF
E1F
C32
290
11B
138
182
312
0E7
E56
B72
222
F47
CA2
1ED
1C5
E0F
CD6
ED5
FD0
121
E87
493
328
E47
F1C
181
EE0
F21
14C
220
1D3
BDB
F14
034
CD8
D39
39D
140
012
F82
F2F
1D1
D56
019
4CA
25E
DD8
1D7
F43
DC7
D46
F86
283
FBE
CFD
0CB
FD8
AD0
07D
1B6
261
155
0FA
239
026
C58
071
361
E64
16C
0DA
F9D
C77
CC1
EFD
265
D7C
071
346
E74
E2B
FFF
1BA
104
15B
149
498
D7F
CDB
093
F18
D33
0A9
1B4
FD3
E37
C67
23E
F25
E19
386
421
F52
FD8
023
FB8
F8E
E19
437
202
D47
E00
022
B9D
E18
06F
244
182
E0C
0B3
1BB
DF1
EA1
52F
17B
0F7
0A0
0B5
F04
C56
E15
303
FD4
D51
25D
E7D
D3A
D5A
119
21E
1BA
FAB
473
0F5
BB9
073
0F2
05E
00C
178
042
F32
A1F
FF6
0D3
D7C
0A1
31C
0CF
E4D
F9C
02F
2AB
E7B
316
4CC
F7C
D3B
03E
E5B
DA3
F64
068
372
CA9
DC6
06D
F17
CDB
322
37B
19A
0A1
F2D
1A3
E36
E44
2E7
39D
D3E
0A8
F78
DAE
CDE
DE3
278
21D
EA4
0B0
34E
C7E
FB9
1BC
311
166
0C3
129
0FB
B24
CFD
299
E4C
F4D
0EF
0A8
DD0
D52
DE4
2D5
024
FFD
55D
14D
DC8
F32
125
FBB
0BE
F61
3F4
E9D
B64
EB3
FC6
D4A
FC9
309
18A
08C
D2B
1DF
0C2
E6D
18A
531
017
F2D
F92
ED3
E95
C35
179
237
E60
D1C
25D
DD8
D6A
06B
2AF
39E
099
0AF
271
ECB
B83
32F
153
FAF
003
07B
F0B
CDA
C21
14C
1C7
D9E
2FD
1F6
F17
DF1
0E8
148
22F
F79
342
2B4
B04
E44
04E
F28
E20
1A8
06F
167
B98
E4D
1D8
E99
004
47A
2C6
F0C
FDC
EF5
17B
DE9
F8A
406
057
BCA
FBF
F78
C66
F4C
FF7
394
059
EC0
135
156
BF6
16F
438
15A
0ED
F52
054
D9C
C39
F45
468
D7F
FDE
138
EA3
D1B
E2A
1E1
303
062
07C
4D0
DCF
CFB
02F
175
F72
058
0D1
16D
CD3
A89
169
FE2
E88
1C4
389
F85
F1B
E30
1BD
0A1
ED9
430
357
DAF
DBA
0A5
DC4
F14
E81
2A5
151
C97
EF6
1B0
D7B
EB8
480
20E
1F7
EE2
0EF
0AB
D9E
E24
432
073
DD9
090
E62
D68
C5F
FD3
23C
174
DE6
3BD
053
CA4
FE6
1CC
246
0F2
0B7
132
FE2
9DA
030
075
DE7
FB1
1DF
FBF
E2C
D89
FCB
34F
E60
2A7
47C
01C
D5C
0E9
F88
FFE
F12
0C8
34B
CE4
CB5
FE9
F0D
C4B
224
23D
241
F4B
ED3
202
FC8
E1A
304
4A6
E2D
08C
F0C
EE9
D2E
DCF
1AE
249
CCD
FD9
1C3
C4C
E90
123
311
144
0D4
0EF
276
C86
E2C
36B
FB4
F21
105
0B7
DBC
C9D
C5C
2DF
F0B
FCD
379
187
D41
F9C
151
0A1
1A0
FAA
4B6
0CA
C1E
E7A
0C9
CA1
F42
185
0E3
FD1
BFD
028
033
E6B
084
5F3
0C3
FAF
083
FD6
F78
DED
16D
384
F50
C9F
189
CAB
CB2
EED
22E
1EA
015
014
24C
F83
BFA
3DF
29F
126
09C
160
F42
DEB
C1D
113
18E
CB8
1B2
14A
DD1
C52
05C
0CF
255
FD7
35D
356
D72
E97
1D5
FF1
E9A
1FC
0C1
0F6
B53
DD4
057
E00
DA7
3DC
296
E1E
067
F59
15E
EAC
11C
4B3
2B8
C55
0C2
037
C29
E79
028
188
F71
DFF
F90
0EA
AA6
022
3FD
14A
0DD
1CF
132
F50
D93
F6C
467
E06
FD5
209
EE0
B82
E02
F50
0F4
045
004
45B
E4A
CD6
0D0
268
F19
24A
1FC
1E7
E73
BE3
069
F03
D37
0A3
34D
DF7
EC4
E54
01F
F9B
F90
34C
4BD
F14
EF5
2C0
E24
F53
000
2D0
126
E0F
DDE
111
C42
C83
304
106
02E
031
16C
FD3
EEC
E68
508
27A
F06
254
09F
C80
D5A
FE8
01B
073
D6C
28C
FCD
BAD
E20
202
024
05F
2C3
208
121
C3B
04D
233
EE8
F48
43D
F1C
CB9
E17
DF3
FC4
D8C
04F
34E
0AA
C10
20A
FE0
E8B
13C
2E6
3A4
FBC
E88
082
FB2
AF3
16A
226
F77
F00
F6D
EEA
E11
D5F
1BA
4D3
E80
181
249
F77
CA9
0C0
126
222
ED2
FF3
22A
B9F
BDC
0DA
0F7
E48
22C
0E2
17E
DAF
E48
30E
12F
F4D
34E
361
D8E
F1E
DE1
01D
E7C
EBA
2BA
19D
BA3
E2C
124
D13
FB6
20E
3EB
1A0
F6C
F89
26B
CA0
F14
45B
035
ED6
EF7
F11
D04
D7A
E57
496
FC5
E91
2B8
08C
D1B
00F
21F
1F7
1F0
F23
399
EF4
B4A
F96
214
DED
00B
17A
F3B
E4B
B98
186
18E
F39
162
564
F10
E41
FA7
0B9
119
F12
234
2AA
E2B
B8E
0D4
D87
D9D
0A7
23C
17D
E5E
EB4
172
FE5
D42
4D1
327
053
FA5
04F
E3F
DC6
E1B
2A0
24C
C04
073
05B
D63
D2F
1B0
138
251
FA4
243
252
C61
EAF
336
109
F10
264
FC5
EE2
BAD
DB9
15D
EC7
E8E
347
141
C6B
055
FCE
21E
06C
24A
3C3
16A
C2E
032
137
C9B
04C
15D
14E
E34
D7B
E9A
0C1
BF3
0FF
531
06F
F70
0DB
021
EC4
FB8
0F1
507
E5F
E84
153
DF2
B64
F8A
197
03D
038
F1C
298
D5A
CC6
209
3E1
F90
287
29B
F8C
E9A
D17
19F
063
E5E
083
330
BA2
D70
F7F
F89
0B5
FF4
32A
2DE
E8D
D8E
3C1
EB8
005
30A
2AE
F5D
E05
E20
F7D
DD1
C9F
40C
09B
E14
FB6
0B4
E29
FA1
085
456
2AB
DCC
20D
039
C7F
DFB
320
FC6
05A
E61
06B
F4D
AB7
F6F
2F9
078
002
407
FC2
F0F
E44
158
307
00E
FF6
397
F06
A83
FE3
EC1
F9A
EE6
193
164
F7D
BC8
15D
133
DB4
311
3C7
1E3
EE1
F96
F5D
00B
D23
226
34D
D13
DF8
F97
E2A
C5A
062
181
3FD
E3F
FC1
233
F04
DCA
31E
303
054
07F
F39
024
BFF
D34
1FF
1CD
D26
1A3
10C
D27
E24
F26
2B8
148
053
2FF
387
BE0
F6F
195
F9F
FD1
0BE
1EF
EAB
BC4
CE5
233
C7D
FDC
3DD
1B6
EC0
FBE
0BA
077
FAC
06E
5F0
009
D88
034
FF6
C20
F43
049
245
F87
CFD
1B4
EF3
C77
0B8
4E6
014
12D
108
0F6
F67
D1E
1B7
302
F3F
F0C
2C9
C8B
C3E
DC2
0B9
0A6
FAE
129
31A
E70
C0A
34E
0ED
039
19B
31C
FD4
DE9
C43
121
F72
C55
2A9
1E1
DD1
CE7
098
ECB
0A6
FD5
49D
3A9
D74
FBF
1BF
E6C
E93
370
182
122
D0C
FA0
FB0
BEA
CF6
37C
118
E8B
210
02A
FEC
E21
12C
3BB
2A8
ECC
320
0E3
BC0
EF5
FF9
09F
FAA
026
110
010
A03
01C
1DB
F2A
11D
378
21F
F2D
E9F
FA7
268
D74
1D7
3F6
F2E
BDB
F07
E34
D86
F13
FEF
3C0
DDE
DA8
192
0DF
D07
2F8
3B9
15E
038
E37
172
DD8
D15
107
367
D1C
FB7
052
D83
DA7
E50
286
281
FA6
117
3E8
D09
E74
1D4
200
08A
06D
0AC
05F
C27
BAB
2AC
EAA
E94
1D2
248
DE2
E92
F37
235
0E1
013
559
20D
D27
EF6
18B
DB5
FFC
072
252
F79
B86
F00
034
CCF
ED3
4E7
0C2
0DE
F7B
10B
033
E81
097
4EC
06A
D7A
268
E05
CB1
D92
0A9
0E9
FBA
E88
222
EAC
B5F
23B
280
161
135
29B
0DC
014
BDB
16E
246
DC6
123
215
DDC
BC1
E6E
EC8
1B9
E55
288
3DC
E4C
DB2
202
09C
F04
318
240
264
CF2
DBC
076
E89
C24
273
1DB
DCC
F91
EDF
022
E06
FFF
3D5
45C
E7D
16E
1DF
D40
E8C
0CA
263
009
EF1
ECB
0BB
A2B
D75
2B5
FD4
F94
1DD
146
F45
E0E
F0C
49E
06A
0C5
3CA
08A
BAC
ED5
FD6
F3C
02C
EE1
320
EE3
C11
F2C
210
DFD
19A
3E8
264
070
E30
13C
054
E1D
0FC
52E
E31
DB7
EB1
DC7
DAD
DA0
1C5
339
F68
DCB
326
DB3
E00
1C1
40D
1AC
0DA
FE6
0B3
E31
B40
30E
111
E3A
F93
181
CED
D6A
DA2
1F6
269
EA3
337
2D5
DE5
E41
2F5
07C
196
070
1C6
073
B3E
D0B
0F6
EBC
D70
36E
083
FA9
D9E
F72
12F
FF1
00D
521
2B1
D15
140
F6C
E5F
DF4
17F
1CE
04E
C08
F57
FCF
B1A
01A
29B
1B0
FCF
180
024
0CD
CE4
162
4FC
F83
FCD
165
F03
B79
F19
F1D
2F1
E67
F61
2D7
E57
B9F
134
253
F70
2A2
1CE
2EE
E5E
D7C
147
248
D79
1D3
2C5
D61
D2D
D64
FBD
EDB
FD0
1DA
459
D89
EB0
254
F47
F87
1F3
410
14B
F13
DB6
1C8
C60
D77
264
1B5
DAA
EDA
FA1
E5B
E53
E8E
52F
1D6
EFF
1B3
1E3
CCE
EDF
183
159
12F
E05
1BD
F31
AF5
D5B
2DE
EB8
FEE
26D
091
FAA
D28
093
2A6
0F0
FF3
55D
FD6
D12
EC3
F74
F79
E95
10D
19A
F41
A71
0CA
F88
E40
176
3F1
1F6
059
ECA
0AB
0EC
CEC
2E7
3E4
F34
D9F
019
D5E
D55
E1F
10C
388
D33
FA4
177
E4B
CC0
35D
2A4
29D
07E
059
25C
CC6
CCE
225
19E
CF2
154
FAD
DB7
C86
E49
1B0
139
F15
2EB
34E
C3E
F8E
153
147
FDA
1A7
232
138
B8C
DC9
1E4
D3A
F49
256
190
DE5
ED0
EF3
16C
E8C
0D1
637
106
E57
0DA
08D
D68
FC4
053
34D
F1C
CBF
02E
F12
BB4
F99
3CC
008
15B
FD2
1BB
F4A
D77
185
518
017
FF4
2DA
DCE
CFD
D5F
083
0EF
F0B
F16
297
C8E
BF9
1B7
106
12D
18E
2F3
145
F04
CE1
32E
068
DD9
29F
1F0
DD2
C56
E49
EAF
05B
DCB
38E
260
CF4
F10
218
F28
FBA
336
2DE
318
CB2
F9E
094
CD0
D58
3B9
075
D7A
F2B
E5E
F51
CF5
FFB
416
23C
E38
2C5
119
D4C
FC8
117
2F0
029
F09
0AC
044
9CD
F8E
1B9
F2F
FFA
0CF
068
E4B
DB0
052
475
E5E
1D3
468
FF4
CEE
F7C
0A2
FEC
F78
FED
3AA
C79
C33
01E
01F
D21
25B
2BE
209
F44
DE0
264
F6F
E7A
274
4F9
DCC
F62
EFF
EAD
E42
DB4
237
222
E0A
E45
217
C80
EC2
1E2
37B
1EC
030
0B3
18F
D73
D5B
4AF
057
ED7
085
FBE
CAF
CF7
DE0
21E
0E4
E7E
414
0C1
D0E
EBA
2BE
152
22D
0C0
2AC
055
B10
FCC
108
E44
EEF
2D4
F6A
EAA
C75
FB3
195
E4F
1F3
511
0FB
CF5
1E4
F4B
069
F3B
231
2F2
E7B
BF4
004
EB6
B95
19F
17A
10C
E7D
FDB
08F
F90
D10
374
4BB
F6A
137
087
EF0
CC7
F74
16F
2E1
CFC
FF4
158
B96
CBA
106
1CD
052
197
0CC
239
CEC
E46
3BC
102
F25
217
16E
D37
DF3
D3B
161
EA6
EF4
2D0
122
BBE
F32
159
F45
179
186
48F
0A1
D03
F6D
21E
CFB
03B
36E
FAF
F07
CA8
F13
EFA
D71
F9D
580
001
ED2
1B7
FA4
F1B
FDF
2CF
2E7
038
D59
273
D99
BCE
053
1AE
F4F
F73
FAC
F5C
E80
BBF
34C
2BE
01E
156
374
E73
E85
FCA
125
29A
DCC
182
177
C63
B63
157
EFF
FC8
0B2
174
177
CF0
EB5
2C7
13D
EF4
4D3
1F7
EED
E31
EF9
082
E87
EDB
265
1EE
AE3
F9C
F51
E07
F1F
22C
33D
19A
DED
04E
287
CA8
0BE
3F9
198
EAE
FB2
E8A
EF9
C3E
F43
478
E98
E90
11B
FB0
C94
0AF
1DB
429
0C9
F92
300
E54
C5A
027
2CA
E4A
096
F1F
02A
CEE
B99
0EB
1B9
E75
16C
433
E1E
ED6
EF0
27E
1DD
FC4
284
2D1
CDE
C3F
16C
DD8
F46
FE5
1F0
FEC
D43
CE6
1E3
F97
ED0
544
237
01D
E9D
0B1
021
010
EFE
3EB
16F
C43
F58
F2D
CD5
DFF
1BA
1E7
179
CF1
137
12A
CBA
097
495
250
FDD
157
EFE
F65
B2E
07E
32C
F83
DBF
140
E4A
B86
ECC
07C
331
FF9
0FF
2E0
04D
BF4
199
275
FC3
16F
0BE
140
CC9
C5D
01E
207
CCB
1FD
250
E16
E0D
F0B
16A
083
0B2
22E
4E5
D2B
E29
172
EF7
F1E
127
1A3
03F
DAA
BA1
195
CBB
E6C
38B
2F2
EFC
FF7
FF8
01B
00D
EFF
5EF
1E5
DC0
FC9
0C4
BF9
E31
09E
242
0AA
CE3
137
F92
C34
F11
46B
0A4
122
189
0D8
FC0
CA0
099
3B8
FE7
DDA
312
DA8
C84
D66
FC9
17F
F71
019
2BE
FA4
B68
26F
17E
06B
1C3
2F4
15A
EF1
C8F
07D
0ED
C3A
1BA
1D0
E54
CBF
E97
F7A
0C0
EEE
2B4
4D8
DE5
F71
1A3
FE0
EE7
2DF
220
20B
CC1
DAB
0B2
C4A
D1D
261
1FC
E25
FE0
ED6
03E
E13
FA3
554
2CD
F37
1A3
1C6
C77
EDE
01A
2DE
FC5
E0B
F3F
F91
A3B
E4D
373
01F
11D
030
21F
F68
DEC
0A9
546
06B
03C
397
EAB
D47
D43
05D
08E
EF3
EED
361
DA1
BAE
0CE
0D1
098
19A
351
1C1
F67
C78
2BB
129
E48
1EE
2C2
E5C
C71
E0C
E8A
012
D0D
2EF
2E0
DC4
E14
1B7
FCE
006
22D
301
352
D0C
F2D
099
E03
C9A
335
104
E2D
EBD
E12
008
C99
F49
42D
268
DEB
21D
0A6
EA2
FAD
0D0
3F1
065
E6D
0AB
FEE
A3B
F6E
114
0A5
FCA
FF8
0BF
EFF
CF4
FE0
4D9
F4A
1B3
2CB
085
DB9
EC5
0BA
1F3
F07
EF8
34B
C7D
BFA
F1B
0B6
EBF
0EF
1DB
287
E44
C88
2D7
0D7
FA2
2B1
437
E6B
EDA
CDD
0A8
F36
D02
32A
224
D6B
D2F
18B
E29
039
007
449
326
DDD
012
27E
E31
E26
3BA
13B
03B
D5F
EAC
F77
CA4
DF0
428
138
CF0
1CF
F90
F7F
E9C
1FC
462
232
E12
29A
03E
B13
002
14B
11B
F32
F5B
FF8
F2D
A78
078
3FD
F48
129
26B
109
DE5
EED
06B
40D
EA7
0CF
293
D82
B91
EC5
02B
F2F
018
FC1
2FE
C7D
D02
242
11E
F07
2FD
2FF
04B
E9A
D0E
21F
F8A
E48
253
2CB
C62
D41
F38
E5F
FDF
F07
3C8
25F
DEF
EEF
2C8
E26
0AB
31A
28A
16F
D80
FB7
028
CD6
DF1
481
FB0
E49
F33
F37
EFF
DAA
09B
422
1CE
DA6
3BD
FFF
DED
000
284
21A
FD0
E77
0BE
E99
980
04E
183
F9A
FE0
126
F99
F10
D9C
193
48F
ED0
1FF
2D0
F20
C79
FDE
01A
17E
EA8
FD4
250
BB5
BBD
0A1
0E0
EE8
26F
1D1
1F4
D88
DF1
314
0E7
F2E
2A8
33A
CF0
E4D
D53
087
E7F
E41
29B
217
BF8
E4A
169
E4F
109
1B6
469
156
DB8
FCE
245
D36
F0B
46C
059
F46
D13
F64
ED6
D69
F09
4E2
FE0
DBC
22C
FCB
F35
F1F
331
38C
14D
DBF
295
ECA
B39
FC6
184
054
E84
F2B
F43
F03
B0D
2AD
363
FE1
0FE
278
F6B
DDA
F90
197
3CE
DCE
197
153
C7A
BEA
09A
F8B
02A
06C
05E
23D
C12
DF3
2DF
19D
F67
40A
226
F30
DCE
DC1
25C
EFE
E84
226
13F
ACA
E84
EEA
FAC
FD9
05E
43D
15B
D36
F99
349
D79
189
2C9
29B
F57
CC0
F36
074
CA4
EEE
48F
EA2
E5A
EC1
F89
F2E
F29
206
557
027
DF6
2E6
EF0
E26
FCE
2DD
14E
F15
CAA
06C
DED
B0E
213
1E0
045
F2F
11A
F70
F8E
D95
3B0
3C5
E85
1F4
1B2
DA8
CFD
079
066
1B3
CA0
056
0B8
BF1
CF6
271
134
021
23B
10D
1ED
C26
F3F
389
09D
EAE
315
0AA
CB9
D5A
D3B
1C9
E8A
F5A
2E0
103
B9A
FEF
189
05C
20D
17B
444
F9F
CC0
FA9
24C
C67
110
2AE
FB8
DCC
C58
F5B
FDE
E5A
0B4
56E
EA1
EC0
0AD
FE8
030
064
300
36F
F2D
C3F
1B5
D0C
D73
064
1EA
036
E00
DE5
075
ED4
D09
4D9
34F
FFD
013
1A4
ECC
EF6
ED5
34C
2BF
C41
FE6
FCB
C47
C99
191
0F6
198
EBB
114
1D6
C04
FAB
3D6
270
00F
22F
FD4
FDC
C14
EEB
2A6
F16
E71
217
FBA
AF5
EF9
FB2
304
FE6
08F
3BD
0B9
C30
0D9
2FE
FBC
1E3
063
1BD
D86
BDD
F7F
151
D0D
068
342
E55
EBA
DBA
177
112
097
24E
50F
DAF
E1F
129
F66
F4C
F81
22D
09A
D30
BAF
174
D88
E3B
307
268
093
EBE
F74
161
031
E58
550
24D
E67
F37
FAE
DFB
DBB
F16
240
1D1
B9B
03D
018
D33
EE7
37D
26F
1DF
F62
085
1BC
C19
081
404
114
E5D
0F9
E22
D47
CA2
F41
446
F09
EEB
1C9
003
C4E
13B
176
3D9
0E7
017
260
E59
BB5
07D
229
DDE
0F3
FB1
00C
CE3
C30
159
27D
EA3
1A4
423
E53
ED4
F2D
236
1AB
FB4
164
31C
BE5
C2A
073
E11
FBC
F8B
21B
079
CD2
D51
35E
F9E
FCF
455
2B2
003
D85
F5A
06C
FD9
D93
42C
07F
BBD
E32
F54
E5B
ECE
144
2FF
1FB
C09
15A
19C
E42
082
442
244
F81
DE2
EFF
08A
B30
001
333
F9F
DA9
02E
E84
E6D
E7D
1C9
581
F38
F71
26C
01E
C8F
1AB
1A7
1E1
F10
D95
0F9
C90
BA2
0CC
2F5
E92
137
FE1
0AB
E6E
E13
44E
3E8
FD5
110
31D
CD9
E5E
EA0
23C
064
E21
032
0DD
B60
C7C
2D2
FE5
16C
0F9
301
10B
D4F
EB8
41F
049
EE7
3AE
FF1
DFA
C30
ED4
FF3
F52
E04
3A5
FBA
BB4
077
0AD
0B9
083
2D6
34B
18E
C09
0C8
113
D83
072
227
03E
D49
C82
E59
0C6
C60
200
44E
FCC
E39
0B3
034
017
0B3
1CB
52A
D93
DFE
073
ED5
C93
0A6
1B7
0EA
E1E
D5D
15A
DA8
E62
2DB
432
F2F
13C
FD2
04D
E77
E0C
3FB
1FF
DCB
EB9
0FE
BA6
DE6
FA8
209
1BD
E2D
0DD
16A
CE4
E91
500
13C
156
070
129
FAE
C26
E76
34E
F9E
DB2
238
E6C
DCF
CDB
046
283
101
F6B
464
058
C2C
0D0
151
1AA
FD5
12C
110
EFC
A32
04B
10A
D9B
0DC
1B9
0C9
D96
E78
076
341
E1C
334
474
F21
DA1
00B
070
FA3
F91
086
341
BE7
C57
043
F5B
E98
1F6
2D3
180
EB5
D9D
350
F02
F58
3C9
3B6
DDB
EBE
E64
F6B
E7A
D21
38B
0CE
CDE
EC3
139
D26
024
1A4
367
275
E64
13D
10B
D4E
EDB
41C
063
FE3
DD3
F08
ECE
BBF
F4F
41A
075
E09
267
F0B
FAC
E9D
21D
4A9
113
EC3
270
F3B
AC1
04C
0E7
0A5
EF9
F83
087
EA6
AF0
1C3
32A
EC6
218
1C4
163
DB3
E49
157
3CC
E19
14D
278
CC1
C5D
E9E
06D
F98
019
077
37A
C1E
DC5
282
19F
0B1
243
2E6
0BA
DCE
C3D
30B
F0E
DED
1C2
1E7
C9F
D9C
E28
090
023
EC5
4BC
198
DDB
F2E
240
F3F
162
141
2AF
0E0
BA7
EFC
012
D4C
EC0
399
FD0
F7C
D72
020
0BA
E40
1AA
5A0
1B2
E2B
153
ED7
FCF
E91
0FE
36D
ED2
C09
0BA
E9E
B81
08C
189
315
F6B
FC0
139
069
CB2
31A
481
FA5
0EC
F7D
FC3
CD9
D90
0BD
341
D21
FC3
17B
D2E
D7A
05A
35A
2D4
044
086
3AC
C87
E35
297
10C
016
FE8
0AB
EAB
C88
BAB
327
FD8
EAC
202
234
E1F
E4D
FF6
2FC
241
F52
49C
0E6
CB1
D6B
181
EE9
014
F80
15C
05B
A40
F55
15C
F60
FFC
484
16C
088
DE6
058
28E
EE9
09C
407
FDB
BDC
F6F
DEB
FEA
E53
0CB
2EB
EDD
C2D
10B
0D1
D6D
2A9
256
36D
F15
E84
05F
009
C98
192
38B
E05
E54
D89
FD2
DDC
EA8
1E8
4CC
E2B
009
266
EA7
FA2
082
3CB
219
EE2
D69
1F6
BA4
CED
1EC
163
F8F
F46
F58
FC8
E65
D3D
5A2
1EB
FE7
190
16A
E2E
E51
F11
292
13E
CA2
1B6
F91
B54
D0E
1D7
050
0C4
FF7
1C4
1D1
B84
093
394
139
FED
2E1
FB8
F13
C13
EF6
25E
E38
F9E
254
F81
B44
F62
FB7
293
03E
1B8
418
013
C4B
0DD
13B
E33
12A
09D
180
CEA
BDE
F3C
0D8
D0B
184
3A0
EFD
F3D
E6E
182
086
FCB
25B
527
DA5
DDB
0B3
E46
EC5
F0D
22D
0E9
D1C
C1C
293
DDF
E99
2F5
330
126
F6C
02C
150
FD1
D38
47D
198
DEE
EC1
F2A
D82
D79
EBE
2A1
284
C41
145
057
D7B
F29
363
2A2
223
F1C
0BB
12B
B0F
F00
2F9
0C0
E0F
066
E70
E63
C2F
F85
43B
0D4
FDD
340
13F
CDE
051
0A4
38E
FD9
F26
21A
EAE
A14
F0F
11B
EAD
086
FD3
1CB
E24
CDB
0BC
3C7
EBB
1FA
3F0
F72
ED4
D2F
106
127
EE9
F6E
37F
C3F
BEC
FF9
F59
048
04D
2BA
2CE
EFE
C7E
345
FDD
F18
271
367
030
D88
D3B
00F
F20
C8F
364
18B
DB4
DA1
FF8
F53
FDD
01C
3DD
400
D1F
091
133
EEE
E02
20E
18F
135
C3F
E29
072
B80
EB3
37F
2B7
EC3
0E2
F8C
14F
E6A
09A
5A5
1AD
E84
0B6
040
BCE
F05
EEE
39D
F59
DD8
0B6
FF7
B72
048
3AA
111
1DC
02A
259
F2C
D0D
058
437
E4E
FF3
134
E0B
D8A
C87
061
25B
F38
F6B
497
E16
D1D
098
1ED
225
0C7
187
27F
E38
A77
1C1
F78
E54
029
150
F08
D42
D07
197
21D
E12
3DA
319
F45
E2F
0D5
073
10E
F2A
246
270
BA6
D13
FB5
E94
E12
195
171
220
D23
EEC
2D1
F69
F7E
48C
360
F0E
FE1
E3D
0B9
D63
E8D
334
10C
C1C
F14
038
D5A
F5F
02C
4C9
134
E81
0F0
255
C8B
04E
33F
118
074
DDB
F5A
EB6
BAB
E42
4E0
F36
F67
0D2
FA0
E90
E8A
1AB
49D
17B
E39
3EE
EA7
CA8
EBC
106
107
FA5
F0F
112
E82
9D6
178
27B
0A5
0E8
323
063
F53
CEF
229
3F2
E7A
133
245
E1D
BA8
EB2
F49
11E
E3B
166
2D5
D7A
CC5
145
1D1
FC7
34F
1FC
336
CF3
D3D
1FF
00D
D19
1AE
18B
D63
E61
C83
12A
F84
F6A
3DA
3AB
D50
F7D
143
FC7
06D
06F
404
16F
D41
D33
1A7
B9B
E75
214
15E
00D
D3C
FF2
0A5
ECC
F04
5F5
189
F46
07B
057
EE8
DEF
FB7
33F
0B6
C07
0B4
E78
C5A
E11
23F
274
1AF
EFC
1EB
126
C07
178
3AB
0F8
F8F
0F4
ED7
ED8
B1F
FC0
35B
E7D
F11
24D
F40
CCD
078
0CC
429
FE8
12A
3E5
F57
BBD
127
171
EF5
0C7
FE1
16B
C73
BE4
010
283
D4D
24B
3A4
FA5
EBE
E92
21A
1A8
FAB
1BB
469
CB2
CFA
FF0
F2D
F21
F18
1E2
19F
DE8
C81
334
ED6
F91
311
3B2
0C6
F43
E58
144
FBE
CB7
43D
146
D73
D3B
F91
E76
F01
EBB
425
2E0
D25
115
102
E71
EE7
37D
1F7
22E
D87
FA2
08B
B7E
DD8
2A7
0AF
E29
F9F
EA3
003
CF8
05D
4ED
205
EF7
2BC
14B
CD4
F18
03E
293
F51
E4A
06E
F92
A38
F45
283
002
105
0B0
283
F88
D4B
01E
52C
F15
125
2CB
027
D73
CE6
F71
111
EA5
EB3
3D5
D31
C85
FA4
183
056
12F
246
373
F64
C2F
237
039
E79
0EC
2B8
EC8
D94
C4C
013
029
CD0
28F
3E1
F89
DFD
107
F44
11D
F66
3BC
351
D7D
D96
089
E22
C97
169
088
19D
D6C
EB0
0C4
EB4
DB1
496
3DE
F6B
092
FA3
05C
D90
EA6
2A2
2AA
CBA
00A
000
BC3
D45
F33
280
18B
FCD
027
298
C2D
F76
315
24F
078
0FB
06D
F1B
C6E
CF7
3C5
EC5
E9E
16E
0A2
CE4
E24
F9D
2B6
12F
F98
4A5
0C3
CCD
E9A
254
F0E
103
F83
189
EA6
A96
EE5
1A0
EFE
FF2
456
0BA
01A
D88
0CA
245
F7A
08F
51C
03D
C43
FC8
E44
F17
DC3
143
2BD
FB9
B71
17C
053
DD2
20A
346
39B
FC7
EB2
056
05F
BF9
1D0
335
EEA
E37
E9D
E6E
D5C
DDD
168
506
DDE
040
20D
FA1
D99
189
2EB
2B9
02E
E80
221
C5E
BE9
0C6
235
E35
052
F8F
FFF
DEE
D19
3D7
2B1
FE7
203
3BB
D50
EBB
E8D
1D2
0DE
E8D
072
173
B96
BA4
1AD
F1F
112
02C
2D6
172
D60
E26
3E6
0B6
F7B
423
0D9
EB3
CDF
E67
F78
EFF
D06
38B
14D
C6A
F5E
094
FC9
005
24B
38A
2DE
C1D
05C
118
E00
EEC
288
113
ECC
D7A
E20
133
BF9
FFB
3ED
223
E12
1A9
02A
F89
F67
0AB
58E
094
E78
0AB
FE6
AA6
F6C
0C7
17A
FC5
E31
16C
F7B
C01
068
50E
FDC
1B3
173
10E
DF4
D7F
00E
35D
E46
E8A
2F4
CF9
C9B
E3E
0F8
0A6
063
03A
4A0
EF9
C63
1A6
1BF
04C
109
234
082
E59
A51
0CD
05B
D6A
0AF
363
EEC
DA0
F69
018
21E
E8D
413
428
F11
D6B
17E
ECF
E3F
07C
172
263
C6A
D62
055
EAF
C6F
38C
2AB
122
FFC
FF0
19C
F42
E40
35C
357
D23
FF0
F71
DE5
CC8
ED7
1DC
1EF
DC8
FA1
29D
C14
F2E
268
35A
0EF
0E9
044
172
C5A
D30
380
006
E7E
036
098
C5E
DEC
DFE
35C
16C
F65
3E0
2A9
CF6
EE8
14B
056
17D
F5D
291
F90
AFD
D98
249
DF6
F2F
26F
0A4
FEA
D1E
065
248
FF9
FD5
60C
0B0
DFA
F0B
F00
00F
E33
0AF
2EA
FBE
A63
070
F3B
E01
071
385
308
0C9
E34
0DF
1B8
C44
221
32F
09E
D9C
FB3
EAD
EA7
C28
048
44B
E5F
EFA
13A
FE1
D61
15A
14D
467
039
F2F
21A
E28
B18
FFC
1ED
E97
07E
ED8
065
D16
C66
1DC
335
EFF
1A1
425
EF7
E93
E4E
214
149
EB7
FA2
304
C1B
BEC
FE4
F7E
F88
FFE
25F
19B
EA2
C73
397
024
F38
361
347
F29
E29
DD3
FAC
F51
CEB
3AF
1AF
D1B
DD4
0DA
E79
031
11D
3AA
403
D99
03C
1C4
E94
D49
353
12B
00C
D90
E3A
FD0
C56
D84
3AA
286
E69
219
011
FF3
E5F
0D6
3A0
289
DC8
196
0AB
AD4
E96
FF5
125
F51
F8A
05F
0DA
B4B
F15
3EE
0A5
119
2A2
23D
EB3
D77
E77
32C
E8D
EF2
2F1
F39
B67
DF1
FDF
FD8
096
F90
4EA
FEC
D8E
03C
2A3
EB0
188
2A7
1F2
F97
BA4
FBA
FDB
D3F
F1A
40D
EB8
E2F
EC0
FF7
011
F37
26F
4F4
0D8
D91
296
E4A
E16
F36
22F
1B9
F06
CFE
048
F0B
B3E
21A
2B9
147
003
19A
030
FDF
D08
2A9
3D2
EB3
084
16F
E01
B4D
F13
FA6
23B
E53
0C7
329
DE1
C58
1BC
20C
013
274
17D
255
CC3
C86
111
0E7
CDF
1C1
1AA
DB7
E0C
D8D
181
044
FBE
356
491
D1F
F8F
135
FD0
F9C
0F2
2C8
126
CF5
C32
1C3
BD9
E2C
1CA
214
F8B
F9A
FC7
176
F06
EA5
58F
1DB
F3B
F84
08F
C8A
E19
EEB
219
190
C89
071
077
CD4
DA3
3FC
195
20C
FBF
1C5
0DF
D16
E58
447
FE1
E2E
212
EE2
E0F
B8A
F17
15D
050
EF8
436
0F7
CC9
028
114
1FB
093
22D
24D
0EF
A4D
F06
0CF
D8A
FA8
225
11C
E09
DBE
F08
290
DC9
1B0
53B
14E
E68
092
FA6
EEF
E95
FF8
3F7
E3A
C43
FC6
F55
BB8
0A0
23B
2A9
090
EBC
265
FCA
D80
199
573
F34
0F6
F68
EEC
D43
C73
088
282
E9F
ED6
2F8
D76
D5B
FB7
2E6
27E
194
0A7
327
DCA
BAA
1E1
066
F0C
FDB
142
E9D
DAA
B63
20B
15A
E9C
365
3C3
F32
DC8
0C9
00E
19B
EC4
299
1E8
D2C
C83
0C4
D8E
D9C
1E6
199
201
D29
EDE
189
FBD
E61
533
346
00C
F77
F0F
FD4
D1F
E4A
21A
2E1
C00
FFF
032
DA0
E30
158
30F
22A
FC2
0FB
334
BBA
EF1
2BF
1E5
F52
054
F75
F29
BD2
C7E
32A
00F
F7F
1F6
1D5
CA6
F8B
FD9
31E
0EF
FAB
340
080
BA4
DEA
178
DE2
02E
FC3
1C7
F07
C16
ED7
21F
E67
050
569
13E
FE1
E00
02B
FA4
F1C
EE5
415
F07
C3F
F6D
E71
DC6
EB6
233
291
1B7
D72
2CE
00E
D0E
10E
3E4
154
001
F9A
F51
F1B
A86
0C1
2BD
EF1
EA8
223
E40
DD8
F0A
1A2
498
FE3
148
31F
F40
B79
12B
04B
FF6
FC1
FCC
13C
CB9
B8A
07F
23A
D79
2F6
2FD
17A
E77
E96
112
1E6
E66
265
404
CC6
D64
EC4
F7E
D9B
000
0DD
358
D85
DFD
2BB
EC3
F52
290
437
00E
02D
DEE
185
D77
D4B
264
1CC
CEC
F72
077
D98
EE7
E5F
446
2A0
F84
0D1
396
C90
E7E
246
133
1DD
E7A
071
FF4
C42
B9B
38B
FC1
F94
202
11D
F26
D8D
FA9
2B1
22E
EAC
4B9
07D
CCE
CF1
FCC
F2D
FE9
F62
22B
182
A9B
F93
1C7
F52
041
49F
242
129
DF0
F11
17F
D0E
F93
371
06A
BF8
FB4
D99
EB6
D45
0E4
3D8
11F
E04
218
0FD
CCB
1A2
229
31D
FCC
EF5
00C
F20
9FA
FE4
2D3
E99
003
09B
0B2
D64
E5A
099
4BD
F69
11F
45C
EB6
D37
F19
0ED
FF6
FAF
F11
315
CE8
B7A
07F
12F
EF2
212
319
10E
039
D39
255
0C4
E8A
186
405
D1D
DFD
E7E
E7F
EE1
E00
1F5
266
E43
D53
331
E1D
F03
18F
379
291
E8A
EAF
0CF
E0C
C02
33B
11D
EE7
E90
FF9
EAA
E8C
DED
378
34C
E46
2E1
200
E50
DA5
147
0E2
1F1
E3E
0B3
03D
AA5
C9C
137
077
EE4
294
1A0
167
C99
F80
2CD
09A
F37
436
20E
CD7
E5D
DFA
01F
E25
F3E
2A4
15B
B04
F63
101
E7A
0B2
22E
3C0
123
E44
F83
209
C18
FCA
340
0BC
E4D
F15
EDE
E7B
DB2
F6D
551
F75
FA3
1E4
151
D6F
059
1D9
33B
0AD
E0C
24C
E23
B23
EA1
292
E9F
07D
05C
0C2
EC0
C91
148
311
052
120
502
EED
E82
DD8
07C
039
E74
00D
2CC
D76
B46
109
F18
FB6
0D0
3B2
222
01D
D69
2AF
078
D05
2EA
27F
F3A
DD3
E94
E25
F23
C4D
2DE
359
E47
FCA
1CB
F30
E56
150
2F1
3E0
E83
0B3
165
CED
BFF
1E8
0BB
EF4
FF0
F8B
026
C27
E20
34A
2F4
E8D
410
259
E84
E55
F34
209
086
E7A
1AF
18B
9DF
E13
01D
F9D
FDF
137
2D8
17C
D8F
EEF
3CA
E17
0BB
3C5
1CD
DE6
DEE
E4A
FF7
DC0
E3E
48E
FF8
D99
FB8
0EF
D52
0FC
15C
495
103
E18
1AE
034
C49
F0C
37D
F53
FC6
DDD
FE8
E34
C0E
FC0
469
FE4
03E
383
F79
EE8
E2A
204
252
FE5
ED1
2F5
DA8
ADB
FD0
F94
FE4
F84
1BE
198
F76
C1D
266
1A3
F2E
2AF
3FB
09C
DD8
E4A
ED5
037
C66
226
264
D40
CB9
0C1
EAD
EDB
0D2
2F6
4AB
DBB
FB5
209
F14
CA2
330
1D2
01F
E7B
E22
006
C72
D1E
264
2DC
DE0
23D
09B
F71
E7A
007
3BE
2A2
EA8
161
26F
A99
DCA
048
0BD
F25
00B
09B
0F3
BD6
DEE
3C6
FE5
136
3B5
2C7
E93
EA1
EC9
27A
F02
ED3
3C9
F8E
B91
E0B
FB1
D91
04E
07D
486
0BE
E0F
13B
1AD
D9B
020
426
102
057
D60
000
E2C
BD4
F08
434
EC8
E2E
110
F5C
ED9
E70
255
410
135
F05
389
E54
C36
F5D
12E
02A
EF4
F98
0AD
E6D
AB0
1FB
1C0
FE3
1D5
368
02E
EC7
E44
148
29F
D95
263
2A7
D48
B91
F42
E98
FC8
F3F
1CB
3D2
D53
DFA
23D
06E
E89
46D
1F9
194
EAF
E61
055
DA3
D3A
28B
2BA
C81
FB7
EC7
F0D
DF1
0A5
367
321
E4B
125
269
C52
ED7
13F
1C9
FBA
F61
F29
06E
A5C
D9A
2F3
FF0
FE5
221
200
E48
E9B
F22
469
055
038
3C3
08F
B83
E32
F98
E73
F76
F26
367
F16
C17
F86
20A
E58
13C
401
1E2
0B3
D27
0C3
FC7
D27
FF1
445
E5A
E0C
EF6
E9D
E74
DE7
251
388
058
E1A
375
EF8
E11
0FE
2BE
1C5
F13
F02
0A9
D80
A7A
235
0ED
F80
014
1A8
F34
F0F
DDB
2B1
3B7
F00
2ED
297
E41
CD5
042
F7A
043
E39
11E
154
BA3
CD9
13A
059
EF5
412
23D
27A
DD2
F5F
224
F29
E17
406
219
C67
ECC
DC7
F59
D80
F57
367
272
CDF
123
194
D6C
037
245
389
0E4
FA2
F5F
0FD
A94
EF4
2EF
FC2
F01
FD7
FBD
E6D
DED
FAD
5A6
005
0C2
376
060
CB2
F0F
0AD
14B
015
EB9
2F5
DC7
AE5
EEE
1A3
E4F
184
22D
1BD
F6B
D22
232
0B8
EF8
161
4AD
E0A
DFC
DBC
EEE
EA3
D9B
14B
33D
E01
D1E
228
E0E
FAB
17D
41A
2B5
FA1
EF1
19E
E25
C33
2F5
152
F32
EC6
FE0
E72
D77
D3C
39C
30F
EFF
2BA
1E3
E08
DFD
15D
196
2A1
E49
1E3
0BA
A75
CEB
130
F51
F52
271
07D
135
BE2
00D
308
033
002
4AA
15B
D8C
F01
E96
08B
D76
FF2
2BD
043
AB7
01E
FD3
DC0
0B1
28D
440
0A1
ED1
0A8
163
BFA
1FD
33C
F8B
E84
EC1
EFB
DCC
CE1
FEA
4FC
DD8
055
216
F92
E0A
0D3
22C
2E0
079
FAE
32E
C43
C3A
01D
1A8
E5E
0B6
013
083
D5B
C4D
35B
12F
F8C
308
3FF
E0A
EBD
E75
15C
003
E59
259
124
BAB
CAA
0DF
D96
FE5
10C
3D2
1A2
DDB
F88
273
E5E
F4D
52E
0E3
FA4
E41
F2E
E64
D78
E16
45F
027
D9A
167
F7D
E11
ED7
25A
36C
210
E2E
2DA
F9D
B4A
FA9
178
FDF
EBD
FDD
F66
EAA
A6D
0C3
2D2
EE9
109
44E
05E
E4D
F5A
138
2F7
EA3
211
2CF
DE2
B02
FE9
EEE
E84
FF4
127
323
D6C
E01
199
08F
DB5
445
2F0
01B
F21
E83
02F
D98
DD3
240
2DC
BF4
FB1
F6A
E31
E8C
091
3C8
325
EE1
0E4
2DA
C3B
F48
21F
243
FB0
FB5
F66
F95
B77
D45
340
F7E
FF0
1EC
15F
DB1
F4B
FFA
3CA
119
F85
3DA
051
BE7
E8A
090
E31
0BD
F79
25B
E94
B1A
079
18C
E4F
16E
4DB
094
FD0
D88
114
FE7
DD0
0CF
42A
DDD
CB7
FB0
D3B
EA5
E4C
2D2
326
FD4
E63
329
E99
DEB
2E0
27D
198
F8C
F9D
F61
D8C
B08
34E
126
E50
063
0E8
E54
DE4
F23
316
352
E7B
3B3
1F4
D17
E13
139
035
021
FCD
08F
0DB
9E3
E58
182
F81
F79
3F7
163
009
E32
F55
2E7
E97
05A
39B
0C7
C16
FAC
E8B
E68
E4D
002
3F1
F18
D15
0E8
0D7
CFF
255
2C8
30D
FF9
F12
098
F6B
BF5
0DE
35C
DDB
F7A
F92
EB7
D01
DBB
177
448
F3C
11A
3F2
D68
E55
0A4
2D5
0CB
09B
FC3
1A5
B9C
BED
1E8
F9F
EA4
180
217
F5E
E7C
E22
415
06A
FDA
47B
29E
D10
DCC
028
EBD
F70
E0F
390
FE5
C12
EBC
118
DC7
04E
345
288
1EF
DF0
117
0F3
D71
F45
4F7
F85
E26
F8E
E54
E1D
C59
106
376
03C
D8D
374
ED5
D82
0AE
2A2
2F9
02D
015
174
E90
A34
185
108
F1C
F9E
147
EED
D6D
D4D
225
320
ED2
40E
358
F00
D8F
0D8
091
0ED
EFC
1E3
270
AEA
D53
045
EDC
E16
287
1E8
1C3
DC1
EEE
29F
EE7
FEC
4A8
2ED
DA7
FD0
DF7
F67
CBE
F12
39F
059
CC3
063
0C3
C44
0A8
1C9
46B
124
F8F
181
06D
BDD
040
38A
F58
017
EF4
FEF
D34
BFA
007
38C
EAB
0CB
34E
EEC
E80
F87
208
182
0D5
039
38F
C4F
BA1
064
F92
E58
FD4
1C1
056
E7B
C57
31F
FCC
FC1
41A
3B2
F1B
EE8
F15
FAB
F95
D64
456
0AE
C1E
E3E
06B
D2D
ECB
13E
30A
278
DE5
18F
13B
DAA
F02
4F4
0FA
035
ED2
EF6
F34
AF8
F61
2CF
050
DA1
339
ED5
E52
EA1
1B5
3DF
032
059
2E6
F8E
ACD
179
010
FEE
F44
067
066
DB9
B65
0AC
216
E13
331
314
0CA
E39
F4A
10E
199
E9B
252
376
BB6
DCD
EDB
E70
D93
0C7
1A9
2A4
CDC
E9A
25E
E83
021
3C4
327
F7E
003
E9E
13D
CC2
E70
3C1
0C1
D25
001
F77
CA1
F1C
FC3
49D
141
F4B
27F
0D6
C59
019
261
076
0CE
EEA
12C
D70
B42
EF7
30D
E41
0B6
239
FD0
EF5
DDA
1F7
292
062
0A5
4D0
D6B
D07
FF4
FCB
FDA
EF8
106
190
D08
B4B
2B3
EA1
F67
332
356
105
E92
EFA
143
FEE
D84
496
19C
D36
DCC
FC6
D7E
E4E
F54
359
2CD
C6E
181
145
E15
EB7
3F3
1FE
189
F25
0B9
03D
B1E
F90
293
FB7
DEB
19E
E24
EA6
CFC
0BD
469
038
087
39E
017
C57
0A4
057
151
F8D
FF8
158
D06
AF5
057
0F8
D85
27E
151
137
E05
E2E
1C6
1F9
EFD
3BF
3EC
D5E
E63
F3A
F95
DC5
F25
162
228
BB4
EAB
14D
D7C
F9A
2AB
3C8
0B2
F96
F3F
202
CC1
F57
418
0A6
E5B
EAE
E94
DA8
DB0
EAA
49F
049
EB0
254
05B
CEE
00B
293
28D
1CA
ECF
2C9
E1F
B37
F4F
23A
E67
FF7
11E
FD6
E94
C23
216
1FC
FB0
157
4F7
EB0
E57
F6F
060
10A
EA9
1BE
21E
C57
ABF
182
DDA
F70
16A
2DE
12F
DE0
F20
204
069
EEC
571
1ED
F22
DCA
F1E
EDA
DBE
E94
35B
0E6
C05
0FC
F68
E67
F01
2E0
37F
1EB
E66
150
121
B6B
0BF
305
0C0
E68
000
DFE
E12
B42
036
3C6
EFF
0A2
222
FDD
DB5
077
0A7
344
F1E
0FA
2A6
CFE
B9F
023
0E9
DF8
0B6
FD8
1A3
CAE
CD3
274
138
F11
351
37E
E63
F13
EAA
213
F56
EC1
23B
1DE
AAD
DF0
FD8
DA0
F8D
077
35D
0E5
DE1
F4B
2C6
D6A
094
4A2
144
F6A
DF4
F5C
E74
C98
ED2
44C
E73
E03
0CF
ECE
E1B
F6A
277
3AD
155
E9D
436
E4A
C4F
0F4
262
FD0
F69
F8F
F67
D63
AB4
247
17F
F3B
1AB
2F8
EB7
ED0
F2B
2A5
28A
EB5
348
1E2
C85
C8A
0C6
EC0
FAB
FC5
163
14C
B7F
E8E
1C0
FBC
F55
4C8
18A
06B
DCB
FC0
1A6
E53
FBB
3CA
075
B2B
F8C
DF0
EBD
EA2
139
396
06A
DA1
23D
16A
CFC
2CC
2C6
214
F74
ED4
023
ED8
B89
0F4
374
D81
FEE
FC1
F64
DFD
F54
242
4C6
ED8
14B
2F3
D31
E1F
0CC
1F4
02A
FB7
ED2
103
AFD
D08
294
FF6
FA5
1CA
240
F19
E5E
E8C
4A1
FCF
FCE
389
0CF
BD0
E12
F8A
EEA
00F
EA5
390
EEB
BB9
FA2
1EC
E3B
1DD
3A3
184
0BC
C91
0C8
04E
DD3
082
44A
E37
D7D
ED5
DFA
EBC
DE2
2DB
370
F70
E55
2C3
DD6
F07
209
2B3
2BF
EF8
FD4
078
D5C
B25
2A2
070
F21
F54
FDD
EA1
DA8
F30
375
2EB
E82
400
151
DCB
E4D
143
170
124
E8F
0DD
032
992
EC1
0C3
FA3
F94
276
0B3
FCA
CDB
043
425
EF0
1BC
421
08C
C69
F46
E96
05D
DDD
094
3BF
D85
C62
098
064
E37
2A5
253
38E
ED6
E02
21D
016
DD8
2E2
34D
D9C
EE0
D17
F5B
D87
E26
2F5
37C
DF6
00E
1F4
DBB
00A
15B
453
1CE
EA2
009
14D
AFF
DAE
2A4
FD3
FE4
E60
030
DFD
CF1
F1B
4A7
096
016
365
0A3
EB6
E9D
17F
22B
0AE
DE3
2ED
D09
AB4
FD0
021
F5D
04F
10A
16F
EDD
BE5
2FC
1D9
F99
251
400
F39
DC0
E35
F96
0BA
CEB
2B2
176
C1D
CCB
08B
EA5
FBC
154
283
327
CED
FF6
1CD
F2C
E6B
46C
133
EE3
E16
DCA
F8A
C4D
F2A
396
13A
CDD
175
F9B
EC2
FBB
1BD
49C
0F7
E7E
157
019
A9E
0E5
169
087
F1D
EE2
FDA
DC0
C3A
0DB
4CD
EA8
241
23B
049
DA6
F1C
1BC
344
F21
05B
2F5
BB0
C74
F8D
063
EDD
068
04A
200
D07
CFC
343
059
071
35B
349
EF1
E59
DCB
228
F1B
E10
359
0D0
C22
D7C
00B
E4D
0DB
02C
496
17E
D56
0C7
18D
E87
081
422
078
F77
C50
01E
ECF
C17
FCF
41E
ECE
D5D
0B9
EDA
006
EE0
368
44A
008
EEC
2C0
E53
C5F
156
178
145
E29
F1A
F9F
D5E
B2F
34D
1CC
F19
1B3
16A
040
E19
035
2DF
30B
E0E
2CC
106
C1E
D6B
FBD
0E7
F92
F36
0A6
183
AD5
F89
2E7
072
0A7
3C7
1EC
F48
D16
F37
33C
D69
011
27C
F3A
B6A
ECD
EBE
007
F55
049
4C0
EC1
DA6
141
18F
E47
29C
29D
214
F2B
D4D
0EB
DEE
C69
107
31F
D2D
EC4
ED8
FD6
F2C
EF0
42B
3B5
EB9
F7F
2C9
D16
ED6
0D0
2A5
0EC
E06
F80
FF2
BCE
C5D
407
FF7
05F
0EA
0E1
F43
E8C
028
501
175
EA3
36B
F24
D0A
DA4
10E
094
02B
E03
216
E76
AA4
04F
1B3
0BF
105
358
105
F6A
C62
1F2
21A
E08
1F7
2AE
E61
BAA
EA4
EC2
060
DAB
1FF
330
DB9
DE5
1EC
0C2
F54
318
222
37D
CB8
E8B
117
E9B
CE8
29C
195
DD1
EA4
DD2
020
DC9
FAB
3FA
2D1
D49
195
1BC
E1A
03F
0FE
3F1
04E
D9A
F7A
09A
A3E
F65
2F4
FF5
FBE
F2C
078
E77
D9D
0B5
5D1
F2B
0D6
272
F86
D24
E3F
18C
197
F4D
DD9
277
C6A
C06
041
1D9
FDE
136
17D
14B
F3B
CB4
426
19F
FBA
202
292
D4A
DCC
DDF
026
04F
DCA
27F
115
C43
D0A
23F
F8A
176
20F
336
220
C40
F2A
1C3
F1D
E3B
3F7
01E
ED6
D1A
E99
FE5
DB5
FDF
49B
117
C8A
1E4
FE1
03C
FCA
291
3DD
04D
D31
0A6
052
AA4
1A1
183
036
E0E
F08
FA3
EB0
CF3
2CE
52D
F4F
0BD
1B7
F99
D9F
FF4
1CD
320
DBC
F3A
1C6
B71
C5E
0A9
18F
FDB
09B
017
1FC
D14
E86
4A2
1BE
037
24D
1B8
D83
E45
DA1
287
EF3
EEF
1E6
FFF
AA0
DFB
13D
F8F
1BF
0D8
3E7
072
D2C
095
343
E96
158
395
FA9
E50
BDA
F95
F93
DEC
FEC
480
DF4
D2C
0A0
FEF
0BD
016
35A
360
F9B
C85
23C
EA0
D0A
17C
20B
002
D7C
DEA
013
EB2
C6B
40B
300
F48
057
121
F59
F5C
0A1
3AD
3A9
D5A
113
FCA
BE8
CE7
167
0B1
05D
EF4
F57
154
BA7
FEE
448
265
F8D
313
05A
EF8
DE5
FCA
411
F1D
EA8
181
F2A
A1D
FEE
FE0
129
00A
04C
2E4
F24
CA9
12C
3D0
F78
2F8
241
088
DAF
D09
FBD
0EB
E26
034
32E
C9C
D39
ECE
0C3
019
0CE
2B9
3E0
DF9
D79
293
F1D
F2F
195
2FC
EC0
D88
CE6
131
DAD
D4D
391
177
E2E
EB5
0E0
F37
063
FD6
55E
1F9
D23
0CE
0AB
CE2
E6C
235
08F
022
C2C
FE8
FA5
BC2
FD1
4CC
0C3
FBB
1DC
FA3
04E
DB1
208
3DE
FEF
E91
28A
DF8
B97
F53
023
214
E9F
FBE
100
F17
BA3
30D
351
027
22F
1A2
0A8
D42
DF2
134
2D7
D25
1B6
16B
C67
CBB
ED2
08F
07B
045
179
376
BFB
EE5
293
0B4
002
31C
1C2
FA5
D38
D58
1F4
D22
F2E
2CD
0C2
C93
E3D
EFB
06C
FDF
028
60B
0B7
E36
08A
151
DAF
06D
19C
242
F98
C36
029
EFF
CBE
F54
4B7
F11
FB1
FD8
09F
FE3
E51
2D4
4F4
FFE
E1E
2CC
D39
DBD
F5D
196
1AD
DE7
E6C
0CF
D59
B93
32B
29B
124
042
187
03E
EA5
E1E
314
329
D44
19E
020
D7F
C0B
002
023
134
E76
166
1D6
BB5
F1D
26E
1AA
093
310
127
175
C45
F07
27E
EEC
E8D
2A4
032
BAB
E8F
E0B
20B
F05
08C
484
044
C39
0D0
24E
F1E
230
192
25E
E03
C75
F62
0C5
C40
0D5
35E
E73
E8C
DFB
061
FAE
FA5
224
59C
F1A
EBA
28C
EE8
EA7
00A
273
160
E38
C5C
162
C9E
CE9
225
1F8
F90
F5B
032
FCA
F5D
E10
596
2B2
F1B
08B
103
CDF
D6C
FCA
14C
12A
D00
13A
017
C10
D96
39E
111
140
1D5
10A
157
C82
07D
38E
07F
E65
2EE
EAC
D16
CBE
EDE
1F9
E9C
FDA
2B6
055
B54
19B
102
126
1A8
1B7
279
F0E
C68
092
216
C9C
17A
1B9
E90
CA6
DB5
F7A
0A5
E6F
1D4
57E
DC9
EC0
15B
10D
F4B
1DF
218
2B5
D01
CA3
140
E36
D15
184
251
E1B
EFF
E2D
145
E9E
EE0
4DD
319
F04
068
1C7
DA5
F94
FDE
326
071
D1C
F3A
022
BB5
DA1
30A
0C4
073
F09
19E
FCF
DC8
FC4
5ED
130
F3D
28D
F06
E5B
D3C
0D6
1B1
FF7
D78
253
E46
ACD
034
1D1
1A2
0CC
257
1F4
0A5
BBA
26D
27B
F22
0B3
1D8
EB0
CC2
DE4
F34
265
D66
144
2D7
DDF
CAB
19F
118
049
283
224
419
D29
DB9
1C1
FD0
D1E
288
10F
E6B
D7A
CCF
0E6
E71
ECC
35A
400
CC1
03D
0C8
F8F
007
0B2
410
13D
CEA
DFC
10E
B65
F38
1EE
169
F66
D4C
EF3
FD3
E5C
F0E
64C
0F9
F94
0FC
0FF
E26
F0B
036
39F
0E8
C42
199
E86
BF0
EB8
2EF
FF4
0CD
FA1
13F
FB7
C08
222
42F
09A
02C
2DC
EA6
E1E
CF1
0D5
1E2
E25
F7C
225
DC9
B91
140
0B2
1D1
0AE
276
27F
E6D
D56
2C1
192
EED
29E
171
F63
C4A
DCE
00F
FFC
D40
26A
2B8
C73
EAB
021
109
FFB
236
2AF
33C
C9C
EA0
23B
E67
E81
220
1FC
E6D
DA5
D1D
175
D77
F46
4C1
1B9
E5A
039
143
F05
083
028
542
0AD
CE4
F83
0AC
BB8
F2A
1A0
048
013
CF0
0D6
FB1
C84
098
5B2
026
09D
174
FDC
F67
E2D
1DD
2FE
015
D64
265
D01
B75
F60
1A6
178
FA6
FFA
125
F91
B96
361
2F5
0A2
161
286
F98
D7C
CE3
0C8
27B
CDD
120
12E
C7D
BD8
013
02F
143
04D
1E2
384
CD8
E6F
228
117
F00
341
0BF
FC6
C69
D11
1AB
E38
E4B
27F
282
C7D
F6B
F48
121
087
0E6
48C
268
D05
F4E
1DD
C8D
06F
115
234
EA1
D09
E1F
04D
C67
EF2
4D2
07B
F4B
FA0
075
F41
030
100
589
068
D82
146
ECC
C4C
ED1
208
07F
FEA
CA4
16C
EB0
C27
1C7
477
092
0BF
252
FEC
FC7
D16
272
2FA
F38
EB0
1D4
D07
BA1
F67
014
256
E5C
0A0
25E
E50
BFB
364
235
03D
26E
165
107
CEE
D7B
0FA
1B7
D00
299
0F9
D00
CB7
EF9
03C
06D
022
2A0
3F0
C59
FAC
22F
066
FCC
272
1CF
FE6
CCA
CE5
19A
CEB
E69
264
1E4
D0D
F1B
F3A
02A
FDB
033
5A5
1E5
E4D
035
1E5
C97
048
109
24E
F90
C70
F81
F99
C27
EF6
494
FDC
059
F6E
0C0
FCB
E7C
135
551
080
E0E
288
E15
D0A
E02
135
0E0
007
D74
1B0
E71
B3C
1C7
2BB
161
0BA
1F7
048
FB5
CCF
299
33C
E79
0C2
1D2
DED
B41
E98
F7B
1DB
E10
196
274
DE1
CE6
22D
1A3
FC5
2F9
20A
2B2
CA1
D6C
117
02A
CF1
2A3
192
D0A
DBD
D60
115
F37
FB4
32E
3EC
CE4
005
1CA
F7E
063
1E3
33B
097
D22
D02
1E3
C02
E1A
27C
1A0
E8E
E9A
ED4
002
F49
F56
63D
1B6
EFD
080
10C
D0A
FC9
074
28A
0BB
BF8
098
EA3
BA5
E54
3D2
FFB
103
FA3
125
03E
D47
170
4BF
0B8
F18
2F9
E96
DBA
D2A
0B5
1E3
EC6
E61
1E6
E60
A53
0CC
125
16B
0B0
22F
235
FEC
C50
209
2A2
E4C
1DE
1A7
F55
BEE
DC8
F02
105
DA1
152
32F
D51
D6E
0B6
16E
FF2
293
242
3C8
D66
D80
16A
F70
D82
18F
2A5
E4A
DFA
CC5
077
EC8
DCB
310
3FB
D59
FA0
1A7
F3C
080
03C
45E
1EF
D71
E32
166
B90
D68
1CF
18E
FF6
DA2
F66
005
E24
DCE
5EF
26D
FCA
174
0E2
E6F
E6F
02E
2E7
18F
C61
18A
EEC
B12
DDD
1EB
08D
09B
FC9
1CD
127
B66
151
3A4
119
FEC
35A
FB0
E72
C4F
F59
280
E2C
F4C
2D6
F35
A72
FE7
01E
1DC
078
19B
33E
06D
C86
107
2A6
E5B
224
1EC
147
CFE
C8A
F00
0C7
CB8
085
45C
DCE
E1A
F99
0F4
FD3
0F2
1D2
51E
E83
DCE
1EA
EBC
DBE
0B5
23D
FDD
E5A
C4D
103
D46
CC6
2F2
367
FAE
017
0DB
FC9
FA2
EAB
487
331
F0B
F09
1C4
C41
CCB
009
111
173
DB4
044
073
D3F
CF5
47F
21C
063
209
10F
01B
D2F
F17
288
228
D2A
25C
FFB
C0E
CA5
F94
0C5
0D2
F4F
254
252
B61
FF1
2B0
138
088
309
1D7
FEB
C2B
E5D
28F
D80
F1B
222
14B
BBC
E7F
E4B
124
F56
034
4C1
0CE
DA2
05A
20E
E37
1CE
1A8
32C
F27
C5B
FC0
004
BE3
F87
439
F62
F42
E47
04A
F77
EED
15F
5DF
FD5
ECA
22E
E6B
E2E
F0D
1A8
16C
F40
BE9
187
D87
BB6
17D
261
075
014
168
093
FD3
C2F
3C5
379
F49
096
217
DF3
C7A
E98
FDD
233
D31
0D2
17F
D96
B9B
264
135
136
192
1EB
332
D8D
DBA
239
189
D83
31B
100
E67
C80
D2C
0D2
F80
E77
277
384
BF7
F39
05B
0BC
031
1C7
345
29C
D1F
D4A
1F0
CE9
F18
1F4
1CF
DFF
E2E
DAB
10E
DDC
E9F
55B
1FE
F6F
03D
15A
E37
02F
F93
4C6
153
CEE
FCF
013
B60
DD0
25D
02F
0BA
E0C
105
037
CFB
F5D
507
141
052
2D5
F94
F35
C96
037
29C
FF8
D2E
22E
ED0
B11
EF3
088
1EB
05D
0FB
210
12F
B82
19C
26D
039
125
242
0AB
DA7
C5B
ECD
1A6
C99
081
2BD
EE7
C3A
FA1
FDF
0F3
04D
22B
59C
EF9
DD9
0E3
0D9
D93
1F1
1A7
11B
DC4
BF1
045
EC8
CEB
15D
3CE
E38
FBE
F30
0DC
FD3
EDC
3D3
4C5
E5D
EBE
259
D2B
E0B
F67
24D
16C
E37
DE0
0D5
D05
C99
369
270
0FA
108
1A7
013
EBF
D5E
468
1E8
E2B
165
0A1
C74
C67
F14
035
181
D82
21A
0F2
C26
DD0
29C
1C6
139
26F
169
1DF
C29
EB9
224
FE1
DE3
2E0
F88
D22
CBA
E8B
19F
F22
FD3
400
2C1
C76
0A2
0DE
056
0CB
19F
3A8
08C
C43
E3E
195
BDB
FEB
213
112
E8D
E13
EE5
087
E4E
085
64C
0A3
F91
095
0AA
DED
F7D
021
41E
FE6
C1D
109
E2B
B3D
ED3
283
075
122
ED1
266
F63
CD3
22C
512
06C
00C
2E7
EB8
E70
C1F
0A3
1E8
E64
E50
27D
DBD
B9B
018
0BA
1E2
01B
235
30B
F70
BCF
2BA
1DF
F4D
1B7
1B2
F96
C9A
D0B
F70
17D
CC4
285
2F1
F12
DC3
025
077
0C4
052
2A1
57B
D1D
ECC
0AC
F0B
D63
1C3
103
057
D23
CA5
0EE
D46
D96
301
3FC
F2F
0AA
FB5
0AB
EFF
EED
41B
32D
E33
F68
169
BE3
E01
F09
23C
101
E56
F86
160
C5B
DBB
3DE
15B
23D
114
20E
FD6
DB5
D5C
3E7
096
DD7
208
FB5
D04
C12
F51
115
177
E0B
3D9
127
CEB
F62
2AA
12F
0D5
1F4
212
19B
A61
F61
0A9
E17
EB4
2C1
F85
E2F
CFC
EBA
1E1
E2E
102
51E
1B7
D1E
1E8
FCD
F94
004
13A
379
F46
C5D
F2A
FD7
A9E
08A
202
1E0
F8B
F19
093
04B
D57
114
5D3
036
06A
FF0
FBB
D39
DF3
FF9
374
E76
E16
1C5
D88
C90
F15
289
1D4
1DC
F88
348
EB7
C63
20A
282
FC8
119
1DF
EB1
E35
B20
13D
0DC
DD3
07D
2E5
DC5
CD5
01B
072
29E
F5F
361
3C7
EA1
C77
19A
F26
EDB
0B0
0D6
128
CAF
CAE
0C1
FB3
C9A
3DF
293
014
ED3
F9A
0CD
FDA
F49
3AC
431
C99
F48
FE2
D68
D98
FCD
144
1D5
D72
EF4
209
C49
EAE
2EA
374
09E
17E
FE3
1D3
D12
DC7
420
120
E0A
04A
073
C0A
D92
D88
2C4
07E
E65
259
1CA
C84
F1B
282
171
252
070
287
FE3
BE8
D61
2A0
D81
EDD
243
FA3
ECC
C39
FC3
187
089
F5D
647
08C
DE6
F6D
FE7
0AC
FA8
0F1
32E
007
ABE
FF4
EF2
D44
F25
27B
19B
00B
D6A
01B
19E
C80
26E
481
1C6
F18
0E9
F01
F48
CB8
FDF
3E2
E0E
DFD
099
EA1
B80
036
0DB
40E
039
FEA
296
F8D
C68
17D
358
F96
115
F88
0D0
D27
B8F
FE1
257
DB5
0D3
26F
E1E
E46
E20
218
240
088
1BC
4FE
DBE
D7C
0B3
F9F
FC9
FAA
1B1
0D9
D54
AEA
1B4
E9B
E78
22D
333
086
ED0
EB4
173
0BB
D81
4B2
314
E55
E03
FD0
D99
E1E
E29
1D8
1F0
C7E
EDA
0DF
E21
D89
37D
2E6
308
F2D
057
1B4
CEF
E07
334
156
E2A
0CC
EAB
EBF
BBC
E0E
217
1C1
E9D
276
204
D23
FA4
0E1
3A9
0F4
093
214
1CC
AB2
E67
1B4
ED6
FBB
FF5
14D
E55
C8B
DD1
37A
EBF
0F8
46B
1DC
E65
F04
FDC
0EA
FEA
E98
4CE
EC2
C80
E60
FC3
D30
FD3
0D3
31F
0D1
BDD
185
09D
E92
06E
545
120
08D
E71
FCC
F71
C56
01F
34B
F2B
D7D
175
D6D
E3D
E14
1AC
388
094
F24
2D6
FDC
C8D
15C
12E
1E8
FC7
01F
0CD
DEA
A3E
06E
15F
E2D
0DB
0D3
098
DA9
E18
195
3AE
EBE
2E7
3B3
E9B
D07
EFF
FD6
FE6
F55
02B
329
BA6
C6B
059
FAC
E4A
209
2B3
17A
EA3
D9A
352
F4E
EED
28E
364
E5D
F22
DAC
F57
DF2
D02
2F8
1F2
E37
E7B
188
D37
FD8
05F
421
36F
EF0
02D
203
CD7
CD0
331
0D8
0A5
EA6
F66
EC6
C80
D0B
3A5
131
F1F
2D5
0CF
F74
DDF
052
29B
27C
E69
3B1
10D
BA6
DD2
F87
0A1
F68
FB9
0FD
163
A3E
F7F
1C7
FD5
0AF
3CA
27A
003
E2E
F13
315
D68
053
34F
0E7
C37
ECB
E5C
F44
E5C
FA2
4D9
F77
D76
0C6
137
D67
15A
233
3EE
061
DAF
074
F68
B25
F30
375
E86
FB9
EB6
064
E52
D03
0A2
51A
011
01C
35B
F07
ECC
E9A
189
250
002
E13
2CD
CD2
B05
012
09E
0C1
018
148
202
F37
B87
2EB
268
FC7
226
3A9
FBA
E07
D74
FC3
0F1
C7A
24B
210
D72
C9B
FF5
F5C
04D
013
2D4
492
DC6
EA9
1AF
F64
E00
2C5
10F
16B
DB2
DF9
071
D2C
CB0
298
2A2
E12
071
F57
0B6
E24
F3F
3CE
3CB
EC4
1AC
1ED
C6E
E61
F36
21A
04F
E21
F63
14A
ABB
D6F
22E
0BA
100
123
247
0C1
DF6
E07
436
00A
FD0
2A7
126
D0C
CFD
E1B
04C
F71
DDF
40B
03C
CCB
EA2
199
038
18E
14A
3C2
1D1
B8D
0DC
093
DC7
EF4
2EB
03C
F14
C2E
F15
026
C40
079
46A
14D
E7E
17F
F9E
0B3
E3D
1E1
480
039
D88
144
ECA
B5D
F62
FC8
25C
ED3
E87
144
FCF
B59
1AB
393
072
1CF
129
1AA
E71
CEF
01F
360
D8F
0D2
159
D8E
CBC
DBD
028
0C7
FDA
0AB
4A7
D93
E3F
17D
101
083
186
1E4
255
DD2
B61
1D6
E35
DEB
135
2A2
F25
E90
D61
145
FDD
E2B
493
3E2
FB4
F77
1A7
E84
F74
E7B
30E
220
CA9
E86
0AF
CE9
CEC
1BD
111
241
E96
11E
19F
D96
DEB
4EB
238
FBD
14C
FD4
F97
BB8
E6D
1D0
09A
CE7
304
015
C75
DF6
003
2ED
0DF
0CC
30B
2E5
B6E
020
1B0
00C
F8C
16D
160
F3C
B68
DA7
1AF
CE2
02A
347
18A
EC4
F08
F5B
225
F86
0D7
5B6
02F
D38
FD7
FFF
DB2
EE4
FB7
39F
EAA
C37
05E
F77
C94
0D1
411
182
1D5
EA1
263
FB6
CFB
148
409
F83
F8F
0A0
E68
DA7
B51
19B
274
EF4
F5A
382
E3A
DBC
0A2
192
305
014
211
2C2
E1C
AE0
1C5
F69
EF8
00A
0DF
078
CFC
C60
12D
195
DD6
43F
2FB
0BF
E06
F59
081
0C4
E64
265
36D
B99
DE1
F05
E7A
D70
02F
170
320
CEF
F0F
248
E25
F7A
3A2
3ED
0B5
042
E3B
141
C21
DE7
31A
0D0
DD6
F80
FA7
D18
E61
E54
48E
15D
F4E
250
225
D1D
F9A
1A6
1A2
15A
E78
23A
F00
B0A
D2A
258
E98
070
17E
0F8
FEB
C87
051
306
011
FF4
572
065
DD1
DA0
FCE
FD7
EEC
F8F
378
F41
B37
044
ED0
F29
003
329
370
0A4
D59
1DF
104
D2C
227
320
162
E5A
E44
EB6
F0F
B1C
165
33C
E63
F4E
0F1
F53
E5E
009
21E
55E
F0B
0AA
23F
E5F
CA4
07C
154
010
F83
EB7
1C2
BD8
C0E
115
27B
EDA
22C
1F8
0CF
EF8
DB8
30A
131
E95
1E8
34A
C6E
D73
DC7
02B
FAF
E84
2B1
246
CD8
E03
234
E4B
134
1E5
3DF
1CF
D8D
E9B
1BD
DE9
DCC
3AF
034
EF4
CD8
EB4
F2F
DD3
E6C
581
21E
E0E
223
05D
ED5
E8A
1A1
341
237
CBB
1B2
F32
B3C
E1E
133
0BC
FD4
008
072
087
B1E
124
3DB
0F4
06F
372
05A
EB2
D4A
F85
333
D7D
F92
259
ED9
B20
F41
F65
15C
F96
170
46C
F40
D3A
178
215
E5A
203
1A9
299
DFD
BE8
021
F72
C78
06A
396
E71
F08
E0A
0A5
EFB
F0A
340
548
ECE
F90
24A
E3D
E3B
E73
293
175
DFA
DB4
1C7
BAE
CDB
21F
1DD
1BE
FD0
135
12B
EBF
C9E
44E
16B
F91
164
12D
E34
C50
DAB
162
106
CC2
2AD
0F9
D31
D53
18F
10D
1F2
0BA
3E4
2A8
BBF
F0B
15D
F75
EA6
23F
046
FD9
B1C
E15
14C
D5E
FEC
440
276
E13
0EB
F3B
18B
ED1
0D9
472
070
D97
01D
F45
C1B
F50
006
2AF
EF9
DA1
098
05F
BB7
15A
46B
187
162
017
17B
EA6
CBE
002
3D1
D9B
F64
0A5
E3A
CCA
CC2
0C5
216
028
017
50E
DB8
DC7
09A
24D
0F5
115
170
1F6
DBA
AB6
18A
EBD
DE7
0C8
224
E9C
E15
D0C
1AE
106
E50
420
423
EF4
E58
0B6
E97
FCA
E1E
2D7
285
C30
E64
FD3
D67
D4A
225
1B5
2C0
DC7
098
201
E47
EA1
4BE
21C
F59
084
EFC
FA1
B5F
E8D
2BB
10B
D3D
223
FE0
D29
EA7
04A
3EE
118
022
27B
24A
B3F
FD7
110
03C
034
F8B
0EF
EB0
B2C
DDF
294
D9A
12C
299
188
EB7
E8B
0B5
258
F2C
0E7
55B
E57
D06
E93
F69
E10
F06
07F
3AA
E5E
C44
1CF
F9B
E32
126
421
1E4
0C8
DA6
1AC
F27
C82
222
2F1
F11
DD1
F93
DB7
E57
C62
34F
2B1
E84
06B
257
E41
E0B
1D7
231
34D
E98
0D9
0F9
C44
BA8
1BC
FC5
F06
0A7
06C
055
C16
E2D
2EA
225
E9C
499
1B1
F52
DF1
F06
135
FD0
EC1
245
185
A91
F0C
F52
F37
F7E
143
2C0
194
C9E
075
379
DC9
105
344
243
F27
E43
E1F
008
BC5
F1D
46D
FAC
E30
F50
FD9
E4A
F94
056
5D4
063
F5F
294
026
CEE
FAD
217
0E4
049
D20
186
D2D
BD8
007
2E3
F89
0B7
1FC
01E
F72
D04
2F5
2D0
FDF
0DD
39D
D61
CE3
E4C
FC3
0C2
DC8
12D
23D
CD9
C32
233
FC0
0C5
220
32F
2BA
DBC
DEC
1C2
012
D71
38E
0E8
EF6
C7D
DD8
F9D
E8F
E4E
3B4
2DD
D68
0FC
060
F7C
EF7
171
3B9
2B1
CD4
FA7
0B9
B56
ED4
198
11E
F09
F92
F40
165
B99
003
4E0
158
089
20A
0A7
E05
E7F
F02
404
E5D
EDB
1B2
E89
B39
ED3
02A
0C8
096
010
450
F30
CF7
0FA
329
F1E
16E
223
0B9
E6F
BAB
06B
FF4
D09
065
3B3
DF6
E85
EA8
0D5
0C4
F21
341
444
F23
DE1
223
E1D
E8E
FC9
215
15E
D7E
D23
036
DE3
BDE
3AC
265
0DB
FBE
10B
0C3
F43
E44
4D6
2E5
D8F
12B
FD1
DE1
C67
FB4
0BE
1CE
D4E
20D
0B8
BC5
E8C
29A
216
16A
1A1
196
1AB
B5E
F20
1F8
F4A
EBE
213
FC7
D4E
CC0
D8A
2F1
DAA
09B
3C2
135
D01
0AA
0C7
0AD
11D
0D7
46B
EC5
C22
F2D
044
C34
0C8
0C2
158
EAA
D24
11F
064
DFD
1AD
60C
FCF
0C8
FC3
00D
EAC
E06
1BD
37A
DA3
DAD
1AA
C81
CDE
F84
2AF
1FC
008
FDF
317
DF9
CBE
40B
1B5
0A7
FE6
0FE
ED0
D6D
B8E
239
01C
D95
221
13D
DF2
D56
071
1B4
282
F06
462
21B
C7C
E45
142
F89
F4A
145
0EF
0F9
A45
EF6
146
E3B
F0A
461
183
FC3
F0B
F28
258
E35
09D
464
12F
BE9
010
E52
DBF
EB9
02A
37D
EEE
D4C
0CD
0F7
C6F
213
337
2FF
0DA
FA8
170
F05
C51
089
3B6
D98
00C
F36
EB6
CD6
D67
118
397
F1C
0BD
43E
D73
E95
0CB
2C5
12F
15A
FFE
25B
C33
B91
1AB
F94
EB7
0C1
1E3
F7A
E03
D0A
32F
0D1
F58
43E
30B
EA7
E2B
041
F2A
043
DDD
380
0DF
BDC
DA2
054
D92
F7D
311
243
27E
DB1
064
1A1
E5C
EF5
527
0FE
ED0
EE2
E16
F14
C24
F99
335
075
D00
28B
F20
DCB
FC3
210
418
075
F89
201
FD7
A99
141
165
056
F77
FDF
012
D7F
BCC
10A
403
E39
283
281
0C1
D6B
F8B
0FE
2D9
EE9
0E2
324
C0F
CB8
F4F
FDE
E6E
0D8
0FD
2D3
CFA
CED
316
01D
FDD
38B
403
F64
F08
DA2
196
E01
D8A
2A3
120
C65
D9E
00C
DA0
FAE
F24
4F7
273
EA2
025
227
D76
F6C
372
1A8
0B3
D91
FE4
EBA
C10
D73
42E
F7D
F42
145
F7B
F0B
DEB
21E
437
1E8
F2C
3E4
EF3
C5C
F02
11D
103
F26
F3F
12F
F07
9E9
146
165
018
16B
384
126
F19
E01
0F5
2E6
D44
226
237
E73
B9B
ECD
E6F
FBB
EEF
14A
3B5
CDA
E48
13B
07E
F38
332
2C3
296
DE8
E15
0F7
DBF
D4F
20E
24B
D6E
EF8
E24
FDB
D8C
F72
47C
363
E43
104
23C
CFE
FAE
085
357
075
DC8
F79
08D
A51
DAE
2B0
FF1
083
01A
165
F66
DF6
FB5
547
00B
04A
35A
FB8
D28
D41
013
0F6
FC0
E3A
32C
D66
B82
FA7
179
050
121
29B
256
004
BFA
26D
108
EBE
10B
35A
E73
D3F
D4C
F12
0B6
CD1
31E
305
E3F
DAA
215
F52
052
16F
378
361
DD6
E5E
0B8
E09
BE7
2A2
096
F80
DB7
E56
035
D77
E71
3DA
401
DDA
2A7
0AA
F26
DE1
0A8
31E
118
D59
FF4
0CC
A4B
E55
126
124
FAB
0AB
12E
10C
CAE
01E
4A1
013
0DC
22F
0E8
D01
D8E
E57
2BC
DF8
F8B
2F0
E28
C06
F55
12F
FED
189
143
45E
F21
D1C
19E
143
E05
15D
2A3
F3B
E7B
BD1
0E6
EC8
D3D
1D4
490
E95
F14
0B2
F28
0BE
FCF
3FA
366
E4D
D66
1E1
C50
D3A
118
142
0D1
D7B
F40
009
E1C
D87
599
240
FC6
1A2
0D8
F97
DF3
F1D
300
210
C3E
1D3
F19
BA7
D25
106
16A
0FE
FC1
207
1A1
BA4
139
336
11A
06B
2D5
FD4
EB5
BE3
EC3
261
CF9
02D
289
F81
BA3
FBB
FEB
1B2
013
1EB
510
ED9
CD0
0D1
13B
D96
1DA
0D2
0B8
D5D
C19
FC5
F32
D10
26A
441
E7E
01B
F75
0AC
F90
015
34C
3D9
D81
EBA
14D
C95
DF0
04D
1DE
032
E63
E73
188
C83
E54
47F
24F
086
0E8
11E
EB9
E42
E08
477
017
D7F
124
F56
B68
D5A
109
0B5
1CA
F08
3AB
076
CAF
002
3A0
051
0B5
268
FEA
EEE
B03
023
120
E95
EE7
39B
E80
D07
F16
FEB
22D
01C
2E9
41F
FF8
BEF
208
F76
E91
08B
18D
0A0
CB2
CBD
FE7
FFB
C03
38C
363
FDA
EB6
044
0CB
026
F8C
324
3FF
C91
F30
F89
D2D
D1D
098
17D
0FD
E45
F1C
1D2
CA3
F23
399
355
FA5
186
035
FAB
DA3
E6B
3C2
037
E16
076
032
AF6
EEC
00E
2BD
0CD
FF3
32B
0D2
C31
01A
401
F9E
174
0A2
11E
DB9
BD1
F4E
180
DB2
FB1
3B9
DF6
DF7
E43
12E
134
104
1AA
535
E90
C8C
1C4
EDA
F10
002
1F3
001
DF3
BA9
13A
F4B
D4B
39C
31F
FF9
F18
0B3
00E
06C
E04
498
34F
CEB
E9E
055
CF3
D0F
0FD
141
1C0
D33
0A9
172
D53
F30
4DF
21A
03C
13E
F6B
01D
C07
F61
2DE
06E
CCF
1C6
ECB
C42
E85
0C6
301
071
0A7
1C8
116
BAD
193
2C2
FE2
08C
0E1
024
D49
BCC
EA6
241
CBF
0DB
2AC
EDD
D3D
FAA
115
1E9
0BE
190
486
D39
DB5
09C
018
D56
12F
0F0
074
CF0
C67
188
EB5
EFF
364
421
EF2
FF1
FE1
0BE
054
F3B
3F5
1D3
C37
E12
089
BA1
ED6
0A5
26F
0BF
DC9
019
19B
D97
F26
5C4
10C
069
016
05D
E1D
CF3
F04
32E
FF3
CF8
1CB
E6A
CB4
E8C
1F7
230
197
FD0
2EF
FE3
B94
17C
283
009
FEF
1B2
E94
DF3
B34
088
1F3
D34
148
34A
F10
CD8
0FB
08E
2D0
FD7
267
331
D3E
C41
0B4
FA0
D49
232
0BF
0AE
C22
DA0
0FC
075
EAF
4A0
3F0
EA2
028
F62
0B8
F00
FC8
29B
254
B4B
E9D
01D
C78
EF6
170
273
0AB
EC3
F90
270
CE8
0C9
4DB
176
F39
051
FF5
DCE
DBA
EE6
3BA
E84
DD4
0B9
EBF
B94
FC4
297
278
1E7
F4B
35A
EEF
CDF
0C1
343
EBC
FAB
0EB
DEC
D09
C0C
180
15B
EB5
01B
451
D26
DAC
12A
182
221
02F
263
1D5
DAF
B4E
203
E9D
E5B
108
145
F0A
D51
DF3
11F
096
EAB
5AF
22B
E21
ED6
0B6
F7A
FB4
030
296
109
ABB
F91
FD4
D70
EC9
3E7
12E
075
E79
FF0
187
D93
16E
58A
18A
D7C
098
E52
D90
DA5
040
38F
ED1
D56
0D9
002
B90
22B
2CA
260
09A
059
1DC
EEB
C3E
149
3DA
D88
0C7
FF6
DBA
C03
E0E
0D4
2D5
E91
111
3DB
C67
EDA
14C
27E
0AD
17D
10D
197
BC2
C57
210
E87
E8B
1F1
1EC
D39
E25
E51
275
06F
FD0
46E
244
D2D
EDE
19D
E00
030
F9C
270
F1E
B7D
EF5
0A9
D3D
F3B
49A
0D2
FCF
EC3
13F
0C4
EF0
121
56E
F9A
C9D
0B5
DEA
DC7
E0A
1B3
179
F56
D17
1A5
F4C
CF5
2B4
393
15A
005
12B
FE6
F43
BC5
27A
26A
D7D
F3C
10E
D30
C42
067
127
3AE
EEC
15C
21B
D3C
D76
35D
1DE
038
189
02B
041
B30
D8B
1C9
031
D4E
2CC
13E
D18
E8E
FD8
290
115
0B9
311
276
B19
FDB
105
E77
F6D
0CB
14C
DC1
C2D
E20
20F
D09
152
45D
0E6
ECF
01A
05C
0A3
024
121
511
E10
D55
FCA
EDF
CB1
07D
1E1
1A5
F88
CB4
227
ECC
DE9
2CA
501
FAB
029
00E
E98
EDD
CEC
281
235
DAE
E99
1A4
BAE
DAA
0A8
25D
27D
FE6
192
15A
E21
DD0
51F
082
FFE
129
088
DC8
C38
DC3
205
0AC
D85
377
01B
D38
EFE
29F
1BC
1F3
103
294
0E1
A4C
FE8
167
E8D
F39
2B6
F2C
DF0
C8F
F89
221
E9C
233
52B
0BB
D05
0FC
F8D
06C
FCA
1DA
308
D99
C04
FF4
F6D
BDC
1DC
199
125
E02
F44
104
00B
EAC
3B4
52F
D7A
FB3
FF3
E83
DC1
FC1
184
1FC
CB3
E87
191
BFA
E75
2C5
32B
037
15B
085
1CD
D62
EBF
4B4
0A7
E92
05F
FB7
BBB
DC8
E8B
322
001
EBA
289
04B
C55
FF1
3AF
06B
282
0BE
22B
E76
BB7
F0E
274
DB1
F81
2F1
DC6
D92
D7C
0EE
16A
0A8
0D1
52C
F15
CE1
224
03D
029
059
1F0
032
DE8
B41
0F7
F6B
D30
27D
2D4
F96
EA3
056
004
10F
F06
4C3
35D
D2E
E84
084
D96
D84
186
0D9
11F
C39
F63
0D6
DE3
EFC
4F7
28A
FB4
107
FDF
066
DBE
0AF
36C
0B1
C4E
0EA
EFC
B72
F01
0F8
28D
FF4
FA1
128
128
BC9
1CD
403
06A
0E8
10E
FFF
D7D
C53
F34
2D4
D54
03A
264
DFF
C8E
014
1EE
0F7
120
0F4
459
DA4
D90
143
19B
E9D
1A3
100
F44
CF0
C1E
17B
F77
F1C
274
405
D79
F72
10B
0C1
108
05B
3CA
1C3
CF7
D82
169
C41
E97
1A0
11A
F31
D75
F80
07D
EFE
F44
692
17E
EC0
086
07B
E14
F2B
0CD
359
062
BB9
165
E2A
C4B
F6B
376
0F8
096
F8D
0FB
08D
C86
2D3
402
045
F47
24A
D8E
D14
DF6
079
246
DAD
FC3
1C2
DF1
BCC
290
182
195
153
1F1
1A1
D3E
CF3
22C
1C1
D18
296
FE6
DE1
BF8
EBB
0F4
0C0
F68
32A
34E
C38
037
1D2
135
FE7
21A
159
0C3
B83
D71
16C
CBA
F28
2C0
0F0
D12
F39
F65
1C6
F5A
16B
5FF
084
D81
04A
111
CC9
0DC
0B6
2C1
ECF
BEF
02A
F06
BED
0C7
519
F86
119
FDF
125
EF7
E7E
244
468
E8F
EA0
1A4
C87
CCB
E9F
1E4
137
F7B
E60
1FE
D49
CBC
465
26B
09D
146
1E8
ECB
E41
CD4
2F5
0A6
CFB
15C
044
C34
CEE
0BA
086
1F1
F8B
31F
1C3
C86
F4D
35C
FEB
FFC
2D2
00F
F21
B27
EED
11B
E8B
EE0
3FE
F97
C3B
073
FDF
17F
018
29C
3D3
0C8
BB9
0D7
03E
D33
0C5
1D5
0A9
D63
D94
EF7
0A1
C6B
2DF
4AC
FDC
F92
0C3
067
ED2
09B
1BD
407
CB9
E95
0B0
CA3
C1A
175
1BA
025
F7C
EF2
1E5
D3C
F1A
401
34E
F3C
19F
10D
DCD
E1E
E4B
2C8
047
E1E
048
087
A76
E7A
251
16A
184
111
2B0
076
CB7
EE3
468
EE8
034
254
F40
D3E
CC2
F5C
124
F7E
EE0
502
F03
C87
0E5
1E5
02D
196
26B
258
FC0
BB0
1B1
FC6
DAB
045
360
E97
D68
DBA
000
0B4
DFD
34C
421
F1C
E0C
223
ECA
011
0BA
23D
222
C8E
DFA
020
D5B
C18
3D5
125
FF2
F6D
FD8
0DE
E55
FE7
45B
360
D9F
201
F53
D08
D3E
045
198
06B
D47
0D4
0B5
A34
009
2EF
1B0
031
2A7
0D5
00E
CFB
008
423
E7E
F30
1C4
EE7
AC5
EA6
F5C
1AB
FAA
04F
3C6
EC9
C81
1CA
35F
EEE
2D9
158
1D7
D99
C30
FDB
FEA
DBA
07F
36B
C82
E23
EC0
0E9
06B
08C
301
4BB
E20
DD9
269
E74
F89
14F
28D
F58
D83
D46
0CD
CF5
D0A
47D
1AE
F1A
F88
0BD
F7F
0AB
FF2
553
1CC
D6C
09B
FA0
C4A
DE3
206
013
0C6
D2E
097
F43
C62
055
4FF
130
075
2A7
F80
F8A
D62
138
2E3
F73
E16
230
D6F
ACA
FB2
04A
1C9
F69
1AF
1FD
F6A
C4A
2F4
2B9
F41
1F1
1E2
FB7
CDC
D26
000
13F
CDB
22F
23E
CCC
D3E
094
0D3
0CA
1BB
2C4
465
C6A
EBB
1CF
F0E
E2E
2BB
152
E69
D54
D95
15B
D7C
F76
3DF
2AD
D10
13B
0DF
EDC
083
0C8
4C9
077
D70
F5B
056
ADE
FC1
209
07E
F8F
DE8
053
F52
D71
138
6AD
F92
089
1A1
02C
E56
E76
0FB
25F
F70
D8E
213
C81
C09
047
1F8
054
0B4
112
1D4
F52
BE0
3BC
28C
FA0
121
26D
D4C
D3D
D66
050
10F
D7F
244
176
D32
CF2
28D
062
1C4
139
310
219
CA3
E41
1F1
F1C
DB0
3D9
FC7
E18
C7F
E94
044
E5C
F89
4B8
234
CA0
209
FF8
FD9
F89
22B
2CE
02B
C19
FAF
028
B57
03F
280
08B
E90
FA2
F5E
06E
D71
260
582
FD2
FFE
173
F1F
CBE
048
085
29B
DAA
E25
167
D34
BD1
18C
35A
FEE
213
0D3
198
DD4
E5C
31C
30F
E30
1B2
207
C7D
D47
D9A
170
05D
EAD
13B
21A
BF6
E61
2B4
05B
1EA
1AE
2DE
026
D1B
D9E
2BF
E3D
E99
2FA
006
D39
CFE
F50
048
02D
F14
579
0D4
DB1
047
0F5
E80
05F
276
206
FAD
B4A
060
F3C
C4C
FFC
3F7
FB4
EB6
FB7
F90
043
D75
36A
49A
FDC
E81
271
E1E
D46
FCE
13B
1A4
DDB
E77
08F
E06
B46
35E
256
0BA
123
0E0
14E
DFB
E74
2C0
36F
CEB
1BB
08E
C64
C0A
F3B
108
0A2
EE2
139
26B
B59
FA1
24C
125
08B
2B1
1C7
FCB
C38
E02
26A
DF1
F63
22B
080
BFB
E3C
ED4
151
00C
0E8
500
0A5
DA6
059
192
DEA
162
14C
244
E63
B78
F70
F60
C56
08F
3E0
F51
F96
F27
0C0
FA5
F69
2C8
50F
EA1
E5D
1D1
D10
D7A
F1E
1EC
08B
E74
DDC
172
CDF
CA2
3B0
234
111
0A9
19D
FAA
E5A
D84
48D
1C0
DF3
1A3
FF5
C40
BEE
009
053
1AC
DC2
326
191
C49
FBB
2F0
0BF
0D4
309
0D1
068
B1A
EDE
159
E78
E89
380
FA1
C95
E71
EBC
1E1
F1E
18A
4C1
156
CA5
1CF
059
E2D
091
142
1C7
DCF
C2A
EC6
03D
B91
208
395
019
F46
F73
068
FB4
F79
277
5A5
DC6
FB2
056
E9C
CBE
F9C
13D
09F
E81
DFF
23A
CCD
E0F
34D
398
066
217
0F9
07E
E0A
D66
3D8
091
E3A
07A
086
B61
DAD
EDA
1EA
0AF
E8E
31A
0FD
CB8
EEB
3BE
FE1
225
10D
231
F86
B5D
E28
1CB
E00
E87
3BC
F15
E26
D94
0AD
106
07E
0C5
567
079
C93
1A3
F99
EE7
F86
1FF
102
EA9
B34
02D
F91
C06
1D0
32B
129
E75
03A
FCF
075
DBB
3C4
4A5
E41
EED
0CD
DCC
CA2
FD7
11F
2F0
CC8
F66
138
D92
D46
3A2
2AF
0BC
1D6
FE4
16F
CD3
ED8
2EB
196
D9D
183
FB5
C36
D2C
E8B
2C7
045
F9C
2B6
1FB
BE2
FFB
2C3
102
102
0DA
258
EC4
BCC
DC1
227
D00
FE9
277
022
DD9
DE4
053
15B
014
094
5F2
F87
E54
036
03F
E5B
00B
152
245
E69
B6C
16E
E61
D17
17B
427
071
089
EF4
0FC
018
DF7
3B8
3A2
EBF
EA3
108
C8C
DDA
D88
1CF
20C
D8B
FD1
151
D85
D5A
3CC
208
287
031
11B
0E4
D00
D8F
325
0B9
D90
19F
F22
DDF
C1A
F3D
1A7
15A
E8D
3EB
1E9
C52
06B
167
1FC
08D
1CB
1BA
09D
A13
EA5
0E9
D80
008
200
083
E28
E4F
F32
32B
E34
248
540
057
D86
FF2
00E
E54
FAA
FF9
3CC
D11
CD0
FFD
EFE
C50
1A8
329
1BB
0C6
E79
249
EC6
E14
2DB
482
E47
FF0
F8B
DE2
D4D
D0C
2C0
215
E71
F85
26E
CC5
E1F
165
321
262
041
141
14B
CC9
C74
32D
F33
F72
FC1
00F
E49
C78
E61
2DC
109
E8D
529
11A
DE0
E43
145
10C
09F
F79
32D
058
A4D
EC3
FDD
EB3
EF0
27D
104
FF3
BB4
0E1
1E6
EA8
1B1
4EC
0E1
DFE
012
E80
082
D0A
0E7
385
DD3
C80
098
EBE
D0A
112
203
408
ED6
F9B
1CF
F87
C87
2C9
319
FE0
059
EF7
F9E
C71
D38
166
2CD
D63
166
179
DD9
E84
02A
378
20C
029
0E2
2FC
B90
DC6
119
015
F95
FCD
02C
F94
C3C
CC5
419
F35
038
37C
280
EE4
E94
F65
20B
01F
ED2
493
002
C34
D86
FCA
D6C
03F
01E
2EF
04B
C16
099
15A
E49
117
566
0B2
0D7
D8B
FDB
F84
C21
002
3A3
F11
D21
09D
DDB
EDC
DF5
2AB
3D2
FE4
F3A
328
EE8
D18
209
1D4
1F5
E5D
F2B
034
D1A
B39
1EA
1EC
E50
140
12B
FE8
D2D
ED4
2A6
39C
E97
34D
24E
CFE
D95
F80
078
F83
FA8
046
234
A52
DD7
187
FAC
FEF
35F
31F
0FA
E78
EA2
366
E3F
FF8
352
16E
CE9
E82
E3E
F0F
ED2
E6D
4AE
025
D3E
FF3
198
D82
147
284
393
0D4
DBD
0AF
F81
BD4
F1F
3CB
EC6
FA0
E91
FD6
E9D
CDE
18A
516
013
FD0
3D6
F14
E5D
F20
238
1FA
F4F
EB1
1D6
CBD
A8C
144
072
067
000
1DB
137
EF2
BED
32F
204
F69
36F
246
F5D
CE9
E81
014
0A5
D4C
289
188
C6A
D59
01C
F94
027
1BF
2DD
3DA
C80
03E
19D
F0D
EF6
2BE
151
F31
DDA
D8E
0A9
BCD
F0A
3C5
24D
D7A
11D
00F
F68
F7C
0D2
512
0F7
E88
0C1
073
A82
F71
03F
18F
F64
E74
09B
F60
B9C
FE8
474
F88
1FA
1A1
0F6
E87
D84
121
37F
E7B
F58
3A9
D27
CC7
DC1
03B
00F
FF0
0A6
3EA
E21
CD4
2BD
129
060
18B
316
0E1
E7B
BA2
15B
ED0
CB7
235
201
E3B
DDA
EF5
FB3
07F
E13
4B3
3DA
E8A
F0E
1E6
E70
F3A
145
187
260
C47
EE5
02A
C5C
D3E
33A
0FE
092
FFD
FF4
170
CC6
031
4D6
23D
E8D
291
F3B
DD5
CC0
EBE
26B
F25
E27
187
09E
B11
051
10E
227
136
184
305
053
BF5
062
323
DCD
130
15E
086
CEE
C42
E61
1CD
D99
07C
4A7
EA3
E9F
FF4
117
047
132
1BF
502
E03
CF8
0D6
E6C
D26
FF8
25D
001
EEC
C49
1EF
E44
DFC
343
46A
FF1
049
095
FB7
F53
CCB
39B
226
DBE
F26
0A7
C3A
CF6
FA3
171
262
E5A
1BA
1AC
DC2
DF5
421
102
155
0F3
156
FD1
BB7
DC7
24A
003
D55
339
F88
DEA
D51
F9D
24A
0AC
008
4D4
1D5
C40
0A2
021
081
EF8
12E
1D4
FEB
A1C
F20
026
C5B
0F3
2B9
217
F40
ED7
FFA
241
DA7
1D9
535
F82
EA9
F74
F79
D70
E5F
FB8
41F
D86
E15
11E
EAC
D4A
119
32F
256
18D
F2A
31D
DC0
D1D
1D5
318
E7A
01A
FC9
E8E
D13
B5A
22F
17C
EF7
0C7
38D
D86
ED7
011
250
202
F45
25D
237
C61
C23
161
E13
F54
FC6
178
0B4
C7B
DFE
263
00E
ED6
4F9
261
069
E72
FFA
0D7
F75
E4D
3B7
12D
B93
EF1
E59
E93
D89
0EC
2E9
1D1
D06
15F
179
D04
088
311
2E4
025
FA9
F49
042
A29
066
31F
F65
EAA
0D8
F84
DB5
D93
06B
50B
FC9
165
327
056
C9A
04A
0F7
1B4
FD9
F40
2C1
C3B
AFB
F59
1AB
E24
16C
1A7
1BE
EC9
D4B
23E
196
F7E
22E
502
DEA
EA3
D9C
FB0
ED5
E02
17C
2C9
CC5
D53
1C3
DDD
08C
0AE
407
319
EB2
ECE
2B2
DF6
D9E
368
13A
01A
D6B
F02
EED
D82
CB2
3FE
1C8
EE8
15C
107
FA2
E3D
0EE
361
2E8
DA2
287
FF0
B8D
D22
0C6
0B7
FAF
F35
09A
0EC
A43
FBF
2D8
0FC
09A
398
146
FE1
D7C
F34
369
E35
00B
2F4
FF6
B2F
E59
E97
05C
ED5
06D
45C
FD5
D28
0AA
210
E40
24E
1E9
3A5
F06
D17
060
FA0
B92
024
385
EC8
F44
DD9
08A
E96
E6D
25D
509
F54
022
2B7
E94
E5A
EAA
2CB
1EC
EA3
E1E
273
BDF
BAE
0FA
19E
117
049
134
14A
E5C
C7F
43E
1CB
009
258
217
EC3
CA3
D2E
104
0B6
CBF
2FC
0BC
CF5
D08
075
042
175
0BB
41A
354
C3E
FB2
148
F18
EB8
2AE
14A
028
BED
DF5
07D
C8B
EEA
35B
207
E2D
08F
F86
1AF
DDE
0D7
515
1A5
DD2
104
F8A
C1C
E93
F64
31A
EFC
E2D
0B1
026
B3E
093
380
173
17A
0B2
206
F58
D23
FF6
3F1
DC8
072
119
EB1
CA9
C7B
FE6
174
FA0
000
51E
E4F
DBC
026
1CC
065
189
1FC
373
E97
B2A
123
EDC
D97
016
25D
F7B
E35
D07
104
058
DA8
44E
3F8
FD9
EEE
11E
F33
005
D56
365
2B2
D0C
E72
04B
D40
CEB
122
0D0
29C
E0F
0B3
1AA
DFC
E13
406
2B2
054
158
FE5
08F
B7F
E3A
1FA
119
D1A
233
FD9
D2D
E01
EFB
2FF
112
04D
35D
344
BAF
FAD
100
0D9
FEB
042
17F
FD2
B20
DDF
230
CD7
FF2
253
1DD
F18
E9C
098
2F4
F4D
074
5B6
FF8
E94
EBB
00C
DDF
EDB
F38
3F0
EE9
C1B
097
EB4
DA3
01B
341
29E
169
E12
2D8
F36
C65
163
3A4
F99
EDD
005
E55
E17
B03
17B
2A8
EE8
F41
369
E36
DF6
FDF
1DE
3B7
F3F
1EB
32D
DC2
B1D
144
FD9
FD1
F84
08B
15C
C33
C1B
1B1
17B
E02
3E9
277
0FE
E1F
F2D
17D
0C2
E78
28B
394
BC0
E2A
E49
EA4
DEE
F55
266
2FF
CAC
F77
2A9
D95
FFD
249
411
183
FE3
EE5
194
B4D
DC8
357
082
E41
F7D
F5D
DBB
DA8
E61
55A
0E3
F2A
242
20D
D6D
ED7
160
251
138
DF9
274
F15
B9C
DC5
1FB
EC8
039
082
100
01B
B60
0DD
324
00A
06A
51E
066
EC6
D6C
F80
06D
D70
F68
353
F4E
AF6
FE3
E99
FF6
F54
278
3F6
033
D42
205
114
D51
235
227
20E
DF8
D94
F54
EC8
B16
188
36C
E96
FC5
021
087
E90
F21
209
585
EDD
0E7
22A
E7C
CE0
F55
0CC
0F8
EFC
EC1
23C
B91
C9E
10C
1EC
FBF
23D
236
183
E4C
D2C
397
137
F55
19F
2D6
CFE
DE6
D4A
056
FC0
E01
2B5
19A
D17
D64
1FB
F2E
157
155
41F
249
D68
E98
208
DC6
E03
32F
0EE
FFD
C9E
F29
F90
DAD
DFE
507
1AB
EFB
1AE
056
02A
E89
13A
39A
206
C59
1DB
F48
B73
E2A
149
104
F59
ED1
071
0A6
A5A
06F
39C
122
0B8
24C
179
F26
CBF
EBA
3B0
DC0
FE2
2A2
F1B
BE3
E2D
F50
14C
FF5
016
51C
F8F
D20
0C0
278
F15
252
1AC
2F8
E37
C07
FDC
F6B
C82
00E
37B
F02
F09
D41
0C3
FAE
EC5
206
52F
F7A
F7E
1A2
ED5
F26
E0F
264
28A
E93
D24
178
C81
C3D
0AA
194
248
FD6
0BC
1E3
F1D
C31
42F
1E9
029
147
10E
EE9
CF4
CD0
0D6
189
CB9
1C9
10E
D72
D19
070
14F
1F4
05B
31C
354
CA8
EBF
141
073
EEE
212
098
0D1
B21
CFA
1A4
DC7
EC8
34A
272
E49
FC6
EC5
284
EDE
013
4EE
2AB
D71
F23
00E
D0C
EAF
EF6
353
FF6
D14
EEF
131
BC6
020
39F
1E2
1D2
F87
1AB
04B
D3A
EE6
4DE
F02
F89
01F
F75
D10
C41
F3B
296
025
DDC
38F
F24
D5C
FC9
228
1F5
1A7
05E
359
FCA
A51
087
052
F46
F49
211
FE9
EE0
B16
022
164
DEC
261
47B
095
E86
046
FFD
1A3
E77
239
494
E30
C34
042
E52
CB8
040
0C7
35B
E31
E1E
1A2
FBB
CE0
2A8
3F4
135
0A3
F0B
10D
DC3
D2F
16D
35C
C90
FFE
FAF
D99
D13
E70
24C
2B4
FBB
0EA
3EC
CF1
E6B
10F
273
10B
078
068
141
BCB
B70
269
EAF
F38
14E
231
ED0
E1F
DC4
2DF
121
F39
4B5
30C
E62
E09
05B
F32
019
E89
2C9
0D4
B35
E41
0A4
DE4
EC8
2DE
201
234
D6D
0AC
1EB
ECA
F06
508
1F9
F2C
F64
E2F
FC8
BD7
E7F
31D
0F2
C7D
16A
F90
DC8
F02
12F
42D
173
F56
19F
16E
B04
010
1AF
0BD
FBD
F99
052
E19
AB8
F15
38E
E74
122
260
0DC
E21
EB7
0ED
408
FF6
02F
4A1
E9E
C2E
E90
021
E4A
FBD
FBB
314
E6E
B7A
0E4
050
ED9
140
406
188
0E1
D11
1C5
07B
DA5
156
3E2
E3D
D8C
EF0
DDD
F64
CC9
239
380
F50
E1B
32F
E7F
E7A
177
2A1
369
F7D
F4C
121
DD9
AB6
287
0E3
F58
F1B
FCA
F35
D54
D09
2A5
381
EC4
2ED
28B
F2B
D86
012
176
235
E9E
106
248
AE4
CB0
F9F
09E
E7E
0E8
109
248
C7F
E1B
343
084
029
356
2BA
EFA
F21
D81
19E
E9F
E32
345
17C
C43
E68
FF6
ECE
FD0
F6E
515
1E5
E1A
01C
29F
D78
FF0
2CB
1ED
11E
D25
00C
F91
CAE
D53
400
FB0
F63
FEB
01C
F7F
DB0
0F0
459
259
E12
3B2
FA4
CE0
E71
144
163
002
DBD
0D2
F8C
9D4
FD3
19A
0D9
070
23A
12B
FFA
D0B
135
414
F0D
141
31A
048
C2A
DE6
E69
193
DC9
F8C
3A1
F3D
B9B
09F
11C
EDF
1E6
169
521
EED
D9F
0DA
0E9
CB5
119
2E4
F62
E74
CBD
FB5
E02
D2E
0ED
4C5
E9B
FA3
157
F8C
F76
FBF
33E
36D
F8B
DCD
2C2
C73
C73
01D
1C5
FF5
F09
F0E
0B2
E49
BAA
3E3
212
06E
17F
2D3
F91
F34
DA2
264
290
D67
22F
108
CA8
BFC
FA8
F9B
165
E86
266
2A0
CAB
DE8
294
125
F93
393
1BC
18E
C3E
DE3
0EE
F32
D0D
2F4
184
CAE
E63
DDB
088
E64
FEF
456
35E
CDC
076
18D
E53
FCA
15C
380
058
D48
E2E
11A
B41
EDA
2BD
0CC
F4A
F56
FC5
FF8
E3B
EED
672
16B
FED
201
131
D23
E43
FB9
267
024
D54
1BE
E7D
B9D
DBA
2A1
038
1A9
054
297
078
C1A
0AB
39F
016
020
39F
F20
E52
BD4
F57
11D
DFA
F51
3A6
F7E
C63
040
FA2
149
FFB
2B0
3A6
069
C39
1E1
0A8
D55
0AB
199
138
D7F
CCD
EC2
05D
C07
24D
36D
FA0
EF4
030
0B4
FAD
FAD
201
522
E07
EEE
0D5
E01
C45
FE5
128
16E
EC7
DB0
233
D40
CBA
1CE
443
FE3
20D
0F1
0F2
E7D
D15
34B
256
E53
02D
1BF
BAC
CF0
DAC
153
131
EBA
145
2D3
D62
CF8
311
09D
19A
132
2C2
15E
CE6
C98
283
F1D
D7F
238
042
E0D
CEA
EE9
00D
0AC
EDD
4C3
310
DD5
F8B
0C9
FEA
FA7
139
28C
22F
AE8
F05
056
C8F
E12
2CB
112
F5A
ED8
F27
1EF
CCF
0BB
4EF
307
E60
18F
F9F
EAD
DAA
F31
37D
F9D
D54
007
032
A48
F20
0D0
1DD
13D
FD3
1D4
071
CC2
FDD
4EC
F7C
178
112
052
D0A
C61
E93
26D
E66
E4C
328
F0C
D18
F00
18C
0C1
1C7
0C2
506
014
C3B
141
0D5
F54
013
219
FA7
EB8
AA6
FCD
FE4
D51
15E
41F
FB0
E31
FF7
FD3
16F
E77
321
452
F75
D0F
197
E17
D34
FCE
096
1D3
D52
DD0
05A
F2C
BF8
320
3AB
13B
0D6
03E
16F
EC4
E55
223
471
D25
043
FF2
D39
BF0
E90
0F6
206
F08
FC3
329
C31
E78
1C9
333
0E7
195
0F8
17A
D0A
CCC
2C9
FBB
DCF
0CD
1B8
C86
DB7
D6B
19F
08F
F47
3E2
305
D7E
E5A
256
FBB
16B
FE4
33F
09E
C62
D5D
1A5
D66
DF6
2CB
07B
FC1
D4B
F52
11A
F84
F98
5B7
23C
E15
075
FCD
F41
E61
08D
2A8
0E0
B1E
02D
F26
C01
EFD
259
25A
0C3
F22
025
1AE
C2B
11C
47E
194
F39
162
F92
DE2
D08
EC5
3DB
DF0
E79
15B
F12
BF9
00C
19C
2D0
125
025
379
F9D
BF5
054
375
EA7
152
05C
001
D23
BB5
FF8
1AC
E00
043
447
E21
E98
EF7
1A7
151
09E
185
4A2
DFE
C61
182
F3A
E28
017
1B3
007
E23
B25
15C
F46
D5C
2B7
3FA
033
F74
0DD
FE5
0E6
E2B
41E
35F
E69
E26
0E3
D11
C9D
059
129
2AD
CFF
F53
17D
E2C
D8E
40C
35A
09A
083
028
179
D49
E48
278
26D
CC2
0D9
FFD
CCA
CFF
ED7
2AB
1C6
F6D
17B
2DC
BEC
FCF
23B
1B7
12E
126
199
087
BD7
CF2
2E6
E13
F1D
1B7
13B
CC0
E07
E8E
2F1
004
001
520
146
DB7
F6C
1EC
F68
110
FCA
2F4
F40
B2F
EA3
087
D32
F7C
3A7
094
FEF
DC6
0F9
0EC
EE5
153
595
0DF
DA7
0B3
ED0
EEB
DED
150
219
F6F
B8E
134
F00
C1C
0B9
2BA
236
011
03C
0BA
096
C73
2BB
39A
F86
F68
081
E45
D32
D64
FD2
381
D48
FDA
206
E5B
C9B
0FF
232
22C
194
0D8
350
D6A
CC1
15F
1E4
DE2
151
09B
F4B
D28
BF9
13B
149
E83
1E4
44B
D9B
F35
F7B
1EC
0C2
079
2C2
2F9
D20
BF8
1DD
DAE
F23
071
1CD
F5F
D6A
D84
1D1
F20
E68
509
2C3
FE5
EFE
098
F94
FDF
EB7
456
1B1
BBD
E8E
F6B
CCD
D55
195
162
1F1
DB9
0CE
13D
D6F
F01
4EB
21F
FBA
16B
F4A
F78
BC4
EAE
2C4
012
CAC
13A
EEE
C2F
F11
0C5
3CD
070
031
2CA
1B8
AF8
107
2BD
0F8
106
0DE
05E
E13
BE1
E2E
2E3
D7C
FE6
215
F59
CF0
F06
055
24F
08E
0EF
57F
ECC
D35
020
0ED
E74
11D
0AF
0E1
DB6
B73
09F
F72
DA8
104
450
F5C
FCC
E81
0F6
154
F0F
315
419
E94
D14
15D
D02
EC2
EC3
23E
1AF
DB3
D30
140
E0D
CAF
42A
310
1B4
F84
0C0
0A5
EE7
D88
3C1
2CD
D4B
FF5
F6D
DA0
C7A
FCC
151
253
D94
101
1A9
CC6
EDC
2BC
2E7
0D4
17F
00E
16C
BC2
DF2
282
006
D98
170
023
CC0
D69
E17
369
035
05F
314
21D
C2F
FDD
1CC
0B1
19D
024
2B8
F7A
B59
D95
265
CA8
FEC
23E
099
E94
DD2
FAC
1C8
FE2
04A
64E
FC3
E1B
FEB
058
F77
F45
0C6
2F5
EE2
A64
0AC
E82
CE9
FCD
3D3
085
02C
E21
10C
0C9
D95
301
4BA
FFF
E61
18F
D4F
E41
D76
0F1
346
DB9
E74
0F2
E36
BE9
1DA
1DF
2C8
016
064
1D9
EDF
CDB
2E1
32F
E43
0F8
FA1
EED
BBB
DDC
10E
2BE
DB2
171
277
D2D
E50
0E4
29F
15E
13D
158
2CE
C34
D5C
215
FD6
EA1
148
0F6
D8B
CFF
CBC
2DC
FD4
F8B
420
27C
D3F
F36
119
08D
115
F9D
4A5
08B
C22
D87
11C
C5D
F28
1F9
147
FCB
C9C
FBD
0BE
F29
008
68A
10E
EE3
039
FDF
FBF
E56
06F
37B
FEB
B42
0B3
DE2
C09
F4E
23B
218
004
E8F
100
0DD
C23
2E0
418
170
FBF
11C
ED2
E57
CA5
0A5
3B7
D83
F41
100
DCD
BD8
05F
137
394
07D
081
32E
E28
CC3
20F
2E7
E94
1A0
002
003
C36
C39
13C
127
DC8
18C
321
D13
EA1
FDE
268
15D
0D9
24B
376
CA2
DA0
1B0
EA8
F2D
FF5
1F8
F25
CBA
CD5
224
EAA
EEA
444
1D6
F18
EE7
072
048
103
F09
4E2
13A
C67
EB3
005
D22
E1F
187
12F
0A5
BD0
03A
082
D84
015
59E
17D
011
03D
F95
09A
CD7
113
37B
FDC
CB6
150
E22
D16
E6D
0F5
2EE
FF8
F7A
1E0
0BD
B66
271
387
192
120
04D
00E
DF2
CA5
FDF
398
CF8
08F
127
E0F
C38
F72
15D
2B3
09A
0CB
4DF
D51
D99
1E7
234
F4B
1B6
06C
0DC
C4B
B3E
1A0
FBA
E0D
18C
2C5
D60
E99
F3B
200
11C
FF1
427
37D
D6C
E4E
1D7
E82
042
031
1EC
FD2
C0F
D74
14D
DF7
E38
4AF
143
014
EEF
0B0
053
FFD
F7B
555
1D6
CEB
002
F35
D03
DD8
12B
13B
120
C12
06A
FE0
C4D
124
419
20B
FFA
0B8
FBC
10E
C5E
104
3CA
F86
E01
0A2
E1E
BFA
E87
015
3FA
EF9
FE4
288
F3B
C4A
222
314
0D0
212
05C
1C1
D5A
C9C
0BA
2D3
D44
0E1
122
DED
CFF
DA9
1D2
1CB
005
185
48E
CF1
E99
0E5
0D4
0B4
0DA
193
107
C43
B5C
230
DF3
E7F
1FD
1F8
DC3
E0F
E6A
175
09E
F24
5A9
24C
DE7
EE8
128
E6E
FB1
02B
24D
074
B15
EFF
FFB
CFC
E86
457
0F0
076
EAC
091
1EF
E68
15E
511
168
D59
11D
DDC
DAD
D37
075
258
F9C
CE1
0BC
F57
B8D
15C
2B8
2D8
038
110
115
FF1
C25
1F7
3E7
DE8
F8E
068
E85
BD4
DFA
FF4
34C
E64
051
2DC
DC8
DCA
17F
2CA
102
1AE
099
2C4
BF2
C32
1CF
0A2
DD3
111
10B
D67
DBC
C98
271
057
F9D
34C
3E5
D42
EDF
1CB
043
14E
046
35E
050
C20
CD7
21C
CD6
E99
21C
07D
FEA
D24
FFB
11A
FE1
F47
5DC
1B9
E47
FE7
003
F74
EE3
125
27F
018
B22
015
EF4
CDF
FA6
366
1ED
01D
F20
09D
13B
D33
2B9
4CB
08B
E96
146
E59
D88
DDB
088
348
DAD
E96
13B
E0E
BD4
213
238
2DB
099
0BF
277
DF1
D25
265
2CF
DC9
159
F5E
EC0
C23
D17
1DF
173
E2A
128
36F
BEB
EF2
0EC
24C
15F
115
22F
20E
C43
D48
281
E5E
F52
153
12A
D90
CD8
D90
217
EF0
F8C
516
1C6
E7D
F81
164
FE9
174
05C
3E6
FD1
B4F
F19
023
CA3
EE3
2C6
03A
F8F
CB3
0BB
096
E2F
1A7
52D
028
EAE
0F1
E91
006
DE5
1A9
31F
E54
C4B
0EF
DB8
C78
138
1D1
27F
EE3
FD0
112
008
CC0
3E7
3B7
F98
0C1
003
ED6
C6E
DD7
168
265
C82
0CC
0E5
CE0
DB4
130
24B
145
0C8
0D2
321
C33
EE5
2B0
0BB
F14
15F
036
DE1
C85
D26
34D
F03
EF5
2C1
0F8
C1A
F86
0B8
203
156
0EC
484
01A
C57
E49
1DB
D56
098
18F
093
E2C
BE8
FF0
0F2
E49
057
595
F2F
F09
FAA
110
075
F53
1FB
399
EDC
BE3
1D8
D41
DD2
FFF
21B
103
E7D
D4F
17A
F84
D1C
4A6
378
058
F1F
0E9
F6B
F2A
DAC
329
269
CA5
F7F
F72
CC2
D25
1E0
163
272
E54
0AD
19F
D5C
F68
448
230
FB5
1A8
EF8
F22
B8F
E9D
306
FA2
D64
1D3
FD4
BAC
F9A
03F
37C
0A6
115
2FB
037
BA7
08B
326
F7B
0FB
0C6
107
D35
BE8
EE4
232
D74
10A
3B8
EE9
DFA
ED1
194
12D
110
15A
523
DCB
CBE
100
F3B
E53
081
1B7
000
DD9
BA9
1D1
EC4
EC4
382
3A0
EE0
FD6
09C
093
0CF
E4C
4BB
1E1
D50
E14
098
C87
E7F
0DF
1E2
19D
C8C
0A2
131
DA6
F57
556
184
089
08C
045
01A
C89
017
34B
04B
C9E
1CC
E04
C6E
E84
0F4
321
030
F7F
1FC
09B
C0F
287
33E
16F
087
0D0
058
DBE
B5B
03D
32A
CF0
0E0
178
DF7
C8F
EFF
09B
2EF
FF7
1FF
463
D29
E11
169
141
F01
1A1
0A4
0BF
BE3
C63
1DF
E9A
E9D
2A6
33D
E00
FB8
E93
24C
04C
03F
4BB
205
D0B
EE1
0B9
D51
FD1
FDF
24E
F4A
BE2
EB9
136
D39
047
51A
185
0B1
EFB
172
FC4
EEB
0B2
4C9
FA1
D44
0A7
D9C
DB1
DA1
1AF
1D7
043
D8D
28C
ED5
CC7
2DE
384
22A
0AD
09C
00F
EF1
B54
2D9
1EE
D97
034
043
CF2
C9F
F45
129
2FF
E90
21E
22F
CE9
E1F
297
1B1
0A9
141
03A
15B
AA4
DD4
145
FB9
DC9
311
02B
D6C
DC7
EC6
35E
00B
123
405
1FA
C15
066
06C
FC6
FDA
FE3
2C8
DEF
B26
EC9
151
C4A
1C6
2F2
13A
004
E2B
13A
13A
EDB
1D7
5B2
E3F
E9B
F5E
F31
D5B
EF2
11C
284
DF6
CA5
247
D38
E00
25A
3C1
126
089
F58
1CC
E80
CDD
475
187
EB7
F79
01A
CD6
D9C
DD8
2AF
15C
DF0
1D2
0DE
D3A
E99
3E7
1A0
1E2
04B
22E
08E
AF6
EA7
29E
F15
DFF
204
E8A
E3D
C65
05E
2AF
FAF
05B
4AE
053
CAC
0F3
0CE
1F1
021
177
23A
E07
A62
085
0BA
CDD
192
150
0B4
DD8
E09
0F2
1E9
E3A
3CE
471
E2B
EB6
F78
FFA
EC1
005
179
2C5
B55
D6E
0FF
D5C
E80
23B
31B
0C9
FF9
F44
2D8
DAA
FCF
4CA
1DE
E3E
F87
F2D
D4B
E22
E61
3FF
FBB
D87
0C1
07A
C2D
010
33C
285
212
F39
284
F29
C7B
FFE
38D
EDB
FA3
091
E31
D8B
BCD
111
29D
F48
F67
46E
D73
DD4
086
1F8
24A
045
1B2
1D4
D7D
AEF
220
F16
EBB
126
0E6
F64
CCE
DDC
1DF
1A0
E19
588
26C
EB8
E36
046
043
FAA
F94
280
1B4
AC5
EC8
F9B
DD3
E4E
2B5
162
024
D5D
FF4
252
D2B
1C1
4A0
1A5
DFB
062
EE0
F08
D41
01E
3C3
E56
D3C
038
F5A
C32
135
24F
38F
FD4
FC0
2BC
EFC
CBA
283
3C4
EED
086
F04
F54
C7F
CAC
17C
297
DF3
101
27C
D3E
F1B
009
35D
21F
094
1D5
241
B8D
DE2
273
F51
FF2
02A
130
E7B
C51
D44
349
F17
F71
4BD
12A
E6E
E98
17C
158
19F
F9A
4C3
F45
B90
F40
FA3
D87
F77
1F7
120
F96
B41
1F2
0A8
ECD
276
4D5
01F
EED
FA4
F39
068
CF1
26B
2CD
DEF
D15
07C
D26
DEA
05C
1FF
36C
E2C
FF2
20F
EF1
D97
431
265
FF7
FA0
F24
FCB
BE1
E12
289
17A
CB5
21E
FE9
D61
E39
0B0
3E9
226
01A
24D
167
B44
061
1BB
077
F96
031
03F
E24
AEB
F3B
336
D99
174
27A
0C9
E20
F43
0F7
351
FD8
0F9
484
D59
CE8
ED3
FED
E72
093
10B
228
D17
C5C
2B9
F91
F10
296
421
005
F50
E1A
17F
F64
E60
40D
1D4
C8A
E32
02F
CF6
F30
F5C
3B6
1B3
D65
0BC
211
D56
F97
490
160
16E
E50
07C
F45
CAC
F20
3B3
F32
DFB
0E3
DE0
E2C
D7E
1D2
3A2
0E1
F40
3AE
F07
CC1
1A6
1A3
17B
F7B
018
034
D88
A2B
130
0F7
E3C
166
1FE
FA0
D3C
F71
1EF
30E
E86
3E4
2FF
D42
D99
FF4
F8A
EF7
FED
0F0
1D8
AF4
E82
16B
F23
F39
3FB
281
069
ECA
EB7
2A4
DE8
08F
43F
159
CB6
F18
E43
E97
E56
F40
3DE
F5C
DE4
0FE
0EB
CB8
1F1
36D
328
0DA
E9E
189
E84
C2D
081
3C8
E0F
FC4
FA1
E8B
DB6
DB1
2AE
388
F88
014
3FC
D0F
EC3
0E2
256
1AD
FAB
032
126
BA6
B24
276
F1C
F85
0C0
1C6
F0C
D96
E8D
361
142
F87
508
0E4
DC8
E16
05D
FDE
FE9
EBD
2E6
F97
A6A
F5A
025
EAC
FE3
3D2
178
0AF
D42
196
1B0
DC5
22A
476
FE4
D93
F63
D7B
F45
C9D
170
344
E10
E26
14C
F1B
D91
28A
28B
3CC
EAD
03A
1CE
E3B
C65
2EA
1C4
E7B
00F
ECE
F81
C09
DF7
2DD
2CD
E05
2C4
129
D37
F7C
0DC
34E
0FC
F2D
0DA
120
A09
EF7
194
EDC
FB8
08C
14B
ECC
CE4
F6A
46B
EF0
210
3FF
092
E30
EC4
065
057
F4D
F7E
421
CEB
C30
F47
FE7
DF4
0C5
25F
2C8
F00
C96
383
F7B
EA6
327
45B
F35
F0C
E2C
F70
E33
C92
350
1AF
DB3
EB0
12D
D57
F86
0BA
3EA
2E7
E16
1B7
13F
C85
DEC
390
024
052
E36
FFB
EF0
B1E
EC0
384
0E4
F2D
3BC
FC1
ECB
E71
10F
354
0DB
F69
30A
EBB
A79
014
F67
07D
F12
076
0F2
E3E
B68
214
1E6
E78
345
28A
12D
E56
F0B
022
163
D6E
24F
2E6
B99
D8D
F63
F28
EB6
0FD
268
369
CE8
FF4
27F
E94
FAC
38F
30A
F50
EB0
D1F
107
BCB
E7B
316
092
D8A
0F9
FD1
DED
F88
032
587
0A9
F6A
1FE
066
BC0
0A2
269
0A7
007
DA0
0EE
D4F
B3E
FE8
3CB
EA7
182
266
FAB
F08
DF8
241
2BB
005
04C
3FD
C7C
D02
F95
FB4
FC9
EFE
18D
0EC
CDF
C73
33D
F7F
07C
301
2D6
128
E27
E71
161
F8E
D76
477
06D
D2E
DD1
F3C
E6D
ED5
FB1
3EC
226
CAF
1E9
0A6
EDE
032
387
1BE
086
D7F
FC4
F7D
B39
037
2E8
F97
E4B
132
E5B
F12
D48
247
492
FDE
08D
370
F4F
C81
0A4
0C0
1E6
E8D
F6D
106
C3A
B0D
13A
167
F03
237
0C5
135
D59
EC0
29D
2CF
EB3
384
262
CA2
E05
DAD
035
F24
F5D
22F
1FA
AD9
F41
1C8
E4D
0CC
273
387
097
E85
F47
1E0
C78
F8D
41D
FC7
DF5
E1D
F1E
E5F
DE2
FAC
58D
EF2
F38
1C7
042
E30
0BD
2E6
30A
0C7
D72
1F9
D9D
B81
01E
222
EBA
007
FE9
FAA
E6D
CBE
433
298
FF5
1E9
3A2
DC3
E6F
F63
100
109
DD2
1FA
09D
BB6
BEC
190
F1E
0B3
157
253
19E
CB0
F6A
2FB
005
F1B
542
0BA
E9F
D22
EC1
F80
E63
F0F
378
090
B8D
12B
F4B
FA6
039
32A
394
09A
D48
183
036
B35
1A4
218
0A8
E36
ED5
E6B
E84
C1E
1EE
483
EDA
11F
1F9
FE5
E0F
011
1C6
3C6
E20
05B
1B4
C44
C05
027
13A
EF7
067
F61
18B
C3C
DD5
355
1B4
02A
380
265
E3D
F18
DF2
230
EFA
EF4
2A3
0CE
B0A
E4D
036
ED2
0A1
112
47C
065
DC2
04D
284
DCD
103
3B7
0C6
F24
CDC
F55
EF3
CF1
F9B
4F0
E7B
E69
05C
F78
EFE
FFA
321
42C
07B
E1A
347
D95
D14
083
250
FA0
EDF
ED9
038
D81
B35
3A3
1C7
F6A
15F
2A1
F10
E5F
F03
2C0
1FA
DF0
2A9
0B7
C40
C66
08B
EF9
FEA
FB9
204
175
BCE
F97
2A3
031
06C
449
150
083
D07
FA9
113
DD9
F10
339
FFA
B95
F83
E09
FBF
E73
200
475
0C5
DBB
1F9
0A3
CE0
1A9
292
23B
E8A
E67
F9D
E8F
B3D
18C
344
E45
09D
047
050
E0D
F1E
2A7
4F9
EAE
139
235
D25
D58
F91
133
FCE
F2F
FB5
1B9
AE9
D23
220
0D6
FCF
2A4
320
039
DE3
DE4
404
F07
F4A
342
137
BE6
DCC
EEC
F1D
F9C
F1F
451
010
CFD
FFB
1E9
E18
14C
2E5
27D
0BA
CD1
048
F5F
C9D
F4A
485
E71
E95
EE2
F3B
F05
DA9
23A
44B
03B
F08
3AB
DF9
E5C
099
210
183
EFB
EBF
0A3
D00
AEF
218
064
042
06A
1EB
04A
EF3
E2F
32E
2C7
E87
382
1F0
DBC
C66
F72
F5A
FB8
DB6
25E
192
B58
EA8
0D4
FFF
FD7
3B4
28C
208
D31
FF9
21F
DEB
F20
390
092
D50
E42
DE0
FD9
CFB
0CE
4C8
117
E18
25E
06F
DEC
119
1F6
401
F4F
F08
0E8
F54
A58
0EF
217
F29
04A
F46
09C
DA0
DAA
24B
4B8
F00
259
2E5
E90
DB8
E51
164
0B9
F50
FA0
2C3
AD4
CC4
03F
006
FA1
166
234
192
E57
D99
3B8
F10
F9C
340
272
DB8
DDE
DD6
FD4
E79
DC2
42B
08A
D0C
ED7
128
DC1
0BF
1DD
445
18D
DBB
164
04A
CE0
EA7
370
F80
FC2
DF1
FA9
EC4
C23
092
42C
026
F6F
392
F5F
EDB
EA1
1F0
272
FFC
EE1
286
D54
9F6
06C
045
041
FE4
19D
144
EFD
C2B
2C7
26D
EED
36C
2E0
008
D95
E9A
FD5
0D1
CF3
225
248
C14
D8E
F98
EF5
EF9
1D2
2D2
3B0
D2D
FEC
20E
E4D
E88
3A5
1E9
F1E
E94
E13
022
B43
E9A
338
14F
E29
187
039
EF6
F66
0B3
52C
0D6
F53
147
053
A82
F6B
101
057
FD9
EE1
0F1
E2F
B5A
FEC
41E
F36
274
2C1
0D3
E99
E0A
07E
1B5
E65
06A
401
CE9
CCE
E5B
FF3
ED7
048
15D
389
EE7
CD7
2EB
F95
F7B
29E
40A
002
EEC
D80
034
DF7
C72
2F6
24D
DEF
ED1
0C0
E19
F7E
F8D
4BC
36A
E83
17B
139
D62
D82
21A
0AF
10B
DC4
005
F0A
B3E
D8B
394
0AE
FD8
32C
0D4
03D
D15
0B1
2DA
0F9
E9F
432
F97
B60
E36
ED3
070
EDC
0A3
1F8
014
B42
1BB
193
F54
270
3DE
1ED
EF6
E30
F99
106
BFE
13F
2EA
E9D
D18
F28
E65
EFD
F71
20F
53F
E70
FDB
22B
F91
CED
284
208
180
F2F
E05
0E2
C4C
C87
1BF
280
E14
1E5
001
FF6
DB5
EDA
434
270
FEE
264
2C3
BBC
E0D
ED8
0E2
F86
F44
174
04C
B8B
D37
2E3
EFF
102
290
32B
FBE
E33
ED8
2CB
E62
F25
483
F9B
D41
D3B
EFE
E0F
EFE
FD2
491
051
D96
20F
07C
E8B
102
45C
1FA
143
D19
166
E17
AEF
FF8
2B4
ED5
EBE
0B3
E60
F8B
CC6
277
429
046
053
3C0
E4E
D51
040
097
1D2
E88
0BF
0FC
CBC
AAE
1AF
029
F7D
1C9
1BF
15E
E20
E5B
223
21D
DB8
3E4
224
DCB
CE7
E73
F54
EA0
EAB
22D
320
BA7
FC6
0A3
F0B
F7E
32B
320
238
E2B
F2D
1FB
C09
E97
2CE
14C
D4F
FF1
E55
F14
CDF
EEC
492
0C8
F9F
20D
1AE
CA7
096
0C9
33A
054
EB8
1DB
ED9
A91
EBC
214
E6A
0B8
08B
18A
E9D
D6F
0DB
3B6
EF8
15F
4C9
F7B
E34
DD0
052
F72
EF7
FC3
3FD
CF8
C12
11F
F01
F0C
130
395
283
022
CE6
2C6
EE5
D7B
2A2
29D
ED9
E33
EE4
E6D
E5D
C43
347
27D
EBE
039
253
E42
F29
171
2A4
357
E1B
16F
0E9
C36
BE2
24D
F2D
F54
FC3
016
019
BAE
EA2
2DB
1BD
F0F
512
13E
ECE
E3A
FE0
169
F82
F08
299
05D
A69
EF4
F66
F61
F8A
24A
2D5
191
CFD
0E5
2B9
DB5
1CC
3DD
13C
E33
F16
DE2
FA6
C1E
012
41B
F34
DB5
10E
FFE
D4D
0AB
1D4
484
03E
FAA
1F7
EF4
BC1
093
200
F38
08E
E8E
0B6
CEC
CC3
150
369
EAF
21D
3DC
F58
F13
EBA
280
0FB
F60
0BE
36F
BE1
C57
067
EA9
F44
049
23F
186
E86
CF1
33B
F80
F83
3D6
384
FC4
EA4
EE0
FE4
E7F
D1C
3B1
120
D35
E64
086
D23
F25
0CB
3DE
38D
DBA
225
1A4
D5A
DCF
3D1
039
065
E48
F2F
EBB
AE6
E5B
364
119
E6D
3DE
012
EB6
E27
116
2D0
0E7
F79
372
FFB
A3E
F74
F6E
FB5
F1F
0A3
100
FE8
B59
0B9
250
E53
28F
3CA
1B0
E98
F1A
F5F
13F
CB2
153
3D2
E31
CEE
F3F
EA6
D85
0A7
162
4E5
EF4
EE0
1F2
F97
D25
250
33D
0B0
FEF
E33
091
CAD
BD4
139
342
D41
0D8
121
E80
E85
EB3
372
24F
038
18B
377
C99
D7F
06F
069
FD9
F52
100
0AB
BFD
C3F
33E
F2D
F85
324
378
FDA
EE0
F0D
1C7
FFF
E09
4B6
08D
D34
DC9
FF6
D51
F24
F24
36F
111
D4B
051
17B
E63
F82
4E3
212
1A6
E4B
011
FDA
C38
E85
36F
FFA
D61
113
EDB
E94
D2C
146
3B8
15F
EC2
416
02C
C61
03D
106
102
F56
05A
000
EEE
A12
050
1E9
E2D
139
2CA
157
E7B
E96
050
321
DD1
22F
452
EDC
C25
F3B
EC5
EA4
EE2
059
401
D3D
D25
11E
0CA
D5D
34E
380
227
016
DFE
12D
E42
D06
1A7
396
CDD
FD1
F1E
EB9
D9A
E04
2E9
353
F96
072
334
D14
EB6
10B
2A6
0E8
FDA
FC8
075
B94
B7E
2D1
FB3
F4F
12D
1F8
E84
E6B
E42
3B6
14B
F6E
48E
208
D14
DC9
029
E7F
FBE
E51
2E4
05B
B20
E8A
1D0
E6B
F8B
3DE
209
20F
E08
073
15B
DEF
F11
4AC
FEE
D11
F5D
E24
E9A
CB7
088
314
155
D54
296
080
D73
073
279
346
07A
F45
05F
FF6
A23
FA4
1CB
F76
F27
158
F6D
DBE
D01
058
464
F13
14E
3B7
FB9
CE8
04D
FE5
14E
F2D
00C
2B7
CAD
B87
F46
117
DA5
259
236
271
F43
E0F
16D
132
E23
29D
493
DAE
F13
DBD
F03
D90
E64
19C
3A9
D58
E39
244
DE7
F0D
1B2
3DB
1AE
00F
F22
299
CF7
CB7
243
169
EDC
F1F
059
E28
DDC
CD0
43C
1C8
F88
271
31D
D00
E50
0DF
18D
1C2
E91
26A
085
B56
C73
1AB
E48
FE9
1CB
192
11E
CE4
F93
28C
04A
F1D
58D
15A
E6E
E23
F56
F75
DE6
F6B
256
15C
B6E
03C
F70
E10
F93
281
373
214
E83
080
1C9
B5E
0AA
2F5
0EA
DDB
F74
E31
EC6
BF7
00F
43B
019
FB0
251
08D
C94
102
133
39E
018
FCA
21C
E91
AB1
F2A
1A9
E6E
158
01F
176
E34
CAD
0B0
31B
E5C
237
4A8
FB8
E96
E8E
0E3
04A
EB0
064
3B0
C67
CAB
007
E8A
EEB
078
373
2F1
FEE
D6C
319
EE5
E5F
22D
3D2
F5A
EBF
E84
EDE
E1D
BE5
2DE
201
E83
F1B
216
D71
EDA
0B3
336
352
F21
0FB
1F6
CED
BB5
2A6
046
FEC
F28
058
F6D
C49
DAA
2A4
24A
E47
461
1D9
F40
DB7
FEB
158
117
E42
2F7
161
B4F
E17
F9E
F4A
EBB
1AE
1CF
26C
C64
FBF
2D8
EDA
02C
456
27C
E84
F1B
D7A
08E
C67
ED9
384
0EB
C8F
FC4
FDA
DA6
027
0E5
4EB
16D
EE3
0F5
1BF
B85
052
29B
0BD
FB2
E49
026
E19
B7A
EC7
4A2
F14
080
238
088
EF3
E93
1AA
369
05A
F32
3FF
DA3
BDA
E8E
0C1
EF6
018
00A
282
ECC
B0D
1D2
1F2
FAC
1A6
499
05B
F9D
D83
0A8
040
D0D
11D
367
DDA
C40
FE7
DCF
F6C
F67
2AD
3FB
FE4
E15
2DA
010
D29
2C2
1B4
176
E13
EF1
F23
DBB
B79
241
2B3
EAB
037
0A4
F6D
E48
F86
283
4AB
E7A
192
205
CF8
C55
04C
0C4
F10
FD4
F79
1B5
ACF
D36
1B7
174
F37
3C8
275
015
E76
DE5
2A3
FEF
EC7
249
242
AF9
D73
E52
F4D
F1A
F8C
3BB
246
D9F
F17
2F1
DDF
108
24D
34B
072
DC4
E3C
039
CF0
D31
463
FD5
E55
F2D
014
E69
F52
F89
589
28D
E75
287
0A3
DAD
EC9
1F8
104
123
D34
13A
EFA
B09
EE2
39B
08A
019
288
0BB
01E
CC6
161
3A9
07D
FB4
367
F50
BD5
E2E
E95
15F
E75
00F
263
FEC
AEA
197
140
F42
1C3
32A
271
EE5
D52
F9F
1D1
C20
17A
2C6
EB4
CD2
E69
F1A
F68
E6D
149
595
ECE
E8F
1AE
063
DEB
199
1D1
25F
F2D
D75
0F2
D15
B9F
0A9
2A3
EE9
06A
FD2
13B
E49
DCC
326
47B
F7E
0F7
305
CEE
DE8
E1B
198
084
E64
EF7
238
C3A
C16
252
099
0B1
120
2AB
14A
EF7
C89
376
01F
E7B
277
176
DC6
C78
E3C
F5F
057
DA1
3DA
222
D5D
E88
1BD
FBC
017
1C8
2F3
2F4
C2D
F55
08E
D7D
D07
35A
0B8
EC5
DD9
E6A
0F5
DC5
FE0
4C5
3AB
E04
1F0
002
EA4
E2E
0E9
23D
0EE
D29
FD4
06F
A56
EEE
18B
1CD
FCD
0C4
107
161
C4E
F99
548
00B
067
1D1
099
C9C
D32
E40
27D
E8C
EA9
318
F5A
BEA
F96
208
019
28F
115
481
F7F
CA6
FF0
162
DBB
067
2A7
F38
E8E
B9A
FA9
01A
E17
052
5DD
FB9
E8B
10C
FBD
013
EDA
23A
3B0
F5E
BDD
150
DC8
C6B
F86
23A
135
F12
EA9
0E9
03C
C42
331
3E8
117
02B
1F2
F65
E58
D21
16E
326
D00
F94
105
D65
BA3
09E
101
2F2
025
135
360
E12
CF6
271
1D4
EED
231
FDE
FEB
BB6
C66
122
0F4
DCA
29B
323
D76
EE8
001
220
0AD
091
2E7
400
C55
E35
128
E71
EAB
029
1C6
FDE
DBA
D19
254
D8C
EEF
474
31B
FA6
FBB
02D
048
F29
DD4
52B
142
D75
E90
FED
C30
E29
05B
2A0
1EC
DEB
1AF
14D
D9B
EAF
549
18F
161
FEA
FEA
F61
BBC
E3A
285
055
DD1
2D2
EDD
E04
D86
10A
2C6
1AE
01B
3F7
11A
BD5
050
0CC
0A4
F67
0FB
0D2
F8A
A5F
F15
1C5
DD5
13B
38C
11A
E37
F26
FFC
341
E91
17F
476
F9B
CCA
FA3
F39
DEF
FC4
FA2
368
DD4
D04
074
0DC
D91
28D
3E6
18F
0CF
E54
178
F5E
D3F
0F5
490
D73
E65
F0B
E77
DAB
DDA
1E6
3B7
FE2
EF8
3F5
DE4
E88
110
368
1D4
010
F83
0F6
D25
ADE
1F4
0DC
F5E
FA4
171
F35
E6C
D69
2F1
34F
EB7
2EC
38A
E99
CDF
05D
FA5
146
E31
141
14C
B62
C50
18A
FBB
EE3
2D5
206
24D
DA1
ECD
27F
074
E89
3FA
271
D54
E4F
D87
010
DE2
F18
23A
2B0
BEA
FF0
186
EB5
01C
1F6
3ED
206
E7F
F04
235
BC7
F59
2C5
12B
E6F
ECD
EE3
F50
D69
E4F
5F2
128
FA0
14D
1A4
DA2
FBB
040
355
11B
DBD
216
EDE
AEA
DBC
1FC
F7F
0B6
FAF
175
FB3
C79
0A9
429
0A8
00B
3DC
F6E
EA8
C81
FBB
178
E96
E87
310
EAF
ABA
F8A
F8E
0E9
06F
212
35E
077
C07
18D
12D
E38
163
2BE
FF5
D6A
CE2
EB9
0D1
BB6
1CC
392
F5B
DD6
0F6
01F
FFE
081
22D
54C
DED
E48
0DA
EFF
BBA
0F3
13F
093
E20
D3D
13D
D8F
D6B
2A3
48F
F2E
16C
078
05D
E79
E06
2CC
289
DD4
F21
1EB
BDC
D6F
E68
199
13A
F3A
0BA
2A4
D6D
D85
451
12E
1A5
0F8
238
F34
D4E
C14
245
FAF
D64
21A
0AE
D6A
D25
016
0F2
24E
ED1
464
1D1
CE7
F3A
1D1
FB8
F97
18E
0E8
0B3
AD6
E1A
0DD
DEE
E27
444
1B8
EA7
F4B
F1A
240
E81
111
498
1D9
C73
06B
E9B
E11
E97
02D
2C5
FAD
C9C
FA0
13A
BDF
12D
2EC
2BD
074
F8C
13C
072
CAC
00C
470
E83
F0A
FDB
EAA
CEB
D96
F99
3D4
FA0
E77
302
ED3
D1A
FC0
34E
1E8
189
EFD
24A
D66
ACC
075
150
EDC
FAE
14E
ED5
EAD
C51
26F
2CA
F31
234
48C
F0F
D4B
035
FDA
20E
E21
1A2
197
D0E
AB3
0C6
F3D
F2F
14B
1D8
23F
DCF
E44
18B
153
DE8
436
24D
F1B
DD9
E2E
F53
EEC
E12
214
2FD
BD5
F53
FE8
EEF
EF1
24B
341
334
E13
FD4
297
C90
EB4
290
271
EA7
F0E
DC9
FD7
C71
D73
480
1AB
F10
0C7
175
E45
051
FB5
4A3
1BE
E2F
0DE
09F
B3C
DAB
196
FC4
018
E5A
174
F95
C6B
EFE
489
030
0C9
2DF
05D
FBE
D22
08A
1F0
03C
DD2
395
E0D
BF8
DFD
FAD
0E7
FB0
0BD
326
0E9
B15
1E3
1A6
023
18A
2BB
138
F0B
C39
F72
0D3
BFD
143
2BC
F69
CFB
F62
F9F
147
F28
280
5D4
ED9
E74
123
FE0
D97
119
0DA
288
D50
CAE
075
DBE
C9F
1D1
39A
014
094
ED5
23F
EE7
E7D
3A1
487
E81
F9A
160
CE9
E1C
DAF
21F
126
E90
E98
271
C3B
E04
2B5
28F
264
FFB
142
12F
DD1
CBA
46A
05E
EC5
0BF
FCB
DCA
C73
DC8
21A
22A
D66
3A1
106
DA0
E3C
1EB
1BD
1AB
02E
1F0
174
A4A
ED5
0E6
EF3
EB7
24C
02C
F9A
C0E
EA4
311
F4B
0CF
46A
1D8
D2D
FAD
EEE
193
F21
054
3BC
F94
B51
F31
FE0
D08
0F0
0FC
3CA
FC4
DB4
102
1C7
D65
17A
4B9
053
FB5
D97
FCA
E9E
D72
FF3
443
DE5
DD1
068
E92
E91
FCE
2FC
3C6
0DA
E67
369
E2D
D87
142
26C
060
F42
E6D
F06
DF7
AA1
286
1ED
F44
07A
1FF
E99
F62
EC8
2F4
414
E73
1D9
142
D69
BB9
0B2
020
15B
E92
09F
180
C23
D19
242
20E
F3B
38C
1BD
145
D23
E7E
292
0AD
E5A
257
130
B7D
DA9
DC7
13E
ED5
030
34C
29F
BF2
FCB
285
FE4
162
1B1
3E3
029
C69
E06
210
CAC
F2F
30B
03A
E69
D74
F83
059
F25
067
685
0A9
E6F
0A1
0AC
EDB
F7C
149
28B
FB5
B2E
0E6
E73
CC9
F4D
299
124
069
EE5
125
0FE
CA1
2CD
475
08B
EFC
1C7
E34
E8B
CE4
0AC
33D
DA0
E4C
0F1
E40
BAB
1AA
184
355
FF8
118
267
E86
CF2
28C
2AE
ED7
0F1
F5C
FEF
C43
C8A
0F2
1E4
D97
210
28F
DC4
E69
F88
33E
1A2
08D
1A3
32C
BA0
D7F
162
F7C
F65
FC9
14B
FA3
CB4
CDA
355
F35
FF1
3DA
2AE
F01
E80
FDA
1E9
085
E3B
4EA
021
C65
D6D
FD3
E06
F65
014
33F
12A
B82
0E8
197
F2F
0C5
4A7
19D
0F5
DAB
F7B
0B4
C77
00A
378
FCE
CDB
FC5
E00
F59
DA6
17C
487
0B0
E3F
223
011
CF4
16B
1C7
326
F38
E65
FE2
EB7
A57
0E3
2BB
F35
02B
F2B
0AA
E2A
E09
22E
4BC
EF0
128
275
DFC
D9B
EAF
1DA
0F1
E92
EB9
24B
B59
CD1
0DD
168
0ED
0C9
17D
1A2
EB0
C9B
452
135
033
1A9
1C5
DE7
CEA
D62
0CF
053
D25
321
0F5
D0B
DA3
198
043
236
073
3A9
283
C0F
EF4
17F
ED3
EF9
320
004
F82
B55
E77
0F6
E43
F89
4DB
22E
DDB
094
FAB
196
EBE
171
43E
0F9
BF4
02C
F9A
C67
F2F
01A
2AD
EE8
D64
022
0DD
C7B
21B
4C6
12F
076
ED7
043
F1B
D8C
0F0
49C
D87
E26
022
DB6
CED
E9D
22A
2C2
FAE
E57
406
DB7
E17
1D7
357
1B0
FEF
004
091
D39
B36
316
0E6
E95
F6C
0E9
DDF
E40
DF8
340
380
EE5
315
2A5
D93
D65
18C
0BE
194
E77
1AE
0E3
A8E
D3F
178
FFA
E8E
24F
05E
117
C77
F79
3A8
0FB
FC9
44C
232
CEC
EEC
DEE
15C
E96
F1E
21E
FEB
A70
F8E
113
EBE
103
194
3AB
FCE
DCC
00C
2C0
D1C
163
39B
011
E32
CB7
F32
EE6
D86
F14
557
E41
E71
039
FB9
FAB
0A5
2B6
435
FDC
C6D
257
E85
D35
02C
275
004
EAC
D97
049
EE2
C19
347
323
02E
03E
1CB
F8B
F32
E94
35B
385
D3E
04C
10B
D39
C1C
07C
04C
199
DD4
050
137
C89
DD8
3C0
2B7
085
272
093
12F
C41
E86
352
FE9
D6B
169
02C
C1B
D46
E90
2A7
038
FDB
2C1
1EF
C31
FEF
2A4
0C8
1A3
091
276
EDF
B80
DE4
217
D30
01A
1FA
FBF
E2D
CCF
0B3
1FC
FBA
0FA
5CD
F41
E41
FE7
02C
FF8
F79
0CA
28F
E5D
AE5
0D3
E8C
E01
037
2CC
142
F64
E09
1F6
106
D78
408
37E
FE0
E08
F9C
E5F
F43
D31
252
2DA
C2B
EB6
FF5
EF1
DAB
24A
28D
3E1
E57
FFB
240
D87
E2A
331
280
EEE
F31
D75
FB6
BDA
E54
35B
17B
DD1
108
061
DBF
FE6
051
556
1F0
F7D
144
0D3
B8C
EF3
1A9
084
042
E59
136
E63
B6C
EB3
42E
F53
08D
298
0C0
F2C
DB0
127
301
03C
F03
408
D89
BCE
E01
FEF
06A
F35
04F
26E
EBA
ACD
2A6
0E6
06E
17F
2D1
1B2
ECD
CE5
148
156
C53
229
1CF
DA9
C16
E72
ED7
0F7
E13
2C8
40A
D11
ECD
1AE
0A0
FAE
228
275
2CD
C90
D88
11D
D26
D8F
264
20E
E69
EEF
DA5
1AA
E12
FC1
4BC
316
E93
0AA
0B4
E7D
F70
F84
48A
059
CAE
EF6
FBB
B6A
F3D
25C
152
0E7
E85
1B9
058
DF9
088
571
00B
08B
0B4
F4A
E80
C98
066
218
F33
D54
22E
D18
CB2
F22
267
2F7
06F
0A1
2B5
FE6
BB4
2D7
157
06E
FFE
092
F75
D1C
B9E
0A4
234
D0F
200
16A
F59
D7F
FAF
1A1
32A
F79
2F7
3D8
C48
DF0
029
04E
EEF
0CC
051
104
B0D
C77
169
F12
F9E
336
2A7
F1E
F5F
EDB
2DC
EF2
017
489
1B6
C8E
E51
F59
E20
F87
E75
41B
FAD
C70
FE6
1A5
D79
0E3
3E0
293
151
CE5
139
FF8
DA9
FFA
450
F05
DFE
E81
E15
EC5
CBA
1EA
387
032
D5A
2F6
EDD
EFB
0E8
34B
398
F2B
EC2
107
E00
ABD
1FC
18D
023
ECA
F7F
F6F
E0D
D49
2D2
49D
E84
268
1AC
F93
D9E
009
209
23C
D75
015
184
AC6
D4B
054
139
F99
0E3
0FC
1DA
CC0
EC0
4BE
0C5
104
2C4
20C
E39
E14
D82
2F7
EBD
E9F
341
F6A
C1C
E2D
096
FE4
189
024
479
04E
CB1
0FD
1F5
F2F
07D
2D8
09D
F03
AA2
FC3
FE2
CD5
057
39E
EA8
E1F
F98
F95
1C2
EAC
3AD
4B9
F77
D39
1FC
EDB
E8B
04D
1A2
224
C93
CEF
FC3
EE7
C19
360
2A3
0C8
F38
FD5
1A1
F13
EF9
3A3
442
CDC
089
F14
D51
D34
EC0
224
1AE
CC9
F87
19C
B58
FBA
2C1
31B
12E
08A
115
168
C99
F0D
4BA
F84
F2E
06C
FA6
C44
CE3
E55
39C
F81
E44
3AD
FEA
DD0
F8F
2B1
1C0
236
FE0
361
EBF
ADE
FF7
164
E5E
F9A
1D4
F49
E7B
B47
18B
1D6
EA4
1DD
49D
F83
DBA
FF6
03F
2EB
E67
2B4
24B
D27
B4C
0BE
E65
E39
11B
108
1E3
CA6
E11
239
090
E6D
481
383
FEB
EC0
E09
0F5
E7A
EA7
2EF
1C9
B68
EE8
EEE
E77
EE6
08A
3F8
1BD
E39
000
266
CD1
0CA
311
294
009
EB1
F89
FD0
C5C
E1F
485
EC5
E4B
FE6
F96
DD8
EAA
0E6
4FA
161
EC3
3A3
F1E
D7C
F97
283
10C
064
E14
188
D77
A4E
14D
1E0
FB0
037
240
F38
F49
D2D
379
325
F33
1C0
2D2
DBD
CB2
F91
FA7
162
D9A
110
12A
C19
C43
1F8
0D4
FE8
2CE
1D4
223
D5F
F56
2C4
008
E62
358
13D
D66
D52
D5C
0FD
DFD
F1B
2FC
1C8
C29
043
116
FBB
177
17E
492
0C1
D2D
F9F
22B
C1D
0E7
288
042
E52
C92
F08
F47
D96
FED
5C8
ED4
FAC
105
083
F06
03B
264
3D2
FB5
D4D
202
D55
CC0
F55
20C
06F
EFD
E62
07A
EF9
C3F
40F
34E
098
080
233
F70
EB1
E10
316
291
D62
0AA
08B
C2F
B8A
09F
05C
197
E87
1EA
222
CB9
E9F
3BE
1AD
023
2C4
0A9
044
C02
E92
2AC
F95
DA7
22A
FE8
B97
EB1
EE6
273
FD2
0F3
3DF
165
BF3
0B3
1C1
F38
155
13B
254
DEC
C15
EF6
0D0
C34
0B5
312
F6C
E8B
DC2
106
0C7
FD7
220
5EE
EA9
E49
0D1
ECB
F11
F68
263
1E1
DC8
BEA
1AC
D24
D8C
201
2E0
129
F9E
FEE
162
FD1
DCA
50E
29E
F0B
F91
09D
D77
D4C
E93
235
1EE
C33
0C2
032
C9F
E3E
2FA
217
258
FBC
184
1CD
C13
01E
39F
165
E38
184
EB6
DBB
B82
F07
2EF
F32
F5D
298
04B
C4F
104
0B7
2EB
0DA
101
361
E83
B14
01B
1C8
DCB
0D7
034
0D5
D45
C81
FF1
1C9
DFA
243
4DB
EC6
F34
F04
1C6
0B9
FC6
25B
3E1
CCA
D01
0F9
D7D
E8F
01A
215
07B
DEF
CFC
2CA
E2D
EFF
4EB
32F
05A
F17
02B
FD8
F2D
DAD
40D
108
CB6
ECB
F76
CC8
DFE
0C9
2AB
26B
D76
27C
12B
D56
016
456
1B9
01C
FBA
F2A
FBD
A6D
FFD
2C2
F14
D72
19C
EAE
D49
E0B
05B
49C
FD3
0FD
316
009
C22
17C
151
0B0
029
01E
140
CC7
B3F
036
226
D4D
1EF
14D
FEE
E1A
E58
251
20D
FB5
2A0
4AD
C89
E74
FCA
FE9
F94
F7E
10D
1B5
C1E
C50
1FD
E05
FBF
26F
317
05F
F1F
F40
27E
F3A
EF0
53F
0F0
E76
E17
F57
DA4
E51
E89
3B0
033
C30
0F4
FD7
DD6
FB0
405
2AD
243
E07
198
052
C31
0C9
367
00F
E17
FBF
D80
E2E
B92
161
374
F43
F42
28A
F7C
D39
0EA
1E0
42C
F5F
0D4
202
DF6
AF5
183
0D8
E7B
08C
FA8
06A
C50
D0C
1E9
2B6
E6F
393
327
F09
E53
F6D
22B
0D2
F9A
18B
2A6
A1D
D94
026
ECD
F5C
0CA
209
00F
D24
E01
394
E6C
0BF
4C4
280
ED9
E88
F61
FED
E17
E51
4C3
F41
C74
EBE
F5E
D3F
FA1
169
370
11E
D56
2AD
012
DCA
092
4AA
05E
044
ED2
F8B
EB2
B45
15A
2E0
EF1
DD4
21A
DED
E95
F5B
2A6
3D1
FA8
0C4
312
E9E
BD9
29D
130
10D
EE3
003
026
BE3
BDE
1FC
19B
DF3
30A
152
FFE
D44
F60
297
241
F44
2E1
328
B84
E3E
FB2
FCA
F00
033
0B2
0B4
AD7
E57
24C
E59
0FC
358
2C2
F42
F6E
F91
2AC
E76
078
485
FE6
C93
E6E
EED
D59
F37
F8A
432
EE9
CB0
0B7
03E
DF6
1E0
43A
1A6
119
E23
19F
ECE
CDD
0FD
340
E2C
E69
073
D36
E86
D4C
2E7
317
F48
F8A
405
DDB
E31
21A
1DD
277
F61
0D0
0AE
D2A
B2F
270
081
EA6
104
056
F4F
CA4
E87
2AB
263
EA0
494
1F8
D90
E92
0DB
089
02D
F94
12D
0EB
9AB
F25
091
E97
F18
2D4
18E
FA9
D58
F8A
31B
E18
158
46A
165
D34
006
EA7
EDC
E6A
FD6
3CB
E08
CE3
FAF
F85
CC4
16F
244
2F5
FE1
E80
25E
FEE
D62
210
4A5
E63
03D
EBD
E73
D18
CD5
189
272
E1F
F06
329
CF2
E9A
081
38D
23B
092
12E
241
CF1
C29
2F7
01F
F89
FAA
0A9
E41
D19
CE4
2F5
0B8
E2F
403
206
E27
E64
164
0B2
1D1
F7D
3C2
0DC
B35
EA7
065
DE2
EB4
213
098
FAD
B92
00C
194
E3C
167
50B
12C
EAE
0A3
F2E
105
E01
147
3C5
F43
BF0
028
E91
C0E
074
0CF
309
EF6
F19
19C
06C
D0D
379
475
01F
0D7
F8C
FDF
D5A
DC3
0F3
395
CB2
FB6
13C
CC2
D65
FA0
289
1FB
0C2
0AA
37E
CF1
EA2
312
1D3
FEB
0EF
10A
EF2
C4C
C1D
2BA
EB6
ECD
235
150
CA8
E7F
030
16F
20D
028
533
188
CC3
E72
223
DD1
FF5
1A6
175
F0A
B38
F11
009
DBE
F9C
558
073
F47
FA1
05E
0E5
EF5
236
4C8
02D
CDC
1C9
DC1
CED
F09
142
180
E96
DF5
08F
F3B
BCC
354
359
13D
0A8
122
001
EAA
D6D
202
318
CAE
10D
0A2
D61
C03
F5B
0A3
166
F0C
102
2FA
C4F
EA6
28D
1CB
022
346
163
0CA
C7A
D6F
231
EF9
E56
1E7
151
BF9
E53
E63
108
F3C
087
446
1B0
C69
01B
284
DD8
10B
1BC
2CC
F0E
C69
ED3
028
BDB
F1A
49C
F6A
EFC
EA0
07D
F2F
F06
113
602
052
E98
284
E34
D5E
F1D
240
10C
FA6
D3C
163
CDD
AF9
16F
265
014
088
226
FDD
F67
D00
32C
30B
FC4
186
29B
D05
C1B
F57
F89
12B
D91
198
152
C36
C8D
260
005
004
32C
25E
1C6
D3D
F33
1E9
FE1
DD3
3D5
106
C90
D75
E35
F33
DF3
FF7
2B7
23B
BF1
126
0D5
E0D
0E4
304
325
053
E85
F6B
0E1
AEB
03D
30A
FC8
DAE
F70
EFB
E07
DB3
08B
550
F4A
036
318
068
C94
0F6
21B
1F0
031
E8B
1FC
C44
B20
00F
1DE
E26
0D8
100
FD7
E28
D19
287
243
00F
215
4AF
D74
E83
F5E
07F
01C
F29
1CE
199
C8E
BD1
1ED
D99
F71
1EC
2CD
06C
EBA
F2C
223
FA6
ECB
59D
182
E81
E81
F73
DB1
EA5
EA1
314
15B
BEE
0AB
FF0
D72
F16
3DF
224
1DE
F32
190
0E5
C01
00D
368
034
E39
154
DD1
E20
C31
FC3
2BB
F12
F85
385
036
C1C
18A
0DD
2DA
0D4
14A
268
EDF
ADF
08A
0EB
D2E
172
0D5
FE2
CE7
D72
FED
1C3
E20
2FA
481
E51
F59
064
0B8
FA6
09D
17C
391
C51
D8D
10A
CFD
D18
16F
293
F31
F75
E72
21B
DAF
F36
4DB
30B
E87
117
0D6
DC5
E79
E79
379
040
DC7
018
0C7
A87
EA5
25A
07A
1B8
02C
270
FE1
D56
F0E
4A2
01A
040
2FC
FE3
D9B
C4E
F91
080
F05
E6C
48B
EE7
BF5
FC1
0D2
063
109
30A
328
0A1
BAE
20D
070
D9F
0E3
338
F7C
DC6
DB8
E83
FBC
C91
339
379
EFB
EB8
21E
F01
F52
0E6
2D7
3FC
E88
F76
103
D4A
B68
2BC
0BF
F40
F76
EE7
FE2
C77
DE6
2F5
361
E31
344
119
EC9
E43
FF6
255
147
EDD
13C
126
A12
DE7
039
F61
F2A
148
186
06D
C69
F62
414
E71
0E1
447
1E2
D8F
EEE
F03
073
E73
F5C
419
E84
C45
EF5
065
C9C
091
1A9
36B
058
E24
1B4
027
D7E
194
4C1
F0A
035
E79
F87
D2F
C6E
109
32D
E2D
ED0
2A9
D59
E22
029
323
24B
0BA
07A
375
DE6
BDB
2C8
017
F0D
03C
10C
E58
D3C
BB7
1E0
07A
E05
38A
2BD
E30
E50
160
045
14F
FCB
400
1C2
C3A
E0E
0C6
D60
DF0
22B
044
082
C30
F89
0CF
E49
F41
59A
226
ECC
187
F64
FAD
D62
0D3
32D
09C
C20
0C7
EF4
AFF
F37
10F
218
F88
055
0B5
08D
B8E
1B4
444
FEC
12D
25E
FA6
D8A
D2B
F0C
324
D8A
FF6
26A
DAD
BCC
056
0C7
055
183
1BC
497
E26
DFB
1A0
16F
DBC
2AF
20F
F8D
DFE
C54
00B
E61
DC2
1C3
413
CF0
FC2
08E
F18
FDB
0D5
47A
2A4
F2A
F2E
2AA
B71
E5D
219
119
FB8
EC5
ED1
F74
CE5
D87
476
0A0
007
25D
182
E05
EFF
070
2F1
124
E80
2CE
F50
B1E
DA8
181
E64
07F
054
1C2
F93
B3C
088
212
031
0AC
5A0
FBD
F4C
EBA
020
013
DFE
0AF
399
E8A
B82
096
DAB
E15
FD8
283
2A7
FD3
E55
1E9
058
CAA
432
384
11B
F04
FF3
EB3
DC1
C06
161
2B9
D57
02C
0F7
DB5
C9C
13E
1DA
3A4
FBB
245
2EC
CDA
DE1
256
1A3
EFE
14E
F91
F3C
B22
D6E
16F
019
E1B
39A
265
D12
FFA
F8A
1E3
090
1A6
3D6
22E
B15
ED9
0A7
CA6
F56
0D3
261
E5E
DCC
EC1
1A3
C24
08A
52C
169
006
08A
107
F03
EDD
014
497
F31
E04
0E3
E4C
AFB
EAF
148
085
144
E7C
2EC
E4E
CC8
198
3F1
F4E
1EC
303
F6B
E9D
C70
13D
0B1
DC3
FC4
329
C51
CA9
FAA
FB7
0B6
030
327
31D
ED8
D31
35B
F30
F49
2B2
275
FB4
D8C
DAA
F34
E6B
C66
3B1
1AE
E12
F3E
129
E83
EF7
121
402
3F2
D62
1E1
0C1
CD1
D2C
2B9
04A
FCD
E68
F89
F6D
B42
E87
33D
158
E8D
419
042
E9F
EA0
15F
2EA
0B2
FD2
301
039
A09
F55
F87
F48
F43
14B
148
F54
C5D
0B5
268
DC3
2B7
436
1BE
E76
F9D
FC7
031
D5D
115
446
D49
D3E
F73
E63
C8C
0E1
155
380
F39
F5C
291
EF9
D3A
293
3F8
FB8
1AB
F10
030
C8D
CFB
194
256
D93
066
1D4
C40
E41
FB5
28F
1D1
0F8
1FB
39F
CA0
E72
282
F1F
FB0
102
1D2
EF1
C53
CB2
238
DE4
EC2
49A
180
E5B
F07
0AA
086
0EF
016
54C
112
CAB
F6A
052
C30
EFB
1A8
0F6
027
C55
072
FC0
CE8
041
5B6
11C
0AD
201
FEB
FD3
D0F
1B9
373
FE3
DC2
27F
D19
B2B
EE4
042
127
F73
0B7
235
F4D
B58
350
1F7
0CD
20C
328
058
E17
D6E
00F
11F
C91
25F
23C
DCB
C79
002
EBD
FD3
00F
2DB
46D
D86
FCE
1FE
F00
DD2
39A
1E3
04A
E2F
E1D
FF3
C44
D8B
293
233
D2A
1F8
FC8
ED1
E38
0EC
3FE
257
EE5
259
21A
B0E
EEE
0E1
0BB
F61
006
FAE
F19
B37
E67
366
ED1
0E0
352
1C6
E3C
FBC
F74
2E5
F6A
014
3FC
EEA
BC4
ECF
F3C
D52
FE5
022
30C
E89
C90
13A
0E6
DD7
235
50F
01D
0A0
E75
0FC
E83
D4A
0ED
3A4
D5C
DF7
0CF
D16
D61
EBF
25E
293
029
02E
3A0
DB4
D81
310
216
031
10A
164
F2A
D2D
AF0
25F
FD6
DFC
17F
17E
D93
DA0
FF9
106
23D
F8A
471
2E6
D5A
DD5
253
E82
F62
168
13A
021
B3D
EAF
051
D54
E11
4F9
14C
F89
01D
0A2
04E
ED3
141
478
18C
C74
1FE
E57
C73
E0D
0F8
1C5
FC1
E6D
0B9
0EF
B09
141
2FE
193
133
2FA
098
EF6
D20
050
357
E00
FF6
224
DFF
B3C
F19
EF4
0B5
F47
12A
3F2
E40
D16
1EB
17C
E7C
343
1E4
1E9
DE8
D79
015
EE5
C91
1C5
346
D3F
F5F
E7F
F90
E62
FD4
355
4B4
E43
05E
27F
D4E
E62
137
296
040
F1F
E2D
096
B2F
D6E
2D7
09F
F34
174
186
E9D
F4B
EDA
4CA
13F
FF7
3A6
15F
B7A
E42
012
EFB
02F
F17
279
F3B
BF7
E84
24D
E35
10C
3FE
1E3
089
DFE
11D
0D4
ECD
F5F
4F7
E51
D10
F58
E83
E0C
E84
133
2CC
FAB
D17
31E
F17
D9D
1EB
3A5
250
09C
FAC
0B3
EBE
B18
257
16E
EB3
F31
1C0
D2A
DCA
E1A
20B
2D0
EEE
297
358
F10
CFB
2B6
004
0AC
012
12B
111
BE2
C53
09F
FB9
CF0
3BE
172
F9E
E13
FBE
195
051
F9C
51D
3A3
CE0
FFF
F4E
E5A
DC5
093
1D2
153
C04
FA4
0CB
B42
F34
356
2E9
031
18D
FD6
142
C88
015
45B
003
EF6
151
EDD
BE2
E07
EFC
2D8
ECB
FD0
28B
FCE
BA1
0A1
2A0
076
1DF
178
2F4
E6F
C5E
FD6
1EC
C8E
0F9
28A
E58
D86
D62
057
FBB
F1B
1D9
5B6
E90
EA8
1A0
FDF
F40
0EC
2EA
1EC
ED8
C98
1CD
C34
CEB
16B
220
F2A
F93
F4E
03A
EF6
D3C
557
304
FC5
12D
2E0
CDA
E23
F12
198
0FD
D91
0D4
047
B9E
C52
2C7
F84
16E
108
2B6
0CF
D14
F4C
33F
011
E91
4B9
F89
DD5
CB8
EED
F51
EB3
ECC
3CD
02C
BD2
102
FF4
FA8
032
3EF
2BF
0FC
CCF
0C2
051
C23
06F
2CA
FEF
E29
FCE
DD7
F72
BF1
1AF
4A3
F9B
FE9
2C6
F68
D62
0EF
18F
3DF
E98
02C
20A
D71
A54
0AD
0C7
EF8
0BF
086
0FE
D82
DD9
208
2F6
E91
38D
375
EB3
DDF
F06
0AA
F4B
EDB
192
2CC
AC8
D91
FE5
E88
E9B
1C9
2CB
21C
E9E
F11
310
DFF
019
3C8
307
E94
F60
DDB
EA8
CC6
DD2
3A0
04E
DBF
091
12D
C9D
012
101
409
1B0
F6B
2C0
063
BA4
F29
329
EBE
014
F98
055
D8A
C4F
F0B
329
FA6
04D
4A2
F28
ED4
EAA
1DF
113
077
0A3
453
E5B
B99
045
E52
DEF
FE1
216
07F
F3A
C4D
1C3
029
E00
36A
463
02D
F8F
0A0
F18
FE0
D17
2CE
269
D56
E45
0E5
D09
D4B
056
1EB
311
E57
172
1D4
E26
D62
3FD
1C0
096
126
07F
F7E
B7E
D79
194
0B6
CFD
361
0BB
D98
DED
086
1D3
189
0DC
447
270
B7B
05D
115
ECE
F2F
210
143
F32
B6A
DDB
0C4
C4B
0C0
3D6
244
E8E
0AE
FB2
0F5
E6B
152
4D6
FAD
DC2
086
E96
B4F
FF6
00F
276
E82
EAA
178
ED6
C3C
1CC
445
089
1EF
093
1A6
DED
D1E
12C
323
D87
060
1B4
CB5
C7B
DE9
18E
10F
FE1
17C
457
D45
E0E
25F
0E1
FF1
1BA
274
0B0
D39
C51
210
D63
E04
25D
22E
DC3
E2B
EE2
02B
056
F64
613
24E
E4E
FCA
177
D8F
F19
0AB
239
0FD
C1C
FF9
F43
BBE
DCA
40A
0BC
113
039
132
010
D3A
0BA
479
0D2
ECC
316
E65
D21
D11
031
126
F2A
EC5
2AD
F77
B34
0F8
11C
118
145
2BD
24E
FA4
BAF
171
121
D9C
19D
209
F16
C8F
E08
E48
066
D41
2C2
3A4
EA1
E74
180
00D
F32
1E1
232
3FA
D20
E0B
0BA
D4A
BF2
293
1E6
FA3
F1D
EAB
11F
D6E
EE7
378
3F8
E82
2ED
0DB
E32
E01
F49
2C8
0C2
E40
02B
166
9D0
E44
0A2
0FE
070
0F2
18F
101
CC8
F0F
43A
F08
0DE
2CB
171
D62
D94
E3A
0BF
E57
EC1
453
F25
C94
F2E
113
EBF
191
19B
514
070
D31
1DC
06B
CC0
075
333
F5F
EE9
CAE
FE4
E63
C94
14F
4AD
F91
F5C
232
F5E
F77
EA8
31C
337
F96
F00
28C
C6E
BDD
053
080
0D7
E80
090
132
E0C
BEE
3A0
17D
04D
2D4
24F
018
DB1
E56
1AA
10D
D02
2FD
067
C97
CD1
FC1
F9D
0A6
064
349
303
BCF
027
194
F8E
FB7
43F
11C
04B
CC6
EF8
027
C2C
ED4
397
0F9
CE9
FFF
E86
06C
E75
154
4D2
1BF
E53
21E
09E
C5A
04B
12D
271
F10
E44
FBB
EA3
A55
08C
2ED
F91
1A5
0F8
174
E86
E83
194
487
E3B
16C
314
D9A
C44
E09
033
018
F0C
FDE
398
C4C
D68
1E9
129
FE0
263
2E7
190
EAA
CE7
283
ECC
E1E
1E2
2A8
C9C
E25
E18
F68
F39
DEE
44C
27C
E27
F15
26E
E73
04D
124
3D9
1FE
D2F
F60
09A
BF1
CF9
3A0
016
049
EBF
02B
F99
D5F
F8D
52A
1BE
F7F
368
00C
E30
D5C
09A
1F0
02C
DC0
289
E72
A86
F7C
0A5
0D9
03B
26E
1DA
09F
B8F
24D
230
F54
10E
33F
FBB
DAF
D2D
EC6
10D
C52
15D
2DF
EB7
CB5
0E0
FB6
032
0E5
2A7
4EB
E18
E90
10D
F87
CC9
1EA
196
071
DE3
D18
068
D67
CEC
2BA
3F3
E34
1AF
02F
05C
E3A
FAC
3B2
2E6
E00
06C
150
B9E
DAD
F7C
1B9
FD3
F60
09F
1B1
B92
EB1
44C
0F6
179
266
28E
EBD
DD3
E23
3A8
EA4
EE2
2AC
F79
C1B
D80
002
08A
087
01A
4FB
FE1
CDF
0BE
1D9
F33
13C
28D
183
F7F
AC8
078
ED9
C81
FFD
3F3
EBB
EEB
F21
002
0A1
E23
357
4CA
FBF
E5C
23C
DDD
E4B
F77
180
1D5
DFD
E2C
074
D87
BBE
32D
1DA
16E
FF8
13B
10F
E48
DB3
3C2
2EF
DD4
1EC
FE1
DB0
BA4
F01
062
105
D83
227
215
C05
F0A
24E
1CA
0D2
286
228
21C
BC0
F31
1CC
ECF
EBA
24B
024
DD2
D14
DF3
23D
DD1
07A
4CF
19B
D3A
0DC
08F
FEC
026
0AF
497
F42
C9A
F83
013
B70
032
1C6
1CE
FA7
DA6
103
FDC
DC2
1C7
5F8
F9B
119
025
03D
DBD
DD0
11E
306
D9B
E33
216
C58
D38
F6D
276
200
0E1
0B9
3AD
DF7
CD1
2D8
19B
0A6
09A
163
EE1
D0D
BB7
26F
007
DFF
23E
256
E43
DB5
098
122
26A
F2B
4AB
268
D38
E50
122
E5C
EBD
0DE
145
06D
ABA
EEE
0E0
E78
EF0
4DE
21E
0A9
F25
FF5
19B
E05
0AA
46D
123
C5B
022
DCF
DC0
E33
090
36A
FCA
DB1
199
11C
C7A
1F9
313
2D6
014
FF8
0A4
F0D
B0F
03B
324
E0B
FBC
FCB
F65
C9C
DEB
06D
45C
E97
182
396
E49
E11
036
22D
0E8
07C
F74
20D
B4F
C00
0BC
0AB
E60
13E
1D8
034
E56
CE3
3E9
087
FBE
334
38E
DF7
ED6
ECE
FCD
FE3
D96
2E6
0CC
C71
DCB
16C
D78
052
175
388
20A
E06
079
1AC
E1E
F29
49E
059
F7A
D70
EB8
EE8
C8C
ED1
42F
043
DB2
1B8
F51
F49
F06
2C3
3E4
1B2
E07
2B6
F24
B1E
028
149
0A8
EEB
F35
FE5
ED5
AD2
250
3BF
FFC
1B3
2BD
012
E5C
ED8
0C2
37A
D7C
150
1C3
D89
BCB
F86
FAB
068
FB4
0C6
3FC
CC1
DDF
21F
1F4
F41
359
256
0E2
DAE
D6A
1CF
EA9
D68
231
27D
C85
F14
E6C
065
F51
FB8
424
2D1
DAD
FB8
21F
DA7
02C
09A
310
04D
CFA
E9E
05C
B62
E9A
3B9
093
025
F03
120
008
EA9
03C
5EF
0DB
F1B
183
F45
CFE
D90
062
1E9
00C
CC9
2B7
E4E
BE6
07C
288
1E7
181
18C
1D0
007
B46
258
294
EE6
FDA
1D6
E05
D0D
C9E
FF9
23B
DAB
1E5
32B
ED2
CA9
1B8
00E
1ED
03E
218
2FE
CBA
C89
090
F6E
D2C
215
066
0A8
C6F
DB8
190
F81
EC9
4CF
3EC
EC0
010
EBC
104
EC9
F66
371
225
B0C
EA9
F86
CD8
ECE
0B7
2F0
0C8
E62
F7D
2C6
CEB
110
451
24F
FD2
ED4
FA3
EA8
CA0
E54
48D
DEB
E88
0AF
F9F
DAD
F00
1B4
448
190
F08
451
F09
CA5
F83
298
017
026
EEF
122
DFA
A50
0BB
18F
F8D
092
343
F4E
F86
D84
295
2D3
F12
20F
341
DC1
BDA
FF9
EEA
063
E1F
149
1D1
CEA
C4C
1D8
01C
F61
308
2BA
22D
D59
E94
15D
FEE
D04
375
179
D4D
DBA
E06
005
E6F
F80
3A9
397
CC5
128
0F8
F3E
F8F
21A
33A
16F
D39
EFA
12C
AFC
F42
20E
0C7
EDA
F5E
F61
FFE
D30
023
5E9
0C8
007
1B3
050
D1F
EC9
FD9
376
EE5
D9B
154
E16
BD1
F05
216
0A8
1C3
FE2
2FB
EF7
CCF
1BB
3B1
F9F
0D6
236
EAC
E03
B61
148
132
E71
0A9
294
D4D
D78
023
11D
272
F94
307
308
E0C
C5E
25B
ED8
FA0
0BD
0F9
045
C4B
C7F
0AE
FA0
DB4
4A0
273
FA3
F1D
036
146
045
F44
3E0
298
B58
EF0
F04
E0E
DC0
08B
195
196
C15
F80
1F9
C81
0CF
3D3
2DB
F9A
F91
EEC
146
BB4
F6E
412
FB1
DF3
F84
F38
D63
E62
F65
551
05C
F23
2B7
09D
CBF
0E4
285
1AB
0F2
E39
18A
D1A
B00
FFB
324
ED1
07C
0A6
FDB
EB3
CEE
322
356
00F
0BB
3FD
D62
DFF
EA3
07B
10A
E0D
03B
1C7
CBF
B55
22D
FEF
0A1
130
2DA
20B
E97
DBA
318
0B9
DE1
3C5
16E
E87
CA0
DEE
F8C
023
DD5
39B
22F
C20
F93
060
052
03E
244
387
2AE
C47
F88
163
D36
EAD
258
0BE
E7D
DCB
DF5
164
C6B
041
4C0
1DC
EE4
131
052
F32
EFF
04E
4E0
F1B
D7F
072
F39
AE9
F59
0E6
235
FFE
E50
239
F9E
D6C
191
4F9
006
0FF
030
0A8
E45
C43
0B7
294
E84
EC5
250
D0F
D98
E1A
2D1
267
003
0B5
401
E37
CA1
297
0F9
121
001
117
023
CD3
AC9
227
F73
DE9
25E
1B3
FCE
D60
FAE
243
245
EDD
450
239
CEE
DDB
FDD
F66
ED1
F92
16C
19D
ABE
EEF
12F
F29
F9A
3D8
2DE
070
E4D
EF3
2ED
DE0
FE1
441
0FE
C63
F03
DB1
FB5
E22
034
47D
00C
D9C
107
1A4
DB2
1B3
1FD
409
033
D9F
0A0
F52
B3F
FAF
39D
F20
F8D
DFF
063
E7B
D73
18F
5C1
FE2
030
285
F1F
E99
E65
251
1ED
F09
D9A
199
C29
BFA
07A
1B7
0E2
FC0
0D2
160
EC8
C61
458
295
F9D
1A9
180
ED4
CDC
D50
0A5
22A
C7B
272
0DF
CE5
D30
111
11F
1DE
0D8
2A5
28C
C16
EE3
1AF
076
EB9
1C1
003
F70
B40
D4B
217
E93
F35
3C7
202
D51
FF8
EFB
25A
F8D
0BC
476
0CC
B65
F04
036
CEF
FA6
038
29D
ECF
C6B
FA0
1D3
D41
159
4E5
1CA
04F
E33
100
FEE
D8E
01C
4AD
DDD
D3E
F7D
DC8
E14
E6E
224
35F
05A
D7F
314
EF8
E2A
12D
3C0
199
F43
ED6
FF8
E01
B1F
26B
19F
EE5
E9D
06D
F0C
E97
E56
398
404
E8A
1F6
1FF
E5C
CE8
0FB
086
197
E21
FFC
102
ACC
CB0
199
1B5
F67
247
0A9
156
D10
F2B
3E9
1BB
EF4
308
085
C6F
D4C
D76
160
F1D
EA7
211
12C
AE4
F38
257
029
20F
12D
3F7
057
CE8
EEE
27F
D4B
00F
249
FBE
D9D
C15
F04
0B4
E67
00A
5B8
F3E
ECB
036
13B
07F
00D
199
38A
F4B
B24
121
E4B
D9E
FD1
26B
05F
EEE
CA8
11F
0B7
D28
3F4
48C
07B
ED1
081
ED6
F8D
D53
203
32C
CD6
DF5
FE5
E03
CE3
138
1D7
364
EA3
040
244
E2C
DAD
2FC
27F
F44
044
E70
050
BDE
D09
207
1F1
D04
120
0BC
DEF
EF0
FB7
44E
256
FDF
1B1
256
B2E
E23
0CE
09B
FF9
E86
0A9
F10
BB1
D5C
465
F24
0D5
260
1CF
F2D
E4A
041
320
07D
EA9
41E
E4B
C3C
DC8
02F
FCA
F70
F8F
2A9
00C
B18
15C
194
086
0F6
3E8
14E
FA8
C0B
FFA
1A3
CF5
078
2C2
EEC
C4F
F1F
E9B
1A0
E7A
298
4B1
EEA
DA6
18F
00C
EAD
1D9
121
2AF
D04
CD4
FF4
E96
BED
273
277
FA0
F89
E4E
1AF
F3D
F3C
3D5
520
DA9
FFC
072
E4A
E07
E6A
23F
1B4
D36
DA6
1C0
C08
EDF
22D
328
164
042
09F
154
DF1
DEB
519
0C8
EF8
FC1
FFC
D43
CF0
E00
313
175
D6F
2F5
017
D16
F3A
31D
229
26D
F50
28D
0A7
ABC
F2A
1E9
F5E
F02
0F9
F27
F5E
B9F
02F
381
FA3
0D1
402
0A1
D4D
FB2
FB0
2F7
EDC
FBB
1FF
E62
A48
FB2
071
F35
131
0CF
2B0
E36
DA5
162
2B3
E84
2CF
37C
F71
DF7
CFB
074
FB5
DE9
052
351
C06
D48
FF2
001
FFC
0A5
358
3B3
ECF
D3D
321
EBD
F09
175
243
F8B
DB0
D02
FE7
E4B
CF8
447
22D
EB9
F50
0E6
FC7
FE3
026
450
37D
D35
00F
0A4
D44
D27
20D
091
0F0
D09
FB9
09B
CBB
EE1
4A6
253
F83
1FA
FA3
0A6
D38
F9C
3A9
0DE
D19
06B
F1D
BD6
E87
00B
39F
FCC
FC9
1D0
149
BB9
0E5
3CD
0FB
0E6
FFD
104
E37
C75
EE3
38D
DA3
FE0
1A3
EF7
CEB
E17
171
2B7
0C0
049
491
DD9
D67
00C
12E
F8E
017
0A4
092
DBF
A4D
14D
048
F1D
1C4
33D
FC7
F51
E02
1A0
2A6
E4A
345
371
DD1
C5B
F6E
E9C
02E
E83
18E
29C
C46
DC5
14F
FEC
E7E
3EF
270
263
DE1
ECF
17E
EEE
DCA
2FB
237
CBB
E9D
CF1
FA9
DE2
FD9
3B4
345
D1C
0CE
23C
E06
0A8
186
373
06B
D94
E7A
0F2
AB2
E6C
310
083
F3F
F0E
FDC
F5B
E5C
FA6
637
13F
F89
1B5
075
DD7
E7E
0D7
289
0EE
C5F
16D
DCE
B82
F1D
313
0E1
0D7
084
14B
066
C35
22C
396
014
F4A
23F
E0C
D1B
CD2
FB1
274
E10
FF4
2B1
EE7
BC8
1AA
1A3
26D
11A
1BF
26F
DEC
C53
18A
1B5
D9F
1C9
074
F9A
C81
CDA
09D
17C
E43
30B
459
E0A
F38
FC6
1C3
0B2
06C
188
2C8
B8E
CA8
119
E0D
F37
078
277
02B
DDA
D88
372
F67
F7B
491
2CB
F12
E8A
FA4
FCB
F82
DED
374
0F1
BD5
E24
065
DE3
F4F
259
2DB
2A8
D21
0EA
1A1
E0F
EF1
492
0FB
F7C
E5D
E48
FF7
B56
F38
387
139
D15
169
FA6
F05
F4C
14C
4B8
155
EF4
18E
0B7
AD3
063
159
0BD
E86
E29
01B
ED5
BBF
037
4F1
F60
12A
183
0A7
E0A
EF8
11A
41E
F2A
F0A
2C4
C9C
B93
EC3
12D
00B
09F
FE8
2B0
DE3
BFF
2CE
27D
055
1BF
344
F61
E64
BD1
1AD
08C
D9F
11D
1EC
D16
C51
000
FF6
24A
F75
354
338
DD3
DB0
2BA
065
EDE
275
0CF
10C
BEB
CDB
05D
F80
D34
3C6
1CF
E3C
F6A
F86
1EB
F96
0CC
3BB
3A7
BAF
F90
FF4
D9E
F1F
025
216
FAC
D23
E11
1AD
CDE
007
3E9
2DE
035
FEB
FD6
04E
E64
EB2
59E
FDC
D38
F1F
EB1
C38
EB4
084
28E
115
CF4
222
067
DB2
044
4D0
148
112
F68
043
F1C
B40
040
2D7
F2D
DC9
17A
E11
E3A
D62
1FB
3C2
0A5
049
327
FC8
BE2
138
068
1EB
F57
FA3
050
D90
A19
12C
2C7
E4A
215
154
116
E43
EE2
1F3
41F
E95
22C
383
D1D
D09
EC1
025
EE4
F91
FDC
283
BC6
D67
22C
FD6
FC5
278
378
082
EE1
D36
2A9
F4B
EB0
25E
232
CA9
DA2
EBD
EB2
048
E7E
430
27B
E03
ECE
270
ECC
007
28A
22D
1B1
C93
EE9
FC3
D1E
D30
458
01D
EA5
EB0
F55
04A
DE4
080
521
356
CFA
23F
FCF
E6F
EE8
0E3
28E
00D
CEC
FC5
FA2
A6B
FBD
276
198
FF8
0BD
086
094
D0B
101
549
FAD
016
11D
F92
BC7
E0B
F9E
279
F0B
EA8
300
E45
CBE
06B
378
0C0
258
0C9
2BE
EBB
BD1
0ED
207
E91
FA6
212
D43
D7A
BE6
136
1C8
E93
1D5
40D
EC3
CC5
24B
032
1D2
054
22F
1F6
DB4
B54
16F
F48
D85
21E
1D9
014
D54
EB9
101
153
E7A
4BB
399
DD8
F07
F6A
00E
E5C
FA3
149
2E0
A79
DAD
0C1
D7D
E3E
267
319
0C8
F3F
EEE
2F2
DF1
FC4
42A
24F
DF6
F7C
F31
E10
DF8
E3F
3AE
0B6
D48
07A
144
C6B
012
242
33A
212
E67
1DA
FD2
C6E
E66
398
F38
F23
F6B
F2C
E4C
C38
FAF
45A
12B
E13
41A
F9F
DD8
F2D
1CD
2BA
0AC
F23
1C6
EE6
9A8
FA8
095
FE2
F3F
1CC
071
F2D
C6C
167
44A
EC4
229
376
FFE
CE5
F33
FDC
18C
E08
044
311
D26
B9A
016
0C2
E8C
275
1DC
3F7
EAA
D82
247
10C
E0A
280
37B
E77
E05
C7E
02B
E7E
DAD
22E
3B1
D50
DF8
184
EF5
0FD
084
3FD
29A
EAF
DD9
1D0
D9F
D0A
2C9
123
00A
D25
EA7
F11
E6C
D4B
56C
2AC
EF4
132
0C4
F02
EF8
0E8
355
2C5
C39
076
034
BCE
CE0
143
0C2
07E
FD7
FEB
1AE
BC7
084
43C
217
F43
2FF
074
DF7
D0E
E44
315
ED6
EC7
129
045
A9B
FA9
085
146
190
0A0
3D1
036
CDC
031
3CF
E07
0E8
1F2
040
D3D
C0E
EC9
143
E13
F31
57C
EDD
E6C
F94
14D
10A
0ED
194
3DD
F5B
BB6
14E
EE6
DF2
F6D
29E
01D
E85
C41
109
0B9
D56
361
459
034
EBA
0F6
F0D
FEE
E65
27E
3C6
D1A
D24
062
DC4
C4A
11D
0E2
2A5
E9F
FD9
170
EE7
D6C
3E8
3D8
F26
197
F70
FC8
CCB
D9B
150
1EC
C8C
05D
10D
BCB
E01
04E
32C
1DD
057
148
332
C14
EAB
2D0
0D7
02A
045
0D6
DFA
C0D
CA5
2FE
F53
F00
32F
183
E0F
EFB
114
18C
23A
F52
426
078
B73
E19
11E
EB1
F2F
1E7
049
034
A81
075
1FE
FA3
039
5BF
141
ECA
F9B
F6E
13F
E02
0CE
309
F7F
B26
FE2
E56
D75
FFE
1A7
337
F83
DD2
0F7
19B
CE5
2AD
38C
108
EAE
EFB
FB2
E2D
C28
014
46E
D10
EDE
020
EC2
D73
034
260
3F7
03B
F59
377
DBE
CE8
199
25F
F8D
FE9
E6F
F9E
CDE
B57
241
185
F98
109
34F
DDF
EE6
EE2
333
289
F72
1C8
236
CBA
C4B
111
EE1
009
F66
12A
0C0
C4C
D4A
2ED
0DB
ECF
4D0
20B
FB3
DD3
F7B
13E
011
DEB
30C
176
ADA
EA3
F20
F39
EE4
1B0
288
26D
C9C
FFC
252
E6E
102
390
24E
E98
EDD
E2F
0A1
C79
EFC
40D
037
D42
F9D
FEE
DE1
FBE
0A0
539
0D5
E97
1CE
00E
BAD
FA4
278
F91
FF9
D4E
0AC
DE1
BD7
F8E
42E
F8F
072
280
FEF
FB8
E04
22B
30A
003
F1B
36B
D96
B91
F26
FC3
0B3
F9B
0EC
138
EB0
ADD
2B6
184
FA6
284
36A
0B6
E32
E24
06A
1E1
CFB
241
215
D35
C12
F0B
F62
00C
051
229
436
D07
EE8
1A9
028
EBB
364
262
09E
D7D
C88
0AB
CB6
D8E
20E
302
CAD
FD6
F49
FE6
F91
FC8
4C6
349
E6E
00D
256
BB7
EDB
0AA
219
FF3
DFA
EF4
FFF
C08
D10
4CC
04E
0C5
12F
1DC
EEE
E5F
F6D
497
135
DBF
2E5
ED7
C58
CF7
093
043
096
E92
242
057
AEC
074
2C2
11A
0BE
404
146
FA2
C7B
F9F
1F6
D6F
008
2F9
F5E
B84
EC1
E6D
139
F08
233
47A
FBB
CFB
13B
10A
E07
23D
1B8
28C
DF1
C8C
F7F
F58
C01
0E9
397
E3E
F91
F47
065
F48
FD0
282
57C
E48
F39
233
D6E
E09
F90
24D
04E
E9D
D44
199
BEB
CB7
346
2DB
0C9
0F1
171
FD9
EF4
D41
3CF
212
F04
0D0
120
C5F
C8C
F65
015
170
DBB
1F8
1A7
CFC
D57
379
098
0F5
2A6
202
0E6
C02
EBB
18E
F5B
D8F
3AA
FB7
CF0
DE9
E5E
11A
F8C
0C8
3FB
285
BFB
186
0EF
EDB
040
242
29E
F89
C41
E13
143
B20
00E
318
0E8
E6A
FDB
FF9
08F
E8B
109
68F
FB2
F6B
0D6
F81
C3A
F3B
087
20F
FC1
CD2
1B9
DFA
BD4
036
35C
020
1EB
119
160
F3B
C86
24B
32E
EDD
F59
220
CAB
D4B
CE3
0D0
179
EBF
0D9
30B
DF1
C72
361
0C2
196
141
2EB
204
DDB
C17
17D
FCE
CB2
307
0B1
EE3
CCA
EB1
014
0EC
EF7
426
417
D73
FBA
0BE
00D
EBA
192
1D2
1E5
C05
E6B
123
C0E
E03
2B2
294
EDC
FED
F00
1B5
DD6
FFD
55B
224
E14
0F2
07E
C51
E64
ED2
2B3
F5A
DB0
136
041
B02
F0E
36F
0E3
1DB
06E
298
FF8
D73
FB2
4B7
E92
F95
2AC
ECB
D30
C2D
FD3
0FE
011
FAA
499
ED7
CCE
0DF
0BB
08D
0FA
238
27A
F90
B0E
12E
FCE
D39
0AE
222
F3D
D81
E01
F33
0A2
D66
3A4
48E
031
E85
1B5
F58
F1D
063
1B3
356
D84
DE0
FEC
DBF
B88
241
1BF
0A7
FBE
F2D
133
DB1
E69
3B3
3FB
E3A
258
0EA
E41
CA8
E65
1D9
066
DFB
04C
1FD
A78
EB9
133
1A3
154
136
277
1B7
C7D
D8A
3BB
F09
038
1D0
0F0
D1A
CC7
DA1
113
F6F
E3C
4F7
090
DA4
F38
1B8
FD3
169
117
3A7
0D7
C17
034
FC8
D0E
F35
336
F31
F9E
D09
FE5
FFA
D28
1BB
51C
157
F0F
262
F11
F7A
E4F
179
312
F31
D26
114
E15
AC4
0BA
12F
15D
FD5
06B
1A8
F54
C94
2E9
410
F1B
1E3
168
F85
C4D
D79
FE2
1D0
D1D
110
25C
BFA
D60
FF4
142
030
203
212
42D
CC0
DF5
24C
F93
E48
1DC
1BC
F03
D75
C13
12F
DFA
E2F
34C
2EE
D82
FCA
12B
F49
0E2
FF4
4B1
19D
DBD
ECC
0E7
B9D
E42
1AF
0BD
FF8
CE4
047
00F
D05
EF2
56B
0AB
04D
200
01C
EFD
D80
064
2C5
08E
D35
2C3
DC8
AE0
DD3
0C4
11E
05E
043
1DF
110
B2E
2E2
27D
0A1
12A
33C
062
E13
CD3
F35
168
C99
125
22F
E63
C5A
FCC
F8B
040
07F
296
54C
E2E
E57
19A
015
CFD
272
1AB
111
D56
D1B
0A6
D8A
CB0
271
42D
E09
0CF
010
036
E9E
F6C
3F2
34A
EA1
00D
290
B67
DFB
F4B
157
028
F04
FF5
162
C02
D7F
451
08F
107
232
294
F2D
DF6
E5C
3A0
014
E4A
30A
F91
C18
D08
006
F4E
07E
F33
469
105
C41
06B
209
F31
06A
40C
193
077
BD7
FD9
FFF
C68
FDA
37E
F5E
CB8
00F
EE3
003
E1C
2BE
4DC
049
EAD
302
F47
CA9
131
176
284
E27
EAB
021
DB0
A39
0F1
246
F95
14E
0BD
0D5
E61
ECD
281
404
E53
281
27D
D01
CC8
F6C
07B
FC3
FAD
019
2AC
B4B
DC7
143
03E
FF2
301
2C5
178
E9E
D3E
2E3
DF2
EE5
2DB
200
CC5
E01
E61
EFB
EDF
E7E
507
14E
E1E
03C
1DE
D76
0B2
26B
33F
19C
D51
0F5
F6B
C3C
E24
3B6
F48
F52
F43
F77
F10
CED
095
45C
152
F1E
462
F23
DEE
E9A
106
189
F8E
F0E
1E5
E2A
9AA
030
018
FE1
013
294
15C
F4A
C82
213
267
DE4
347
34F
F6D
D14
E83
EC4
FF6
D3B
16E
339
CDF
D8F
0C5
F2B
E52
2A9
268
3DE
E79
F7C
1F2
E49
D63
2BA
27A
E26
FDD
E2A
FC9
C29
E05
33F
240
E27
21D
174
D1B
F80
043
41A
1A9
FCC
135
14B
AE4
DB0
1BF
F3F
FD0
016
172
EB6
CD1
E51
3AE
EFE
104
4BA
100
E9B
E7E
075
042
FD7
F2F
429
E8C
BF5
EEA
F31
E12
FDE
24C
269
094
CA4
2CD
06C
E49
1DA
497
043
F8E
EE2
F4B
EC4
B63
194
21F
E82
DF7
1BD
D48
DC5
FA6
268
409
EDD
0F2
2E2
E1C
C08
27B
0A2
08A
FE7
03D
02B
BF3
CAB
16E
0F2
D81
373
18C
F7C
E37
FD1
2B6
144
FEA
36D
36A
B85
F07
F4C
EC6
EAC
058
1D4
06D
B75
E3F
230
D12
0C3
3E6
31C
02B
024
FBA
0F2
D65
F5C
4FD
F94
DB9
FB8
EBB
C68
E3C
FB4
376
FEB
E9E
2DE
020
CE1
068
377
0AF
1AF
FBC
251
E00
B6C
FC0
1E4
DA7
037
241
DC5
E25
CBC
214
1E6
FEE
227
502
DC2
DAB
185
F81
028
FAA
260
0ED
D38
B77
1B2
DAD
DA4
281
242
096
E8A
F87
0B2
FEB
E15
5D8
2CC
E9F
F9B
004
DFA
D27
F58
1CF
1A8
BC2
118
002
C2F
E86
2BA
202
283
14D
147
1DE
BA2
00B
326
061
EB7
254
ED9
E09
C86
E7A
265
E99
011
3CA
07E
C45
0E4
07C
174
0B8
1C5
408
EF5
CA7
FF3
0BC
C19
11D
156
049
DF7
CD8
04C
FB2
D99
2CA
591
F16
0A7
03D
FF9
E97
F39
230
320
DAB
E10
1DC
BE2
D11
FF4
225
082
026
F8E
26A
D0E
DB4
48E
1DA
098
19D
221
E3A
D6E
CC7
231
F9D
DEF
200
01F
C3F
D6C
091
06E
1D2
FF9
492
108
CBC
FED
253
E7D
07C
2E7
0AF
F92
B9E
F75
F1A
D3A
F7B
4AD
F6D
E83
032
F1A
06D
E5D
301
4D0
0C3
E1B
2BD
E45
C5A
FD2
09C
1C7
E9D
EAE
056
E3E
A66
2E0
294
07D
138
219
0DA
DEF
E95
293
36E
D8F
25B
133
D4B
BD8
EF1
F72
FDA
F35
174
316
BA1
F3E
1F8
079
024
380
265
17D
DB6
E1A
203
D6F
E7E
29D
1DE
CFB
ED8
E38
FCD
E48
FB8
511
233
ECD
15A
191
CD1
0AE
100
311
044
DBF
04D
F21
A81
F0B
30E
E59
0D0
019
154
ECF
D44
10D
459
F7E
129
411
E93
DD0
E0D
109
FAF
F63
FBA
303
CE1
B30
0AF
F4D
FC6
0EF
2D4
1A8
FB1
D5F
35B
F91
E91
336
2F2
F8D
DB4
F07
EAC
E80
C44
3EE
189
D8F
F89
139
DE6
F19
1D2
34B
3D4
E67
1EF
0F3
CB1
DCD
310
02B
F45
F7C
F15
F9A
AC1
EEF
32C
0B6
F2D
44E
05F
EBF
EBD
0ED
2F8
019
0CB
367
FD4
A1B
001
F33
EF1
FA9
15C
19A
EB6
C01
0F1
1AA
D92
3DD
3F8
165
F54
F95
FFB
FCC
D28
1B0
442
CDB
E4C
F35
EC4
C9F
FE7
203
391
ED7
FB6
2CD
D3E
E19
2A0
305
0C1
07A
F62
0E5
BC9
CB0
27B
02A
E04
144
0F3
D0B
E85
EBB
3A6
0C7
054
3E9
227
C3B
ECE
135
F09
096
FD7
273
EE3
B77
DFA
10A
D2E
067
3D2
0EA
066
E0F
0E0
0B2
F3B
06A
5F2
F98
E3D
FD1
E59
DF7
DD3
108
239
F9A
CE4
23B
D88
D2A
0DA
329
1E1
0E2
0AE
231
F2F
BD7
3A1
1CB
F23
00B
0AF
DE0
C86
C9C
106
134
D39
2AD
247
DB8
DCA
214
07A
197
13B
328
294
BB3
E3D
0C6
DD3
DAD
2E1
FF5
FB3
C8F
EC5
0FD
E30
FB5
558
29E
E0A
104
F88
07B
E18
160
3C1
FCD
CCA
0C2
EEF
A7D
F96
116
1E3
F55
FE9
100
089
BF3
2B6
449
030
1C6
187
089
D46
D78
FD4
2A6
D1B
09C
259
D1C
CCD
F4D
0FA
0BC
11D
1ED
470
D11
E57
203
05D
EBF
1CD
271
F8C
D5E
C0C
122
D5F
DBD
2CD
2A0
DA1
FF3
FD2
05C
FCB
F88
59D
1CF
E48
072
124
B7B
EB7
0A5
1FC
003
D0E
0A9
F27
B4F
E85
3F6
FB8
1AB
168
110
F3D
D1F
0E7
378
FEE
F71
3AE
D76
C9D
D1C
FE4
01A
F7B
033
369
E3A
C29
227
093
0AE
1B2
37E
1D0
F60
CB9
1C5
FA9
C84
233
211
E7B
DA0
E89
E19
F4E
D1A
431
327
E2E
01C
221
ED6
E02
221
248
30A
D0F
0C1
04A
BBB
C95
285
0C5
F73
072
F82
058
C1B
053
40F
174
FBE
48F
07F
E17
E7A
FEC
24B
ED8
F52
1BE
F97
9D2
F78
FFC
F44
02E
1BA
2AD
F4F
D70
1B5
2C7
D6D
357
39F
092
DED
DC0
F4E
EE3
D50
0A0
3AB
CA2
E83
FD7
E70
E19
0EC
2BA
3D3
F39
004
2E1
D0E
E56
1BF
243
F18
FE0
E8F
018
B44
CCD
308
042
F24
207
20E
DE1
EFE
F28
3DE
145
FFA
367
133
BC4
D9D
0DE
E7A
069
FC3
280
EAE
BCD
F0E
1F4
E4A
0A5
451
136
055
E30
185
0C7
E92
104
4E9
E5E
D88
FAF
E08
D96
DB6
142
2C7
F92
DB1
2FA
E09
DFF
1E1
3C1
1D5
069
00F
096
E10
B07
2D6
0C8
E61
FB7
0C7
DA8
D17
DCF
20E
258
E7A
3CA
25E
DCA
E7E
24D
09B
15E
015
234
12E
A84
DA2
0E8
DE1
E71
31F
05D
03B
CC6
FEF
22B
ECE
09D
57C
200
D82
08B
EC1
FAF
DBD
0F4
316
EF2
BD5
096
F0D
B57
0D0
1B6
302
FF4
04B
189
019
BD3
2B6
3FA
FD8
130
084
F65
C50
D25
022
334
C9B
0E7
18B
D1C
D8B
01F
254
175
0F6
1B6
3C4
BEA
E1F
1DA
017
E95
15A
118
F33
CCA
CBA
15C
D68
F55
305
293
D99
FF9
FC6
074
FB3
001
553
106
D33
FA8
05E
BEA
FD8
074
1CF
F5C
D35
057
FCD
BFD
016
536
022
1B2
0C3
0FD
EE0
D88
122
39A
EE0
F51
259
D0E
CAF
DF7
0DB
128
FF6
03B
350
DEB
D0E
28C
100
0E1
20A
337
072
E77
C16
1F0
F57
D7F
25E
16B
DED
D1B
E9D
F49
007
E7C
58F
29C
E2A
03A
1DB
E5B
F7F
1F1
2D1
16C
B93
FD3
FA4
BD6
D82
3B6
049
F31
FE2
FA4
0BB
D07
153
488
188
EA6
38A
F0D
DEB
E0A
0A1
1EF
F0D
F2F
179
E6D
9F4
0DD
09C
147
0EB
25F
21C
F06
CA3
220
2EE
DD5
32F
247
FAB
C93
E71
F19
031
D08
1F5
2CD
C39
E7D
05D
FA1
F71
246
2EF
386
D7E
FB8
1BA
D7B
E4B
281
202
E90
EB1
D88
039
B50
E8E
3DE
1A0
E74
1D9
0F8
DF9
FD2
027
534
079
F4A
19E
FFB
AAE
F03
0E4
FB5
032
FA4
180
DCD
C93
FD0
3B4
E55
1F0
37A
0D0
F0F
E03
134
1E0
F03
084
449
C65
CEE
EB8
F02
E7A
FED
208
27F
E02
CFF
334
EC5
F86
340
434
05A
F4A
EA1
0BC
D8B
D2C
34B
0FA
D93
EB4
04F
CED
EDF
ED1
3E0
24C
EAF
27D
1A9
D6D
F43
2FE
13A
1BE
E5A
13A
E9C
B02
DFA
301
EEF
F88
230
ED6
F84
D13
17A
2D2
074
039
543
F7E
CC6
00E
FAD
066
E6F
107
1D5
E35
A32
116
EDC
E26
0F7
34A
1B8
F09
EDE
11F
132
D83
429
35F
EDC
E00
FDF
E44
E36
DE6
24C
2F4
C6F
FE4
09D
D9B
E02
325
261
2B0
F3E
0C2
1EA
C28
EB1
2E7
180
E39
133
E78
E6D
BE7
EA6
306
FF8
EEA
25D
172
CB8
039
06E
309
04E
12B
326
FCC
B1A
F91
10D
D96
04B
0B4
148
D99
CF8
F8C
216
D32
2E0
4C8
FC7
F99
013
061
021
FFE
101
480
C9E
DB0
FF5
DCD
CF1
03B
214
117
ED3
DCB
31A
D62
EBE
376
3D2
F91
13B
033
F79
E3B
CAA
371
07E
D84
FC8
0DC
B40
E51
FFC
262
159
F93
2BC
14D
CF6
EFD
382
F8F
16B
115
170
EC0
B98
E76
23A
E48
EB3
3E6
EC2
E0F
E2C
115
0D2
062
11E
5DE
036
CD8
178
F41
E52
FD7
271
124
EB5
B74
11A
E44
C9C
23B
322
00E
EFB
086
FF2
04B
DF9
474
3C8
EAD
FCF
1D5
CFA
CFD
FCF
109
172
CB8
04A
0A7
C6B
CE9
3B0
11C
135
13F
0C7
10B
CB7
F3E
329
073
DE4
324
F5D
D2B
CC5
F24
160
F43
F9D
362
12D
B8B
145
0F7
138
0EF
2B5
273
008
BA7
FBD
1D7
C4B
0C4
245
018
CFF
E30
E63
062
DD3
208
55F
F2B
F06
163
017
E0A
16E
1A6
3C7
E09
E48
0C0
D21
B9F
0ED
202
EF9
050
DE9
198
D5F
E85
3F3
454
F0B
1DF
1D2
E01
E6D
E75
2E8
04E
E5A
036
150
9F7
DB4
0B9
012
05F
086
241
0F1
CD9
F0B
4A4
F2A
100
3D1
11A
DD7
D6C
E66
0A5
E54
EC5
413
E7E
CA6
F04
097
F0E
0D9
1E0
400
064
CF9
235
FD5
E16
087
34A
FC3
ED3
C99
FE1
DF6
BFB
1B4
363
EE4
DDF
1B2
E93
006
FA4
391
34F
F03
F91
296
D15
C7E
1AF
072
099
E3A
FA2
FE0
C7E
C08
37F
127
F64
2D1
13B
F65
D73
FB5
2C1
1C0
E3A
380
029
BB0
D5D
FBE
FE4
F40
070
1E0
0CA
B2F
0B7
229
FAE
0CC
487
1D5
03D
DAC
F57
20F
D15
078
31F
F6C
C02
FA2
E8E
EEE
ED4
151
457
F5B
E35
186
0E5
D16
2B7
2C5
221
EC4
E77
031
E1D
B3C
182
2D2
DE8
033
F19
F31
D63
F8D
29F
44A
ECE
18F
2DC
D11
E89
107
2A2
0A4
FE1
F83
11F
A84
CE0
21E
FF0
F75
1C4
1DA
EF9
E1B
E89
463
094
08E
399
174
C33
EA3
FE9
FB6
033
EB9
344
E67
B4F
E9C
1BB
DB6
124
2B5
230
067
D55
173
12E
E55
0DF
552
F2E
EA9
E4E
EDB
E49
D61
107
33E
EBD
CC9
2A0
E2A
E7E
119
412
286
05C
FBE
27C
EAB
BFC
2A4
20B
F23
EE0
FCF
DD0
DC4
CAA
31B
251
E3E
1F9
280
E2A
E3B
26F
172
318
F1B
252
0D4
BBD
D4C
1F4
F9A
E67
1AC
FDC
F3A
C1A
F77
27D
0B4
F61
55B
146
DAB
F7D
F6C
1AA
F11
05C
2CF
061
A54
FA1
FAA
D8F
FF2
198
2A2
FCC
D72
084
1C4
D2B
33F
47B
0F1
E67
FB5
F0B
F14
E54
061
395
D19
DE4
06E
E97
C4F
0ED
22A
376
F78
F94
318
E07
DBA
2FC
3B2
EC8
118
F29
FC0
C0A
CB8
21C
1AE
DC4
0AE
1D8
C7A
EFE
00A
311
181
095
228
2FE
BF5
E02
2AA
F50
FF8
FB3
11E
E3C
C18
CDB
2E6
E42
F96
427
0C4
E53
EED
164
10C
177
03D
52C
FE8
C30
F07
FFA
D76
022
0ED
0EE
F1E
B89
0DC
FE0
DE4
0E2
56E
024
FF3
FA5
FD0
07F
DA3
279
3A2
E6C
CF2
0EB
CA6
DA9
F18
1A2
229
EEF
EEC
195
F07
C8A
45C
291
178
034
0CE
02D
D50
CAC
279
185
CA3
0CA
FA4
D59
C40
00C
160
2B9
F1C
26C
25A
CAF
ECC
313
1A1
03D
1C2
051
070
A89
E28
22C
F09
EB2
2B0
026
D3F
E95
F0C
309
FDC
150
46B
149
C3C
10B
09F
E99
064
0B4
28C
DA1
BC3
E56
0DA
C3A
145
349
09B
F08
EFF
110
04C
EEB
21B
5B9
E0D
EA8
013
F30
CCB
F03
185
242
DC0
D16
123
D57
DF2
24B
43E
0D3
10B
F83
188
EEF
DA0
3D0
264
E7D
F80
0F5
C3C
D83
DBB
1FC
157
E5A
092
219
C45
E60
3AB
17E
202
0A0
240
02F
C6A
DA4
384
F2C
E8A
24B
F2F
D7B
C43
F99
13C
0B9
F0F
50C
0A4
D15
054
1E8
0BA
0B3
250
1F4
FB2
AE1
099
07C
D5A
F5D
2C9
F43
D99
E27
F55
209
DBF
312
519
077
DDD
1DA
ED1
F6D
FDC
171
307
D8C
CE4
FCD
ECB
B32
2A7
1EC
14C
F8B
FF1
11F
F43
E4A
38F
494
DFB
11B
FE5
F13
C9D
F07
15B
1F0
CDD
FAE
19D
B82
E0F
22D
286
0CC
160
094
223
C85
ECD
417
0B9
F84
1A3
0FA
CA2
D3E
CFA
26E
F41
E84
304
0C5
C44
F26
283
11F
215
0CC
3B8
FA6
C15
F59
2F1
D72
FE9
2A0
F74
DB8
C1F
F80
0E4
EEF
00F
595
EE4
E67
0ED
0C7
054
034
1CB
323
F35
BCA
18B
DC3
D10
059
25F
FF1
E75
DB3
0D5
021
D39
407
3DF
FD5
F5A
1C3
E69
F8E
ED4
2DB
2F9
D34
ECD
04B
C8B
BD2
268
114
16F
F01
0B6
108
E18
EAA
487
326
EAA
238
F91
EBF
D26
EE4
1FC
137
CBD
1B7
0A9
AF3
E79
0F9
1D4
076
109
1E2
22F
B68
FE7
373
01B
0A1
1FE
038
D2B
D08
D6D
2A1
D9C
F7D
2DA
064
BE0
FC0
0CF
18D
139
11C
53B
F1B
CE7
035
19A
CE1
0B6
1CA
077
DDE
BE9
00A
F78
DF3
159
4FF
E6E
F65
FCB
115
FC0
F95
268
427
E6E
CF7
165
D07
D98
076
239
00D
EB4
DAE
0FE
E6D
D82
4B6
33D
05E
030
183
ED9
FDD
E3E
3B1
1D9
CF2
01E
016
C49
C7B
157
08C
1CD
DF5
142
0F3
D2D
EB4
465
1C3
FFE
254
FBE
FC8
BE7
F24
222
088
D33
244
F4B
BBA
E25
016
220
0CB
137
29A
1D0
B39
109
293
025
0AC
24A
060
DCE
C43
E83
258
CEB
03D
313
FA1
C64
F8F
018
19E
04F
194
583
E59
CC0
045
0B7
D84
185
10C
107
CD4
BEA
04A
F67
D6B
20D
4AF
E72
00C
F97
0C8
FF2
FDD
325
448
DB0
E2F
171
C2C
E32
FE4
23C
05C
DE7
DBA
1B7
D37
DD2
41D
259
111
002
0F3
F5F
F37
DD8
47F
121
D74
049
F8B
BC5
D6E
09A
101
1A6
D8F
213
0A2
CBD
EEC
492
131
100
23A
080
000
B78
F68
27D
025
D8E
29B
E44
BBD
E25
FB5
288
032
0AB
384
13D
B50
1AA
18C
02F
0F6
1FD
14B
DF7
B57
E9C
192
C68
0E6
2B5
FA9
D26
F28
019
1EA
FA3
1F9
56D
E4E
DE9
0F3
064
DCF
14A
17E
1E5
C9C
C62
0CE
EFE
D5D
234
3DC
F29
FE3
EE1
1DB
F76
F5A
37E
415
DEB
E84
19C
CB4
E79
EC8
239
05F
D81
D75
213
CEA
E65
43A
209
0F0
018
117
067
ED4
DDD
525
096
DEB
02F
F9D
C4F
D32
FFA
1B3
131
D7F
245
09E
CC8
F3A
3F9
148
129
137
0BB
FED
B07
FC7
278
F6C
DEA
23B
E93
D2C
D7F
FBD
29A
FAC
0A2
37C
0F6
BDB
15D
0DF
082
085
122
198
E3A
B62
F9A
191
C9A
151
1AE
FA5
D93
E8F
065
2A5
EDE
26A
5A7
E2C
E24
020
05D
E86
0EC
0CA
28C
C7C
BC2
09B
EEC
DD4
25E
3B1
FE5
019
E6A
23A
FED
F6B
42B
44D
D9B
ED1
02E
CEE
F12
E8A
336
0FC
D92
E29
1A6
CB6
F0B
3B8
29C
242
F6B
097
105
E3B
D9B
503
0EE
E0E
FCC
F32
D69
D29
F51
254
1AE
CFA
2EB
076
CE8
F6E
365
206
173
FC0
11C
052
A8F
004
27C
FF6
E33
217
E92
DDD
C59
016
382
F7D
0BF
3C6
0EB
C03
155
0EA
1A5
037
071
219
E6B
A77
FEF
188
CC4
12B
10B
089
D8C
E1E
107
2DF
EC0
2CE
4FE
E7B
E38
F56
024
F81
FD7
032
2F4
C89
BF4
0CB
E76
E2A
1D1
341
0E2
F6A
D8B
304
FB8
EAC
3E0
477
DF0
E9D
ED6
E54
F2F
D6C
32E
187
D5B
E2E
1FE
D43
F04
2A6
2F6
2B2
EF7
096
154
E2E
D80
453
115
E9B
F08
EDC
E03
CEF
EC6
30A
207
CAE
297
053
DE9
EFB
2C9
31D
20C
F2E
127
0AB
A82
F67
19C
054
EA9
0BE
F6F
E65
BE7
FD0
432
050
07C
37E
147
C9D
08C
0B9
291
FD1
FD5
206
E72
AB5
F54
150
E53
194
093
1C8
E25
CFA
186
396
F11
268
477
F0A
E26
DC6
0B4
FA1
F2D
FE3
371
C44
C0C
03C
F57
F79
14F
2CA
264
F0C
CCB
355
F95
E68
352
38B
EE3
D79
E5A
F2A
F52
CBB
3BA
1C9
D61
E92
124
E59
FDB
1DF
3E6
392
D9D
005
164
E77
D4B
3A6
0F1
F4B
E1D
E4E
F6E
C5B
DD4
3B3
2D7
D6F
20D
039
F62
EA0
13E
412
284
DCA
0C7
115
A98
EFA
10C
12E
F06
F72
F35
F98
B88
F65
505
028
0BD
28D
13A
DED
F03
011
393
FDE
EB3
238
E1F
AFE
E28
159
F72
104
F4A
2EB
EF4
C5D
179
32A
FF5
20D
392
FC5
EC9
BFE
0DC
0C8
EEC
F49
38A
CDC
BF2
FA3
F95
0B3
030
2F8
328
F93
C59
304
03D
EF7
20D
25F
0B9
D49
D21
F42
072
BD5
2FC
249
E67
E3B
05D
FB8
071
086
3BC
4CB
D15
F5B
14A
EC8
D77
1B8
0F9
07D
D0E
D8F
151
CE2
E5E
363
390
EC4
160
FF4
0CB
E8B
FE7
482
20C
DDB
FB5
115
B95
EC9
F90
2B8
038
E07
017
0DF
C38
F20
50A
0B7
12C
0E5
131
F42
D99
F15
456
FB9
E33
1F3
E79
C80
D2C
113
0ED
0A7
EDD
3E6
FF5
C20
0B4
2C1
12D
0F8
1DA
07E
F3A
A6A
05B
17A
E1B
F94
2AA
E99
D2F
E8A
F88
354
EDB
23B
424
FDB
C53
1DD
020
FF0
08B
0B7
21C
CBC
B79
023
0ED
C4B
2B4
252
FF5
E80
E8D
1F6
0FE
F76
2B6
51B
D70
EBF
F7A
EED
E02
F96
1BE
227
CC9
C12
1EF
D33
ECC
24D
39D
0BD
04C
F3A
191
EFE
DFC
423
24D
E68
E4A
FEB
CCE
E38
DC9
34A
1E3
D4E
0DE
128
D4C
E92
425
29A
289
F09
106
019
C57
E6E
3A8
034
E26
0EB
EA7
E20
C12
FD6
39B
1C3
E5C
398
0D2
CEA
015
187
281
0A1
FB8
0D1
FDA
9D7
F39
185
F1B
FB4
14A
083
E1E
D6A
008
48F
EFE
1DD
41D
FFB
D25
F2E
06B
081
FC8
EDE
3C6
C90
B59
F70
12C
E4E
1BE
278
21F
F85
CEF
215
0C5
F4C
1BA
4C2
DF2
E83
D46
F71
FAE
DB6
185
32A
DC9
C6F
1B0
E03
F9D
11D
35E
2FD
F42
E55
1EA
F36
C47
35F
181
F49
DBD
E27
EFB
E2A
CD6
357
339
D79
0AD
0B2
FA9
E55
197
2FD
33C
DD7
FB1
11F
B6F
D66
14F
147
EE7
F9E
E7F
0F1
C31
F25
479
230
FB3
23A
15B
DF8
EAF
E9D
3B8
007
EA4
0F0
073
A92
DFD
0BD
05E
1D3
F93
2E1
05C
CBC
FC7
4C5
FD8
107
295
0AA
E95
BEE
F5E
1FA
EE9
E88
3CF
E38
C6D
EB0
0A2
118
10C
218
3F6
115
BDC
1BC
0BA
F7B
0CB
266
047
DD8
B8F
F13
0AE
C0F
1F6
33D
019
D63
036
FCB
12A
F52
2CA
534
EA7
DD5
07C
F2E
CEE
0F9
05A
1C9
D55
D29
108
E5B
D83
2DE
3C6
F36
0CD
F82
18C
EA8
EA7
376
38C
E3D
F0D
0C9
C1A
DCB
E7C
25A
154
ECF
F56
2CC
D04
E31
3D5
22E
1B1
FD7
116
023
D35
C4B
3C3
00E
DD3
0A0
F73
D98
C3A
F5C
244
29D
E5F
411
1D6
CC8
EB6
1F4
12D
08B
0AB
0EF
0A5
9EF
E5D
0CE
F07
EB2
292
101
EEA
D60
FCB
3C6
FB0
13F
42E
1F3
C45
FEC
EF0
09E
F54
004
305
E92
AFE
EEE
0F0
D05
17A
25B
315
001
D99
130
0DB
E1D
13A
532
F3A
EE6
E19
F16
DFB
DD2
077
3DE
EC0
CF7
215
F3A
F06
0B6
39B
306
085
E18
263
E7F
C0B
234
1B3
FB9
E19
F2B
E64
E21
BDB
34D
308
F0F
13A
1FF
F58
DAC
10E
1BB
3E9
DD6
083
18E
CB4
BF3
113
0B0
F8E
FC0
F5F
210
BE8
E80
38B
2D5
F35
375
26A
ECD
E8A
E23
2B6
05E
E4E
136
197
A8F
E18
FED
037
072
00C
375
1C5
D7A
E76
3D0
F4D
0E3
2DD
122
F05
C8F
E16
090
E33
DF3
459
FB7
DBF
E6C
04F
001
04C
183
4B3
18B
C37
1A4
FEC
E12
F04
28F
129
F77
BEF
F68
033
B97
162
3E2
14A
EF1
0A7
F5D
0B1
D38
222
580
F51
E45
093
E98
C12
F90
04E
29B
E52
E93
14E
F05
C12
224
3B2
0B1
1F3
05A
213
E73
D7F
16C
362
E3A
FD9
11F
D33
D3F
CB9
1E8
1D0
F70
0D4
3A4
D31
E1F
22C
1C2
1EB
05F
1D1
132
CBA
B09
24E
EE3
EA4
137
100
ECB
CD0
E0E
1C5
1E1
E61
4DA
2EF
E68
E89
066
FC6
FFF
F58
212
221
A61
E6F
FD9
E27
E9E
286
221
176
D84
FBB
304
DE7
FF4
431
26C
DB8
F96
E73
F5D
D3D
EBC
3DD
FC1
D19
F8F
069
C86
0FF
19F
489
145
EBD
14A
0A1
C32
FD9
39F
F95
02A
DD3
002
E05
C1B
F6F
4B1
FDB
F5C
34F
F04
EDD
E2A
1ED
38D
0A3
E8A
32E
DC2
B4F
FF4
088
0FA
F6B
07B
0B9
E8B
ADD
210
270
FD1
272
30A
09A
E3C
DB2
067
2B8
D42
160
209
CF4
C35
F60
F78
FC3
FE6
1DF
447
D0A
E18
218
137
F25
27A
229
0EF
DC5
C28
157
D7C
D8A
1B7
2FF
D1E
F09
EE2
063
03F
F06
4F1
361
EFB
F7F
189
D84
F72
060
2D7
09C
C78
EC8
011
C6D
D86
415
104
0F1
F47
0CF
0DD
E18
F8A
4B3
1D9
E3B
1CF
F23
DCD
C26
FAC
189
06D
D88
1CB
FE9
B25
02E
182
35F
0D0
189
17D
11B
B00
073
2CB
EAD
03D
0FD
00B
C81
CC1
EC6
32E
E36
0FE
4C4
FB5
DC6
FDB
182
0DA
11D
085
44D
DA7
C37
004
FB2
D55
094
1AE
060
EF7
C01
224
015
E98
284
546
F6F
F95
F61
01E
0E4
D24
255
264
D96
CF3
09A
DB8
DFE
012
21B
31B
E81
F89
278
F16
D72
3FA
15E
15A
F23
F06
FD0
CCD
C43
233
279
CD5
152
FC4
F14
D74
035
331
34D
F22
20C
251
BDE
EB7
05A
13D
00D
FA4
027
0A9
A58
D2E
352
004
0BC
211
294
F2C
E50
E9D
41D
FD5
FC0
441
FE5
C6E
D31
F84
F02
FB6
E8F
3E9
FD0
B6C
008
15F
F6E
0FD
37B
28B
15A
BEA
0C1
027
D3F
F82
343
F70
D48
E60
E50
08B
CDE
208
487
07F
E6F
278
FD1
ECE
02E
148
46F
E5D
E1C
0AE
E2B
A85
0F7
15C
062
FA4
EC2
162
E75
D91
24D
502
EDA
1D8
13D
F6B
D7A
D1C
19E
1BE
E01
F6C
277
B5C
D13
FA6
1AD
16F
05C
1E8
2EB
DA5
C8D
38D
052
04E
10A
22A
E8E
C7D
C97
1AC
FD5
D81
3B2
14A
EB5
D79
09C
129
1BD
FAF
4E0
2AA
C36
F67
FAE
E81
E88
11F
10B
137
B6A
EF1
06E
D61
FC5
3C9
2F1
F9B
07E
F2E
21E
CF8
096
44F
0A9
CB7
FE9
EEE
CB1
E65
F74
472
FAD
EE5
168
0CC
CC6
115
359
21B
149
F3F
19C
E9C
BE9
F45
2CC
DE6
FE7
05C
F53
E53
C4A
15F
340
04A
074
538
EC3
E5C
F3B
0D4
1DD
ED7
05E
1C6
D91
A2C
15E
F64
F78
070
212
195
E39
D2E
1E3
1D5
E18
430
2A9
F8A
D69
E77
F1F
F44
D86
1D4
374
C3C
EC7
FE4
F21
E97
1C1
34A
409
E2A
F3D
247
D5A
E75
1DA
23B
F49
EE6
D88
069
C2E
D9C
3BF
177
F1A
130
168
EBA
F74
F84
520
191
E33
1B0
03A
BE3
D71
0CE
00E
109
D9C
24D
00B
C54
EDF
3D0
05D
14B
2E1
102
066
C0E
00E
1E2
F77
F19
392
E9C
C34
DBD
E75
1AE
E71
151
43E
0D4
C47
1B3
0F7
014
178
1BC
2D4
E54
C3C
EEC
00A
BB5
170
243
05F
E83
ED1
084
074
E2F
2C6
5AC
E8C
056
054
F97
DAC
F1C
16C
295
DE7
D2E
1D9
C27
D68
0C5
327
14B
087
00B
287
E32
CF7
42E
1F4
014
05F
0B8
D6C
CCC
C08
256
0D4
DB8
212
1C6
D93
DDF
144
1A1
2B1
FA9
34D
259
C44
D89
14B
F79
E97
10A
05F
FFE
AED
ED4
1E9
F27
F82
462
277
F29
036
F02
26D
E55
054
402
088
BBA
F0A
F0F
D67
ED9
FBB
3CE
FFA
DC5
0C3
1E1
D23
18B
3D2
216
0D6
DFD
08D
ED5
C18
EDB
46E
E20
EF9
FD8
EF9
E27
D8E
1DE
3F4
082
F59
419
DFF
D99
F83
208
0E2
FC1
FAC
13E
D43
9A7
1AB
046
FB7
10D
29C
101
E49
D82
29E
28D
DF0
385
20C
EE3
C69
ED9
EE2
056
D5C
1FA
2A6
BA7
E1E
08A
05E
F6C
277
29C
3B7
D25
E8B
23B
DB8
E87
28E
218
EB3
E31
CDA
0E8
C5E
E11
414
265
EBE
13D
13F
EA5
FEE
FAE
516
126
E36
0B3
FDE
B53
D7F
126
0DD
0C6
DDF
1FA
FBB
C5A
F28
4C6
0B1
0D3
296
063
F67
BF8
01B
261
F62
E30
32F
DCF
B9E
E1D
FBD
219
F8D
155
3C4
0D2
C51
1FE
062
F55
12B
1DA
1EC
DD2
BF0
F3F
02C
B9A
1D3
2D1
072
EC0
F04
084
0A6
E93
2F4
5DE
E21
F7A
FBE
E89
D0E
F6D
149
28B
D58
DA4
230
C8D
D87
118
392
121
107
F8F
23A
DCD
D5D
412
171
F07
027
0A7
D3E
D5E
C6B
298
119
E17
244
218
D1F
E7B
204
1B1
2AF
F7A
319
160
B27
DA4
120
E59
EE0
1EB
050
01E
BF4
F36
1F8
F09
FD0
50C
1DB
E5A
004
F48
130
E32
FD2
365
054
B7E
FE2
E97
D1B
009
0C8
3FB
FC3
E84
167
1FB
BF8
213
3A4
161
031
EB2
052
D59
B9D
F52
427
D71
FD5
0EF
FD3
E25
E69
216
3B5
03D
03D
493
D4F
D6C
FE2
0FA
FDC
FC1
FC8
134
D6F
AC1
22F
FDB
FAC
148
2D3
05F
EBC
DBB
289
12E
E06
373
237
D75
CBA
EF1
E24
F1F
E58
2F1
2E6
CC1
F4F
10E
FA3
F12
33B
2FC
2B3
D63
F5A
0C4
CAA
DD7
279
12E
E26
FF0
DB5
06A
CBD
FAA
4E4
2A8
EDA
28D
15C
D6B
F6C
FF6
3AF
042
E98
11A
FA7
A3E
E58
1C4
FBF
0F5
040
28C
F6C
CF2
FB6
445
F3A
144
360
009
E40
C30
FB9
0BD
E02
EFE
394
DF1
CD0
F6F
042
0BB
FEF
2D1
464
00A
CA7
30E
E99
E81
0A3
1FA
036
DF0
D17
FE3
F22
B46
354
2EA
05E
FB8
133
018
F79
E85
32E
3B9
D38
08E
08A
D07
C05
F94
0BF
192
DF3
FD0
2C9
C3D
E99
2CD
271
0C1
284
142
0E0
C35
D64
2B2
FC3
E63
173
107
C78
DCF
DDE
21C
F8F
035
4E1
27F
D4F
F80
1F3
EB4
141
084
37D
02D
BA1
E99
01D
C81
F87
2DD
107
040
D91
0C8
089
E94
0BD
5E6
042
EDF
0C7
ED8
E09
CED
0DA
2E0
F6E
C9C
1F6
DE1
C55
060
1FE
316
0A0
0D5
208
016
B63
2AA
246
F91
03E
015
F4C
CF4
B9F
FD5
239
D72
273
27C
F28
E01
08C
1C6
1D9
095
1EB
3E1
C01
D7D
FF6
EFF
DC3
0EF
10B
190
D59
D8B
2B6
E31
FEF
384
462
F70
038
F0C
08A
DD2
D91
361
137
D00
EAD
FC8
BED
EF4
F30
3D1
1A1
E99
1EC
226
D98
F39
3EC
158
183
ED1
0E0
F12
AD4
DD6
315
F9A
EE2
282
F3A
ED5
D55
0D9
365
117
030
4D5
090
C0E
F69
F0F
0CE
EC1
07F
1DA
E9B
A25
040
0BD
E3B
1D4
2E2
24C
F66
ECB
058
1D6
C66
296
3B2
E62
DDA
DEC
E50
DE3
E21
0FF
47D
D28
FB4
179
E9C
E0B
205
36B
24B
FCC
ED4
265
B90
C87
16D
195
EA2
027
FCE
FD1
DCD
CED
433
14B
049
280
33C
D75
EF4
F4B
1C2
0F8
DB2
293
06B
B9A
C81
156
E8D
0B4
098
333
1C2
CF2
FBF
231
EEB
FD0
51B
0EA
EFD
CF5
EDA
FBA
D0C
EE7
3D2
08A
C4D
148
F0A
F74
EB9
287
449
128
DD8
19F
FBA
B94
08A
10F
16C
E7B
EFE
F2F
F05
A7A
128
3CE
F92
1A6
257
0F0
E69
EEF
0A3
3E5
E6E
0AD
279
D65
BEE
ED1
01C
FDD
026
070
3D1
CF2
D4B
21A
116
F6C
262
344
0CC
E58
C6B
1D5
E38
D76
1E8
2CB
D06
DE8
EF6
F63
FD1
EB2
4A8
32C
EA6
FC9
278
D91
F45
11A
22D
129
C6E
F5E
F86
BA9
CF4
3FC
08A
077
063
0D1
04B
D7D
061
492
1EE
EA2
38E
FAB
D3D
CE9
F4A
166
F74
E7B
25D
01A
AA7
097
146
13B
12D
322
280
018
C56
023
276
D70
108
1D0
004
CD9
DE9
E87
0EB
D64
1B5
540
F0A
EE0
0AA
043
EBE
104
15B
3FE
DE9
DAE
0CB
D26
BCF
097
242
FA0
034
E3F
1F7
DC2
D7C
3A1
393
F99
1AE
193
E04
EBD
D60
272
0C4
DBA
FF8
1B4
BC5
CCD
08F
0A2
210
0AA
317
218
DAE
E49
363
EFC
FC4
264
0AE
EF1
C03
DA9
055
EDF
DDC
4DC
0CB
D92
F54
058
08D
026
0F5
40B
22E
C2F
139
FA1
D01
EE8
185
13B
F7B
CE9
F9E
09C
B62
183
461
21E
007
1D1
FA4
F0C
D2A
046
3BA
E47
F31
16E
DFE
B09
F51
FF4
262
F9E
0AD
3D2
E9A
CFE
1C0
2C5
F42
315
12C
1A7
CF2
BC8
06B
FE1
D28
18E
35A
D5E
ED4
E8C
1D1
068
FD5
37F
4B3
D87
EF7
1F8
D8E
FB4
FB4
2D6
0B8
CE2
D2E
16A
C6F
DBC
409
1E8
0F9
028
135
FE6
EDE
EE3
513
151
DFF
0FA
FA5
C8F
CCE
FC3
170
181
D65
320
035
C39
F76
2E2
155
18B
1D7
116
020
A57
FD4
182
E5B
E8F
2C7
F00
DAB
DC0
EF2
229
E5F
24F
4F8
0A8
CB3
194
FBC
FC7
02D
10C
2BD
DB4
C49
F6D
F6C
B5B
25F
215
14B
F62
F4F
199
FA7
E02
31D
54A
E28
0B7
009
E4A
C84
E2A
17D
24D
D59
F31
20D
BB7
E30
185
321
166
1BA
150
29B
C59
DBB
347
008
F58
1A8
0D0
CCF
CBE
D11
281
FEE
EC8
487
213
D6A
F2D
19A
FEF
18C
FF6
418
043
BE2
E3D
093
CF3
EFA
28B
08A
04E
CED
07D
053
E09
0B9
60C
0D4
F95
134
EC9
EC9
D08
0D8
2FF
F98
D0C
237
DB2
BED
FAE
21C
26D
062
0EA
220
FFA
BCB
2FE
2D2
F9E
0AF
170
F13
CA2
C73
020
223
D13
1FA
2B9
E5B
DA9
0E3
109
1B3
152
2BF
433
C69
DEF
0C2
F05
D4F
1D0
081
06B
CB8
D1C
1F4
E53
EF1
3B9
3A3
E2E
0EE
F13
06D
E86
F48
3C0
151
CDD
F4B
0EB
A7D
EDE
012
301
0AC
EE7
107
141
C4E
FFA
4AA
05F
0CB
0EA
0B3
E11
C4D
E56
2B8
E51
EAF
38B
ED2
D6A
E79
192
164
179
0E0
4CF
F9F
C76
10F
073
E94
FD3
24F
FA5
E37
B39
037
FD9
D65
1E7
41B
FA1
EDD
0F7
F8A
12B
E2A
3BF
38C
E66
DF5
10F
D58
CA7
049
11E
1B8
DA5
F83
153
E82
C60
4AF
2C0
0B2
151
0FA
044
D1B
DA0
1E9
1F2
C89
1DC
FC3
C57
CCE
010
1AE
188
082
2A8
323
BA1
FBC
1E3
072
FDD
237
163
F38
BCF
D6D
1E6
D01
FAA
314
0EB
D14
FAA
F84
11D
FFB
12D
5E8
02F
D4C
014
08D
BD8
00C
03E
237
F03
CCA
0C4
F1E
C87
12B
4C1
046
124
088
136
E69
DAE
1B4
3CA
E1E
EDE
1D5
C44
CD0
DF2
1B9
0A5
FDB
FF1
366
D79
D3C
324
163
10A
170
2DB
FF7
DD7
BDB
1F8
F6B
D63
211
1C0
DBB
D6E
FAB
074
15F
F35
535
2FF
DD6
F1E
1F7
E1A
F4A
1D8
0E9
0FE
BD9
F1A
FF9
CD4
DB4
4CA
124
FAD
083
FAD
0FA
DDB
0F1
4B7
184
D7C
1F9
E49
C49
EAB
05B
1E2
F61
EE5
11F
00C
AB0
185
2FE
122
15A
249
14B
F19
CFB
0AB
375
D14
084
1D9
E50
BAB
EA4
F56
111
F85
17D
4FB
DA4
E70
15D
135
E66
2AA
1DE
189
CF0
C8D
0B4
E1E
D47
1C2
2FA
D8A
04B
ECA
0B8
EE0
FEC
487
423
E56
FDA
20A
C3C
E2C
01A
259
FEC
DE7
E7C
088
BC3
DD1
400
112
126
149
1D3
F2D
E84
E9E
4BB
011
ECA
2C2
F7A
BEF
D96
05C
00B
0BE
EB0
39D
F9F
C3E
07D
2EB
F9F
160
33B
159
022
BDA
FFF
FF9
D29
FC9
3DD
E99
CCA
EED
F24
052
EA6
2F7
4E6
028
DAE
2D8
F33
E05
0EA
276
18B
E0B
DB9
FA4
DC7
AC8
2E7
231
F95
037
152
F76
EB5
F5A
2F4
43E
E63
24A
127
CE7
C64
081
FFE
0FB
EDC
057
17B
AB5
E9E
245
1D3
F53
412
191
0C5
D52
EB3
2C5
F73
F4A
2BC
081
B00
F11
E61
FF2
F00
083
38D
165
CB8
125
26F
E03
21F
2A0
2D1
EFE
E47
EA6
012
B57
F84
3F3
EC7
E97
F7B
038
E44
F61
18B
57F
FB6
FE6
252
EC9
D34
014
253
FFF
032
D92
0FC
C3B
BED
1A6
269
EA9
1D1
2F8
F20
F24
E0F
33D
1CF
FA9
1A2
2C0
BC1
D4A
F8E
F42
001
F19
1F6
144
CEE
DA3
33B
F27
020
3DC
306
007
E16
F2D
067
F35
D93
4B4
039
CC9
DFA
F78
D7E
F09
0B4
3B3
258
D9F
210
10E
DA3
F6F
467
0A8
082
E3A
F7C
F9C
B3E
FE9
313
FB3
E21
2C0
E7F
E98
EFA
1E6
3EF
FFA
068
32C
F2F
AF0
10D
061
00D
F44
07A
02B
DE5
B90
153
1EF
DCC
352
31B
0A0
DBA
010
06F
1F5
E3F
1FB
340
C03
D68
F92
E49
DA3
105
154
306
C9C
EDD
239
EB4
F4E
3F9
396
F5A
036
E35
0BC
C4D
E1B
2CC
173
C63
00D
FA1
C78
EAE
01B
37D
166
FB8
186
1E2
BBE
037
33E
12A
001
FBD
FDA
E04
C3A
DB1
3AA
E95
016
2D9
036
D8F
F17
16C
24A
0DA
009
4D1
E23
BE5
FBF
08F
DF2
0BA
0DF
0DB
E1B
B86
183
044
E52
26F
564
EF8
FC8
F81
02C
F95
E89
21F
2EF
D0B
CB0
0ED
C16
E51
03F
255
173
EC1
F1D
1FB
E0C
D74
4EE
25F
05D
001
062
DD1
DA6
DA3
2E8
130
CD8
1A7
FBD
C82
DD1
25F
1A8
2D6
FA6
2AA
0F7
C37
F9C
2F2
FE1
F57
20E
F18
E4D
B26
ECF
194
F4C
FA3
449
007
CDC
12B
0BD
1EF
021
265
3C6
FF8
B09
06F
FDA
CC6
0B6
1D5
05D
DE8
DE4
016
0E1
CB9
434
4B2
FFF
F98
0CF
FBD
EDB
F5A
1AB
34E
CAB
EB2
FE4
D04
BB0
1EA
1D0
101
00B
F95
210
D57
E8D
33A
320
E58
204
067
DDA
D11
DCD
1F9
01C
E2F
0F4
1E9
A2D
F3E
1A4
1B8
11B
1C9
2D1
144
CC3
F03
327
E20
FF2
214
073
CB9
DC3
E1F
0D5
E6F
F7F
507
FB8
E11
03A
1A3
F19
18E
191
389
EF9
C8F
091
F19
BEF
02A
359
EC0
F92
D94
073
EFA
EBA
2D3
554
F55
F7E
2A8
DED
E8B
E80
2A6
16D
EC4
DCD
1E8
BDA
C0F
216
173
086
062
1E4
FB6
EE7
D63
4BD
1DA
F26
1E1
17D
CC6
C9F
F1D
00D
0FE
D94
29D
059
C5E
DA9
2F5
F9D
121
310
261
11D
CB9
FB0
175
F02
E3B
489
EFA
CF8
D86
E94
F59
E52
15B
3E8
106
D0D
282
FE5
E4F
0C9
3A9
251
FCC
D97
FC4
FAD
ACC
186
28E
F37
E1B
064
E2E
F85
E54
29E
4D7
F01
0C9
242
EB3
CA4
17B
078
1AD
E5C
F82
0C0
BD1
C23
201
199
E86
29C
13F
063
D4A
FA9
299
25C
EA6
300
1A5
B2D
E13
F1C
021
E8B
03E
0A4
14A
B0E
EDA
26C
F16
0FE
375
2AE
F9E
EEF
E70
25A
D32
007
3E0
FCD
C10
F3F
EF4
DB2
FC2
07D
4F7
000
E76
165
181
CD2
227
360
189
FC2
DEE
050
DB8
BE3
022
454
D23
F84
12E
EDF
D9A
F6B
305
3A0
064
F6B
3D8
D23
D06
15F
214
F98
02F
FC0
F8A
CB9
BB4
28E
0A7
F09
1D1
2ED
DD1
F09
F21
282
1D0
FA8
371
17A
C02
C94
130
D8D
FEE
023
1C6
024
B83
E2E
24C
F39
FE6
608
185
FAF
E3D
066
026
F12
EF6
456
FF3
B0A
FDE
EAD
CF5
EF3
24A
212
16C
D80
21F
080
D06
223
46E
0C4
F62
0BE
EA0
EBB
B61
14F
253
E0F
EBC
1DF
D36
C6D
106
1CC
3AA
01B
179
244
E4E
BCE
2E1
156
F61
0C1
FBE
F50
B68
CF7
0BF
17C
D49
3E3
226
DBE
E6C
0AC
197
158
0B3
281
2C2
A8D
EE9
10B
E62
E4E
239
07F
EE4
C9B
E81
26B
DDA
0D7
4F6
2B5
DAB
095
F6E
FF3
F00
091
403
F4C
C90
F90
F9F
B4A
096
198
20A
F21
EF3
0A6
04C
D23
1D6
569
F4B
0DB
0AF
F4D
CD9
E93
065
2C2
D7B
E97
19C
CAF
D30
11D
31C
102
1CD
0B3
2D4
D7A
D50
290
1B8
EA4
17F
146
CA7
D73
CB8
1C7
FCA
E88
234
2D7
C46
EFD
20D
095
1AE
179
343
0C6
D01
DC0
2B4
D2D
EF9
289
08B
E10
CE8
EA6
072
FE8
FCD
69F
0B4
DD5
082
105
E7D
059
17A
2CB
028
B36
0CB
E79
C23
FAA
379
F87
FA7
F29
005
F9E
DFE
31B
4A0
014
ED5
318
DB7
DCE
ECB
1B5
177
E70
EBE
154
D09
B96
2A1
1B0
0C7
074
200
06E
E87
DE5
3D4
251
E33
2B7
0BB
D48
C61
F7A
010
100
E09
28E
163
C4B
F86
238
0FA
067
377
1DE
17C
C46
F01
139
EA3
EA9
395
027
C2B
E4D
E2E
0A8
ECE
12F
3F3
151
C86
1C6
0C3
ECB
166
2C6
28C
EFC
D56
F85
FF7
B3D
16B
2F5
F66
EAF
F6D
F75
F44
EE9
19A
578
EBD
02E
209
EA1
CDC
126
0F5
0EC
E5E
E2E
141
BCD
C6E
25B
2C5
EFF
250
0AB
0AF
EDA
EA6
41B
1ED
F15
1D1
1A7
B11
E0D
F12
06F
F9F
F4D
124
0B9
BBA
E66
3A4
F1E
1BC
2FB
2A1
F31
E20
F34
2EB
ED0
F51
3B1
E60
C0D
DFE
FC8
E33
09C
FC8
491
FEA
D01
1D5
154
E5D
1C3
408
106
F67
C73
0C8
EB6
CF1
091
3B1
D35
DEF
073
E59
F26
F12
3B8
36C
001
EF1
2F2
DE8
DD8
219
1FD
04D
E97
F68
F24
D3E
BD4
3C1
11D
EA6
0DE
142
E3C
EAA
03B
355
2CE
DFD
33C
0BB
C53
DA5
1FD
F4D
FEA
F15
12C
FF6
AD9
FD3
2CF
04D
FD8
4B8
094
F5F
DE4
0B2
265
F20
FF8
398
FD1
A43
02E
ECD
F94
F00
1B5
1C6
F81
C73
1E4
1AF
E40
38C
3AC
0BD
E42
F62
F54
009
CDE
1F1
31D
C7B
D8A
FB0
E51
E05
13A
292
3E5
D71
FF6
242
EC5
E50
3E0
2BF
F91
FA6
E61
FEB
BA6
DCA
302
207
CBC
116
0D4
E47
EEC
132
48A
1C7
F7C
1A2
1A6
B25
FDA
1FA
0BC
F63
F40
FDB
DE8
BA0
EA4
43E
EC8
0C7
2B9
0CD
DDB
F6E
0FC
362
007
024
3EF
D63
BE4
F36
0DA
DE0
088
039
164
DCA
BEE
1F7
187
ECC
28C
4B1
EA7
F5C
E49
194
FD8
EA7
21F
2CE
C90
C60
0C4
D49
F10
05A
340
1BD
E51
E77
368
E62
F9B
52C
253
FBA
ED0
FF0
EA7
DD6
D86
439
09D
C70
002
FE7
D5A
EEB
297
2D1
29A
E09
2E7
01F
CD7
014
3EB
03E
F87
005
EEC
DCC
AD1
083
28A
F40
EC2
3D2
ED2
DFB
013
1F8
364
FDA
16A
297
E8F
AF6
1A3
057
FB6
FD7
049
00E
CE3
C68
10E
226
DB7
448
2FA
F38
DBC
0A9
0EE
197
F5C
276
2CA
AF1
DAF
FA2
EEB
E30
218
168
14C
C1C
F05
2D9
F4F
038
513
2E7
E26
04A
EB6
08F
D9C
FE6
343
0CE
B7B
F85
FD5
C38
FAA
188
3DA
06C
EC1
10E
145
CA4
210
441
026
028
EFB
F99
D5E
CD0
F43
3E3
D8A
F60
162
EA0
D09
057
2B9
2CC
076
FC6
3BC
D48
D40
204
2A0
E51
064
FB4
EEE
C8E
BF0
327
0C4
ED0
197
355
D06
EFF
FF9
28F
1AE
F4B
36B
113
BF0
D1E
197
E12
FE5
FEF
1B6
EE6
C17
E66
2D3
F48
FD2
52E
0F7
F55
EEF
06A
079
003
F91
437
F47
B69
F5E
F10
D2B
F15
227
152
053
CAD
1A7
071
E19
217
509
061
F61
02F
E87
FC7
BE8
1E9
304
D63
DAD
0C5
D1C
D65
089
1ED
38E
EC5
0C8
207
E8D
D55
3EA
1F5
FE6
0BE
F6C
F38
C1D
D57
1FA
1B9
CDA
21B
049
D97
E1C
0E7
31F
24D
052
268
26C
AD9
FA2
1A5
003
F5A
0A8
F8A
E7D
B29
E78
2FC
E01
08C
37A
176
D7C
FE6
FFB
271
FF3
0BE
454
EE3
C3F
F69
00D
D73
0A5
06B
1F8
DC8
C96
0C4
138
DF7
307
4F2
FB2
01A
E91
116
FA3
E76
222
3F1
C8A
D9C
040
D12
E3F
F9E
2C1
16E
E99
E72
31F
DA4
F7A
408
314
090
F64
FEB
F5F
D7C
D73
3C1
FF1
DF2
F6E
FCC
C73
E4C
0D1
2F3
237
E68
347
134
CDC
FD4
3E1
096
16C
FA5
059
E4B
B06
00B
1D5
F26
F0C
380
E9D
E49
E2F
170
337
081
131
416
F19
B97
18B
F7E
FF1
EFE
117
041
D21
B51
0F4
07B
D78
2E8
294
0DF
E0F
F77
10F
200
E81
3AD
2ED
CB5
DFB
F70
EF5
DDB
07D
0F4
2A9
B7D
F04
14E
E3C
F2C
472
2D1
045
004
F41
1EC
CF1
FA8
3ED
10C
CAC
FA4
E96
D61
E6B
FDB
485
F7F
DEF
104
147
C68
205
321
233
0E3
F9A
0E5
EB9
BEA
029
3DB
DC4
F63
014
EED
CE9
E10
175
3C3
F92
05A
45B
E2F
DDA
0A5
2B9
0BC
063
00B
1ED
BC2
B33
164
069
E89
0E5
203
EC8
E45
DD3
392
15F
F11
37F
2CF
DB0
E51
0B9
FA1
09A
E4D
2CB
015
B26
D5F
157
E9D
F6E
33D
1BF
113
D1C
06E
233
F3F
F74
535
08F
D8A
EEC
E32
EDF
E0F
04E
29B
003
BB9
128
F75
E1D
104
35F
314
09E
EA7
171
0A1
BAF
2CD
2BB
F78
DE8
FA1
E43
E21
D22
1A9
3D4
D28
014
1F0
EDA
E05
18C
2B8
33D
F58
025
1DA
C77
CBF
17B
15E
E3B
03D
E85
02B
C09
E43
332
1FE
F43
34E
2AF
D67
FC1
FCE
349
079
F8C
1B2
0D3
A77
E00
057
E57
FE8
036
281
ECA
CFD
F6E
40B
E9B
19E
494
0CE
E9C
DDF
075
097
EDC
F42
4DA
D0B
C2A
EEB
F1E
E7B
07F
23C
312
FC3
CBD
320
00D
E57
252
3FC
FF9
F4C
DBB
F9C
EDC
BBC
2CD
25C
DB8
DCA
0DB
DD4
FCD
FF2
3D1
382
E36
088
1F2
E3C
D92
351
0D1
10B
DD3
EEC
F46
C20
CDB
352
110
E71
1D7
FF0
F71
DB0
072
43A
1FB
E46
314
FFF
B3E
F16
02F
0C5
F6A
F78
012
F11
9F2
094
27F
FDB
1BC
2B5
195
EDB
E6C
0A0
43C
E0F
12E
31F
DE0
BAF
EB9
F60
03D
F4C
07E
3BB
CC5
D73
120
0F3
FBA
374
316
223
E4A
D1C
24A
EC9
E2B
18C
2DB
CBC
EA2
DD1
FA9
E94
EAA
3D5
2CF
DA6
F7C
2D8
E21
144
15B
3EC
122
D59
EB5
05F
C04
D60
36B
FE0
F7F
DFF
F93
F44
E3A
F4F
5EB
152
F22
304
FFF
E59
E52
1A4
2A0
05D
CCF
1FF
E01
AAC
FE0
1B0
085
08D
0D1
103
FF7
BC6
2C6
3BF
002
0FE
2AE
F17
CFA
DE3
044
28D
D26
0AC
1BF
D1F
BA8
0E7
044
149
0D8
1FB
375
D6D
DDB
251
1C7
E71
31F
0F8
F5E
CCA
D3D
11E
EEC
E22
274
2AC
BE8
F6C
F5F
0FC
064
129
400
28B
D54
FFE
19A
D2D
044
1A1
236
E74
CED
DBF
0A2
C2F
000
4DF
09C
FC8
F9D
0B9
F8C
FA9
107
5B2
F9E
DC1
144
EB4
CB5
E70
1AA
0E1
FA7
CAB
1EA
DB7
C13
1A9
41A
0A0
196
16F
042
F30
C72
291
290
EC9
FBC
1AC
C90
C8C
DE7
0FC
1F7
E04
1B5
26E
DB5
CDB
2F2
16A
226
0ED
205
1F2
C0B
D8E
1F2
FEE
D4E
2BF
FB6
E30
C69
E57
1DB
FD8
FB0
438
29C
C94
07A
0D1
106
FDF
19F
2B1
10C
B2A
EB4
09B
BDC
FD8
159
14F
E5D
D3D
EF4
216
DD3
19A
5AB
08B
F9B
04C
018
EA1
F36
FC4
45D
E4F
CCE
FF5
D9C
C86
07C
2A9
1D5
03F
DAB
2A1
EB2
DF2
281
460
FEE
05F
043
F68
E61
C26
2AD
16F
DE1
F1E
1DA
C11
D7B
F98
280
2B3
F03
222
238
DB4
D91
39A
0D9
109
FBA
FCB
F71
B25
D45
1A1
051
D87
365
FE1
E96
DE6
083
2DD
144
01B
444
17E
C16
036
FC3
053
EFE
0CD
167
F83
A97
F73
13E
D97
19B
2ED
26E
ED6
F6B
FE7
264
DF3
257
45A
F89
D8F
F4E
EEF
E21
EB4
FDE
42D
D25
DB0
094
ECA
DC3
1FC
331
236
0A2
E2B
2B5
DF6
D4A
1E7
2D2
E04
F6F
EDB
E9D
DE8
C6C
361
1E8
EB3
076
230
D52
FAF
15B
34F
327
F0B
167
14C
C31
C5F
2BD
F79
FF8
F2F
07D
EFA
B95
E71
3D0
110
F1D
49D
0A3
EEC
E1F
075
21A
090
E87
373
F77
AFA
EC8
F4B
FCA
F1D
0F6
121
FFE
AD7
130
25C
E7C
2DC
37C
1C2
E78
E21
F7E
1F0
C62
168
367
E2C
C9F
EE9
ECE
EC6
FBC
170
487
DC9
ECA
1EF
00E
E2F
26C
348
1A7
F06
CCE
11C
CF4
C78
1D1
2DF
DB9
F40
EF3
F7B
EA0
E73
492
33C
FA5
113
2B1
CEA
F48
046
22E
142
D96
024
02B
B1B
C89
2A9
F85
0D5
FE3
199
05F
D2D
FB5
4C9
11E
FDD
48A
FD9
E45
CA2
FB9
115
FDE
DF6
2F4
F35
B0D
F9F
01E
0EC
05F
25D
2E2
0F0
C54
1BE
258
E75
1EA
252
090
D36
D0B
E9C
0AF
C4E
16E
348
EC2
D4E
F92
05E
06E
099
208
54C
DCB
E6E
13B
ED9
D9F
12D
191
0DD
DDE
C8F
0D3
CD9
DBC
287
366
F24
0E3
FF1
06B
F4A
E70
4EF
2A6
EFE
FDF
153
BD8
D92
E83
1EE
0DD
D64
0BF
072
C9B
DD3
486
16C
218
060
1F8
0A6
D1A
F53
43A
046
E88
277
EB5
DA4
BD6
F11
189
FF6
E8D
3C2
031
C85
0B6
0BC
23D
042
1F0
2AC
06D
A88
0A2
0F9
DA7
016
153
05D
D82
D28
F2B
211
CEB
2B7
493
087
E8A
FBB
09E
072
F84
1B1
4B6
CDC
CE8
FF1
E18
D02
12D
1D6
18C
EB1
D41
286
E31
EA3
2CA
442
FBB
0CB
F72
011
ED3
CBA
3C3
1EA
D69
EC4
0BA
C4D
E16
F40
30B
252
E77
1E0
1C9
D22
E40
3AF
14C
214
FAF
113
03D
B62
D53
2C3
F8D
DE5
225
F37
EB7
C5F
006
2D7
100
FA7
4DA
13C
D0A
FFF
FF3
197
F97
00A
1AA
FFD
9D0
F39
0A7
DD5
0DE
1CD
207
E89
D63
FD9
35B
DFB
298
4C7
FFF
E70
EBC
FA9
EAE
EAD
FE3
3EB
CE5
CF5
FB6
E9E
E14
0F7
2FC
331
020
DD8
377
ED4
E44
23B
3A3
F10
F1A
E07
F92
DBE
B69
26F
1D8
E85
FA4
0FE
D78
F50
FD5
3DA
389
F1B
1D4
1BB
D16
D5D
1F6
063
0CF
E64
03D
001
AF9
D42
268
080
F05
306
0A6
092
D69
031
3D0
0EF
F1B
367
116
BAB
E2B
E7A
0CD
E7A
F67
206
03D
AAC
F9A
146
F2B
17D
29A
3DA
FF8
D90
FEC
2B7
CC2
0B2
300
F89
D93
DBF
ED6
F12
E1C
F8B
530
EA8
E73
0FF
FD6
F24
0CA
2B1
38B
0A9
D0C
23A
DDC
CD4
038
27F
FCF
EB6
E03
FF9
EAE
BBC
2EC
31B
00D
06E
246
ED8
F6C
E7F
2DB
406
DC7
0C2
19B
C71
B90
04F
003
121
EC3
0A1
219
C78
DA2
353
27E
FC3
394
148
141
CA8
E24
241
007
DDF
240
14D
C43
E79
D92
149
FCE
FB4
3BF
2E3
C95
FFD
1CE
EFB
155
167
3D4
FC8
C7C
DA6
0FB
C1A
F2F
287
006
F07
D80
00D
070
EA1
FB0
668
0F3
F0A
13A
FE6
E92
E8C
148
306
018
C23
13A
DD5
B62
F1A
29D
115
034
FAC
135
05B
C0B
2D4
442
15B
020
22E
FA3
E26
C84
018
2A7
CF3
036
15D
DF3
BAD
FD1
086
2DD
012
1C8
3B9
D96
D8B
1C1
1B0
F2B
1EB
0A6
14D
C5D
BA1
14B
007
DA8
158
343
E0B
EF9
DE7
1CF
04F
FB1
3C9
3FF
D6E
DF8
0E0
D95
FD8
F3C
2CF
0FC
CC7
D5A
141
C9C
E42
370
1D1
122
EFE
0D1
11F
ECF
E74
5B7
1B2
E40
07B
F73
E32
C7F
F0A
27C
1A9
C3E
224
FB1
C79
F40
1EF
2FC
192
FD9
19C
1D3
AE5
05D
2C9
033
F9D
10E
F90
D97
B70
EC6
351
E01
0C5
32F
0A0
D9D
F60
094
26F
09D
109
535
E69
C15
F75
027
D8F
06A
043
18F
DDE
BBA
0F6
048
E2C
190
50C
036
045
E73
1D1
FF2
DA0
2DD
454
E06
D12
007
D65
EA2
E11
25A
2E4
E89
E65
2BB
E5C
D70
3AB
297
2F0
EFA
0AF
107
DE7
BE3
250
1DE
DFE
00D
F2D
F2F
BFD
E65
26E
398
E30
293
256
DC5
EA9
0BB
2DB
195
020
0BA
1B4
AC4
D74
188
029
EEF
126
1AC
F95
D2D
DDD
3F5
FB2
06A
3E0
293
E8F
EA2
EE4
0A8
FB2
E35
3DA
FDE
BBC
DCF
024
E75
FFA
11E
35B
1BF
C7E
1A5
143
E41
FF3
503
115
091
E07
F58
FAC
BBD
FB1
333
FFF
CAF
0BE
E85
F3B
E84
1EF
4DF
108
F38
2C5
04E
BC7
14A
0F9
229
F05
F28
0C5
E18
A73
001
2B3
E75
1CA
0E4
182
E5C
DE5
1C8
427
EC7
184
3BB
D99
D77
DDD
0BB
FDF
EFC
FB6
373
CA3
C67
134
022
FF4
180
394
25E
F97
D17
365
F89
E43
2D2
295
F0C
D99
DF3
F0A
EF3
CAF
37C
241
E58
EEC
0E0
F5D
FA1
121
39A
41A
DA7
07D
128
D0D
D01
215
0D4
00E
DEB
E55
100
BC8
E7E
380
27F
EFC
30F
035
FD5
DF7
F7B
437
17C
EA9
1A5
103
A98
E4E
EFA
14B
FF6
F0C
218
0D8
BAB
E82
39F
F6B
220
2B5
293
FC9
CEB
EFC
2A1
E9C
F19
3BC
F0E
D1E
C82
FA6
FDD
F88
FF5
4EE
06A
CB7
1EB
0A9
FD1
08E
2D3
25F
050
BEB
079
F52
BBA
041
2A8
07F
EA6
F43
F48
0EC
CF1
23B
527
030
F8D
254
FDA
DF5
FB8
0C6
430
DC5
F10
112
D7D
AE1
02F
1BE
088
0DF
F96
2D4
E2F
D54
240
3D4
F4A
1ED
1B0
FC1
DD0
C3F
187
0EE
DAA
063
2B9
CAD
D88
EFE
0CB
16A
F92
382
38A
E18
CB7
2CB
F3B
F8F
17C
1FA
0DE
C8D
D35
0B0
E18
C81
3FB
16D
F90
EDD
FE4
0E9
FCA
F9E
411
3FA
D54
08E
FF9
E62
D59
069
1C0
146
CA6
F3E
122
B67
EC1
268
2B4
047
1C1
097
1B0
CB9
F14
50C
0B6
F53
10E
06D
C45
D2C
D9E
2AA
F9D
ED9
2B7
055
BD4
F16
25B
109
279
03B
3EF
02F
C0C
E98
269
DE9
F36
209
F9C
ECA
B82
F12
10A
E61
FDF
539
063
E7D
00E
FB2
1B4
F14
171
423
04A
B60
0B2
E59
CD5
FAE
122
251
ED8
DA6
084
09A
BC2
2A4
464
125
FF3
0AB
058
EF5
D99
03A
458
DA8
F01
04B
E29
C4B
EC4
116
28F
012
FAE
39F
E21
DAC
1AF
333
072
160
055
10D
DC0
B10
165
053
DA9
05B
289
DC6
DAE
D87
17B
1D0
EE6
3CA
415
E96
D8A
20D
F2E
0B2
FB9
25B
231
C77
C22
055
E4E
CCB
322
1D7
190
DEC
FF4
1C8
F7B
EBE
484
3AF
DD1
054
ED3
EFD
CBB
E83
199
1ED
C3C
F60
124
BF5
EB1
130
30E
183
098
115
275
C35
EAD
3BF
0D2
FBB
07E
054
DF8
C2D
C81
36A
F95
EEB
2D3
144
DA3
E8F
10A
1AC
207
F5F
506
0F6
C0B
E1B
139
E17
F50
12B
0E5
013
ADD
FC5
129
E78
02C
4F7
15F
FDC
F74
FA3
189
DF0
0FE
3C3
07A
C2B
031
E46
D7C
E74
056
3A4
F55
DDA
118
13F
C10
1AF
33A
27C
059
FAD
127
EEC
BFB
048
3CC
D67
FD6
FB2
F28
CFB
D48
033
399
FDF
044
4B8
E45
D79
00B
23B
0AC
13E
083
26A
D5E
A3C
0B7
01E
E76
06D
251
FA6
EE6
CE1
1FC
206
E78
3C4
47D
FAB
E1E
03D
F19
015
DF7
20A
27E
C92
CC1
0D2
E76
D5C
21E
20E
358
E50
F95
16A
F6B
D8A
429
31A
F41
FF4
E43
FFB
C9F
D5F
171
2B5
CEB
0B4
179
D2F
E8E
FDB
398
22B
089
0EA
389
C06
D70
1D0
11A
FB4
FFC
057
F02
C41
B6F
2ED
F75
F01
32C
25A
EF7
E5A
04E
22C
170
E73
476
1AB
CA0
D71
01F
E19
F04
FC0
1B7
18F
B6A
F59
0DF
E77
F48
4CF
23F
0D9
E65
F5F
193
CE8
F6B
381
16A
C38
007
DEC
E06
DB1
F99
3D0
138
E6A
205
1F7
C36
12B
258
34E
107
FAC
10A
F60
B06
E5B
34F
DE2
F76
108
023
DF7
D57
FCF
421
03F
045
4C4
FAE
D88
EFA
193
09A
095
F57
30B
E07
A57
FFC
F2B
E15
FCA
2B4
14A
053
C51
213
123
DAA
255
4AC
05E
DDE
FB5
E21
FE0
CE2
183
394
E04
D2A
126
EC7
D2F
186
1D2
48B
042
F7C
23D
F6A
C32
2D2
27B
F9F
061
E2F
FEC
C4A
C82
103
37D
D8D
0D0
22D
EC2
E93
FA8
2DF
256
04B
0A2
401
C48
CEA
05B
021
F55
FBE
0CB
07A
DA3
B67
2DA
FA9
F59
30B
378
FAC
F0B
F42
187
0DD
DA7
470
1CE
D07
D00
062
DA7
ECF
FA6
271
292
CE7
F6E
222
EFD
E60
4B4
207
132
EEE
F3F
0C0
CF0
DD4
28B
1D3
C95
09D
EC3
E36
D33
F72
39F
245
F08
276
2C2
BBE
FC8
10C
236
04C
F96
064
086
ADC
D44
2AA
E77
00D
114
198
E88
D8F
F2D
362
05C
021
55E
0A0
D5D
E2D
037
F29
005
EFE
390
F71
B32
FCC
FE6
E6C
FF4
3CA
218
1B5
D09
168
0FD
D5A
0F5
431
051
D2A
FBB
DC6
F0F
C1A
084
35A
01B
D17
236
FAA
D63
0B5
1F4
3DF
015
FC5
18F
FF7
AF5
0C7
19B
F41
FDD
F2C
012
CD2
C31
007
43E
E2F
16E
325
F23
E49
ED9
1DB
18D
03D
F7C
441
CD8
BBD
F23
FC1
E22
00C
177
139
EE0
BCE
2B6
00F
F0B
2FC
4C5
FB0
F4B
F12
FBF
FFB
C4C
321
28A
DDF
D5B
0A1
D11
E86
FD5
2D3
375
E28
F91
253
F1B
D94
41F
1D0
11F
F21
F13
FC3
C1E
C64
140
22B
CAD
1C3
075
EE8
DCB
FAD
2F7
339
F6D
250
310
BDA
E4A
0AB
0EE
F57
FCF
07F
0F3
B27
CDD
234
F00
FB1
31B
35E
F3B
EEC
EB2
32C
FA0
F1E
4A6
182
CEB
D63
F48
D62
F37
E9C
343
063
C63
FF1
169
DD4
F8C
42D
1AB
226
E00
0C2
07F
CC9
E57
442
002
DA0
048
E04
E10
C85
FEF
3C1
1BE
DFC
339
0A8
D00
069
17B
2D6
061
034
107
FD3
94B
F95
164
EEF
F4D
136
09C
D7B
D5C
FD1
408
EE1
1F4
4F2
012
D60
F26
05B
FC6
FBB
F4C
404
D30
C08
F4B
FCB
D3B
168
264
170
029
D84
273
071
E49
20A
491
E89
ECA
E65
EB5
E81
C36
1B6
366
EA4
D5B
295
DC0
E81
145
38D
2F0
04A
089
1F3
E7F
BB6
2F4
16C
029
F39
026
EBC
D0B
CA3
212
2E8
DAE
2BB
237
F71
DB8
0E6
160
246
FA3
1BC
300
B90
D3A
005
FE8
D95
12F
086
126
C3D
DB6
2BB
FFE
F0E
41F
422
F06
FD0
E7B
16E
EE5
E28
365
1F3
C22
DF9
0E1
C7E
F99
096
3B2
1FB
EFE
006
2CA
CF0
F81
47D
15A
0B0
F23
FF1
E6F
C81
D54
393
FE3
DD7
17B
F2E
DD2
DC3
0E3
2F7
1F9
F10
411
068
C45
F0E
192
03D
F67
041
FCB
FDB
9BC
F9C
1C4
EBB
024
3E6
114
ED5
EFB
FBA
38B
ECE
16A
3EE
018
B84
F64
E75
E14
F2E
047
298
E6A
CA4
035
150
CB1
2AB
3C9
237
059
F12
157
F63
DA6
08B
4A8
DC0
E7C
F23
E42
CC7
E39
115
32D
FE4
E9D
3F8
DE8
E01
12F
325
0F5
0DA
FB8
0E7
D35
A9E
206
0C6
EB5
FF9
234
E0E
E57
D8C
2A7
2BA
F1E
30C
3AA
E84
D36
13A
F6F
0B3
EFC
166
1A3
B80
C10
10B
F4E
DF5
3F1
1EF
178
E00
F6B
19D
04A
E8B
44D
354
D03
FA9
E17
E6E
D1A
F6C
1DD
1D4
BC1
FA5
110
CF0
FCD
277
3EE
198
025
FD6
1C2
BF9
E9B
33C
01E
F0B
01E
F49
D28
D68
DA8
3EB
05E
F0C
328
1D9
CC5
FB2
21D
168
234
F58
345
F2B
B2C
DED
1D3
D88
F37
1C0
020
EFB
C3A
0A6
1BC
FC9
0DF
5DA
01F
E2F
F4A
F89
037
E87
0E1
2A5
F44
A20
0EC
E1B
D7C
01C
2C2
290
002
E86
0AD
113
C4F
34D
398
054
F0A
039
E67
DFA
CA5
0AE
3A0
D41
F0B
107
EEF
CAE
1AE
1F6
355
041
06C
2D3
D9D
C8B
129
1DC
E8D
0F9
F8C
FC6
C98
C91
1B0
1B2
EC7
209
3F4
D62
FBE
FCB
219
0FB
044
1EC
2D8
BAF
C1C
140
E05
F08
06D
1FC
FFC
DF5
DC2
2A2
F4E
EF7
56D
29A
F4E
ED0
088
F6D
F44
E1D
429
110
BDC
EEE
F95
CD8
E53
274
205
25D
D86
1B3
15B
D10
F37
46A
123
FB5
0D5
ED5
F6A
B48
E97
27C
FB2
DE6
264
F61
CE3
F65
0E3
3E0
0E5
0D4
2E6
0BD
AE4
072
1A3
F2D
FEB
02E
100
D96
BF6
ED5
2CE
D74
165
3DC
0AA
E62
F69
0CF
10E
FDF
0DF
576
D87
CA9
F4A
F3E
CB9
091
115
209
F1A
C71
251
F53
E46
272
539
039
016
F30
0D4
F06
CAF
266
2C0
DCC
DFF
153
C53
DA6
EFF
2CC
2CD
F48
103
31D
E94
CB4
430
1A2
114
FB7
092
F69
C8D
C44
285
084
D78
2CD
0A3
E35
D63
06B
1C2
264
FC4
3D9
28E
BE2
EA6
0DA
FC4
EF5
180
0FA
0D4
AD0
E95
194
E91
F90
419
28A
ED3
FAA
F6F
277
E6C
088
48F
0B2
C4B
F40
EBA
CEB
F2C
F78
380
F4E
D8E
081
0F7
C4A
17D
41C
1AB
161
F6E
10C
F19
CEA
F63
46C
E3D
ECA
09A
E0B
D08
D6D
192
2FA
0A2
F56
488
E33
DC7
104
28C
09D
0AA
0B9
091
DD6
AC5
141
FCA
DFE
055
2B9
E7A
E67
E26
1AE
21D
F04
351
399
E6D
CC1
12B
E19
F84
F28
173
163
C3A
D8C
0BA
EEC
D23
3CD
24E
0A5
EF9
FF3
179
F43
E6A
456
2AD
C4D
023
E8A
DBC
CB2
FBC
1AC
194
CD3
086
1BA
C61
FE3
2E7
35C
0F4
0D9
FE2
0B9
B96
EC2
398
F76
E94
0F8
F93
C76
DC9
EB4
3D8
017
049
3C4
11F
CA8
010
207
0CC
18F
FA9
328
DF3
B1C
EEB
18F
D5D
098
31C
FDE
EE8
CFB
15D
160
FC6
1B8
616
EAE
E0D
023
F1F
F30
ED4
1F5
1E3
E12
B0B
196
E4C
DEE
25E
356
163
FBD
031
19E
FD4
CA2
478
28B
EA8
EC0
035
CF0
D11
DB8
1A4
283
D2C
0CA
167
DC6
D8B
343
1DC
235
058
11A
142
BBB
D82
20D
0D6
DDB
1F3
EEA
EAE
C7E
E27
2FC
0AD
FC4
43F
25A
C4C
007
029
17E
FE0
0C1
1DB
FD1
A38
E98
139
CB4
0A6
225
1DF
EAE
E84
FBB
2BF
E37
185
531
012
E72
F53
FA3
DFD
EF1
FB7
396
DE4
C9C
08A
EED
CFE
0F2
390
1DE
178
E59
293
EF0
DB0
230
3C2
E6C
F96
04B
DB2
DBA
C3D
21B
213
EB0
F9D
2BB
D7C
E84
179
28F
2C1
FA5
161
197
D58
BF7
28C
FA9
F0E
0AA
0A3
E7D
C52
E22
249
1B0
E84
4F4
1C1
E3E
E9D
0FB
055
03F
F8A
2AE
0EC
A89
EBE
03D
D8B
E96
2C8
16E
0F1
D88
FED
237
D9D
1AD
535
1B7
DA5
02C
E20
F5D
D8D
025
3C3
F22
C6A
04B
FBD
BCA
16B
1E6
418
045
FD8
139
FE6
BEE
1D4
406
EB0
031
F2D
F35
C5F
CC9
07B
3A9
E27
0C1
33E
DED
E0C
077
2CF
1DA
0B7
041
339
BBE
C0C
133
023
EA1
052
108
EEA
D47
C9E
39D
051
FE7
40E
371
E5E
ECB
023
018
073
E9E
3A4
0DF
BA3
D8A
0E4
CBA
FA7
22B
254
0C7
D48
0C8
1C5
F1A
FAF
5AF
0E9
F4A
E94
F7C
ECC
D2F
FAD
3AD
03A
C16
196
E3D
DDA
FD5
336
2F1
12C
F21
250
04F
BDD
21B
224
FE1
EFB
095
E09
D99
B34
0BB
31F
E58
103
259
F5A
D4C
0D1
105
2EE
F9C
1DA
286
CC4
BE2
0D3
01B
E52
140
FFF
10A
C1B
DD0
24C
147
EF4
499
391
DD8
F46
EE8
13A
EFD
F31
1F6
1DA
A60
EB4
FD0
D39
FA2
0DF
316
0B6
E84
F92
318
D4A
118
492
1E5
F0A
EC4
EB6
DEA
D2C
EBD
46E
E93
E1F
081
F44
CB5
04B
1D7
3DE
132
ED6
2CC
EDC
C6E
04C
33A
F05
FE6
EC9
F5A
D58
BBB
1CB
2C2
F3E
09A
3B0
E5D
F55
F5C
2A2
21F
FC1
121
28E
CA3
B8A
179
EC2
FC8
011
156
051
D29
CD9
2D3
154
ECF
4EE
24C
FF1
E50
FDF
033
030
E60
3A2
0CA
B15
E92
F3D
EA8
EF1
204
2BB
1C4
C70
15C
184
E45
05D
470
17C
EDC
F4C
E1C
F7B
B40
023
37A
F89
D4A
176
EDE
E4E
02E
19B
4D9
01C
F9B
251
F95
B09
12F
17F
F49
F47
EAE
06A
D3E
BC8
126
347
E28
25B
1CE
FF1
DEC
F6A
24B
2A8
F3F
0FA
2F6
AC3
D4B
F52
026
EB0
0EE
136
148
C7F
D59
3A9
FAA
024
395
319
E49
E7A
E51
1E9
E67
EB3
3E7
029
BEA
DDB
019
DF6
092
0BE
497
0D9
DB2
0E2
1BB
D7E
0DA
49F
048
FEA
CE0
FE3
E7E
C6E
011
45C
E8B
EB0
151
F89
F73
F6C
2FB
3C1
040
F48
2C9
D4F
CDA
070
13C
07F
EDB
F92
FFA
DBF
B65
3B3
1A2
F9A
17B
294
F38
E83
FB1
2DC
2A2
D9D
254
0DE
C5F
C27
0AB
F71
05F
FE0
18B
1D7
B6F
F30
25C
0FF
F98
4E5
159
FBE
CB1
F7A
18E
DD1
F46
315
FD0
B48
F98
E87
02D
F5D
219
3FA
0B0
D22
1C9
135
D64
211
222
1A4
DCA
DB6
ECF
F0B
BBC
1BE
3A3
E61
008
07D
FC1
E55
05B
29F
57B
DB4
070
1A3
D25
CD2
05F
131
FAE
F1C
E21
130
B76
D5A
2EC
246
F41
2DC
1B3
F2E
EC8
E95
411
044
EAB
1B3
0BC
AB6
E45
F47
0AA
FCF
F5D
30A
FCF
C4D
F8C
3AF
F5A
232
29B
1FD
EDF
C47
F3A
0B6
D18
F85
390
DC9
DEF
E6B
06B
FDE
065
23D
4F0
F11
CC8
2C5
F19
ECB
0CD
32F
FFF
E43
BE8
0AF
DD4
C82
354
280
F4A
F55
0C8
F41
053
EE5
505
2F0
E1E
08A
0E8
CA1
DAD
0E3
073
13D
CF1
06F
FC4
C33
E96
4D1
168
095
247
08A
051
CB6
07C
2E1
046
DF0
2C6
E08
BCD
DDD
02C
17A
FB1
FFB
330
FEF
B4C
2B7
204
0B8
15F
260
13F
E05
BC7
02B
14E
C59
1DF
1D5
E6E
CD4
F88
009
15C
F6F
373
478
CF5
EC0
159
FB7
F02
1F2
0EF
156
BE2
DA1
118
D48
E19
341
278
E50
0A1
F71
173
E90
08E
501
1D0
CFB
080
FE0
C39
ED2
00A
2DD
F12
E0B
028
009
B2E
142
423
1BC
153
051
13E
E7B
D25
07B
437
D5A
FEB
188
DB5
C65
E5C
0C4
1D9
FAE
013
463
CF0
DE1
1E2
222
01F
199
11C
0AB
C80
B9F
257
F54
E24
100
19C
D52
E56
EAF
235
126
FDC
4CD
21C
CFB
ED0
1D6
E97
036
016
282
F7B
AFE
E9D
104
D1F
FA6
4A6
0F3
030
E39
08A
0CA
F3A
141
563
F77
D19
0B4
E0A
DE5
DE1
1A2
1E4
F09
D44
29E
EDE
D52
2E5
3A9
254
021
0E7
0AE
ECD
C00
34B
1DC
D91
FD5
014
D2D
C85
F4B
1A6
33F
DB4
2C5
1C1
D76
E0B
301
129
125
00B
0B5
070
A3E
E94
1E4
F4C
E1F
324
F96
E53
D2F
04E
36E
FF1
11A
4E6
10E
BF3
07F
F98
FE2
EE8
14D
255
DE7
B4D
003
09A
D1B
2CB
2DD
22E
E86
F43
0A5
19B
DF0
312
3FD
DD9
E93
F17
E86
D43
F5B
168
35D
C5C
F10
1FE
E4D
F33
345
32A
121
FF8
EF8
1F9
C1D
E64
344
0BF
DDB
FE4
F57
D3F
DF3
F18
522
076
F91
2ED
15B
C2A
057
1ED
20B
08A
EAB
1AF
E11
AD9
F11
337
D9D
09A
136
01A
E68
D6F
1FC
353
FE3
174
4F0
D1C
DD5
ED2
0A6
F73
F6C
03E
1E5
C0A
BF4
241
F43
05F
21F
395
09F
ECB
DD2
31E
F7C
E63
43C
11B
D44
D4A
F35
E2B
F02
E28
466
080
CA8
028
11F
E54
0D0
361
2A2
143
CBD
19C
F6A
D20
F97
3BF
F3B
E22
F63
E76
F6C
CDC
293
42D
04A
EBC
471
E8B
E64
03B
1D8
238
E9D
FC3
08F
CA2
A7B
23E
0A7
021
105
10B
058
DB4
E15
3D3
2DF
E92
38F
11E
DB2
CA3
FBF
04A
0BB
DA1
216
0A5
AE3
F0A
142
075
036
359
1B5
191
C12
029
284
E2D
017
31D
FB0
C28
E59
DC2
0A0
D41
0DB
443
F20
D09
161
0F3
F03
1DB
24C
39D
E1A
D7D
062
F29
B95
235
1A4
ED6
E88
DEE
078
E5F
ED6
3D2
4F3
DC2
197
0D6
EDC
EA4
054
2C4
134
D7C
E79
0D3
A22
E7C
1FB
19F
012
064
06C
02C
D65
F75
5BE
FC1
096
1D1
02B
C3C
DF0
ECC
2CD
F26
DEB
2AF
E25
BDF
FB4
25F
073
23F
0EE
346
EB4
C79
183
1BB
E5A
152
1FA
DDB
DC8
C57
0F6
FEB
F18
240
3FD
CF4
EDD
1A1
02F
187
04E
3B5
19C
D30
D23
1C0
C42
E61
21C
101
F65
D3D
F4B
0DD
F42
F7A
6AB
0D4
F6B
099
083
E85
F15
03F
350
FD2
B9F
0F7
E10
C57
F7E
34B
0E2
09E
F17
1AF
FAA
CDA
2D6
3C3
053
F34
11B
D5D
DB8
CEB
19B
240
D2A
015
1C2
D6F
D37
259
16C
302
FFF
269
1A4
D1F
D35
2A4
FFD
E05
1A2
F82
EC1
B31
E97
16A
0FE
EBA
49A
13B
D35
04D
076
17E
FEE
104
285
0F9
A23
FF7
085
CFA
FBA
274
10E
EA0
D69
FD5
254
D1F
306
440
0C5
EA9
08D
F60
F5B
E80
128
386
C11
DE4
040
E15
CAE
224
206
2B0
EB6
F9E
2D8
DF0
E54
38D
31C
E71
08D
ECC
EBF
C62
DAB
2DE
13D
D41
12D
145
C2D
FF3
164
3AD
163
FF5
1AA
0D6
B02
F37
2F2
ED9
FFA
FBF
033
CDF
C77
F44
3D6
E82
136
3B5
F9E
DF0
F57
196
15F
08A
FE8
3F2
C7F
BD5
F8E
FA9
DF8
0F0
19C
074
E05
C8F
307
020
F92
3F7
475
E66
F1E
EE3
FD3
F41
DEE
2F0
0DC
C86
D84
0DB
D25
02B
0D0
3EB
1D5
DDF
07F
1EB
E45
F51
54C
FE5
F7B
DED
EF5
E50
C8D
F8E
3DF
FC6
DC5
21C
E72
ECC
F43
343
33F
109
F04
306
E3A
BDF
107
126
FA1
EF7
002
F4D
DC6
B43
34A
1ED
FAD
262
2A0
F2B
E54
F5E
191
262
DB9
2A6
0AD
BF7
C6A
0BB
F42
F93
097
13A
174
BEF
F58
307
10A
FD4
4FB
14E
F33
D32
EF6
0D2
D5E
FAE
2E1
FDA
AD3
04B
EF6
FA6
FD1
2A4
410
FED
DCB
1A0
180
CDE
274
1E8
0E8
D85
E0A
EB9
ED5
C19
1CA
418
D76
FC9
10B
FE7
E2D
125
2F7
44A
E9C
F99
194
C60
DD2
18B
19B
EF8
F6F
E93
0E7
B8C
EB8
44F
254
FAC
2C7
137
E13
EA1
EFE
3CA
F6A
EDF
20C
018
A32
E3F
07A
FB8
0C3
FFC
2E4
F1D
CFD
091
409
EE3
246
2AE
047
E2A
CC4
02E
094
E03
03D
3C0
CF5
DAD
F90
0AB
00C
0FD
30D
40C
E4F
D53
2D4
E9E
F11
0F2
25E
EDE
DE9
C91
0D6
DB4
D81
3CE
1DD
EE0
F92
15F
E8F
039
058
536
13A
CD1
038
FE2
BC8
E5A
219
060
099
D3D
045
F3F
C89
009
4DF
0A0
08F
26A
FEE
F6F
CE4
14A
2D3
EB5
DF9
2BB
CC4
BFD
F72
0B7
1DB
FBD
167
27B
F07
BCE
326
19F
027
1A2
1BC
031
D4D
CA3
075
0C2
D0A
2DC
0F2
D75
D99
056
103
121
035
3D7
34E
C05
F95
14A
EF0
EB5
24B
07F
FDC
BC3
E32
114
D36
00B
443
249
E16
0E4
F60
199
EB1
196
4D3
FDE
CF9
0C1
F10
BFE
010
043
28A
EAA
E0B
0DE
003
C25
245
453
098
1AD
007
08F
D9D
DB6
153
327
CA1
059
093
D07
CBD
F92
265
14A
03B
0F2
385
C3E
F1E
2D8
172
FF7
17C
0C9
F25
C56
C24
2B7
E92
ED5
229
18A
CA3
F48
007
25D
0EB
FF3
58D
09A
C65
F1C
1F8
DB9
0E0
060
1CC
E5A
B07
FD6
083
DDD
08E
53C
FFD
FD6
EA2
123
076
F36
1EF
49C
E1E
D1B
136
D2F
E76
EB2
292
11B
E8B
D77
21F
DF5
D2E
430
34C
1AE
FEC
0D7
FD8
E7A
C3C
401
149
D33
03E
020
C8E
D1D
01F
244
2D4
E1B
354
11C
CFE
EC4
38D
0D0
0A9
0CD
055
002
A3F
EFD
18C
F20
E73
32D
FA5
DA6
DB9
0CD
339
FFE
157
449
09A
B2D
0F0
F82
F4C
FC9
0C0
198
D27
BDA
056
0EF
CEA
381
326
162
ECD
F46
108
10E
E56
2E0
394
CA5
E7B
EC8
E66
D23
FC8
177
2E5
D10
F5B
1D9
DD2
F62
3B7
363
03F
07B
F74
158
C28
E6C
36F
07A
D51
FB3
FE5
CFC
E66
F53
4CB
0B7
FB1
27B
195
CA3
0F5
270
123
0DA
F03
184
DA0
AFC
F0E
31A
DC8
0A5
25C
003
EB4
E1C
204
38E
062
118
50A
D61
D6A
F31
F85
F6A
F6B
0E3
15A
D4E
B3A
26B
F18
F56
2B5
3BA
FE4
F11
EC9
19B
005
E1A
406
185
D95
D79
F8B
CE0
EE2
F42
389
1DB
C9B
00A
182
E43
F24
4C7
233
227
E11
029
F97
C21
EFF
3C1
023
DA8
0F3
E2C
EA5
D29
1CF
402
121
EDB
38F
FCB
C93
0C7
185
1A3
EF9
FC1
012
E38
9C4
118
171
F12
0D6
1D6
001
DFB
E7F
19B
3EE
E5D
330
35C
D6F
CA2
FCF
F38
F5A
F5E
0B9
26B
B1C
DAD
156
013
F33
395
291
18F
EA6
E55
290
E4D
F47
37A
272
C1F
EF0
DF2
E87
E0B
F82
400
170
D51
04F
246
D8D
11F
208
325
08D
E98
F97
013
BB5
F1C
3BC
EBB
F3D
F55
025
E01
E65
112
547
FAA
FA5
3A2
EFA
D98
F72
202
10A
FDA
DD4
1EC
CA9
ADE
0ED
187
F7B
127
202
F85
F59
D02
380
231
F94
1A5
320
D61
D0C
FAB
F92
030
DBB
236
135
C5B
C6C
252
F81
072
2EA
2A4
20E
D96
FAD
17E
EF4
E0D
45D
011
D62
DA8
E58
F92
DD2
FAC
3D2
1A2
C5F
1E5
03B
EE8
02B
34B
2ED
062
DC1
F98
01F
B38
07D
251
001
E42
0A0
EEA
FE4
CCA
190
507
F56
056
276
FAD
CAF
09D
066
2AC
EAE
F25
198
CAB
B42
0B9
222
EB6
263
0E3
223
DF9
E60
2A5
2FF
E4D
254
2F1
CBD
D8C
D9A
065
EED
ED5
154
2B9
BC7
DC4
18A
F22
10F
1EB
39D
136
E2B
E4E
299
D86
EBF
38E
0A6
D97
DC8
EF5
EE6
E84
E8E
581
103
E40
0E1
13B
E0C
083
25A
342
136
CEF
0DF
EF8
BE3
EE6
381
EE9
FC9
F6E
00C
F62
D06
1DB
49E
0D8
FA1
3DB
EAC
DF2
EA9
0A4
1E3
F06
EEE
1C0
D71
A12
16B
098
0B9
112
21B
191
ED9
D47
31E
276
E01
335
1A8
EA1
C8E
E11
F78
0B6
D9B
2A6
27E
BAE
E7E
126
FFD
03B
312
296
2F4
CCA
EFE
1CF
E5A
E30
2DE
12B
E02
E2E
D66
06C
CFE
FC3
475
2C3
D9B
133
186
E39
061
09A
417
025
DEC
FCC
FFD
A3F
F68
20B
FF8
03C
F2C
0D0
E84
D2D
02C
595
FD0
0FF
280
FC9
D88
DA4
001
15F
F36
E42
37D
C9E
BAD
FDC
1D6
019
139
22B
296
F87
C2B
32E
114
F0C
150
2FA
DCA
D41
CCF
02C
FF0
D0E
2AA
2A6
D7B
D33
223
EFD
116
179
370
2C3
D56
E4D
141
E7F
CD2
39A
0DF
FE8
D1D
EA3
F82
E2C
E3A
48C
2F8
DD7
220
084
F95
E6E
129
367
242
D00
0F7
055
AB7
E76
162
146
F7F
0D1
066
159
C16
07E
4A7
0AE
08B
2B1
0D2
D50
E3D
E6C
28D
E1C
F33
29B
ECE
B5C
FAF
0D6
04A
1B2
12C
450
EF5
D68
0D6
2A1
DE0
19F
302
F61
DA2
C45
000
FC4
D99
0F8
49D
D22
E7E
0F3
01E
017
0A0
3CD
347
F20
D4D
2DE
D00
D62
115
1D6
F56
E32
DA1
FEE
E3F
CFE
4B7
27F
FBE
0AA
1F4
E7E
EDD
FC7
2F1
215
D19
0EA
009
BCB
C4D
11B
FCB
0D2
F83
1A0
155
C43
EFC
42F
18E
FB6
3CA
031
ECD
C74
EE1
168
F63
DE3
2C7
03A
ACA
F16
F78
0DA
FEF
1EF
3C1
18A
C08
0EA
269
DC3
15D
274
0E6
DC8
D47
DF0
0BF
BFE
0F1
4B1
F79
E82
089
059
F3C
0B9
176
593
EF6
E57
133
EE9
BAB
063
1DE
00D
F9C
D84
10C
D8C
D1B
1BA
4CD
F9F
146
1DC
FC4
F23
DA9
319
250
E4F
F84
21D
B9C
C4D
FB7
0A7
0F5
F64
215
1FF
D9B
C92
433
0F1
0C5
2B3
28B
FA3
D4D
D78
0ED
FC4
CA4
393
05E
CF2
DBC
04B
F84
061
093
463
352
C7B
07F
1D7
F01
E83
304
0D7
016
C5A
E4F
087
BCE
F42
3D4
161
DF5
158
FD5
FF5
EC1
17C
516
11A
E52
12F
FE7
ACC
FA2
035
223
F78
E7B
023
FAB
B2B
01C
4B0
FD7
1C9
193
165
E6C
E1B
FFC
3E9
DE3
F7D
2BA
D7F
C2D
DEE
061
FE2
045
036
42F
E4F
CAD
1E3
1C0
FE0
205
309
0B4
EEB
BBA
0D3
F37
D60
165
32E
D90
D6C
FBB
EE4
05C
F15
42F
3CC
EFE
E5A
29A
E48
E44
1C4
19A
19E
D53
E51
FE8
D14
BA1
3D0
1A1
FAF
046
017
03E
E05
FA6
397
3CD
D97
21E
046
D4C
D16
013
0B4
0C0
E80
07B
133
A71
EF9
2D1
190
06F
2D5
185
0FD
D52
ED0
392
EC6
FC9
26D
04F
B5E
E46
DF3
0F1
F0A
FC0
3F4
0DF
CD6
004
25C
E66
1F4
247
31C
FEB
CBF
F65
09F
C27
F73
415
E9A
EE1
E86
FF6
F28
E65
1A2
5CE
04D
E3D
2CE
F44
E10
EFC
22C
1FA
F53
D13
129
D7F
B00
0E7
214
06C
04E
165
FFD
FDD
C2A
369
382
FBD
12D
2A3
E3E
C20
E7B
F5A
1CC
D91
0CF
1C2
CC9
BCD
1AC
0E4
058
28B
1E5
314
DAB
E12
15B
11E
D32
2D8
19A
D63
D62
D9E
FF5
F4E
F49
2EE
41A
CA1
F99
1AC
F42
04E
1A4
372
23C
E52
E2B
1E6
B88
D8C
21A
13A
EF2
F1A
F50
FD0
E01
E4A
596
1BC
F4D
1D8
1EE
D58
EF5
FFB
2AC
199
D54
1A3
F46
BA0
D65
29C
F3E
107
110
1CB
07B
C91
07F
3B6
09A
F82
4CB
F28
DE9
D23
F54
09E
EBA
F65
2FB
F93
B0A
0A5
FC9
05B
08B
2AC
35D
09E
C57
0F8
13D
C78
0DE
238
065
D7A
E28
E23
004
C5C
0FB
4DC
F98
F77
141
FF6
E0F
0C8
152
4DD
EDB
EBE
1BB
DD2
B7D
02A
1C7
F83
FED
E2D
151
D6E
C6F
1B6
3E7
FE9
204
30C
F14
E93
D69
223
199
ECC
08D
300
BDD
C00
FB1
F0B
010
013
24D
1AC
E34
CB8
3D6
0AE
FBC
34B
288
000
D81
E11
FD4
F85
C17
3BF
171
D11
E22
FF4
F08
F6C
0D9
382
468
D5E
099
1BF
E42
DE9
2CB
17C
032
E35
E4E
053
B86
E25
365
228
EAE
21A
04B
FBC
E71
F94
4BF
1BD
F28
176
14D
A79
EB2
02E
0E2
F93
F3D
0F8
FDA
B9E
E47
451
F82
170
29A
234
F36
D9D
F21
24D
EFD
ED9
3E0
EA8
C62
DC5
FB2
F52
FCC
05D
486
091
BFA
157
107
F6B
0F5
42F
1B2
071
C36
03E
F51
B9C
028
2D0
F5E
D8A
FFF
E1F
FEF
DE8
27E
4F1
036
EFA
2C4
F5A
CD7
0A0
0EA
2BB
E7B
EA5
05A
DD6
A98
104
21C
EF7
153
0BD
15B
E2C
EA0
1A1
446
E95
18B
2D3
E45
D2C
E58
05E
F5B
F36
FBC
363
C4D
D02
126
059
FAE
24D
347
179
F31
CAF
313
F13
E53
221
2EE
DAD
DF3
E25
EBF
F1C
D33
3D9
29F
E28
F09
291
E10
F83
206
32E
369
DBF
F6C
0AA
D03
C18
2E2
031
F73
F13
FC5
F61
CE7
EB0
3E2
2FE
E1D
3D9
0F1
EB5
DE9
014
1FF
0FD
E2A
0FC
0BB
9B6
E10
069
043
FB2
1AC
20B
139
C64
F2A
3EC
F43
125
3BE
220
DB6
E33
DD4
07B
E3B
E78
429
FBC
C22
E3A
07D
E5E
11B
0FB
4B4
165
DBC
12E
112
D3D
F3E
3E5
FCB
FB1
CF1
FA5
E62
C20
F52
459
032
E52
203
F02
F53
ED2
236
3D0
115
E81
2C1
EB1
AEC
F88
069
119
F03
002
008
EF7
A7A
1AF
2E9
F56
1F8
33E
156
E7B
EA8
02B
307
E2F
144
326
DBF
BC9
EAE
F77
EFC
026
03A
42F
DCC
D48
1BC
163
E96
310
3B3
16F
F74
CDD
12A
E6D
CDB
0EE
37E
D00
EF8
F43
EB6
EBD
E2D
3AC
397
F89
F01
349
DB9
E78
14D
1C4
1AF
E74
F5E
054
D04
AA4
32C
03F
F91
038
110
FA4
E09
E8D
321
2F1
E2E
3B4
1D8
DBB
D0E
F8E
04A
033
E3D
12F
20D
AE5
E10
10F
01A
FC0
367
26C
233
DCA
E47
318
EA1
F9D
31F
26C
C6C
E2F
D50
FCB
D6B
E7B
3EB
17C
D14
F81
1E9
DC0
13F
199
4C4
1E6
E25
058
0D9
BB2
DEA
395
FBB
F9C
E1D
FF1
EBC
CF3
EB4
4BF
0A0
F0C
38A
024
F2A
E18
14C
1DF
199
D90
2E9
EC0
A0C
E92
097
FA1
F2F
0D0
11D
0BF
B2D
12B
2E1
F7F
0DF
43C
128
E51
E2C
E89
1A1
D70
0B3
32B
E8D
B9A
FB0
F6A
F25
06B
135
45D
FDA
EA2
1A9
155
D4F
1FA
2EC
0D4
F1C
D0D
FE6
DC3
C33
044
3FB
E44
F49
0C8
FBD
FA9
E88
356
473
099
F37
3D8
D73
D6A
F63
0D9
0FD
EC8
F6F
118
D5E
A7E
250
11E
00D
1E1
2AD
07A
EDA
DF7
1F7
300
E5C
32D
212
DAD
BB1
F0F
E87
071
E9D
1C8
32B
C5E
D9D
135
076
EBA
350
28C
2C9
DFF
DF7
1DC
EAD
E12
2A6
292
CA0
E9A
CF8
F5C
D68
E9E
3E6
36F
E45
08C
2B9
D6B
FE5
09B
32F
1C3
EDA
F14
112
B8D
CDC
2EC
FA5
03C
EEC
12D
FD7
D48
E72
4F2
1AE
FC5
3AD
161
EF4
D8C
FE0
112
0DC
D8D
2D9
004
ABF
DD0
0B7
F99
FC7
1C2
264
20A
C32
035
235
F98
00E
404
160
E67
DC3
DCC
0D8
CAB
F92
2EE
091
C94
00E
F9F
E81
050
113
584
065
E6F
0A8
136
C32
072
24A
0CD
F99
D69
FBC
E0B
C01
F62
48E
F54
098
123
03C
EF8
E36
209
3F5
0BA
F18
381
DD4
C5B
EA4
0CD
020
F4C
F40
1EA
ECC
A92
1E9
16B
05B
1C4
39F
172
F77
CE1
134
1E0
D7A
1BA
2E3
EA6
BD1
EC1
E72
04A
E75
148
403
D7D
DCA
160
046
E53
316
265
328
E63
DC3
168
E0A
C8C
1DB
309
E10
F5F
DC7
039
E14
E6E
335
497
EBD
0DE
28A
DEB
F4B
F62
335
1B5
E91
F01
183
AE8
BCD
1BB
03D
0B8
F86
184
0E5
E56
D49
4D3
18B
FB1
388
1D5
F53
CFD
E9E
0B1
0B6
CD3
340
09C
BF4
DA0
02B
026
FF8
17D
316
36A
C95
FDD
1B7
E87
F64
345
1E8
F4E
D9A
D1E
0F9
BFA
EB2
348
1C2
D9C
01D
F73
FA0
FC2
02E
5E1
179
EBA
0C0
13A
BD7
F32
0EA
16C
FDB
D1F
07C
F4B
B61
E68
465
02C
162
14B
150
01E
D1F
0C4
373
042
EE3
3D7
E57
CEF
D0C
F8B
09F
EFF
F4F
2E1
FC1
B7F
144
0F7
04F
10C
2D9
296
FE9
C10
0BC
155
CCB
0EE
218
F5F
C9F
E46
E49
0B7
D5D
1C5
52E
F23
E7E
0FF
084
EE8
139
148
465
E39
E0B
133
E10
C05
043
26D
FA4
FFE
E08
18A
E1B
D2F
304
454
FBC
114
26A
EE3
EC1
D3D
263
1DC
E75
F36
25A
C14
BDC
040
088
200
F3C
1FA
291
E6B
CC1
39E
134
02B
293
1D1
059
BD7
D3D
096
094
C10
330
16B
DB0
D85
F45
0E5
03F
FF3
3B8
4DF
C3B
FB6
0C6
F0F
EC3
176
201
108
CA5
D43
15F
C46
E55
2F2
249
EFA
0B2
024
11B
EC9
F5D
59A
1FE
EAD
021
0B7
C33
E43
EC5
1FA
FD3
CFA
147
FEA
C32
E67
3C2
0ED
264
0B5
29D
092
C8C
F99
3BC
FCA
ECA
2A2
EBF
E16
BE0
ED7
19A
F24
F12
3E0
FFF
C41
096
0CA
1B9
07F
26A
362
072
AFB
045
0F9
D27
040
128
0F9
DFF
CCF
EF2
14F
CA7
19D
4FD
086
FA4
FC1
089
F6A
F91
0C2
557
DDF
D8C
0A0
E21
C91
F41
1BA
18C
FE5
D89
2A4
E03
D5C
227
470
05D
116
091
033
EE8
B85
21C
180
E45
F97
204
CFF
CA6
E57
15A
2A1
E65
282
336
EBA
D17
2A6
137
137
132
1A0
1AE
C31
CBE
0AB
015
C69
2A8
09D
F89
CEC
DEB
1C1
043
F18
3C3
420
D8E
02C
F72
FF9
EB8
01D
26C
1D5
C12
D87
0EB
C24
EEF
165
2EF
0A2
F19
F64
228
D3D
EED
514
16D
01C
FE5
000
E3F
D6D
D94
36E
FBE
D39
133
F95
D30
E96
1F8
2A0
27C
F01
3DC
0EC
BEA
FC7
283
01E
FCE
0B0
FAA
F28
A29
F49
1EE
EC1
F78
3E4
07D
E27
F28
F8B
370
F01
184
41D
0D1
B84
00B
F6A
EF0
F61
063
2E7
DF9
C7C
F94
0EC
CE4
1FF
339
23E
01B
ED1
168
036
E02
1AC
50B
E42
EC0
F02
E48
D61
DB7
164
328
ECD
E37
2F1
DCE
F1A
170
3F7
2A6
0BF
FEF
207
E5F
BAB
299
0AF
F72
F14
03D
E27
D23
C22
286
2A0
E18
2C4
259
F1B
D58
0AB
139
2D0
EE4
240
228
B7F
CC4
037
F4C
E58
109
068
17A
C09
E44
2F2
FDA
FA7
45E
330
F25
F3B
E1B
201
E4A
EC7
31F
18A
BFD
E20
FBC
DA8
FC2
FE3
418
127
E5A
FBA
24B
D2F
09C
345
20E
1D9
DE0
05E
F51
CAA
DAC
417
F41
E66
FDA
F13
EA8
D74
0A6
4BA
1BB
EC2
417
F59
D2E
F5C
1A0
20A
05C
ED2
139
EBE
934
004
0AC
FBD
06D
199
12D
F5B
CB2
165
3F3
EB9
2CB
348
038
CD9
E99
F3C
110
DFE
04F
3AC
CC2
C35
F8A
016
EB6
16A
1AB
440
EA5
DB1
25F
FA2
EDB
259
380
F18
F14
C59
FEE
DB8
D42
28E
30A
DE2
EFB
0C1
E7F
FDF
F0F
4F3
38A
F26
011
245
D6B
D5C
1B0
0C2
18C
D0D
F5F
F91
C5B
C9D
364
1AE
FEB
1A3
0DD
0E0
D49
FE6
37E
21A
E0D
34F
022
C8D
D25
EFB
13A
F49
EE4
16D
19F
A48
F3E
1A0
059
096
277
2F0
0DE
C94
F1B
385
D8F
078
2D8
098
D2B
D6A
E65
00E
E19
FB4
542
F60
E16
00A
14D
EEB
0A9
218
431
FD3
C80
19A
E8B
C82
F7B
304
FE1
F3D
CA5
058
F56
C34
25F
428
0BD
00A
1F8
EFC
00B
D9B
263
379
EA2
E81
164
D15
B46
05C
053
283
EBB
0A4
1EB
E21
C40
2BF
2D8
066
2B7
0C0
1A3
C76
DD9
140
1A5
D1B
1F1
177
CBE
D70
D89
1A1
FDA
FAD
275
42F
C9D
F57
172
050
0AA
0B3
2DC
0A8
C18
C8A
1AB
CF4
ED5
23A
136
F45
DA2
F27
137
FB2
F50
639
1D8
EE8
020
025
E8B
F11
FBE
3BE
09E
B4A
07B
EE1
C7F
E36
2AB
1A7
0FE
E60
124
155
CBC
154
3F6
1A2
F37
171
E76
EC3
B5D
FD2
290
E46
ED4
1E5
E91
C51
FB3
035
3C6
FD9
143
357
F65
C04
141
20B
F95
12A
FBA
17C
C5C
BC0
018
1AD
CCB
1D4
2B4
EF9
F0B
E45
27C
103
013
290
4A9
D10
E14
FBD
EE4
FC3
EC6
25D
149
CE2
BFE
1B7
DAC
EF7
299
30A
144
EB9
F67
1C7
FD0
DB3
569
18B
E79
E6C
F17
E24
D43
E3C
2F6
1EC
C27
0FA
021
D5B
E3D
32D
2FB
292
E8F
12B
233
B7D
FA4
292
0C7
EAA
06A
ED1
EB3
B0F
F31
42C
FCF
FA8
328
147
D3F
FFB
045
44C
040
FDA
329
EF2
AFC
F35
07B
E43
0B5
F38
1FD
DD5
BAA
098
249
E94
267
421
078
F63
D80
176
0F8
E8F
12C
38B
CEE
CC5
F10
EC6
F3E
E4D
231
34C
E40
D14
297
F10
F3D
228
377
21E
ED0
EDE
11D
E9B
BBA
38A
125
E60
E7A
EDB
F28
DB3
E4D
3DD
358
D59
20C
12E
EF3
E59
1E9
2A3
224
DCC
01C
169
A6F
DE0
165
119
F0C
0D9
F96
07A
C41
F4E
509
0B5
0D7
2D1
169
D77
E6B
EA5
2FF
F49
EC6
2D5
E6C
B4E
DF2
09B
F97
16F
044
484
F90
C2A
08D
285
F32
15B
352
06D
F26
BD6
092
F79
CE8
066
3AA
DF9
DC5
F7F
F1E
0C2
EAC
363
49F
FF1
D77
2F0
E74
E68
13B
1E7
1DD
D83
D93
FEC
DDA
B4A
36B
207
F6B
F21
01E
085
F3C
EBB
44E
49C
DEA
183
063
DDA
CD2
FC2
159
118
CC7
FB5
162
AF5
E61
1E7
260
07A
195
13D
1CC
C85
F6D
478
08F
035
1F0
0BA
CF6
D5B
DE4
24D
EC4
E7E
3C3
FCA
CC0
F22
1A2
106
218
025
49B
036
C1D
028
1AC
E3B
010
228
FD2
E9D
AF0
043
FC9
E2E
0CC
4E4
F76
EBE
040
FE4
1A4
F17
370
44C
EEA
C9D
195
D8F
D37
024
158
1BA
D76
D6B
075
F27
CBC
3F1
332
10B
FD3
048
0BB
EAD
E5A
327
35F
CF1
091
F69
DEA
C71
EF2
255
24D
E1A
08D
1D0
BB8
FCC
242
333
103
15D
073
15D
B65
DC4
379
EBA
ECB
10E
08A
D3D
D8C
E32
3BF
03B
FD0
41C
080
D44
F65
1BB
0EF
10D
F77
3E3
EA7
B27
EBB
0A2
D5F
FB7
200
07F
FBE
B7F
14F
132
F3F
159
5A6
033
E34
F9B
FA2
04F
DD6
213
352
E15
BE9
0D2
DBE
E03
01E
24E
2AE
EC0
EB8
224
004
D2F
45B
2DC
0FB
EFE
F33
FFA
D67
CEB
231
265
C84
06C
F84
E57
D4E
004
3A5
382
E92
15F
312
C38
F8B
1F5
247
FF7
FCD
FAE
020
AC9
D37
34D
FD8
F50
143
131
E23
E4A
F6D
4D2
0BF
020
422
051
CC2
E88
024
FDD
076
E99
2E4
DC5
B31
F76
1AD
F03
0B6
343
19E
020
CA0
20A
127
EBC
15B
4BB
EE4
D7A
E4C
EC2
01C
D7B
1CF
309
E36
C12
1E2
EC5
F49
141
376
3E7
E6A
EF5
16A
F88
C4D
32E
17F
FB1
D8F
E1A
EFB
DDE
D56
353
330
CE8
16C
FEF
F68
E8C
126
38A
326
DC3
09B
169
B36
EA3
0E1
110
EFE
EFE
F40
08B
B32
F01
46B
07B
07D
26B
1EA
E6A
EB7
F33
3E8
F64
F13
293
F01
AF8
E00
034
FE9
03A
EF2
3A8
E3D
BF5
0F1
314
FCD
263
346
170
EFD
BF5
16C
07F
DE4
05E
398
CDE
D47
E3A
F81
0CD
E98
30C
388
E87
DAA
30C
F5F
0A8
198
2C6
1B3
CE5
D44
036
E33
C2A
352
157
F51
DAB
F0E
044
F6C
EB4
517
377
DED
15E
05E
F3A
E65
114
25C
16D
C74
01D
006
ABB
EDC
22C
1C7
F85
058
04B
16B
C6C
0E2
4DA
089
FDF
172
00A
CF2
D8A
F71
34E
E44
EB8
1DE
E1E
B46
00A
189
150
146
0DC
3CE
E62
D61
1AE
2F5
EA9
1D3
1C6
F6D
D7C
BC5
0CF
0B5
E61
0D6
365
D15
E3D
FC9
139
17E
FD1
346
2F7
DAD
D34
218
DF4
F90
0F8
1EF
FE1
CDD
D44
0D6
EA9
DBD
515
202
FC0
EC6
052
05F
013
F51
552
1BE
C60
023
EFE
D92
DA8
112
173
0B4
C61
0B5
079
C3D
11D
3E7
1E9
047
0F2
007
0FC
BFC
129
3AB
F51
E7B
0F7
DF4
C5B
E19
FB4
38D
E6F
012
25D
F47
C5B
209
2BB
1BE
12B
007
1F3
DC1
C5B
120
212
D17
187
07B
E26
D09
DBB
2B6
1EE
F92
24D
3EC
CCB
F7C
039
159
0DD
070
1EA
157
B7F
CEB
18F
D0B
F79
15F
1D4
F73
E05
EAA
312
F5F
F81
5B8
15D
E90
F09
065
F46
022
F67
3F5
FA3
B7F
F84
EE0
D46
F66
30B
1F3
120
DAE
263
08D
D87
17C
54E
09C
E8E
FC7
EA6
EFA
C1A
1B0
2F7
E76
D77
1CD
DBE
DA1
0A6
1BB
3B4
F5A
107
265
EF8
C4B
3AF
138
FFB
00D
F52
F9C
C3D
C79
1A4
261
D66
286
0B9
E0C
DA9
047
2AF
2B1
FFF
253
241
B61
E90
079
05F
F1E
046
062
F9D
B20
E10
2ED
EC0
09F
32A
265
E00
F47
F41
390
EFF
086
476
EC1
C33
E85
F94
D80
FE4
FAE
34C
E9F
BFF
130
13A
EA5
205
43A
110
02F
DA0
17C
F7B
D93
148
3EA
D90
DA2
F5C
E15
F2F
E46
2A9
2B0
F53
E61
33A
E0B
EED
29F
2A3
233
EAC
F71
01E
D39
B70
427
075
EBE
F3A
F92
E47
DD4
F2F
41B
2D5
E74
32D
0C7
D54
E9E
243
16C
140
EDB
119
F9F
968
EE0
1B5
001
EF6
27C
FF5
FD9
CB4
104
3D3
FBF
06D
42F
01D
CB8
F80
F30
186
DFD
012
2B0
DF3
AB6
02C
0D6
E62
1FE
1F7
366
E67
E27
190
1CD
DC7
2D5
367
E03
E3F
DB4
FB8
E2C
E8A
174
347
C21
EA7
163
F8D
FF1
1EF
418
228
E94
E87
2B8
D2F
E7B
2D4
157
DF1
EE8
E6B
F16
DAB
E24
480
059
E8D
0FD
1A9
D8D
03B
117
3E6
1B0
DE6
202
FD0
B90
EEB
2C1
F5C
01D
E48
FF7
EB0
BE3
0BA
452
01F
020
413
F25
EF0
E2E
1D2
228
F75
F48
2B6
C8F
AF9
010
FEE
024
FC9
175
105
E3C
C5D
364
184
F8E
361
23D
015
CDE
E7A
021
0F0
CE1
2FB
196
BFC
CC7
02F
F49
FA6
182
2BB
2F1
C0C
07E
225
F43
F8C
3B3
16E
F68
D79
E0E
0A7
C66
F6E
3CD
0EB
C43
0F2
EE4
FB0
F4C
21D
4E7
117
DFD
149
0F5
BE0
109
18D
16C
EB3
DB0
EFC
E71
BBF
0B7
408
EBB
08E
102
11D
E72
F6D
24C
46B
ED4
FE1
2C3
C9F
CA7
FAB
186
00F
F85
ED5
152
C0B
CE0
336
1E9
FFF
23A
2B7
F38
EC3
DD6
3EC
0BC
EA4
25C
112
B27
D19
F0E
F68
068
E77
3BF
083
CA4
EF7
3F5
F2E
159
37F
1D8
02E
C4D
F27
0B5
E84
ECA
3F6
E60
C8E
DF2
F8B
FAD
F7A
16D
488
045
CC9
2CE
001
ED2
0BE
36E
1B7
F23
CB0
011
EB6
B4C
1F1
25B
FB8
E87
0A3
EB2
064
E9B
3F5
4B6
E67
09C
195
E60
D51
18C
107
138
CF0
EC3
FC1
C3C
D13
2FA
18A
F25
1FF
03B
157
D53
FED
415
207
E00
299
090
B57
E2C
F24
158
F69
F17
171
098
A37
07F
262
066
0D1
284
1FC
F6E
D5D
F71
3BD
D40
0C6
291
F17
BB8
DE4
F01
071
F6B
0AD
44D
DEA
D58
132
1BE
EE8
2E8
2CA
217
E8E
CA6
151
EF3
D38
171
366
D21
E87
DEA
007
EFB
F5B
417
3A5
E04
F3B
2BC
DEE
FD8
156
2FC
141
DF5
E9D
0D5
C43
D32
3C2
04C
F55
F40
088
F9A
EC9
F3B
5C9
1C9
EEC
2ED
060
CE8
E4D
102
136
03F
D58
225
E57
AE3
F8D
2D1
00A
06A
255
0DF
038
C7F
1FB
34F
01C
055
3B8
DCC
C6E
DF1
F7A
165
E46
124
27E
E0F
BA1
2BD
068
08C
27F
2DD
213
DE4
D7C
15D
0E6
CA1
3EF
138
E01
CB6
EDF
F53
FB1
F39
361
32D
C29
042
106
FD9
F8C
34D
26C
197
CBA
EAA
0D3
C2E
EED
330
12A
D35
FD0
E33
00D
DB9
0BE
520
146
ED4
1E8
09E
D2E
059
0AD
33D
F30
E77
FF2
EEF
9F6
0CD
2EE
F7C
082
024
0F7
E3A
E97
19E
5A9
F11
0FD
29E
E0A
CF6
F0B
0F8
0A0
F3D
F01
264
B83
CAF
16E
161
FE1
299
255
0DC
EA9
D10
3A2
022
ED2
26C
1DA
BDB
DAC
E21
FFD
F95
E9E
357
10A
CA1
E62
33A
EC7
1E1
274
355
0DB
CE1
F99
1BA
DB4
EEC
469
F29
DBD
D88
F1D
E53
F43
05C
4F3
07F
D4E
279
F6B
E5D
0B0
37B
205
063
D2B
0EC
E1A
B35
114
27D
EF8
ED4
07A
F25
F67
D74
38F
406
F90
0C9
2E4
DFE
D7A
13F
09E
209
D4F
FDD
041
C5D
B3F
263
105
FA9
229
0CF
085
D74
FF4
382
285
E10
3DB
0A9
C68
DAD
FA1
032
F4D
F75
1B5
0B8
A6D
FA0
19E
042
FFD
3D7
224
026
D4E
FD5
2A2
D7B
136
31C
F7C
BA0
F41
DA8
F67
E95
0C8
47A
F08
D56
17E
0F8
D5A
32D
2E9
297
F2B
E03
0EE
EDB
C56
16D
366
D4B
FAC
E97
F41
DC0
F88
27A
43C
E83
079
2E2
D95
E9E
1D8
2DC
085
F82
EBC
0C4
AD9
D6C
2D4
0EA
E73
122
0FD
E20
EAB
F1A
4DF
165
F64
2F6
1E3
B79
EC5
116
FE0
034
EE1
18C
E5D
B2B
EA1
314
E4B
15C
375
18C
F26
DC4
17B
242
FEA
018
512
DBA
C4D
E66
EEB
E5F
F67
0FF
260
E61
BC1
1F2
F3F
F2D
263
4A4
110
F8F
E45
139
F96
CB4
2E7
238
D77
D85
011
D20
F02
F35
3A7
2A5
E4C
088
236
E7D
E0B
462
1A4
18B
ECF
021
F82
BE5
CE2
328
060
D76
193
F55
EC1
DA6
11C
31D
2AC
EE3
441
0CF
BC5
FCA
180
058
F7D
009
FB5
EBE
960
FF4
1E3
EA8
047
381
011
E05
F6D
083
353
F04
24B
371
ECD
B73
09E
F51
E63
02A
062
20F
CDB
CEC
100
12D
D74
4DE
38E
02E
F5E
EE3
086
F52
EEE
28E
350
B8F
E2F
FA4
DC6
D7D
0FE
23E
23F
E1C
FB4
29D
D51
FBE
48D
2B8
F7F
0EB
F38
F6C
C7E
E40
36C
FB0
D88
065
07D
B89
FAC
0B3
405
091
FDB
2E7
05F
BF4
0A8
410
F44
0E9
006
047
CE9
C00
EFD
296
DFF
FDF
3E3
ECB
DFA
F5E
234
1DB
197
12E
467
D7E
C80
101
F4A
E1A
095
19D
FBF
DCF
BB8
1DD
FE9
E6D
3BC
410
EC1
F94
0C9
01C
09A
F42
3F0
201
CB4
D86
152
BD4
E57
196
1F6
0C9
DD9
FD4
158
EBE
F57
64B
104
018
053
FF3
EB7
E0A
FE3
2C4
07E
BDE
1AC
E9C
BC3
EDB
2C0
193
1CB
FCD
21D
0AF
B7B
1CA
369
033
008
22D
DEA
D9E
BE6
019
1FB
E4E
FCA
329
E7D
BE3
153
08D
212
093
2A5
24C
E56
C74
185
0C9
D19
1B6
0E6
F27
C01
D61
FA1
0A6
DF2
459
39A
DBA
F7D
11E
033
FB3
1C5
253
277
BD9
F01
002
C75
D9A
292
1D2
EEF
F2E
ECB
18B
DBF
093
51A
240
E4E
1D5
017
DA0
E91
051
367
F7F
D74
FE1
FA0
A20
00B
23E
0FB
11F
0C2
17D
F0B
D24
09D
4DE
EAE
0CA
249
EA5
BDE
E06
FC1
0D8
F1B
FB9
360
CD4
D14
145
1F9
FD0
321
20F
25C
E0A
CD3
1F3
00B
E1F
1F0
251
C48
DCA
DC7
057
F05
F82
336
323
D94
EA6
2CC
E7B
136
194
36E
0C7
DA0
E22
0F0
C87
DFE
3C6
033
EC0
EE0
03E
F0A
F76
FC8
681
17A
E81
1DD
03C
C7F
EFC
1B5
0FC
099
D38
15A
E46
B6A
FBE
371
FD5
05F
22C
04B
FC5
CF5
277
339
01B
FF6
3A5
D18
BD1
F25
F9E
0C5
E53
0C8
149
DB8
B13
2B9
0E6
FD9
29C
37C
0D8
E5B
DFF
151
118
CB4
337
1A7
D36
CB4
FA5
E2B
F96
FE4
31B
330
CA0
055
1F9
F24
F25
48B
228
0E9
DAA
ED0
039
C1F
E36
373
126
C77
14A
ED3
F09
E15
144
48D
1EA
F08
27F
0BD
B87
0E9
17E
186
F2E
F9E
FD3
E3F
A53
FDD
35D
E93
0DF
28E
034
D74
FA8
0CC
465
F43
154
35F
D08
B6C
F71
FE1
E90
0B7
017
1D5
CC7
D0A
19F
1B1
E5C
3A7
3A8
F9A
F97
E44
179
F4F
E92
258
294
B8F
E09
01B
D72
EB8
09D
330
17C
E42
EF0
328
D63
FEE
3D9
254
F5F
F88
ED6
EDE
CED
D85
3F1
F06
DE1
0AC
0A8
BF6
F99
1BE
339
22F
EBC
2FF
FAD
C2A
F67
37A
E9C
09A
FCE
FEF
D89
B46
011
240
F23
FE8
4AD
EAC
E49
FC0
1E7
1C8
01E
1B6
386
DD7
AAB
0F2
EAD
E52
FDD
24B
F37
E19
C98
182
0D7
E3D
469
3A9
F30
ED0
101
EA5
04E
E2A
36C
23F
C65
DCC
091
D2A
D70
2E7
14A
246
E25
0BC
181
E81
E8F
549
1DA
ECD
0BD
F1D
E52
C5F
F15
20A
0D9
D2A
217
F97
C32
F1D
226
242
137
196
1BA
138
AC9
059
1F7
ED8
F23
165
F37
D35
CA0
F0A
244
E45
1CA
40A
016
CF9
128
05C
0A9
0E5
1AC
380
D26
C41
011
01B
C08
205
1B3
F7B
DF6
E19
0F2
036
E7E
3A1
555
D80
0AC
08B
EE1
E19
04F
1E0
214
D30
DB7
140
B97
E61
1A1
2A7
028
0DD
073
195
DDB
EB6
528
138
F10
14B
0A6
BFF
DB1
E17
29F
F55
EA1
248
0D8
C22
F0C
37D
01D
22C
111
2FB
F60
C9A
F5B
29A
D9E
FBF
2F3
EE3
D72
CB6
FDF
FFC
F7D
0EB
611
F4C
DB0
1D6
FB2
F96
110
318
1EC
F40
BCF
113
DB5
C22
0FD
326
F03
EF4
F98
FBC
FE1
DA2
4BA
3C0
F2D
05D
23A
D7B
D82
058
154
178
CA0
032
04D
C3C
BCE
391
09D
030
186
176
07E
D77
EF1
2E0
1F0
DBA
3D5
052
C80
CCB
F8D
041
FBC
ED5
29D
0EA
B6A
06E
1FC
047
086
3FA
1EB
018
CD7
F46
167
CE1
01B
25C
F68
C7F
FAE
E2C
041
E4B
18B
4BD
044
E1F
1BD
057
C92
1C6
1E6
24D
E49
E34
024
DF2
B30
143
349
E8A
0CF
06A
050
E49
F48
302
43E
EF4
1AD
291
C66
D80
FC4
0EA
F99
FF9
F34
1C0
B41
D31
283
122
057
300
2DE
010
EE7
DDA
2F1
FDE
EFE
2A6
154
B7B
DD6
F3B
EA0
F89
F63
3BD
0A3
CAD
F76
3A4
D75
128
371
265
046
E02
FEC
F58
D01
E66
47E
EFF
DB6
F84
F5B
E2C
ED6
20F
477
122
E19
3B1
F34
D09
02C
2FB
04F
00B
E98
FF2
DC9
A2E
1CA
236
F3D
016
342
EC1
EC9
E77
297
304
F53
267
2D8
D2A
BC5
13F
EE3
F7B
F6D
114
12F
C69
C8F
219
022
DFF
43F
242
0F9
E86
001
0C4
F5A
DBF
3E8
1B2
BF8
E93
EA8
E52
DD4
15D
266
2B7
D0E
0DC
221
D35
FA5
35A
2A4
FC4
FEE
E44
FDF
AC5
F0C
309
F7D
DE1
162
F58
D08
F1D
032
471
FC9
0E3
335
FF9
AEC
0D6
19C
F1B
FF8
FDC
164
CD8
BC4
FD8
28F
CD1
249
383
004
E36
ED1
19E
16D
FD4
1D7
45B
C7B
D79
ED5
EA5
DD2
023
1E0
175
DDF
D92
289
E0D
F36
37A
43E
00D
062
F74
03C
E38
CD6
38D
104
D96
EED
060
C5E
E99
030
309
204
F1E
205
1C6
CF5
E28
469
08A
0EE
FCA
0C2
E81
B55
D5D
234
F06
E5C
321
F41
E36
E74
15F
21D
157
066
4D2
FFB
B2C
025
FF1
EB5
F51
1B4
06C
F1C
B0D
048
098
D45
1D1
4B9
0B9
EFF
06F
FC0
11E
D98
27D
3BC
E0F
DB3
04C
DC3
C5C
039
12F
2EB
E68
FB3
173
F08
CBA
3EB
347
0A3
0A2
008
050
CCE
D10
1B3
1B6
C87
140
0A9
D0C
D30
FAF
294
1DB
0F4
250
3C7
B9A
F3D
1AA
00B
F85
150
133
F32
BDF
CAF
236
D0B
F5D
364
1C9
DC2
FC2
F8E
195
FE1
046
5BB
04F
CC3
F57
05B
BDA
F85
0BC
205
EF2
D00
172
FCD
D05
108
5F2
099
120
FFB
091
E8D
D4C
0A5
387
ECE
E0C
235
CB6
CE5
E4B
1AC
202
0C6
0C2
39F
EB3
C38
2BF
16B
11C
105
22E
F31
E0D
B53
175
01A
D61
240
1CE
E8B
D83
01B
0A0
1AC
F8B
466
2E9
D50
EDD
18D
ED3
E43
145
07A
188
B62
E70
051
D4A
E09
47E
26D
FC2
0E3
046
0DD
DD0
060
3EE
189
CE5
150
EA9
BA0
DAC
F84
236
FEF
F1C
12E
16E
AD3
15A
367
150
17D
1C1
16B
E8A
C29
F57
2FC
D01
0A2
1F0
EA5
C32
E75
027
1A0
FFC
129
5A2
E7F
D91
0F5
0F8
E0F
19B
12E
185
DE3
B8E
0AB
E85
D1D
164
439
E9C
01C
F53
106
F89
F31
406
359
E56
F27
1F7
C47
DE3
F06
1F9
0D6
D92
F69
16E
CDB
D4B
438
160
21F
0B1
195
001
D88
DAD
387
043
DDF
25D
F63
D0C
C60
FCA
0ED
0DB
F2F
46C
0F7
D02
07D
1E8
007
098
27D
158
040
A86
F70
03A
D0E
F63
371
025
D92
F51
F1B
158
DD6
2CB
560
0FC
E7D
202
F02
D55
F86
0A1
336
DAB
DD9
02B
E3A
AB9
22C
2F1
153
12F
081
1DA
E6C
DE7
1F0
3D8
DC0
15F
07D
D8D
C40
DC5
0AE
0D0
F03
0B2
369
BDE
E6F
173
1CF
098
248
2CA
187
D0F
D05
1DD
D86
EAD
206
1D5
D5E
DC3
D6F
0C8
F41
FC9
599
21E
EE4
006
1A7
DD2
025
00C
32F
0C0
C26
F69
F41
C06
DDA
38E
011
10E
EE0
10F
FE6
D4C
0AA
530
0AB
F38
2C3
E75
DBE
C4C
089
18B
ED2
E6C
2E0
E3C
B23
156
16E
24B
091
281
276
FC0
BAB
1D5
10C
DEA
14D
1A1
F67
C8D
DD7
F11
146
CE0
355
372
F2A
EBA
0A7
04F
FA2
11F
24A
3F0
CA5
E0C
047
D45
CB7
197
1A3
028
F4A
E92
1B1
CFC
EC6
494
38F
EC5
221
046
EBA
DBA
E43
319
035
DF1
0A3
0BC
AB4
E36
0EB
223
137
080
326
130
CE6
F0E
401
EAC
0B6
192
13C
DF0
C5C
E50
123
E6B
F00
4AB
F1F
E32
F4D
174
045
087
15E
50F
026
C0B
164
E4B
D15
ED1
20C
0B6
F0D
C37
128
F6C
C2D
2B7
434
0DC
FB5
14A
FA2
F84
CC3
285
2E5
DFE
F06
18F
CFE
BA4
FE7
09C
250
EB5
1AB
249
DCF
D52
30D
205
01F
24D
0DB
109
BF9
D6A
0ED
074
CDE
241
15F
CF9
E8E
EB5
1F5
056
0F5
402
3D1
C67
FCC
0C6
E27
F11
07A
282
F57
CAC
D69
16D
B61
FF5
36C
1F1
016
F71
09B
02C
E9D
FF0
5BE
FF9
EDD
09C
F19
C59
DDB
FFA
2BF
02B
DB9
3BD
EB6
D0A
067
336
0CF
23F
054
195
ED7
AE4
0E8
131
E77
FF3
2E0
DD5
D95
D0B
10A
238
ED2
2EF
47F
F40
D58
195
F29
0C8
F90
22D
245
CF9
C14
080
E9E
C8B
2A9
128
18C
E14
F68
189
F16
E9D
4C9
3B0
E19
06D
F78
F01
CC9
EA2
14B
26A
C73
07E
12C
C4C
EA1
157
320
1A2
0CE
0D4
27B
B69
EDD
2AE
029
F83
0A9
FF3
D61
C99
D26
363
EB6
FCA
3D3
0C2
D93
003
10C
14D
137
031
4A3
F3A
BD0
EB5
04B
D27
FEB
13C
187
F75
C58
171
035
DEE
1B2
55F
070
F6C
F48
005
F5E
CD1
209
2FA
EE5
CA0
13D
D5F
DB8
F2F
206
3B7
F96
09C
29E
EF4
C23
378
186
11C
FD7
055
FE2
CA1
BA8
12E
1C4
CF7
240
13F
F55
DD7
FA1
278
22B
F62
348
33B
C02
E9A
FB1
FAF
EEC
099
0A2
144
B3A
E25
243
E17
012
3A4
385
02B
FD0
F07
238
D9F
F0A
44D
09A
D64
ECD
F26
D13
E4C
EA8
4B5
069
E79
1B1
0DE
D03
0D1
37B
263
1C0
E76
1B4
E60
AD4
F27
2C5
EBC
F81
09F
F50
ECA
C27
1D9
3AB
06E
0FD
55F
EA7
DAD
F92
059
134
E67
0D8
207
DF8
A0B
0BA
F05
F01
13D
242
244
E8E
E84
1EF
173
DAD
46D
2AE
F32
DCD
E3B
F42
E02
CC8
1EF
34C
C8A
022
086
F28
EC8
12E
379
334
EB9
FDD
235
BB1
DBB
12D
179
EC6
FD2
EEF
03D
C09
DF0
4AF
11C
FF5
2C7
219
DE2
F10
F16
375
01E
EA9
2A1
FBD
AF6
D44
0B9
EE4
109
F79
337
FAC
C44
037
2EA
F3F
0EB
40F
117
03E
BF3
FFF
03E
CF0
F4D
3CA
ED3
D3F
FDE
E8F
054
EE1
2A0
505
0AF
DDB
2AF
F59
D60
0B8
172
23D
E52
E57
FA3
E33
AE9
22A
2B9
02D
103
0DC
12E
E2A
E1E
221
457
DCA
218
16C
DC7
CF4
E98
05D
095
E9B
07C
2E6
BCF
E17
150
1AB
00D
231
2C7
208
DA7
D14
2BA
E54
EAC
220
172
D7E
DBA
D99
07B
EC2
EE3
54B
201
E7A
EF1
224
E85
032
04A
3D4
152
C63
FF6
FA0
BFA
DE7
2E2
087
13C
DF7
11C
04C
CA0
119
4DC
157
FCA
271
F6C
EA0
BC2
FEF
261
EA9
E18
23D
E9A
B22
FF3
05A
2B5
01D
180
33D
02F
BE6
1CA
1D5
EB6
17B
0AC
0FE
CB4
C12
F6C
0AF
C99
1F0
3D1
F20
ECF
F3B
120
056
FE2
28A
508
D18
E6B
086
DB1
DAC
009
1FE
144
DE3
DDB
25B
CE0
E7B
2C6
36A
0DF
032
025
0D9
E19
CCC
412
0F5
E2C
FBD
01C
CF1
DDD
E71
293
275
E04
318
18D
DCF
EE4
2F8
153
1A8
00A
18B
051
A8B
E28
151
F8D
E91
298
015
F2A
C3D
F78
306
FB8
0DD
4CF
194
CC5
FD8
EC2
03C
E7C
03C
311
F11
BDA
F59
038
C8D
170
218
387
FF5
ECF
153
0B4
D25
1CB
41D
F3C
FDE
DAF
F37
D2F
CE7
04A
414
E22
005
210
E7F
E59
F6B
360
33B
09E
FED
325
C03
C0C
06F
05E
FE2
FA3
024
055
D75
BEA
36E
16B
FAA
2EE
2DF
01C
E22
EF9
177
1BE
D72
362
14A
C2B
CAC
FB7
EA7
F69
FFB
2A1
34B
C43
042
1FE
F26
FA1
37A
22A
141
D53
E58
100
C1A
E8E
284
119
D71
FF7
EC7
F94
E58
001
53A
1A5
EEE
23A
148
C36
FE6
05F
32B
F75
DDE
07B
EB2
B57
F6F
33E
FC1
1C4
0A8
25A
F9D
CFE
17A
42B
FA2
070
38E
E22
DB2
C54
011
07C
EC3
F81
397
E01
BFC
0FA
033
15B
0D1
31E
2F5
F4A
BA4
1C9
F0B
D62
115
183
016
CB4
D80
F56
060
D0E
41F
3CD
F62
F87
08D
00A
ED7
03B
240
3CF
C6C
F96
FC5
CDD
D38
051
193
0F4
E85
F95
26A
C68
F5D
3D1
311
067
1C0
095
F68
CDE
CDB
359
F2D
E5D
108
090
B82
DFA
F1F
2A7
130
F4E
476
154
CE9
EDE
29F
F13
0B5
058
19D
F5C
AA0
F06
106
E7D
F60
430
073
058
E1F
0A8
21E
EE8
0FE
515
08D
C78
0B0
DFC
EF1
DDF
130
269
F4D
C54
11A
F97
C97
214
2BC
398
FBE
F83
104
FBE
C16
1BF
324
EA4
FE2
E8A
ECD
CC0
D1D
0AB
3AA
E30
0FC
2AD
E40
EAA
091
2F5
1F9
018
F9C
27C
BAC
C46
0C3
087
F15
FFE
18F
FFD
D63
CCF
3FB
08C
FEC
3AD
367
EAE
E40
EAA
086
069
D28
41C
0A9
C99
D64
03D
E14
FAE
0B3
34A
274
C7D
0A5
1A6
EF0
F80
3E7
185
06C
D7F
E73
09A
B8E
F2C
31D
13E
DCF
110
F6C
01B
E1E
12D
5A2
113
F24
22B
07C
B79
FF0
006
200
F13
E3F
0F0
EF8
A88
FD6
35E
FBC
1DB
110
21E
F01
D81
0DE
3D0
EB3
0A4
33B
DB9
D02
D65
024
0B5
F6A
003
466
E54
C9F
1D5
08A
0F3
0AE
33C
265
E8E
BA4
1E0
EAF
D07
167
1A4
F53
D54
E7E
FFA
05B
D8D
46F
38A
F31
F3C
11C
F9B
EE7
FEE
2B4
2E7
BF2
F0D
01B
CA1
CBF
19F
1EB
182
F42
006
289
CBE
EFB
41B
339
F3C
188
082
EC6
C88
CD3
3A7
F09
E6F
121
0F3
C1B
E85
FDF
2A5
1BF
FB0
375
132
C5A
EEC
296
EFA
136
FFB
114
E80
AC9
ECE
19F
E57
F85
4EC
069
F66
DF1
12A
20F
FB4
08F
524
FA4
BC4
03F
E4B
F14
E93
0EC
211
F4D
C10
13C
04F
D20
2B5
332
345
F67
F23
0A1
04E
BC4
23A
31F
E3A
EB1
E99
F0E
D66
E14
12B
4BB
E4D
057
26B
E8A
E32
0E7
2FB
22A
04B
EA1
22C
BC8
C36
0FA
100
F56
017
04F
FE9
E06
D3D
45F
1C2
FF7
2D5
2D0
DD3
D75
EF9
0EF
0DD
D46
2C3
041
BF8
CB8
15D
F21
065
0DD
2EB
23E
C52
009
22F
FD3
EA3
43D
115
F40
D09
E0C
068
D6E
F0D
3C5
15F
CC5
0B6
F7F
063
FBD
19E
4E0
15E
D76
102
0C6
BB3
08C
0BF
1D4
ECA
DE3
F55
F93
B5C
086
4F9
089
13B
092
0E6
F5A
EA8
113
515
ED8
F3A
1CD
DA3
C81
DBB
0E3
11F
05C
E52
367
DEB
C85
1E5
249
0ED
136
217
0E2
E4C
B8A
1D4
0CD
D45
0C7
1D4
E1C
C61
E15
0B3
25E
DE7
353
39C
F02
DB3
16B
011
043
07B
1CD
2AF
B80
CD7
029
E8C
D1D
2D9
200
110
E7A
E72
283
F00
F87
429
3E3
E02
034
EFD
F3B
DE7
E83
2E7
154
D20
F03
184
C11
FF3
138
3DC
1BE
F6A
17C
13E
CAD
EFC
498
FCE
FFA
F31
FC9
DF3
BB8
E3B
39B
017
E12
364
FE1
E2D
E75
21A
2EC
167
F2E
383
F5C
A9F
FC7
083
FF9
E7C
0A9
04B
F58
AC2
095
2D6
F1B
20D
416
15E
E54
E85
FAD
214
D68
151
356
E67
C0B
EB5
ED1
ECA
FAB
0D8
421
E24
DB3
20E
111
E39
2B5
348
14E
F3A
C93
151
DD8
D07
116
359
DF1
EC8
EEF
F54
F7F
DE7
481
40B
FB4
F7A
2B7
D0B
EB0
081
208
204
D57
EAA
0A1
C92
B7B
389
098
0C6
03D
0B2
119
D9A
EBE
3F5
26A
E9B
2F0
02D
D8C
C43
E9D
16D
024
DC7
1C2
149
AC1
F91
17C
231
0C4
255
24C
19B
BC2
F8B
302
E49
012
1A9
0C0
D12
CB4
DB6
228
E60
012
498
07B
DDD
FCC
156
049
18F
049
532
F34
C29
F90
FF8
C79
FE3
212
09C
FA1
C33
151
FB0
DE6
195
558
0D4
F60
0F8
F83
048
CF6
1E3
354
EF1
C9A
14D
D62
CE4
FBE
160
309
F5D
F76
19F
019
CB4
37B
2DB
0FE
068
FDB
FB9
C68
C42
0BF
2AC
CF7
141
08B
E38
D51
F0D
231
2E8
FFE
190
3F9
C67
E01
12D
133
F94
045
040
08F
BF7
BBB
272
F71
F8E
20E
2E1
F14
EEE
EB1
385
14D
F4B
44E
1EB
CB1
D7B
FD1
E77
F97
E59
329
16A
B49
F39
17D
ED8
FC6
45A
2A0
231
D35
068
0F5
D93
EF3
3B1
0AC
CD3
EF0
E23
FD3
C58
0D2
3F0
14C
DA7
216
06F
DF1
11C
1A0
416
040
E60
007
013
A7D
02A
1CB
F54
F7F
E70
082
EAA
D82
0E6
608
FAF
12F
262
FA0
E58
E8B
144
297
F5C
E7E
277
BDA
BED
F4A
163
09F
0A7
121
216
EB7
BDD
36E
1E0
04C
172
36E
E82
DEA
C64
0CE
136
CE1
1EB
1E4
D76
C65
0D3
075
22F
089
365
405
D34
DBE
1EF
FD5
DA8
27A
060
0CE
BC9
D46
072
E61
DE9
35E
32C
E0B
073
EFB
0DC
F6B
091
3FB
32D
C9A
F21
0CF
C30
EF6
021
29B
FF8
D91
E6E
155
C85
FFE
504
1D7
0A1
FEC
11A
F7C
E02
EA3
4F6
FAA
E09
FFB
EF2
C23
D55
0A5
208
193
DC1
399
008
C71
011
36D
1DC
149
09E
09B
F9B
AAB
FF1
1D0
EBB
ECF
27D
EBE
DB9
D73
079
3AA
F07
18A
3C6
044
BED
11A
FF6
0F9
005
000
1ED
D2D
B13
013
109
DE1
26F
1C8
188
E43
DDE
217
1E1
F68
29E
44A
D7F
E88
E3B
F73
EAB
EF6
117
2CA
CB2
CC6
1C1
DE6
FBA
1B3
420
1BB
FA2
E08
2A0
E3E
DE4
385
1CD
E8F
D97
E7F
DB8
E34
CED
3A5
225
DA7
036
127
ED0
ECF
278
2F0
3A6
D56
0E5
09C
B9C
D64
2FE
0A5
F09
FD4
EEE
FE1
BE7
F26
471
226
EDE
372
085
E34
EF0
FF2
3B8
029
E7D
120
012
9AA
F08
063
08D
03C
0B1
1FF
FE6
CB3
04D
518
F0A
1E7
334
0FF
D97
D1F
FDB
18E
E0F
EEB
3D3
DAF
C08
E63
08E
003
0B1
10C
404
058
C41
239
11B
F5A
14E
2F8
FE3
E68
BCB
FEA
FEB
C80
202
30D
F0B
D9B
092
F7E
130
F41
3D9
473
E6C
DDC
14D
EA4
CD4
107
0FD
1C9
CCD
DA3
03A
E70
C9D
3F4
39B
FF6
0F0
FD5
0E5
E82
ED2
346
3AF
CE9
FDC
02B
C39
D64
EE7
20E
122
E01
F72
28D
C1C
F47
3A5
239
115
0D6
115
02D
D6F
D0B
3FD
FBC
E81
117
028
C38
D92
F54
244
234
E4D
473
103
D17
EF5
32C
05D
153
091
18E
FC0
A36
EA3
12D
ED5
ECF
334
F4E
EEB
D36
02E
2EB
FA5
174
4B8
14C
C2B
0DE
F5F
002
EFD
034
272
EC8
A8D
F8C
0A8
CBA
24C
26D
26E
EAB
ECA
0B6
23B
E11
29C
4DE
ECE
E27
E7B
F27
DF8
F0D
01C
3E7
D1C
DC6
147
E92
EB9
1E2
478
26C
0C3
E03
246
E18
D00
2A5
28B
E01
E7D
EA7
DD7
E38
C66
359
295
EFF
02A
2E2
DC6
ECF
185
28B
2E7
E62
0C0
0B1
C1A
BEA
2B3
07D
FBD
046
F74
F8C
C7A
F32
388
2C9
E9F
400
188
E74
E1A
03F
25A
0D1
EA2
183
0F1
9ED
E7C
06F
025
F83
15D
1B9
0F9
C90
FD0
496
F63
0CE
34C
169
D2C
E5C
E2F
156
E5E
F20
386
EC2
C33
E15
0E3
ED1
156
137
4D9
FB6
CE6
0DC
1FB
E67
122
39D
F9E
EF7
BF5
F85
EE9
D68
FE6
4AE
EC0
D86
139
F56
049
FB1
381
3E2
064
CDF
1EA
EF6
C9E
186
19C
0C2
D7F
E2F
FA4
EE4
B81
347
345
F6E
035
127
031
E72
FD8
20E
402
CFE
FEB
08F
CEF
BD8
067
12F
0C3
F05
F6F
1F8
C78
E30
376
37D
F8D
2CA
0E5
FE5
D5E
D7F
2EF
0AA
E80
069
144
AA4
DFB
F3A
192
0C2
00A
26D
1D5
C7C
EC3
3DF
00D
163
15F
210
F06
C03
DB7
1CE
E7D
E38
3FA
FCE
D79
DF6
079
0F6
125
020
4FE
10A
C63
0A1
122
F68
F93
202
066
FDD
AF7
FB8
041
D5C
F9A
3D8
0BD
E84
F8A
F76
244
E40
27A
4C7
020
CD5
11C
ECC
CAA
FAC
03D
2C0
DAD
D46
FED
045
BDC
30B
3F2
14D
081
F87
166
EB4
DA3
16B
4D1
D73
F51
FD6
D8E
CB2
E65
1A0
226
F06
F55
310
D2B
E54
290
36C
095
116
FB1
0DE
D41
C2B
2EC
0B5
E5C
FC2
10A
C7F
D54
E82
263
231
EE0
2FA
272
D5E
DC7
2AA
06C
1C0
FC6
155
018
BB2
C28
205
F73
DE8
330
FC6
F8F
D14
FB7
2C2
15E
F2E
4A0
1AB
BFE
F2E
FC5
059
EFF
0CC
176
089
9F1
ED8
0EF
D58
FE2
2D7
249
F8A
EC9
FDA
2F0
DDC
188
4A5
01A
CFF
F2F
EA6
E19
F41
F77
400
E2A
CF5
039
09D
D51
239
3B7
28A
063
DD5
1B8
FA9
D69
17F
46A
D7F
E7F
E58
E19
DB4
CFF
173
37E
F53
E96
329
DFA
F31
15A
373
27F
FE4
F34
195
D98
B37
271
0BF
F1C
EEA
FF8
E43
E8B
D7C
349
332
E41
2DA
251
E9F
E15
18F
118
271
DBF
0DC
08D
AE2
CC5
1AA
05A
EE6
264
FF4
0D9
C95
F3C
38A
119
FEB
4C9
202
CD4
E89
ECD
19F
EEE
F42
1C4
0DA
9F6
EAE
0D9
F26
0C1
226
349
FE2
DA1
F4B
3EA
DBF
095
3ED
049
D7E
D6C
E96
F4D
E47
EB6
4C6
EAA
CC9
021
0B2
E8C
155
2BE
3BF
0B8
CEF
200
F8E
D55
0E4
3AE
E56
EA3
D5C
F05
EDA
C57
1D1
3B0
FA5
E8C
2B0
ED1
F71
FE2
33F
302
F8E
E8C
162
DAD
AA2
1F3
121
027
EB2
F83
F89
E57
CAE
3D7
3A7
EAD
20D
165
F68
D13
0B4
163
29F
CBF
135
0CE
B6F
CD1
044
0F5
FB4
10D
062
1BB
BFE
ECA
3E7
1D9
F55
35E
194
DA1
E22
DA4
228
F15
EBE
1AC
0B8
A88
E6C
06B
FEA
155
08B
369
0A5
CD9
F5E
38B
E28
0CA
2ED
0AF
E41
CC5
E64
FD4
E05
ECF
4E5
F19
D34
F35
0DB
F8F
148
228
46D
03A
C6D
220
FDA
DD6
FB3
317
FA0
EE9
C1C
FE3
F23
C40
26A
3D8
019
EA0
1B9
F16
03B
F60
312
403
E94
E38
11C
DFD
BE8
134
062
12F
E0A
EC4
049
EBA
C76
3D6
436
F68
1D3
102
FDA
D5C
F4C
22A
315
D05
09A
0E1
B29
CB5
026
124
07C
0D0
FF4
26C
BFE
ED6
3C9
1C8
02B
291
172
E5F
D93
CDB
32E
EF8
DFA
1F0
02F
B53
EA3
FF7
0B8
1C2
027
446
0F0
CC2
E9B
352
E69
119
1B1
118
EA2
C0F
E93
119
DF3
EF4
4EF
E83
DA7
F0F
0A3
07F
108
171
4E6
052
C68
151
F61
E39
FB7
25E
0CD
EEE
C21
00F
F67
C5D
1E6
426
032
F3F
149
FB2
0FA
E6C
35B
3FE
E49
E29
0B6
DBA
BD2
0C6
08C
20E
D98
EDD
116
E41
C98
3C4
35F
040
151
0DD
0A5
DB1
EAC
233
30C
C81
0CA
04B
BED
CB8
F6E
1CD
0A3
F1E
041
2B4
BA6
F32
390
25D
0BA
26D
110
F48
CB8
D52
387
E89
E50
206
059
B50
E53
F3D
1C0
0FA
040
48A
081
CB1
FD1
345
ECE
17C
13C
1D1
E9E
B52
EEA
0AB
DCA
F7C
468
EB3
E6F
E42
07B
0D9
011
1E6
57D
FED
D26
1CC
F3B
E53
F63
1E0
0E3
EAC
B6C
111
EE1
C7B
252
3DF
078
F5C
0F2
FA9
0A7
DEE
3A1
420
E70
E9B
0E0
D34
CB4
01D
0D3
229
D5F
F56
12B
DC9
CE9
3DC
330
0EF
157
065
140
D6A
EE8
30B
29E
D3E
115
F93
C9C
CF7
F3D
221
0E8
F84
175
238
B26
FF3
319
1FF
069
1D7
1D6
FEF
BEE
E26
38E
DDE
F4D
13D
041
BE4
E8A
EC2
233
01A
045
4CC
094
CC6
035
2B4
EFA
16A
0DD
21B
E1F
B1A
FC6
06D
CC1
05C
3D6
EAD
EBD
D9B
0F7
0E5
F97
1EF
5DE
EB6
DB1
162
E7E
EF8
F57
272
14D
E01
BE7
153
DCC
CA8
1F6
33E
050
F72
FA5
07D
04E
D33
4C1
320
E4D
F89
0B2
CED
D23
EEF
135
1B4
C96
039
0A8
CFC
D63
3CB
20D
1C2
123
0E2
13B
D2B
F26
31B
164
D8C
1E2
F3B
D58
C92
ECC
20C
01A
EF7
279
161
B38
0AA
203
21E
0F1
1C0
1F4
05E
B96
F2D
21A
D70
01A
151
015
CCD
D7A
EBA
22E
EBF
12A
55B
FA9
D7B
0C5
14F
F70
11D
121
349
D89
BAC
068
F6A
C3F
137
2E5
F22
F6C
D02
1A9
FC7
EEF
2ED
5A5
EDD
F92
0F3
EE7
EFA
F14
287
1AD
DE2
CE7
203
C27
D6A
1E4
260
0A9
F3D
0C8
161
EE7
D63
5C7
1D5
F37
04B
0FA
D2C
D4C
EB5
213
14C
C7D
1AC
058
BE6
DA5
2C9
195
22C
049
24F
166
C60
007
30A
0EC
ED5
2B4
EA0
E22
BD5
F16
1E5
F32
F07
3BE
04A
C04
101
08C
1D2
0BD
243
34D
FE3
B38
0A3
118
D00
157
1DE
FCA
CDE
D45
ED8
165
D17
2E6
45B
EFE
EB1
0E3
09B
FC2
089
239
426
CDB
D45
061
DFA
CA5
194
1C8
FE5
E78
DB8
1A3
DEF
F1C
3E7
4FF
ED2
1DE
082
EE6
EE6
E81
338
128
DD5
EFC
0DB
A2C
E89
145
20E
0B2
F56
0D9
162
CFC
EE9
59C
09A
0DB
13E
082
DBF
D51
EDD
29C
F16
DB9
2F7
ECA
BFA
E71
1A4
0CB
1C8
053
423
FFB
C2B
125
27D
F62
10F
2C1
EFF
E73
B0C
00A
044
DF4
08A
3A3
ED9
CFA
09B
006
190
FD6
382
39F
EEE
C86
225
EEE
D99
123
135
0B0
D20
D4E
FD6
EF2
C7C
449
323
FA9
FC4
0E7
FD1
F34
03E
35B
371
C81
04C
FE2
C94
C8F
11D
123
092
DEB
F6D
137
BF4
F5C
3F0
2A4
FD8
2A7
037
FC8
D48
F68
390
FAF
E57
17F
FEA
A52
E84
F98
1DB
FEB
048
28A
04F
C29
0E1
375
F49
223
1E7
164
DB9
CE7
EFC
1D5
D54
024
304
DF2
D17
E0A
081
022
0D4
149
57B
E17
E22
236
0A7
F5E
16B
298
075
E3D
BBB
0F9
DB1
D64
243
284
E0A
F41
FC0
F6E
045
F2E
557
2BA
E25
F4B
239
CAE
E60
0AC
1EE
07B
D52
F56
F84
C55
D8C
455
0A1
091
0C1
176
03F
E1B
FBD
49D
201
DE8
347
F0C
CD5
D79
00D
0B8
FFF
E88
247
F41
B1F
0DD
25D
0F8
126
2F1
0F5
052
C27
12B
281
E13
0AA
269
E21
B92
EA8
E91
13F
E15
20A
368
E97
D83
1FB
04E
F28
29E
24F
35F
D4B
DE4
08B
FA3
CED
2BA
1B6
DB2
EA2
E2E
FBD
E55
EFF
32A
40E
DB2
15C
13E
EC3
EF4
213
331
14D
D99
ED7
0A4
A07
E1C
209
0E7
F20
0AC
FD6
FF4
D14
F9C
58C
0E2
059
260
108
C85
F86
F98
280
F51
E23
23D
DE6
A31
F17
1C3
F19
1B9
12B
2C0
F28
D35
175
32B
EB6
163
40F
E08
DDE
CB4
073
F4D
E47
049
353
CBC
CAB
0F3
F71
FDE
13C
3DC
274
F92
D47
32D
E82
E24
2EC
205
F45
DB4
E1C
E86
E35
CD0
485
1CC
DE3
FD5
174
D79
FE1
187
391
2E6
D6F
192
03D
C86
DCF
298
FDB
FC1
E6E
F98
F72
B9C
FC7
39B
0B8
F04
448
036
EC6
EB5
189
2B6
04D
F83
2DE
EE5
9A8
FD2
F86
FA2
F8A
13C
12A
F4B
BDA
1B5
2A3
EC9
339
396
0C3
E0D
EC2
00C
15A
D3A
21E
320
C3C
CA4
F7F
F2A
E7C
12E
201
3C9
D0F
F33
204
F58
E6C
452
377
00A
EE8
DE1
0E4
C57
E19
317
1EA
C5C
071
FB5
DCD
F08
FFD
498
191
F72
194
1F8
BAA
02E
27F
1A1
00A
F1F
009
E95
ADC
E81
3E7
E55
0BD
1A1
0EC
DAB
ECB
071
3A9
084
0A9
47B
F0F
C58
E90
0C8
EC1
010
00A
295
CDD
ADC
14C
00E
E86
209
46A
035
021
E6B
190
00A
EAA
2DA
38B
D88
D6B
012
D88
F0E
E54
345
1B8
D92
E52
226
D81
F07
3DF
2C7
2C1
EF1
0C6
095
D35
D8A
44A
03F
E88
003
F5C
D69
CA6
F67
301
18D
DE2
3D1
05F
D4E
FA7
25D
1D3
13C
024
146
FFB
A27
FCC
105
EEB
F2F
243
F3F
E6A
C67
0DE
35F
EE9
23F
454
019
D11
0FE
FA4
108
F42
1AC
2FB
CAC
BEA
022
F54
CFA
24F
16A
1F5
E49
F4C
19A
013
E0C
4AF
45F
E97
01A
EF5
F4A
D9F
EC7
207
21A
BF2
FC2
086
C56
E85
150
31A
140
037
0E1
2C5
BD1
FC2
350
112
F86
160
FE2
D95
C7C
D71
392
E3F
F45
2A3
FB3
BFD
F66
191
1E6
166
092
4CC
F42
C7C
FE2
1E4
DDD
13C
0B0
04D
DD3
BC2
048
FF6
DF8
1AC
541
E91
F20
F75
088
00D
FEA
312
3ED
DF1
D87
1C5
C32
E49
F70
1CF
081
E2C
E8A
1C7
D12
DF9
48A
1E6
0F6
037
1AE
F0A
E71
DD1
49B
0A7
DA7
16A
F56
C59
D28
055
0A8
178
E2A
33F
05F
CDC
F70
3BA
0B4
185
291
12B
FF0
B21
024
0F0
E29
F05
36B
E8C
D47
E5A
F4F
1B9
EE2
252
4BA
049
D03
2BE
FBC
F72
101
229
213
D89
CF0
020
EBC
B53
300
1C9
FE3
EDE
FEE
02C
ECE
F04
446
456
DF4
1D9
0BE
E1C
D65
0C2
15C
183
D9F
F68
0B2
A71
DAD
1B9
209
FAF
224
0B8
14D
CCD
00E
42D
081
027
32C
04C
C20
DF5
E22
1A4
E36
F97
2D3
FDE
BC4
06F
148
F92
21D
1AC
47F
F30
D6A
0BC
102
C74
1A9
279
F9D
E01
D32
F7E
E62
DD8
12F
56E
DE1
FDA
140
FDB
EE0
069
31F
2F3
F49
E2D
26B
B86
D2B
0DF
16F
F02
F5B
EA8
01C
CAD
D70
507
12A
064
27B
222
E18
EC0
F98
31C
0BF
E46
32E
F71
AEE
D32
116
E63
099
FB8
2DD
023
C1C
09C
2B8
F9B
0B7
4CC
0E5
002
D2E
042
06C
DC4
F77
3E8
DCC
C8B
001
E35
ED9
ED5
2A0
37C
030
DE8
35F
F25
DA5
279
2FA
16B
F0A
EE1
FC8
DB2
AFC
2BC
13D
E4C
FC8
089
EAC
DFA
FB1
31D
3B7
E5F
327
18A
D1A
D41
162
02A
060
EF2
0A9
03A
9FA
E5C
224
F64
EFD
37E
128
028
DCD
00A
330
F02
0BE
424
08F
BA9
FDB
E46
FA2
DE8
03B
2E4
F4C
BFF
085
076
CC9
2A5
302
34F
FED
F90
109
FE1
C94
237
386
DD4
F3D
F0B
F0B
C63
DC4
0EB
3A4
D7E
0D4
285
DC0
E83
135
310
212
0A5
037
2F2
B02
D62
16D
FC3
E79
0D8
0A1
E11
D0D
D4C
3AB
F9A
FC0
3F4
264
DD0
F97
06C
0A6
07F
F38
407
FC7
B8A
E38
06C
C5E
FEF
10F
1E9
FF2
D57
10A
0FE
DD2
0DD
5FF
FED
064
FF8
03E
EEB
D26
03D
332
E18
D77
1EF
C3B
D4D
EED
21E
1DE
08F
031
3D4
E45
C86
35F
101
0DA
063
11C
EF4
D48
B87
1A2
045
D9B
26C
192
E54
DAA
FF5
0FA
1DC
F7C
4CD
286
D02
E86
19C
E60
EE1
191
097
09D
AD7
EE9
00E
D47
ED3
45D
126
FD0
064
FB0
17B
DE4
1B0
480
119
DCB
26A
E08
CC2
E40
054
20C
EA9
E75
160
F13
AFF
280
283
110
161
1A4
1E1
E38
CF2
1D3
2C5
D58
143
0D0
E52
C1D
E28
FF9
14D
E2B
27E
3BB
CC8
EB8
11F
108
013
2C7
233
266
CF9
DF2
1BB
D16
E72
237
1F2
E03
EF2
DFB
12B
DAD
FEE
54B
28E
EC7
170
140
E26
F8F
FC2
428
FCD
DD3
06B
FB0
A73
F06
1F9
09C
114
F24
213
F14
D2E
07D
4D3
F65
1A2
31D
F7B
D88
D01
043
0F0
E93
FBC
343
C3E
C0D
FD5
063
042
086
2A1
31A
EB8
DBE
387
F1B
F26
244
330
F63
D9C
D3D
005
E50
CD9
410
184
E15
F29
0D8
E7E
FC0
027
496
2D0
E04
1E6
081
CB9
E19
288
01A
0D3
D6E
FCB
F65
AD1
F17
37E
021
FC5
35A
032
02B
D5D
10E
305
FD0
028
3BC
EBA
B07
F4C
EC4
048
E66
0BB
243
E9B
B66
22B
130
EE1
2AC
313
28E
EB1
EDB
0A1
06E
C54
299
254
DDA
E53
E81
E58
DB3
F18
271
456
D57
148
1C5
E75
EAA
273
275
16F
FAE
F8F
180
ACC
DBC
1A7
0C4
E59
0D3
F5F
ECA
CD8
EF2
4A5
009
08C
38B
1C7
C87
FA3
08D
1B2
05C
F46
2FE
E69
AD1
E12
0FB
D07
162
1E9
289
F92
D6E
17E
1A5
E3D
1DD
573
F89
F88
EB4
FDA
DF9
D4E
14C
321
D28
D91
10B
D96
E46
FCE
378
26A
0B3
F25
369
DAF
D78
37B
1D8
00E
F66
07F
E30
CDB
BD8
30A
034
E17
2CD
13F
DEC
E99
115
1A1
271
F52
45F
056
BF6
EA0
117
E42
F34
130
0CB
FFA
ACA
F65
11A
E3A
07E
5C1
0B8
FAF
FB1
032
11E
DDD
204
403
FD8
C98
0FB
D5C
CC4
E1F
133
2D1
F0D
F0A
1BB
F74
BE9
387
30B
203
0D3
1A2
10E
D89
C9A
19C
24D
CDB
15B
01E
D5B
C72
E8D
120
1E7
F1E
2ED
3F5
CE5
F66
15D
131
F7D
244
153
194
B13
D80
10C
CD2
EC0
29B
1B3
E15
F10
ECC
1E7
E78
0ED
5CB
176
E1A
127
016
D71
FB3
F5B
3B3
E96
CE6
059
F01
AA5
FF0
328
0A9
1A5
007
239
EE6
CC2
13E
4C2
ED8
0EE
1D3
EA1
CEC
C71
07D
08D
E5D
FAB
38E
C8C
D7D
0CD
0B2
0F5
140
2E9
2D9
E2D
C96
2CF
E42
EA0
1C1
1E5
E9F
CE9
D98
009
EB3
D25
4F0
1CA
E8E
FF8
153
EE4
FDA
071
419
279
CDF
119
FB5
C20
DAF
1CE
05A
013
DFA
0DF
FCD
B8A
02D
458
101
FC5
3FE
FA4
F84
CE2
076
28B
F18
F92
315
E81
AFD
FE8
EC9
0FE
F83
1B0
31D
F1B
CAB
21D
0DE
ED4
347
26E
1A6
D41
E09
FC7
F7F
B92
219
2FD
D72
ED7
F5D
F67
E5A
036
331
445
DB1
0F7
1C5
DA5
E7C
202
24B
062
F15
E1A
109
ABA
D9B
28D
0C5
F0C
1F3
0C9
F13
E18
E9B
4F0
03D
03F
30D
180
BA3
E63
F6C
FFF
F86
E7F
2AE
EA5
BCB
EF9
1F6
DDA
1CA
2B3
30E
035
D44
113
080
E33
093
48F
EAB
E80
E3A
EB4
E10
D6A
15C
405
F5A
E2F
2E9
DE5
EE7
112
345
21F
FDA
F75
19F
D09
BCF
271
0C6
F7A
F78
0BA
E96
D64
D0E
371
211
EC1
3B4
227
EC0
DB9
0F8
09C
15F
E6B
33C
0DD
B06
DED
048
E46
EB2
242
12B
140
C5D
0AA
206
EDA
092
510
205
EB0
F70
E83
019
CC8
03F
2E9
011
C82
05D
EA9
CC7
041
1E4
3E6
057
F7F
1EF
0B1
BCA
24B
2E0
043
06B
FBC
023
C8F
B99
028
321
D34
1C4
25E
E7B
DAB
F48
1DC
26A
08F
1D2
48D
CF8
D94
0A1
FEB
EEF
08C
128
01E
C39
C19
22F
E4C
F34
3AE
359
ED9
FFA
F71
161
F6D
EB9
4E5
11A
D24
EE8
00E
BFC
E8A
F34
2AF
0DB
D60
139
09B
D07
F88
4C5
118
22F
FDA
1C4
F6A
BFA
F4C
327
F10
E7C
251
E16
DDE
CCA
0D6
1DB
076
01A
46D
F80
CCF
1B3
0D2
115
055
226
162
E40
AF1
128
F3A
C7E
1D4
1D0
080
D9C
EED
00A
0F9
DF7
435
4B0
EAE
F67
08A
E9A
DB9
FB7
13A
2B6
C0C
F24
04C
CC2
D55
2CE
277
0CD
0FF
FF3
210
C94
F33
3F1
1CD
EBF
25F
058
D28
D13
E20
269
F2E
EB2
200
180
B30
FF2
0FD
13C
1F2
1A3
3FB
03F
C1D
E9C
299
C95
0B5
22B
067
DE4
CFB
F0C
069
E66
FD1
5A2
F78
F22
056
0B4
F29
0BF
1ED
414
ECA
CA7
189
D50
C65
FAD
217
011
F61
ECD
14E
E77
C49
35A
359
FE8
115
2A1
E77
E8B
D4C
22B
17F
DB0
0DC
0E0
BD6
BBE
128
F83
176
FAF
2DF
205
D5A
E68
354
035
F48
3F0
158
02E
C66
E46
010
E47
D8C
414
0A5
CB0
FD2
F47
0B2
F57
1F8
488
288
CFF
1A9
070
C81
FBE
135
185
EA3
E50
EC8
003
AC1
08D
390
017
003
1F9
0C4
E9B
F59
0F1
543
EA8
04B
236
DBE
B4E
EE4
02B
FF1
01E
F35
2E5
D4E
C9C
17E
291
F24
35F
2FD
133
E82
CF9
23E
F8B
DD7
19F
327
BE9
D72
EBB
F14
F5B
F05
3DE
300
E85
EE0
2A8
DBA
015
22D
2D0
18D
E23
ED6
FDE
CEC
CAC
3E8
FAE
F46
FEC
006
EC9
E31
F37
4B4
26F
E74
43D
05D
DBE
E94
165
08E
0C2
E67
160
FC5
9FA
F5F
1CE
FE8
017
318
112
FA6
CD8
123
307
E6D
1A6
3A7
FBF
C44
F03
E4F
FF2
DF5
0B8
33A
E02
C61
12B
FE2
E40
26A
26D
3EA
F58
F32
15F
F5C
C1D
23D
331
E1C
FC0
EA9
F59
D2A
E15
202
364
DF8
093
27D
DEE
EE9
102
29C
1E0
FA6
065
223
AF9
D0A
15D
F73
F65
0F0
146
F2B
D98
D63
434
05C
0B4
3C5
273
DFE
E47
013
05E
028
E43
378
F59
B76
E27
056
D13
FC8
20D
282
18D
CC3
10F
145
E6A
05A
55A
034
FC1
EF1
EBA
F0E
C73
065
334
FF3
C79
21A
E32
DCB
FF2
25D
402
056
FD5
2AB
FFF
B54
2AA
1EB
FD7
FB1
02C
F64
D57
C11
110
2B8
DCB
245
284
F6F
DC2
01D
1DA
210
FB5
204
37E
BE5
D1C
F7A
F64
E51
0ED
08D
161
CA4
DD1
26F
EB4
F99
3D2
38A
F17
016
EC0
0BC
E8A
E7C
3D0
102
CF3
E6E
03D
BDF
E87
09A
3A5
11C
E8D
0F6
1EC
CCB
F61
487
0B4
0E8
F49
0B9
DF1
C29
E6F
347
F2D
E2F
1E8
EF7
D99
DBA
141
29F
1C4
FA6
49D
FAD
C11
0A0
0C8
FE5
F7C
156
016
EC4
A20
085
0E3
DCD
175
3D0
097
E8D
F90
003
26D
E0F
325
399
E7A
D41
034
E20
D8C
030
0CD
333
D0A
E02
118
F23
D30
3C6
37C
12B
0B5
EFC
158
D55
E01
23F
275
C98
05E
027
CFA
D4C
EC9
309
220
F55
0D1
354
C07
F39
205
17C
0DA
08C
1AC
023
C3A
CB1
324
E59
EB7
26D
0F2
D6C
DEE
F71
21C
0F3
F61
5C8
130
D5C
F3D
0F6
E41
FFD
0BC
23A
FCA
A9E
FC9
F5F
D4E
FF8
45B
10B
07A
F0F
0B2
147
D70
1C1
4AA
07A
D7D
139
D8A
D5F
D79
0F7
2FC
EC2
E11
1DE
F2C
C32
271
2D1
294
0CF
128
14D
E79
B99
1C8
2B1
DCD
115
025
E90
C71
DE9
045
272
E3D
244
3C3
D13
E6B
125
1CC
01E
137
161
29A
C02
CF4
17D
EA4
D87
14C
1D7
E1E
EC3
E12
232
F58
FDD
4D8
33D
DCA
FAA
0ED
DAC
F6E
F0F
368
046
C88
E78
0A4
BC9
EB2
362
19F
1CD
E58
1A8
0B9
DEA
F4B
5B8
135
F15
188
EAE
D43
C5F
FAA
20D
044
D16
325
F35
C24
035
246
1C2
114
143
23C
08B
AA0
0E1
1E0
E4B
FCF
212
F13
D67
CB3
F2F
223
DD4
222
3EC
F8F
D51
12A
0AD
056
070
192
3D9
D41
CAB
034
F3F
BFE
217
1B2
076
E8D
E0F
1AB
F6B
EA7
3C7
4F2
E90
0FC
03E
F37
E4D
EC8
21E
1E9
D7D
E48
1E8
AB8
E2A
10E
265
1DA
039
10B
217
D69
D52
513
122
021
0AD
0DB
D86
CEC
D5A
25D
052
D27
32D
025
CEB
E43
1CD
14E
208
07C
361
135
B42
F4D
11D
F5A
F44
26D
FA2
EDA
B56
E7D
1AB
E3F
06A
4E0
136
D38
0F9
FCE
0E5
F1E
181
384
FCD
C12
006
F33
B82
0AA
101
20F
EA8
DD6
05E
0C3
C9E
26F
56F
026
06C
FF5
071
D4D
E1D
039
34F
DB0
E41
1A9
D55
C7E
FCB
283
13B
0D9
FEF
426
DB3
D08
27A
281
F1F
0CF
148
E73
CF3
B80
1C5
0B0
E40
1BD
2CC
D61
E15
0B8
16C
284
FDC
413
262
D2A
D81
225
E49
E94
198
0BA
000
B92
E18
0C0
F3E
E72
4F9
24B
F26
FF6
004
10E
F1E
096
39B
26F
BAC
014
F31
C9E
E34
11B
1DE
04A
E0E
F86
249
C30
0BE
478
224
FE7
178
F95
EA3
CCC
F1B
45D
E4A
E57
0E1
F5C
BA5
F39
092
2D2
15B
FA1
3F5
F8A
C3D
04F
356
F3D
14D
0C1
055
D17
AEC
FCE
13B
E6F
021
3D8
E08
EA6
EA9
1C2
1E7
FFF
22F
473
E8E
BBF
16F
E31
ED7
FE9
1FE
0CF
D7B
C4A
0F1
FE2
CF9
41D
391
0C2
F18
0C0
FEB
073
E0E
34A
355
C82
EEB
F7D
D65
CB1
103
118
28B
DA6
FF1
268
E00
EDF
421
332
005
142
F77
053
C25
DCD
2D5
094
D49
089
0B3
C3A
E10
F27
40D
195
023
227
230
C02
F80
2C7
011
092
028
106
E4C
BA8
D42
295
DE0
F8D
3A5
067
E2D
E37
0F7
215
139
FCB
5A3
F4E
C50
FA2
FCE
E05
F25
0BD
0EA
FFD
AC2
0BF
08F
E24
143
4D2
16F
FBF
F0A
FCD
103
D4A
223
373
F51
C5A
0C7
DAA
D28
F08
0F9
3C4
E88
F36
1CA
FC6
C59
33B
345
185
04A
F34
090
DAF
C78
0FA
32C
CA5
00F
043
E50
D41
F0C
29C
349
030
15A
41D
CA2
E20
16C
163
0A8
02B
042
007
C2C
C05
2F0
F7F
F24
19D
29B
E9C
EC6
F34
2B7
16F
EF3
468
122
CF8
D0C
08C
E1E
FC7
F1A
202
109
B91
EB2
1B7
F42
F5E
4F4
1E4
0D1
E52
FE1
144
E68
F9F
40E
054
C09
FC4
E59
E7D
DEF
0EF
350
193
D51
1E8
119
CF5
17F
32F
2EF
F9D
EC2
F67
FDE
ADE
FDE
3A2
EE4
F75
FEC
F8D
D62
EC5
0EC
522
015
008
34D
F1D
CC7
012
228
061
067
E46
194
CC4
B1B
096
215
E93
15F
308
FF6
F5C
D30
31D
221
F74
169
3DE
D49
CC4
F24
F3E
042
E2F
1A2
1A2
D7A
BAA
279
FCC
F8F
354
322
1C3
DBB
E8B
110
05B
CB0
38B
212
D58
D84
EC3
F62
E9F
FD2
2D1
4A9
CA9
089
17F
EFE
F3E
2D3
2F3
11D
D80
DC8
133
BB1
E5F
2AA
1A8
DC5
FBA
F7A
FAD
EA0
F87
5DC
1B2
F0B
172
199
BFC
F7D
083
229
055
D79
056
F6F
B35
E1A
3FD
F93
118
116
128
FB6
D97
09E
3EF
0B0
EAC
415
E62
C7D
D02
01A
0C5
F6F
F12
271
F45
B28
15B
1A0
0C2
123
364
205
00B
C49
0C4
19A
CBA
145
19A
EEA
BD7
E34
EA6
133
EAE
2A1
4E5
ECB
DD4
18A
0D5
E63
21D
1A7
2A8
D4E
CB0
009
E72
C4C
1E5
2E7
F39
F9F
E3E
1A1
ECB
EEA
3E2
572
E7D
FE3
121
DD3
E97
F4B
2F2
16F
E0D
DE9
1ED
BE2
CB3
2BC
2BB
104
026
18D
089
E4D
DA5
548
1AC
E62
0C6
032
CA9
D0D
F1E
169
1AF
D0E
27C
059
CEA
EC4
2E4
134
176
17B
197
149
B26
F23
23F
FA8
E0F
25D
F09
DBB
C99
E66
2A7
F0A
07C
3D5
21F
C34
092
0ED
08F
098
0BE
26D
ECE
B75
E70
110
C6E
08C
1CE
109
E9A
E33
08E
1DF
F23
18C
5E3
F18
E94
F29
FD7
E3E
F09
075
32D
E1A
B7B
0E2
EC2
DD3
0BB
3B1
151
0D0
E7B
1DA
FDE
CD6
374
345
F1E
E38
053
DC6
DDC
CD3
248
2F0
DDE
F9C
201
E91
D38
26B
24B
393
F3F
08F
161
CAA
BCD
210
1D7
DBF
0FD
F38
F89
C39
DE0
2B3
2C7
E41
2F9
2EE
D4E
F06
014
2F3
0E3
F5C
081
188
A16
D2F
177
FFC
FD5
0E8
1E0
FF6
D95
E2A
4A3
FDC
080
3E5
1A1
D22
DDF
F73
FF0
FF7
DC5
3BA
FAB
B53
E8D
0F5
EEC
0E4
298
2D5
19B
C9E
198
110
E76
F9A
4E1
FD1
DD8
DA9
E07
007
C76
088
402
0DA
C80
21E
FA3
FB3
029
288
3F5
FAD
D9F
073
FC6
AD0
114
19D
079
EDE
E89
FF9
EF8
D37
21E
54F
EE9
0DC
157
FEC
D3A
FC7
14F
2E0
E76
E13
184
C6D
C78
00D
1E4
015
0ED
F70
290
E07
D5B
3CD
304
FC4
0F5
261
D5A
D9C
C90
1A6
0BC
DDB
096
1BA
C82
D20
175
0B8
290
079
370
223
D9B
DC1
2C3
001
EDD
24D
076
F42
B33
E0B
0EC
045
DD1
481
1C3
D5D
F83
06A
122
FD2
18C
30E
213
ADD
F4E
03E
D73
EB2
1DA
1B8
EB8
D75
E60
244
CED
10C
50E
25F
F0B
054
001
FAA
EBE
F2E
4DF
E5E
C68
F56
F3A
C67
FF5
197
250
0F8
DA1
2BC
034
DB9
0D6
551
095
FEA
F12
F22
E74
BC3
0C5
2E5
EC8
D74
2D0
DDA
DFF
F53
2BC
3B2
094
FD3
2E3
EA1
B90
252
102
0BC
EC9
FE8
F03
D35
B97
20E
29B
E45
253
25D
FB6
DC2
FC0
250
369
EA6
16B
2A4
C20
CB5
FAB
077
F4D
05D
056
20D
BCE
D96
2B3
091
FFE
375
334
F1C
EAC
D71
29C
F86
E9F
2DE
1AD
B7D
D78
FD4
E85
0B4
FAD
447
1A3
D44
F1B
379
E9E
03E
373
18C
015
C20
F37
00E
DB9
D98
460
015
D43
EFA
F8B
023
EED
1A0
487
278
C80
1F6
FAD
DB2
F8B
1C3
180
EFF
CF9
F5B
019
B48
188
3E1
148
F67
167
FD6
FE3
E34
145
546
E80
EBF
0F2
EAC
B50
F49
07A
27F
F49
EE8
27D
E0E
D04
1AF
3D3
016
231
FF6
179
DF3
C3D
184
1FB
DE7
FB9
18C
CBE
DF5
E18
22F
224
FAF
150
40B
DC8
CEB
2C9
090
154
00E
17A
FDA
CC9
B1A
25A
F72
DC9
246
125
F16
DC5
F79
167
20B
F19
481
2F4
CD3
E06
025
F5F
EDF
04D
13A
145
A83
EB7
0ED
F00
FB3
3AF
28D
07F
F05
F0A
2A5
D9F
020
413
17A
C1A
F25
E92
ED3
E69
EE1
42F
FF9
D8A
FF3
1FD
D3C
14F
30B
3A4
0F4
DE5
058
FCF
BF5
F0F
453
E5C
EEF
E43
F62
E82
DB4
147
4F0
051
EE6
34B
ECE
E86
FC3
2AB
246
F88
D92
163
DCA
AA5
12C
169
025
FE0
167
014
F70
CD6
354
3FA
F39
188
219
E69
C81
F1C
FDB
25E
D4A
042
199
C8C
C5E
0E3
1D5
0EB
215
116
359
D03
E19
1F6
15A
E44
249
0BD
D7B
D33
CC7
1A9
FAC
F0B
205
34A
CB2
F4A
155
148
1CB
0B0
35D
160
C3E
D42
28E
CEF
F43
1C4
0F1
F25
C70
E56
1E5
F93
F4F
5B5
157
F06
FA3
0A0
003
F14
FFE
3CF
036
A7B
FD0
E9C
D67
FAB
325
1A2
0C6
D0A
144
170
D79
23F
4B6
15E
EA3
FE7
DF1
F66
C27
06B
3B2
E75
D80
09D
F54
D39
144
14B
482
FBD
FCD
217
F30
CA5
166
293
F5C
FCE
DF8
01D
C89
C43
166
3A5
E60
11B
23D
EC0
EF9
F3C
32E
29C
03E
FEC
30A
BA4
C4C
067
06D
04D
EDF
0AE
06B
CFB
C97
43A
191
0AD
284
228
F5D
E66
E87
21E
15C
D4A
348
FFF
C10
CA8
FEC
046
088
01F
289
275
BDD
041
23B
0F0
F97
340
0CD
013
BE1
DDA
1E3
D89
F19
2C1
0CE
C75
F21
F58
196
F38
116
53D
14F
CE6
080
0FA
DAB
0D4
032
31B
E14
C51
F48
FDC
C21
0D6
40B
096
FDD
EA2
10B
0AA
E96
1A2
5DB
EF8
E76
069
DD9
D2B
E1E
1E6
1D0
F07
CFE
2B0
DC1
D9A
1C1
378
257
041
043
0F1
F26
B77
35B
1B1
E72
E98
06D
D84
DB3
DCE
289
38F
DB0
1F6
266
E9C
D65
2CF
1FA
1E2
F2E
048
0F7
B21
CE9
174
0E0
E3E
17C
010
064
CFA
EB3
428
144
FA7
380
20C
CF7
F21
EFC
21F
FF0
F31
15E
0BC
A77
DFA
1AC
F2C
10E
15D
37B
02F
D71
F67
3BB
ED9
0DB
3C3
F9D
DCC
CA2
F54
FE8
F15
F18
4CF
EC8
C78
FCE
065
065
0DB
285
3C7
0AE
B57
20E
F28
D31
FDC
2C2
F63
E19
D0D
F88
0BC
CF2
2D4
465
FD8
F02
1D6
F1C
FF9
EE6
211
414
D95
DBB
040
E07
C37
1A0
133
222
E58
ECA
1B3
E79
E1C
334
439
FDE
1BC
F6F
00F
D92
DD0
2A3
1C2
CC3
FA5
0FA
C10
E42
FEB
327
212
018
130
305
C5E
E9F
389
0C0
101
F62
0D2
E98
BC9
CB6
405
F5B
F22
217
0C9
E40
E0C
0CC
2F1
245
EE5
4AA
FA8
C93
EB4
0FF
FD7
F59
FE8
15D
F6F
A2A
073
20D
F7F
124
3CF
10C
F52
D80
072
313
E23
0F8
2DB
E97
B57
F10
E5A
044
ED9
13D
41A
E76
D2F
151
139
EA2
2E4
264
2F4
DFB
D2A
071
F0D
C6B
16C
286
DA1
E7D
DDD
00C
EBE
F74
34A
4F7
DD8
FB9
1A9
E76
F4B
FF4
2F5
158
DC0
D6A
17E
BA5
D4E
222
1DD
053
EE5
03F
079
EC6
E35
60D
1C6
FEB
0AE
03A
D8D
D2E
E9B
1F7
18B
C5E
1DA
FDD
C7B
E75
2E4
1D9
1DF
06C
1F5
18B
BA6
024
2DB
0A1
EDC
156
E1D
E61
B7F
F88
308
ECF
FA8
316
030
C54
04D
091
326
064
0DC
303
EBC
B09
FC7
103
DCB
0E9
02C
178
D49
CE9
089
2B7
E0B
2F1
441
FB8
EF3
E5B
0BC
036
F23
0E7
3BD
C4D
D24
F51
E6A
EB5
05D
27C
2CA
EB8
DB3
3D6
F38
F7C
2EF
2DE
FDA
E97
E05
F9A
DF6
BFE
3F6
131
D8A
E21
09D
E99
FA4
FFE
4B7
359
DE5
19F
169
E40
DCB
27A
151
0F2
C83
F51
FBC
B61
E89
3A6
138
F4D
223
FCC
084
CCB
10C
46D
122
E57
198
F71
B98
E8A
F3B
27B
F3C
F7E
1BD
F51
AF9
113
318
154
1DF
0C8
22C
E84
C95
FDD
345
D03
027
14E
E11
C59
D21
08A
181
F65
07E
543
D82
DBB
0B7
16C
0E4
090
198
20F
D7D
AF0
1F6
E8B
E1B
114
24D
F19
E4E
D45
1AB
0BA
E66
486
30E
F37
DE4
042
EA6
FF8
E28
2FA
163
B78
E71
091
D66
E34
2EC
1A7
2A2
D5F
061
1D8
E5A
FCC
45A
1F0
E65
F50
DF9
FC7
C21
F81
35C
122
C9F
146
FDB
E16
FEA
1A0
513
118
EF8
147
0FD
A97
07E
208
024
EEE
EB6
FFB
D7D
BA8
FE5
49B
F77
160
1F5
0C0
E45
E94
191
3A1
FD6
F3F
357
CAA
C2A
ECF
121
FCD
035
FB3
2D9
D91
C64
2CB
18B
03A
1CC
36E
F6B
E2B
CBA
244
029
D48
215
15F
C4B
C50
F84
FB1
195
EEB
4A4
27C
DBC
E6B
24B
FA2
FFD
211
1B7
191
AFA
E3F
092
DB8
D31
3A0
0FD
F11
E79
F02
1E0
E87
0D4
4E5
284
CB0
0E9
F0C
E1D
E47
094
2DE
F72
C13
F8B
09A
B21
091
2A3
273
07C
FA3
125
12E
C56
114
47F
EF2
FEA
FD3
EE0
CD0
D2D
F35
411
E8A
F71
2CB
EA3
D73
07D
33D
2C4
137
FB9
2F1
D0E
B51
142
0E3
EA5
FE3
0DD
F0A
E08
BA7
300
1F5
F75
259
377
E42
E60
002
1BF
226
E17
2AC
0DA
BDF
BDD
137
E49
035
0A8
21A
1E3
C6E
EAE
268
080
EF5
4EF
0F6
F9E
D6F
EF3
091
E1C
E3A
38B
0E4
BA5
FAA
EC2
FA3
F37
1A3
437
22D
D59
0C8
1D7
D2D
0C2
222
21B
EE3
DE5
EA9
051
B18
020
409
F6E
F62
05E
08F
F0E
F80
164
5D7
F05
FA6
188
EF2
BDD
EF0
12D
10C
F47
DDB
23D
D16
C84
1B8
331
048
1D4
0F7
0AF
E8B
CB5
32C
20D
E9A
07C
1F5
C08
CD8
DA2
14D
15F
E1D
234
2D5
D52
D9E
30D
086
1F2
0B7
2A2
100
BC4
CE8
1D3
EC7
DFA
279
03A
F3E
CB3
F77
141
0A9
F22
5D2
1E3
D2F
FFC
FEE
05A
ED0
0FD
281
075
A6E
FFE
F7F
CCF
F6E
225
279
064
E15
FDC
22B
C3D
20F
491
199
E5A
FA3
EA6
E80
D62
FDD
42D
DEF
E98
095
F7D
CE2
0FB
1D0
3EF
061
F60
2FE
E5D
D2D
160
2CD
F3E
03B
EB9
00F
C8B
B86
1E9
273
E80
162
2F6
E05
F5E
E95
343
1F2
FB6
1CE
2FD
BD3
C9B
0CD
F05
01E
F00
1E4
0DA
C81
D41
3BC
036
078
3C3
2AD
07F
D42
F82
107
FAB
D74
43D
FE1
C54
D92
F74
F59
F04
054
3C1
254
C0C
1A5
0BF
F20
FFA
3A2
21D
028
C77
F86
06F
AEB
066
2B0
013
DE7
016
EF5
F9A
DC6
204
5D9
FFA
F8B
1DC
F49
CB6
009
0CB
341
DBB
E11
0E6
DAD
B0D
191
25C
00A
1A9
FB8
1F6
E35
E26
2FE
315
E9F
15D
174
D2C
CEF
D30
177
0A8
E3C
029
271
C08
E74
10D
184
178
0C4
351
18F
CF8
D18
32C
DE6
FDB
163
10E
DD6
C18
DA4
14E
F55
E5F
51D
10D
EB9
EED
0EA
FD1
0AF
00E
457
0C5
C2D
FC3
F57
D72
E40
23F
113
0B5
C6F
15B
069
D2B
165
513
1CB
F75
0D7
F12
FD3
C62
130
3AF
F05
D34
132
D84
CC4
F2E
108
424
F28
07A
28C
FE0
C32
2C7
1FD
0EC
0C8
FF3
10A
C52
BDB
0EF
2BE
D0F
213
11E
F3D
DE6
EDF
2C8
271
FE6
2A9
3A4
C7C
E72
F9E
FB8
F04
F94
10B
115
B4D
CA9
244
E8F
FEE
2E6
2F6
FD3
F0C
E5F
367
F02
F6A
51E
108
D55
E05
F47
D54
EB8
EDA
408
FDA
D13
056
0F2
DF8
10F
370
321
1CC
D73
145
F3E
C48
F7D
361
EEC
F09
F1A
E8A
ED0
C7B
195
3A3
016
F4C
3BE
F41
DC5
FD8
1EB
32E
F5A
F8E
21A
DB1
A63
13E
F94
FFC
F65
16E
0DD
DD4
CE4
292
273
E52
38A
206
FA1
D09
F18
032
050
D2D
1ED
223
B10
D85
F8A
041
FC8
226
2AB
38A
C9D
F96
233
EC4
F43
36C
28A
EAF
DAB
D28
118
C70
EB1
373
121
D7A
02C
012
F3F
06E
0E4
582
0FE
E9E
0AE
08D
B4F
FDA
133
163
FE3
D36
0BA
E1A
C36
01B
512
FBB
1E0
118
0F1
EDC
D4B
158
3C8
F21
F6E
326
CD0
C9E
D79
120
090
F93
02A
38F
E05
C12
2EB
16E
111
169
30E
0C2
E8B
BC5
1D0
FB0
D23
1C7
1D3
DEF
D81
EC9
008
112
EAC
4D8
336
DE7
F0C
1F8
F59
F69
155
190
260
B45
EBB
003
C9F
D1F
341
122
011
F79
F57
133
D97
058
512
2A9
DBB
25D
F1E
DA4
D75
FA0
320
FB5
D7A
0CB
F76
A9E
047
1D0
250
0BA
10B
202
025
C0F
0BF
3FF
E61
109
05A
F6E
C6A
CE6
F4E
268
D96
0F4
3BC
EA2
DD7
FB0
1FC
0E0
1EC
113
4AA
D6C
CD1
0BB
F3D
D46
0BC
197
F9B
DFE
C01
1C5
F02
E7E
394
499
F31
FFD
059
FDE
F6A
E7A
412
23F
D6A
DAD
105
BDF
E1E
005
1F6
1FC
E0D
0BE
157
D34
EB8
56F
13D
1B9
031
021
EA5
BD7
DAD
2BF
FFF
D83
28E
EC5
D72
DAD
0D4
2AA
1C1
F8A
455
0D0
BC2
07B
152
101
00A
182
0C2
F11
A46
F9D
0E1
D76
10D
364
086
E72
FA9
05A
2D1
E83
301
457
F41
CDB
08C
F0A
D69
FA5
045
352
CC9
D2B
08D
F47
CD7
367
369
1A1
0CE
F2F
1D1
DD1
DF2
289
37B
C93
055
F57
DB1
D10
DF7
1F3
1DC
E7B
0CC
374
C3D
EFB
1B7
2D6
1BA
085
176
11C
B85
D54
2CB
E8F
F6A
0E3
13F
D89
D22
E14
404
FEC
016
4DA
172
DD0
EEF
0EE
FBC
080
F69
384
ED8
B13
F81
FF6
D0F
FF7
2C4
199
0DF
D32
1B0
0AB
E60
189
553
FA1
F41
FD1
E73
F18
C86
144
257
EE8
D7A
222
DCA
DA6
0A3
2A1
34B
FFF
0C2
1DE
ECC
C18
341
1A5
F7B
F6F
029
EF7
CD9
C8D
174
234
DBC
341
1E0
F22
DA7
0E9
21E
220
F65
2FC
2AD
B60
DD7
049
EF0
E35
162
060
0BD
BDA
F13
21A
ED8
01B
433
307
EDB
04A
EB8
1DE
E10
02B
3B7
0D2
C04
FD0
F04
CCE
F47
083
38C
FF3
E79
134
140
C1B
200
3F1
170
097
F60
04A
DCF
BD5
F15
3BB
D77
F9C
126
E6D
D7A
E7B
18C
350
102
036
4EE
DDE
DA4
05E
1BC
FD1
06F
039
11D
CCB
AE9
183
F3D
EED
219
3F4
F5C
F4F
E5C
1E0
0C3
EAE
462
317
DE7
DA6
061
D8D
F59
E8D
278
14E
C75
DFA
11E
D0B
EBD
404
208
1B8
EE0
0D3
0F7
D98
E29
3F5
0D2
D98
0AB
E81
DFE
C46
FD4
226
19B
DBC
40F
0A6
CC2
FEF
1F2
200
0E3
0FE
104
FE0
A22
073
0E4
E91
F5D
1E8
FE7
DD7
D6A
F77
386
E66
262
4C6
066
D02
091
008
010
F1C
0F8
2F7
CEA
BFF
F47
F3E
C4B
21E
1E5
1E0
F0E
F25
21D
F86
DEA
331
4F0
E43
0B4
F18
EEB
CB8
E4C
19E
1F7
CD1
F7B
1C7
C21
E78
11E
357
18C
121
0EF
2BC
C42
DFB
2E3
08D
F48
10B
08B
D3B
C9C
C85
2AA
EE7
F3C
38A
269
D7E
F81
0EE
085
140
049
51E
F83
C47
F04
0E1
CC4
FBA
1A6
0E4
FC6
C4C
073
0C2
E5C
109
5F6
03F
005
089
FA9
F9A
D6F
190
33A
ECB
C30
17E
D10
C94
F4C
1BD
22D
FDC
F8B
237
F7E
C3C
373
2C4
100
12C
1BE
EEC
D8A
B9D
107
19E
D26
111
162
D38
CA7
02D
079
24B
002
364
3B9
D3D
E35
204
FE5
EB2
23E
111
0C6
B6D
D2F
0A0
DF6
D9A
3BD
27C
E41
06E
F72
0DA
EA7
11F
43F
2AB
CAB
123
014
C3B
EC4
055
234
F6D
E5D
FF3
0D3
B2D
088
42F
1A3
0C5
19E
106
F90
D66
FA0
428
E51
F51
229
EC5
C0B
D8E
FEC
149
FDB
FDD
4D0
E3A
D05
126
273
F49
27F
21C
20A
EB2
B86
061
F81
D6A
0E2
370
D53
E8D
E29
055
FCB
EB7
382
4BC
F5E
E9B
29E
DD5
F3D
078
335
09A
E10
E05
101
BD8
C3A
2FC
107
014
FEA
183
FB1
F19
E7C
4B8
228
EE4
2F3
092
D0A
C9D
FD9
02C
102
E20
23D
01C
B2D
E7B
22F
061
0E4
350
1F8
1B8
C71
03E
1C6
EAD
F46
3F1
FA9
CB3
E35
E77
FF8
D1F
121
3F6
089
C61
26C
FA9
EF6
144
2DC
393
009
E10
037
F48
A7A
174
1E1
FB9
E9A
FE4
F73
DCD
DB6
1F6
4A0
E8B
1D5
2DC
F60
D34
092
17B
1CE
F74
FD0
296
B95
BE6
066
0E2
E31
1BF
0FF
174
D8B
E26
2C4
107
F3D
383
3AC
D42
ECF
E4F
033
E37
EF6
1FD
1A1
BA6
E72
1B6
D5F
015
19E
3C0
112
F13
048
29C
D3E
F97
451
0B9
F57
EC5
F6D
D5D
CAB
E0D
464
FB1
ED7
229
FF7
CDF
F6D
25E
2AF
1EC
F99
3B3
EC6
B25
F9C
1E4
DE4
FF4
140
F48
E19
B37
16E
1C7
F4F
172
56E
F25
E68
FF2
FE6
0FD
F2A
283
353
E0C
B21
11C
DA1
D39
060
243
166
EAD
E83
112
008
D39
4F3
37E
076
FF7
0AD
E97
DC4
D95
240
20B
C6F
06A
043
CF3
C69
1BB
16D
269
021
21E
239
C6E
EBB
307
16C
EFF
25F
F3A
F2A
B80
E5F
113
F07
E4A
352
18F
C60
061
FD9
1B2
066
238
42F
1FD
BC4
01D
12F
CDE
080
14D
12C
E24
D6E
EA0
079
C82
148
527
020
FAF
12D
099
F08
F85
0B0
4AF
E69
E73
136
D66
BB0
F8F
10E
FFD
073
F11
275
E0E
D24
249
3CE
FBA
24F
2A7
F9F
E98
CB0
1FC
FDF
E45
077
2B5
BA7
CF0
FB3
007
0A7
07D
365
2A5
E75
D8F
399
ECD
FD7
2EB
278
F5B
E22
DD5
FD6
DA7
C95
4CF
06F
E18
F9C
062
E5F
F1C
0B3
432
2F3
DB2
1D4
05E
CF0
DD6
25A
012
070
E49
FCB
F19
AB7
F35
348
053
F5F
3C7
003
F13
E03
162
31C
FB8
00E
397
F50
A70
FB5
F12
F75
EE6
17A
18C
EF5
BD6
182
188
D90
2DB
3BC
1AF
F1E
F7A
FA4
090
CD2
274
3A2
DAF
DC1
FA6
DB9
DAA
058
1B8
378
E1B
05E
277
E8F
D7E
396
289
06C
111
F34
062
C28
D22
181
143
C99
161
103
CE6
E8C
F37
359
145
062
2F6
344
B98
F25
171
F79
F89
0B6
1BA
F80
BF6
D4B
258
CA9
FA8
3DB
1F4
E8A
F9C
03E
095
FCB
020
579
007
DA6
01F
FD6
C07
F24
0CB
1C9
FE6
CA1
160
EFB
CFE
0E6
4E5
074
1B1
0E8
0FA
EC2
D0E
13D
325
ED4
EEE
318
CB3
C8C
E04
0C2
0AD
FFA
057
363
E54
C51
345
061
052
1D2
374
09D
E00
C94
11D
F8A
CB8
298
19F
D94
D0B
FBF
E9F
051
FA4
43A
3A2
E0A
043
1C7
E91
E27
29F
188
0F8
CF2
F48
F4D
C0C
D81
353
0F1
E33
1D0
FE7
FFE
D7F
091
41A
288
E7A
371
0A0
B37
ED7
FF8
11E
EC8
FCA
0B4
010
A33
FFB
259
F12
136
3BD
24F
EFA
EE2
005
2B6
DFF
19E
408
F63
C40
F5B
E8A
DC9
F56
00B
3DF
E9E
DF1
0F8
06B
D89
2AF
3CA
196
037
E99
1CE
E2C
CE9
0E1
36B
D0C
FCC
FF4
DE1
D59
E3B
281
29C
006
0B2
3D1
C83
F22
1FC
1ED
02D
099
0CC
028
C0D
BA3
2BB
E9D
EFD
17E
289
D74
E3C
F22
1D7
071
F63
515
1B1
DAC
EAB
190
D9B
FF0
06A
26D
FC9
B8E
EB9
FF4
CF8
E4A
4BB
0D5
0E6
F8C
0C0
041
DFA
100
491
058
D8D
1DC
DD3
D47
D59
0DA
150
F6A
E1A
22D
F5E
B60
1EE
2B8
177
108
2D7
087
FBF
BE9
177
207
DAA
0D5
258
E08
C01
F18
EE1
165
E5E
25F
3E4
E2C
DF0
1CC
034
F08
2F5
262
26E
DB0
DE1
057
E79
C55
2C2
2BA
DD2
F40
EFA
FC6
E51
FDF
33F
40F
E38
183
195
D63
E99
14C
20C
048
F1F
EC5
0D6
A0C
DEF
2AE
05A
F56
1EA
139
EFB
E6D
F4D
46B
FF1
0B9
389
0B8
BC3
EB1
FAE
F48
F94
E8E
2D1
E3A
B8C
F8D
1FE
D97
19E
372
1F1
063
D6D
149
048
E19
025
546
E19
E1B
EFF
E7B
D48
DEA
15D
2F1
F59
DA7
34D
E17
E07
24D
38F
18A
0CE
FF5
135
E05
B3D
289
16A
E77
FA1
18B
D07
D28
DFF
1E4
22F
EC6
320
2A6
DDA
D9F
2FC
03B
16F
06C
1C7
0DC
BEB
CDC
0CB
EA2
D4E
39C
0B0
F62
D9D
FA8
0F2
FE8
011
513
325
D2C
0DC
F4E
E3D
E30
0EC
208
0E2
C0B
F8D
05C
B21
FF9
303
1E7
FDC
15B
078
0C2
D19
18F
4EC
F41
F33
217
F57
B95
E8F
EB8
226
E2D
FA4
20E
E5E
BC0
115
263
FA0
2AB
1CD
2AA
DDB
D76
0D0
176
CEF
13D
2B7
D35
D9B
D5B
027
EEE
FAC
1DB
4AF
D71
EF2
24B
F26
F9F
207
452
0C4
EAC
D8D
1C6
C41
D7C
2D7
19E
E71
EF4
FCE
E45
EB3
E7E
514
203
F6A
1F2
1CC
CF8
EDA
163
16E
1D8
E33
117
ED2
B12
D30
32A
EEE
067
236
0DA
F90
CC4
092
2F8
048
FD5
570
F79
CD8
EC6
F47
F73
ED8
056
24E
F71
A52
0F5
FAF
D9E
154
3A9
1E6
016
EE9
0AC
150
C4B
35C
334
F3F
D71
FD8
D9E
D89
DB9
0D8
348
E01
F88
1CE
E82
C7C
338
2BD
21F
079
0B0
1F2
D20
C93
22B
1DC
D29
1AC
F72
E20
C59
E28
203
15C
EE3
2EF
330
C0F
F91
14C
15F
0A7
19B
226
0E3
BBE
D97
1CE
C9C
F85
224
15F
DAB
E95
E5A
1D6
E85
069
643
1A0
E55
06F
0E2
D42
056
087
370
F1B
C75
005
EC2
B55
FB8
3E1
056
104
F8B
178
FCF
DDE
1C9
513
FA1
FC3
2FF
D6E
D5E
D16
0FA
07B
EE6
F82
2DB
CA2
B6F
1D3
11C
0B1
1E0
372
149
F62
CC9
2D7
073
E41
240
194
DAF
CAD
E9D
EE3
FE7
D88
351
25A
CDE
F19
1EB
F37
F97
335
2A0
258
CF5
F88
098
D28
D9E
378
0C3
E13
FB5
E14
F2E
C90
FDA
46B
270
E38
305
0C7
D42
016
125
2DA
FED
F75
095
FCA
962
F8A
1B1
F70
FB0
178
0BF
E6C
D10
05D
47F
E94
252
39E
FF6
C9A
F99
00C
FD7
F94
FDF
348
CA8
BD7
000
003
D7E
21F
2DE
1B3
F8D
E0F
294
041
EDA
252
4E5
DC1
F12
EC9
E20
DD6
DA0
260
1D8
D43
E2E
264
C86
F12
213
35E
219
FB1
0E5
198
DCA
D04
493
059
F28
FF8
FA8
D1A
CA2
E3F
2A7
0A3
E2A
3CC
06A
D0A
EE8
273
0F0
21A
03F
299
028
AE6
F83
0BB
E14
F2C
2EF
F55
E26
C4A
FAF
15B
E86
1CE
519
0AC
D42
1DD
F22
03F
F72
201
2BE
EA4
C23
03F
EF8
AFD
15B
138
184
EA1
F76
088
01A
D5A
361
418
EF9
145
0CB
F2D
D20
F2E
105
29B
D46
FB4
177
BB5
C9E
0C6
1F9
057
1B8
0D9
282
D05
EC5
3F0
136
F5F
27B
193
D30
D4D
CDB
1C1
EE1
EBA
2AC
156
BCB
EF3
165
F98
1BE
19F
4B6
0B7
D52
F36
25C
D4E
009
3A0
FC8
E87
C7B
F65
EC7
D99
F84
576
F62
EE7
1B4
FC6
EF7
FC8
2D9
2F7
0F3
D23
270
DB3
C22
03F
1CE
F6C
F0F
FA0
F3F
EA7
BB2
3D1
2D7
00E
14E
355
EBA
E56
F89
128
29D
DED
1C2
188
C01
B7B
0BC
F4B
FA5
086
118
1E8
C91
E77
255
111
EE3
512
1D1
ECA
E31
EB5
05C
E8E
EA0
26E
18C
A6E
F83
FA5
E1F
F7E
20E
335
19A
DEA
020
2C2
CC8
0CC
352
1FB
EF1
F12
EEC
E6D
C4E
F5F
463
ED2
E7D
149
FE6
D01
058
14C
43D
145
F7E
390
E86
C5A
031
2A4
E49
0DD
F07
01C
CD6
B7A
157
267
F16
134
464
DFC
EC9
ED6
20D
1BF
FD6
22F
328
D06
C30
130
E44
ED6
FE6
1DF
FE6
CFE
D24
22B
F5F
E46
4F0
232
044
F21
07C
FA4
FC0
E56
432
15B
B9A
F92
F5A
CE2
DD1
179
166
13B
D42
0D9
136
CA8
0E5
49D
1EE
017
15C
F2F
FFC
B93
012
357
F63
D87
169
EC1
B6A
F24
06E
38B
F90
0DB
321
019
B64
201
262
FDA
1CE
0E2
123
C9A
C61
FB4
202
C8D
20F
2B0
DEA
DE7
F8A
124
116
0F4
264
51A
D3F
E63
151
EB9
EB5
0DD
1FD
002
CEA
C31
1BE
D1F
E4F
2F4
2E7
F28
FDF
085
043
F72
F2D
5A5
1E4
DC1
F9F
0B1
BD6
E3B
02A
1CA
0D4
CB5
0D7
F88
CC4
F51
484
0F1
0F4
16F
0FC
FF0
C68
0B2
33E
01C
E42
2A8
D92
C5A
DCD
FED
121
FC6
010
23A
FE4
BC0
2D8
13D
0F8
1D9
2B6
12E
E69
BF5
0E2
11A
C9C
21E
20C
E27
C4E
F0E
FDF
0C0
EB6
2E6
521
DA7
F5F
174
F7A
ECE
294
1D4
263
CF2
D74
0AC
C77
D48
266
1D5
DA4
FD3
EEB
0E2
E66
FBD
53F
29E
EAB
104
173
CAC
FC6
01A
275
FAF
D61
04F
F70
A29
E9D
340
03A
0DA
047
1E1
F00
DC3
03B
49B
FEB
FB3
384
E89
D02
D2A
036
077
FE4
E66
374
DB6
B4F
0E8
14B
09F
0E2
26F
1D7
FE9
C29
291
0D5
E8D
1CD
2D5
E5A
CB1
DF3
F21
071
D42
303
2A8
D82
E33
1BB
F8F
F4F
23D
2E7
34C
D11
FC0
159
DCC
CAA
36C
080
EB6
E47
E56
FEC
CB9
F79
407
329
DF9
25F
0AB
E2E
F67
185
46E
FFD
E7E
0DA
080
9EC
F03
183
032
F49
FDE
053
F2E
CF0
02E
543
F7D
1EB
2E9
03C
D57
E84
005
22E
F1E
EF1
3B3
C85
C2F
EE8
0F1
E78
093
148
2E5
EFC
C87
305
0D5
F44
264
3D4
E9A
E6B
D26
01D
F69
C9D
26C
19A
D18
D11
0CE
E05
054
0BA
3BD
323
E1E
F92
255
E7A
DF2
3FA
102
06C
D19
EBF
F17
C5F
DE9
3E3
176
DC4
1B8
F4F
F48
E76
16C
3B9
1B7
E73
1F1
03F
B88
FDE
12D
170
EF6
F15
F43
F32
A91
09E
347
F19
109
24F
121
D80
F3D
12B
3DC
EA2
066
34D
D4D
BFC
EF9
032
F10
04E
FB6
2F9
C82
C90
1B8
17B
F6A
328
34C
093
EB6
D47
210
F37
E7B
26A
2C1
BCB
DE4
EF0
ECF
F86
EE7
41E
220
D67
EEE
329
E5E
04E
37B
301
113
D98
FDD
009
D6B
D89
49E
F5E
E50
F40
F4B
F17
D97
0DF
44D
203
D83
342
FB8
E04
00E
201
204
02A
E68
FD7
EF8
9DD
0A5
1EF
FEF
F8E
12E
FC3
ED7
D66
227
4B9
EF7
243
2AE
F5B
C8D
FE0
01C
1E8
E47
F6C
221
BA3
C66
027
120
F4E
29C
168
222
D4A
E29
354
111
F5E
33D
337
D1D
DEF
D1F
061
EA0
E7B
281
18B
BE4
EA2
141
E37
0D9
187
4A3
1DD
DD6
FB8
1FC
D16
F2A
42A
04C
F45
D00
ECE
E08
D18
F56
497
017
E32
1B3
FDD
F5B
FA0
320
35F
18B
D6E
260
EAA
BA0
073
1BD
05F
E66
F02
ED4
EE9
B33
2C3
2FB
FBC
14E
33D
F91
E22
FAD
1C3
386
D9C
180
191
C33
BA1
017
FC1
FFD
FFD
059
20E
BC3
E73
2C7
217
FD6
3D3
180
FFD
DCC
D99
23E
F1F
EC4
1C6
181
AEA
E14
EF7
FCE
012
FFF
3B9
117
CE3
FC3
31A
DD1
18D
2E8
281
F65
CCD
EF3
031
CAD
F4D
4A9
E8D
E7A
EF6
F76
F4F
F75
1AC
557
08B
E08
2FC
EDE
EA1
04C
2BD
160
F05
C97
0AF
DD1
B1E
228
24F
0AC
F54
0E4
FCF
F89
D5C
39C
423
ED3
0FD
153
D9C
CC3
FE4
03F
1E2
D63
086
0A3
B96
D2A
215
1BA
071
24C
110
1E2
C7B
F52
3E7
11B
EC0
2B7
03C
C8A
DAD
DC3
22D
F1D
F81
2BC
123
B79
09F
0E8
003
1E0
22D
3EE
FD9
CCD
FB9
27A
CF7
077
254
F8A
D84
C45
F8C
FA4
DE9
000
589
EE7
E86
0AB
029
01C
FE8
2AE
396
E8B
C10
1EC
D87
D34
088
209
02A
E58
DE5
053
F24
D34
516
32C
03B
FD0
172
EF9
F21
F0D
334
250
C78
059
FA8
C86
CAF
182
0B7
18B
EA4
0C1
1AF
C73
FD6
433
23C
FEE
2DA
FA7
FAA
C07
EE8
33C
F2B
E9C
168
F86
B5B
F48
F88
2E3
FD7
0D2
39B
09F
BFF
0CA
2D3
FB5
1A0
0A3
249
DC6
BE1
F71
19B
D2E
0D3
2F3
EB5
E49
DA8
1D9
129
010
1EE
52A
DDE
E4B
182
F26
F90
F77
20B
0CD
CDF
BE9
1D6
D70
D84
273
261
091
EE3
FFA
148
050
DE5
5B3
1CD
DEA
EF2
FB2
DBA
E0F
F64
22B
185
B88
051
02C
D66
EEF
389
282
14A
FBA
07C
1A2
BDE
079
3D1
0D8
E34
0F2
DDE
DFF
C35
F68
3D9
ED7
F20
1FC
FE4
C46
162
14B
3BD
0B9
02E
2C0
E9E
BC0
036
266
E0A
0C9
FB1
03E
C99
C3C
109
24E
F11
1AF
470
E30
F4B
F02
294
176
FAC
131
2DB
B49
BFC
0C4
E4D
FEA
FE0
221
06F
CB0
D74
32D
FA1
F7C
4DB
255
04F
E04
FC2
08C
FA2
DE6
42A
064
C0C
E7E
F09
E42
EBB
1A8
2F6
1C8
C13
1D5
1CE
E3C
0A2
407
207
FC5
E26
E9C
082
B1D
01B
307
FBF
D1C
02E
ED8
ED5
F22
18D
587
F8C
FFA
242
FBC
CAA
17D
1D7
20E
ECE
DEF
102
CBB
BB5
042
2CE
E29
0FB
04D
0A1
E75
E1D
3D5
37A
F33
119
2D2
CF1
E21
E6E
1B1
058
E23
09F
0E7
B30
C8B
283
FB1
113
090
2C5
114
D48
EAE
3DD
072
F45
3F9
052
DE9
BFB
E92
061
F36
E58
3CC
009
B80
FF1
0A0
10F
0B9
2E9
309
19D
BB9
106
128
DC7
0CF
244
022
D4E
D05
E82
123
C06
1F2
408
FAE
E6E
0BE
02F
00F
09B
1EC
552
D56
DFB
0AE
E16
C21
0C2
1A5
088
E80
CFB
197
D66
E87
2A9
487
F97
15B
016
0A4
EDC
E5C
444
1DD
DDE
F66
130
BA5
E0E
F7A
273
189
E8D
126
157
D25
EB5
469
0E6
1D3
053
19A
FE2
C77
E47
3C9
F96
DC7
260
E94
D9C
C93
052
2F3
0EA
F9A
46C
0BF
C5A
0DB
163
1F5
01D
13C
104
EED
A6A
FF2
15E
D6F
06A
1EA
056
E0B
DFE
053
3A3
EAC
30A
4E5
ECA
E28
F5D
03B
FED
FCA
066
2FC
B7E
C50
FF9
F1B
E5F
1FC
2AA
164
E9E
DD9
320
EF3
F4E
390
3CF
E43
EDA
EBF
EEC
E8D
CF9
342
11F
CCF
ECA
130
D96
FC4
15C
4A4
278
DC7
0D9
131
D11
EF8
453
03E
FB0
D97
F08
F0D
BA9
F2A
3C5
09B
E2F
282
F53
F2C
EA2
1E4
405
0ED
F57
2FE
F94
AE6
013
0A6
0F4
E85
FB3
024
E88
AFA
136
34A
F2E
1D7
1DB
16C
E3D
E24
180
3AC
E06
137
25C
CC3
C2E
E9B
FF4
025
F60
09A
337
C39
D9A
1EC
100
FFC
26C
346
09E
DF3
C63
2EB
F1B
E7D
23F
1BF
D17
CF3
E48
08C
045
EF8
52B
1CC
D81
F35
249
F11
147
190
316
10C
B61
F12
01C
CED
E75
3E5
013
F5F
DA3
011
16F
DCB
14D
564
1AD
DFD
173
F20
FC0
E73
14B
349
EEB
C54
09F
E76
B21
134
151
250
F42
F7F
1B0
064
CDA
2BD
41E
F8E
0D7
FE0
FD8
D2E
D23
122
314
D01
F29
1B0
D3E
D16
FF6
35E
208
07B
01E
38D
C98
E8C
26C
1A7
FD2
03F
0A3
EE0
C97
C05
375
F97
EC3
223
1F5
DFA
E72
03F
2C6
1F2
F57
47F
0B2
CB8
DCF
13A
EB9
FDB
FCF
18B
FC6
A10
F43
174
F4E
06B
486
0D9
03E
D89
FED
2BE
EB0
07F
41A
FC2
C1A
F17
E0B
FB1
E38
07F
370
EA3
C7D
0CC
118
E1C
2E7
295
3A1
F39
DCF
0A7
022
C35
1DE
35E
DFF
E51
DC0
FA0
E02
E07
1C6
4ED
DDE
018
225
E9D
F33
0E4
369
22A
EAA
DF0
215
C09
CB0
1B4
17D
F8F
EDE
F72
F98
E4C
D93
56E
261
FE3
1C5
160
E4E
E17
F20
258
1A1
CBF
1A8
FA3
B9D
CC4
220
0C7
17B
FAD
1EF
1AD
BF4
073
370
121
FF6
347
F92
EFC
BEA
EC5
262
E1A
F5B
263
F89
B84
F49
FFA
28A
FF7
1F3
44E
FC1
CA6
124
1E4
E5E
19F
0FE
187
D0F
BF9
FB4
127
CAD
194
37B
F42
F39
EA1
1A5
0C0
FD7
247
553
DCE
DD8
01D
E3A
E41
F5C
24A
108
DA7
C84
25B
E41
E42
2DE
35C
148
F60
FAE
119
FAC
DB6
4D6
164
E76
E7B
F3C
D9B
DC2
EA7
2B7
207
C85
18E
0A3
E22
E72
38D
2B0
2AA
F3E
08E
14A
B6B
EC6
288
091
E30
0D0
EB6
ED7
BB9
F80
44C
064
F9E
2D8
148
D11
032
0CE
3CD
FEF
FC9
1FC
E4F
AE8
F5F
14F
ED4
0C0
F66
1BA
DC4
C5C
12B
3F8
EE4
219
455
F3C
E6B
D74
0AF
08B
EDF
01E
3EE
C52
C66
F9A
F9B
047
00F
2AD
25C
F07
CB4
389
FFE
F7C
297
2DF
032
D53
D8C
FE0
EF4
C3B
3E1
10E
D9F
E52
075
F5B
FC9
00E
41C
3E7
CA7
0BB
105
E89
E7A
2AE
123
141
C83
E95
0E4
B7E
ECC
367
24C
E40
116
F3A
156
DC8
087
56D
1D4
E00
0ED
01F
BEF
EAF
F16
2B9
F3E
DCA
109
023
B8A
FF3
362
168
208
FFA
247
FB5
CAA
010
436
E8E
FF0
11D
E57
CD3
C06
07E
1C5
FAB
F5F
43B
DA8
D7D
083
210
1B4
126
1D6
22A
E61
AA9
1A7
016
E5A
01F
19F
F4E
DA5
CBF
0EE
200
DF7
468
33F
FA0
DC9
025
FE0
16B
EE8
24B
2B5
B1F
D19
029
EF9
D6F
1C3
166
1FE
D10
E4F
2BF
F21
FB4
4A9
376
EEE
FD7
E4B
0BA
D43
E90
32B
166
BFE
F0B
FF9
D84
F8F
04E
4D4
18E
E92
08D
1E8
C08
034
336
14C
01D
D4D
FD8
E56
BB6
E04
48F
F32
F4E
139
FD4
F28
E8F
1DD
497
15D
E6D
3A2
E91
C73
F0E
121
030
F7C
E8F
07B
EF6
9B1
18C
1C7
0B9
102
300
08D
F5E
D52
1E8
38E
E38
15C
25A
E9F
B5A
EF8
F5C
153
E20
0EF
359
D0E
D28
19F
177
FD6
2A0
20D
2CF
D0F
D3D
1DB
F87
D87
1F9
1EA
D23
D85
C9C
10B
F5B
EF6
350
3BC
D28
F78
14D
F3A
0B6
0C3
3FE
172
D0E
D75
1B5
BF9
E42
20A
15D
02B
DB9
FBB
0DF
F18
F08
6A0
232
F4F
083
018
E7A
E60
FBB
36D
089
C14
12E
E3A
C60
E26
292
217
146
EBB
23C
10A
C58
103
3CB
13D
F91
1CC
EB7
E67
B23
FF1
34C
E75
F07
206
F4F
C7E
FE5
0CE
3CA
02A
17F
37A
F8A
BBA
0D1
174
EC4
0D1
F28
15C
D08
B85
025
222
D6D
2BD
397
F87
EC0
E3C
255
113
FD5
12F
4BD
C8E
D45
F12
F06
F32
EE7
1BE
18A
D6C
CA2
2E8
EF6
FCB
319
419
0C2
F23
E53
127
F6A
C9A
3DA
124
D58
D0F
FB7
DD6
F14
F0D
3A5
303
D32
04F
115
EBB
EA5
398
241
20B
D83
FA1
FEA
BCE
DD7
29E
0ED
E31
082
EDC
014
CFE
01F
47A
1E6
EDB
2EE
10A
D03
F72
F7C
2F3
F39
E63
0A6
F69
9DD
F29
228
032
0E5
0C1
1BF
F6A
D71
037
44D
F1E
157
2D4
F70
D3C
CB5
F42
0D0
ECA
EA9
3FA
D5C
CDA
F9E
19F
FE0
194
20C
406
FC4
C04
240
08A
E63
0E1
303
EF2
DEE
C3D
039
045
D23
2BC
3AB
FC2
DEE
185
F5C
07A
F8E
307
3D7
DE2
D23
0E2
E2E
C46
139
06F
179
D4E
EDA
0AE
EC9
D67
45B
378
FA1
121
FCA
07F
DDC
EC1
28C
305
C36
012
05B
BDD
D82
FFC
2A3
162
FB5
0B8
2DA
BD6
F79
31E
226
FF5
124
0BB
F6A
C06
CD6
390
F2E
EA2
170
124
CC4
E96
F73
2E7
16A
F80
463
0A1
C80
F1C
238
F2B
134
F73
211
EF9
A39
EE8
1CA
E90
FCC
3E2
092
054
DDA
05E
1AB
F40
0A6
4BA
FE4
C6D
F7A
E7B
F5B
DE2
127
24F
F65
BB5
16A
029
D75
194
3A9
342
FAC
F4B
076
0CC
B36
25F
3F2
E81
E57
EB5
EC5
DC6
DE3
0FA
495
DF3
029
238
F36
D3C
1C5
284
2A0
FD4
ED0
206
C22
BD6
0BC
246
DEE
066
F65
055
DE9
D0A
318
31D
F42
21E
370
D4D
E96
EB4
1F6
0F8
E0C
0A1
194
B9D
C15
192
F7E
0F6
0A1
307
11C
E1F
DD9
3B8
078
F04
37C
17C
F46
C85
EF3
F8B
F75
D5E
3CA
13F
C32
F18
071
FFA
FDD
208
343
2A2
C20
0BA
101
D93
F11
295
113
E92
DBE
DA7
142
BBE
04C
401
23F
DE6
16D
047
FCA
F76
0C8
578
076
E18
053
F8E
A97
F9C
077
141
F73
E7E
143
F7E
C47
064
4B8
FE6
17D
118
0D9
E34
D9B
01F
34B
E5B
EBF
264
D05
C24
D5A
084
10A
108
025
47C
ED6
C94
23E
1B5
081
130
2A8
032
E76
B2B
0DB
03D
D4A
14C
2EB
F47
DB5
F5B
FEC
200
F01
419
475
EC3
D2A
1A3
ED2
E53
054
14B
239
C5F
D54
04C
EE4
D1E
3C4
2A6
0CF
FF9
FB9
19D
EF7
F03
363
3F0
CFF
047
F18
D22
D10
F42
1C9
259
D99
FC3
285
C67
F5E
26E
331
0FE
0C2
062
173
C25
CD3
2D7
FFB
EC9
0A6
08A
CBF
D85
DFE
358
12E
F75
3B6
1FA
CCC
EBF
231
08E
1BB
F5C
246
F78
AF9
DA4
1B5
E37
F99
2DF
0E5
015
CD3
053
23A
013
FBE
604
10A
D73
EEC
F42
FF8
E7D
010
2E7
01A
ABC
093
F96
DFF
00E
322
2B0
0F1
E75
079
17E
C27
166
3B1
FDB
DA6
EF2
E3D
E82
C30
FED
43E
F17
F39
1B1
FDC
D2D
162
17E
468
FD0
F76
240
E65
BAC
FF0
1F7
EA7
07B
F2A
0F1
CF4
CC2
166
353
F13
1F3
401
EA5
F01
EA9
22C
166
EF5
F74
34E
BD7
C1F
00B
FBC
F68
053
247
1BF
EC4
CB8
35B
07E
F6E
2AC
36F
F41
E48
E0E
F43
F9B
C66
368
199
D02
DBE
0D5
EBE
FBF
0F9
3A0
450
DA8
03C
1F2
E44
D28
2C8
113
02F
DB9
DF5
FF5
C3D
D83
33C
26B
E3C
1D9
049
014
E40
111
3CF
29F
E21
18C
0FA
ACD
E92
027
0F9
F73
F85
046
15A
B52
F1B
3D7
0C5
0D1
2CF
200
E71
E1D
E31
38E
E51
ED6
2AD
FC8
B8F
DFE
F9D
FCA
069
01A
4EE
061
CF6
003
241
ECA
108
34B
1FC
F33
C44
FAD
FD3
D50
ED4
463
F21
E9E
EDF
025
FED
F37
298
523
0B9
D5D
299
E49
DBB
EFD
1B0
174
E71
D02
044
E98
B14
263
2FD
120
FDE
17F
045
027
CD7
2B9
3D2
E81
01E
180
DDD
BA8
EDE
FA1
1C9
E28
117
29D
DFF
C99
263
202
04A
2B5
161
215
CE9
D15
11E
110
CEC
1F7
1AE
D3D
DB5
D81
130
021
021
317
495
D46
EF7
194
F89
FA8
0D0
2E6
192
D03
C29
172
C46
DBB
2DA
2AD
F5A
F55
F87
10D
F62
E75
531
224
EE4
FA7
102
CC5
E28
ED9
29A
13F
C86
074
042
C4C
DD3
3B2
14F
239
022
199
0A9
C9A
EC2
3D5
02A
E15
223
EC1
E0F
B98
F69
1DC
0CE
EBC
402
164
C36
048
0FF
207
0A6
211
265
0C0
A34
ED0
0A3
D71
F67
1F9
08F
E7E
DAE
EFB
217
E0A
1DA
59A
198
E0E
08A
F69
F46
F16
034
407
E24
C9C
F4E
F6A
BB1
0E3
232
248
06E
E8E
1EA
025
D38
157
4DD
EFB
071
F49
EB7
D37
C82
04E
2FE
E75
E4B
357
D9C
DBE
F7F
302
245
0CC
0EB
369
DFC
B5E
1A7
09E
ED1
011
170
F13
DDB
B7A
158
174
EE6
2F8
454
EBD
DEA
089
046
1EF
EA7
329
254
CCB
BEB
0C6
DD8
D2E
173
14F
27A
D70
F0B
1AF
FE2
DD2
49B
376
F8C
F69
F0C
05B
D35
E40
21A
2B8
C30
073
F9A
D4A
E0E
159
309
239
FF5
0D2
30B
BC7
F24
295
1C1
F47
0EC
F27
F27
B86
D57
318
F6D
F6F
24B
214
CCC
F51
040
35A
151
FE6
38F
0D2
B82
DE3
144
E05
FCF
FCF
240
F6D
C14
F0E
299
ED9
0EB
55C
11C
FF4
E14
091
05D
EB0
F1D
4DB
F16
C05
FA4
E69
D75
EDE
1EA
30A
16E
D03
2AF
03B
D76
0E5
40B
15A
FE2
F4F
F6A
F42
A7D
08D
2D5
F33
E52
2A4
F0A
E3C
F51
114
4C1
024
175
3A6
FA6
AF9
10C
0D7
FAB
F4E
FC9
138
CE4
BA6
08E
298
E12
2C3
332
13C
E88
F0E
133
18C
ED8
209
3EC
CBC
D5D
EE4
EBD
E11
019
0CB
3CE
D73
DDC
231
F0A
F46
341
429
0BD
F9E
DF0
191
CFE
CDC
292
266
D8D
EB6
05A
D6D
E9D
EA2
473
294
F7D
0CA
323
CC8
E88
1F7
11A
124
E56
06C
F5D
BE5
C4A
2CD
F8E
F60
1F8
168
F6C
E0D
F9A
2C1
216
EDB
463
07C
C98
DC6
FDE
F63
F2C
F2A
25A
104
A93
F9F
124
F94
00B
47E
272
14A
DF2
F95
18D
D0B
FB0
374
09B
C55
FE8
DBE
EF2
DAB
0DF
41C
122
E03
227
106
C8D
182
219
2D8
F9F
F0D
FF9
F4A
A6E
F90
310
EAE
FF2
02E
005
DEC
E76
0A6
569
FC6
10C
364
F5B
CD6
EBF
0A2
02E
FD8
EEF
304
CBB
BF1
020
12B
E44
21F
31C
179
FBC
CB0
25A
0AF
E5B
16F
43E
D8C
D5D
E3C
E5F
F3D
DAA
254
318
E64
D84
2D2
E7E
F31
20D
387
2CD
F29
EB3
0AE
DE9
B5F
327
0AC
F1A
EEA
FB6
E7F
DA8
DFC
3BC
3BF
E69
24C
1FB
E23
D91
14F
0FA
1D9
E39
0AF
0B1
ADA
CE0
139
060
F22
290
0F4
193
CAD
F57
2D2
0AF
F30
44F
197
C82
E8B
E10
0AF
E62
F7E
278
161
B36
F90
0E0
E54
096
243
437
0B3
E67
FA3
1DC
BA0
035
3A9
FEA
DCE
E6D
EA4
E74
D1D
F04
5A1
FF2
F40
24B
0F5
D11
011
24B
2E1
0C7
E37
25C
DCB
B44
ED2
20F
E66
09D
048
0F6
EDF
C60
20A
3C4
FF8
0C2
4B9
EDB
E2F
DBD
045
098
E8B
011
2E3
D90
B57
0B2
EC7
FAF
0DC
36F
23D
01C
D31
29C
051
D75
300
26C
F42
D6E
F15
E3D
F08
C53
2BF
328
E67
F91
1DB
F06
E61
1A6
2E3
421
E21
0C7
112
C79
C03
19E
0E8
EF4
FF5
F1E
032
C4C
E76
2F3
2EC
EEF
39F
25A
EA9
E72
ED6
219
044
ECD
1BB
1BA
A5F
DBD
FC6
F89
FF6
0E7
28C
144
D79
F15
3A8
E79
0BD
3AE
253
E18
E22
DE9
007
D64
EA8
3B5
F7E
D4E
FBB
108
DFD
0C6
196
514
129
DC5
15B
00E
C63
F16
34C
EEE
FEF
DA9
032
E38
BF5
006
40E
03C
05C
3DA
F61
F42
E1F
1FF
2A2
023
EE2
303
DF6
B53
014
FAE
FA7
FBE
17B
16F
F84
B84
28A
1D4
F78
2B3
38F
027
D94
E30
F13
093
CBD
23E
210
D4E
C76
052
EEC
EE2
078
2C2
4A5
E2F
FBD
150
F0C
CBF
327
22C
017
ECA
E1C
005
C46
C83
287
375
E15
1BE
0AA
F84
DD9
02C
335
2BA
F0C
14E
22A
ACB
DAD
03B
06E
F07
07B
064
0E7
BB6
E2F
3CC
FE2
0F0
3A0
26A
EB7
EB4
E5A
2B5
E30
F11
384
024
BD5
E1B
FF3
DED
04C
FF9
48C
0D2
D84
088
1D1
E05
098
40F
0C3
01F
D0E
011
E7B
C41
EA4
481
FEB
E66
15D
F9C
F83
E6F
25E
393
14C
ED8
3C2
E17
BE3
FB8
149
087
F58
FBB
074
E3F
A60
23C
198
FD9
1E8
367
041
EE0
E6E
14C
279
DBD
23A
2AC
D65
BF5
F93
DF2
F84
F5F
197
35B
D7E
E73
217
065
EC9
3DF
23D
1C4
E1E
E3A
06F
DD0
CB8
22F
240
CD6
FE8
F21
F18
E07
017
395
373
E43
1A0
265
C7B
F0C
16D
232
F89
F58
F38
087
A33
DCA
303
026
040
1EE
1F6
EFC
E79
F4F
4C2
FC2
009
408
08A
BEF
DE2
F88
F2C
010
F6A
3A0
F1B
C76
F57
1FF
E09
1FD
3FD
26D
064
D12
0C0
FF9
DD8
01D
44F
E54
DC7
F45
E8C
E54
E58
1AB
3F0
0B7
E25
36A
ECD
E27
0D2
2E2
160
F1D
E2E
04D
DBA
A1F
231
158
F38
059
216
ED9
E86
DAA
2FB
3B0
EB2
372
27A
DD4
C6A
002
F03
0BF
E95
137
1C0
B5A
D12
161
004
EF6
3DB
1DD
287
DB4
F76
236
F07
E7E
38A
1E6
C39
EE3
D81
F09
DB1
F45
374
287
CC7
169
172
DD1
02F
246
3B7
0DA
F0E
FC4
0BC
A2A
EE7
2E4
02A
F0E
0B2
FF6
E18
D85
F51
562
FD6
0F8
3D6
07A
C9E
F1C
0BA
0AD
044
EBC
29A
CEC
B3C
EF7
165
E02
1C4
25A
1DD
F85
D2B
21D
15B
EDC
1CA
4C0
DD9
DFA
E6B
E9A
EC5
E1F
1BC
2FD
DE8
CD8
2A0
E34
FE9
17E
410
296
FAE
F0C
170
E09
C64
38B
0D8
F3E
F27
FF2
E4F
D9C
CE2
3DE
297
E5D
332
21F
E86
DD4
18E
177
21C
E2C
204
080
A7C
D75
121
FB9
EE2
20F
08F
131
C13
F9B
2DC
FED
FD2
489
1AC
D3A
F4C
E5A
0EE
D93
04B
290
037
AF2
068
FAE
DD2
139
21F
3C6
00A
E71
0C8
149
BC8
1A2
306
027
F02
E1E
F1D
D7D
C76
01E
4D8
DCF
08B
205
FA7
DEC
052
237
30F
06C
FAD
2E8
C69
BE6
027
110
E94
087
0CC
0D7
DA8
C7C
2E5
12F
F92
30F
442
E13
EDB
E2E
119
0A9
E70
2D4
12B
B8B
CF9
0D6
D23
03F
0AD
39E
1B1
DA7
FDB
25F
ED7
F15
52A
14F
030
DB9
F87
EC6
CBF
DA1
452
06F
D49
1EC
FB5
DD9
E52
254
375
22E
E7D
2F0
FCE
B98
FB9
217
070
F23
03D
F57
EBD
A73
0ED
2B3
F2D
101
3FC
031
DEC
FA8
074
333
E58
181
2E4
DA3
AC6
0BD
E9E
E62
084
15C
28C
D6E
D7C
1F4
111
DD0
411
31C
08D
F5B
E6C
03A
DE9
DC9
152
2F4
BBF
FAE
FB9
E36
E4E
0A3
38E
2C6
ED9
06A
2F0
BE1
F4A
23F
1D4
FE3
F71
F1E
F89
B40
D81
3F3
F08
FCC
1B1
196
DB7
EF6
FE3
3FA
0A5
FB5
3ED
FD5
BBC
E5E
090
E7E
06B
F88
2C4
EAE
BA0
07E
1B6
EA0
1C7
538
0B3
094
D4C
0ED
040
E14
0F0
49C
E2B
CCD
05A
D83
E8C
E1E
24D
2DC
F8A
EA2
376
E88
D91
2B1
2FB
20C
F11
FC2
FA0
DAE
B53
2E9
0D5
E66
07B
0E7
E8E
DA3
FA7
2B8
3B6
E67
3A6
206
CB5
DC8
124
FE3
008
FD6
0B5
106
A2C
E5B
151
F73
F89
40E
17E
02E
E6A
F47
2BE
EC5
0D2
41E
0CF
BBD
F3C
DEB
EC3
EA8
069
3A2
F13
CE1
0F8
14F
CC6
2AA
2A1
2F8
FDE
F14
0E9
F1A
BA7
07E
3A9
D86
F77
F9F
F45
C8E
E68
153
3E7
F3C
16D
3C8
D92
E14
0B8
25E
080
063
FF7
197
B58
B71
15B
FC0
F23
12B
26A
EC6
EDB
E1F
3A1
070
FD7
431
2A2
D15
E57
FB6
EB9
031
E30
366
098
BE0
E9F
15B
D53
01B
3B1
241
194
DE5
0D7
079
DFC
F4F
4D3
F9B
E59
FA3
DFE
E56
CA7
0B9
37C
033
E16
2FB
F16
DDD
0D5
284
2A6
016
FC8
184
EC4
A4F
15B
0DA
F10
FB1
0FA
F1E
D99
D42
1AE
357
E6B
3B2
366
F53
D3D
068
05E
0A8
EAD
10B
255
B57
D6E
07C
F07
EA6
2B2
247
1EC
D51
F2A
2F4
E78
013
43D
287
DBC
012
DCD
F73
CC8
EE4
354
085
CC4
054
05F
C72
0D6
1E3
42B
0EA
FF9
1BD
013
BA5
00A
313
F1C
028
EFE
029
CEB
C8E
F91
3B8
E9E
111
3D1
EF5
E18
F8E
286
1ED
098
00C
3CB
C0C
BAC
063
F3D
EF6
056
1AE
048
D7E
C96
385
F9C
F6A
384
3C6
F51
EDD
FA3
FD6
FD3
D03
3B9
0A6
CCD
E19
04B
D3E
EEC
1B9
329
2BD
DD0
1C4
160
E0A
F24
50A
121
FFA
ECE
F63
F03
B29
F35
30B
049
D85
2DF
ECE
E11
F36
174
3BE
0A0
08C
35C
F7D
B14
196
05F
FCF
F76
07E
FEA
D89
B63
0E6
277
DB9
386
2B4
07D
DC9
F70
07A
1D9
E75
275
387
B9A
D77
F36
EED
D72
0CD
1BB
2CD
CDD
E83
232
E4B
FB3
3B7
399
F66
052
E4E
110
C48
E70
386
067
D9F
FD6
FC3
C97
F08
FD6
4F1
14A
FF2
27B
172
C2C
05F
2B1
071
0FD
EB7
150
DE3
B2D
EF9
2F9
DEE
0C5
257
FD2
EE1
DCE
232
2A3
FE4
132
50A
D41
CAC
FCA
F5A
FBC
EEC
175
13F
D51
B60
2B0
F1A
F3D
2E3
349
162
EC5
F5C
159
FE0
CF3
4AB
133
D58
DF0
FA7
D78
E25
F4D
32D
281
CCF
1A9
118
DED
F33
4AD
243
174
E9A
002
015
A81
F88
2C4
019
D97
13F
E35
E7D
D0E
0B2
430
0A8
0E0
406
09F
C07
0A5
0D9
23E
F3B
0BE
1AD
D96
AD2
066
057
D9A
263
1B2
112
DD9
F0A
18C
20C
EC5
385
426
D58
EB2
E4D
F63
E2A
F8B
199
27A
B77
E3A
1B8
D75
F8C
25B
3DF
0D5
F4F
F0A
2D2
CB5
EF0
39D
09C
DFB
EC6
F53
D91
DD9
E09
505
065
EC3
285
0A7
CD1
048
2BF
27E
187
F04
30A
DF7
B38
F85
22B
E42
005
08D
FD2
E6A
BFF
230
29A
FDA
1B6
4DA
E76
E67
F5A
06E
108
EC7
242
1AA
CAE
B7F
166
DF1
F54
190
2A6
1D4
DE3
F43
248
05B
E58
55C
1D1
EF4
E17
F10
EB8
D40
ECB
314
143
C17
0DB
F0B
E4A
F14
2D7
303
1F4
EB3
1A0
113
B40
091
2B3
0E2
EAF
FE1
E32
E75
B14
0A8
416
ECD
077
1F8
040
D75
0AB
15A
334
F42
0D7
2D8
D1B
B97
018
0CF
E1E
0B0
019
182
C40
D7C
27D
12F
F19
3F7
3CE
E5A
F92
E6A
213
EEC
F19
296
182
B27
DA6
019
D75
045
0DE
39F
092
E54
F86
306
D19
074
499
1DF
FEB
DBE
F9F
E83
CB7
E5F
49D
DF9
DB6
079
F85
DF2
F47
28E
397
169
E5C
3DE
E63
C80
0C5
291
018
FB4
F7D
F52
D5C
AB5
230
16A
EFB
139
2AE
F24
EDE
F2E
1E4
2C7
E72
367
1C2
C95
C8F
0C2
EE5
FB4
FBB
170
141
B52
EBE
1FB
F9E
F95
535
1E5
06A
DF8
F84
165
E54
F39
37D
02A
B12
FE6
DD1
F29
E7A
12C
341
058
DA8
1BE
0D1
C7F
304
2E3
2A5
F04
EE5
024
E36
B4C
11D
38A
D7F
FB4
F25
F2A
DA6
F25
254
4A4
EA9
171
35F
D21
E70
0E8
1D5
FE2
FAA
F41
133
A9D
D25
277
083
FBF
1CC
1AE
EF6
EE5
EEF
44E
FF2
019
3ED
0ED
C2C
DE0
FAE
F06
F96
EE8
335
F52
B8B
F6B
176
E42
1C3
393
20C
0AE
CFE
13A
01C
E4A
054
44A
DFE
D23
EAE
DC1
E5C
D9B
240
385
F5E
E4C
2DA
E66
E7C
1DE
350
295
F06
F58
04B
DBC
B8F
323
0C3
F0B
F89
FC5
F25
D61
EDE
377
326
EAA
40E
153
DA7
E13
168
196
096
E9B
133
005
94F
F35
0F6
FA2
F71
267
074
F83
D62
07C
41F
E98
20E
373
FF9
CA7
EE2
E95
06F
DA5
0BA
35B
DA2
C95
098
06F
E6F
27A
29B
336
E67
E02
1E6
F86
DED
27C
398
D54
EDB
D79
F4C
D7B
DD6
2FF
294
D81
038
1E3
DDB
FE5
149
46B
158
F19
01B
0A5
BAB
DDB
341
FD3
FEA
EB1
FD5
DAA
CCF
EE5
50A
05D
FC8
3F8
00A
E8F
E0C
0C6
1CC
068
E59
353
D62
AC2
F7B
033
FDF
FFD
1D9
0E0
F27
B96
35C
1B0
FA0
23B
366
F14
DC9
E97
03C
06F
CBD
29F
1E3
CD4
CAB
087
E60
FB4
15B
2D9
365
D3D
FBB
1AC
F43
E59
41B
18F
F6E
E48
DFE
FDE
C3F
F44
333
125
D09
169
FD2
F1B
FDB
1CF
49C
0F7
EBF
11A
04E
ADC
10E
0DF
0BA
F36
EE1
032
E58
BBC
0BA
49C
EAA
1E4
230
05D
DFB
F3D
1ED
314
EF9
01D
2AD
B74
C9A
F6A
0C8
F1F
0BC
0AA
183
C4C
D1C
360
03D
0BD
31A
39C
F02
EA9
D4A
1E5
F04
E1B
343
FFB
C56
DD9
051
E3C
0BB
FFA
484
0A5
D49
0AA
1D8
DC9
058
438
08B
FD8
CC2
FDA
EE3
C86
02A
42A
F10
E14
0CF
E89
F96
E95
38A
413
07A
F1C
2D9
E01
CA7
15F
1CB
149
E35
F60
FF2
D6C
ADA
304
1D0
FCE
1F6
154
FA7
DC1
FBB
2F2
335
E46
331
0A6
C02
D0A
FC1
FFC
FCC
F4B
08C
135
AC3
F46
2AF
0BB
0EC
353
249
F3F
D78
F3A
336
D80
036
2D4
F82
B65
EE3
ED3
F80
F7B
0D0
511
E90
E10
13A
181
E31
256
30E
16C
F34
CF9
128
E4A
CEC
0E4
370
DC1
F46
E4F
FAE
F2E
ECB
411
3B5
F49
FD7
2CB
CA0
EF6
109
278
0DC
E0E
EF7
022
BCC
C7C
37B
06C
058
FF1
157
F41
E81
F9D
49A
132
EFB
3A7
F6C
D51
DD0
0C9
02E
05F
E40
252
E93
AF8
0A8
1D3
094
03C
318
0FA
F60
C46
1E5
25C
E1B
18E
2AF
E1C
BAC
ED4
E95
100
DCB
20B
311
DBE
DB7
213
084
F44
2F2
259
31C
D16
E8D
121
E90
D2D
30B
1C2
D07
E9A
DE4
051
D6D
F69
413
2EC
D35
15A
10C
E33
099
174
3A7
028
DEA
F51
FB4
A6E
F70
2E2
FA5
F78
ED3
0A5
EA8
E46
0A7
5EE
FB6
127
259
F31
D61
E9E
0D6
1EC
F3F
DE1
277
C15
B90
019
234
017
14F
1D5
155
EC5
CAF
41B
17E
F7C
223
2D1
D62
D27
DD2
011
048
D46
34E
140
C94
DA7
211
F5C
0E1
20D
393
20A
C07
FF5
24F
EE0
E8B
419
F95
E88
D20
E98
00C
DA2
FC4
41E
0F3
CF3
1DB
F7D
FC5
008
29F
344
030
D93
0D9
FEC
B5C
0FD
13F
061
E26
F0B
F38
F2A
CB9
2D3
4E9
EC1
140
192
F38
DA5
011
1EB
2F7
D5E
FA1
17E
B65
CFA
074
175
F84
08C
004
206
CF7
EB5
3F3
1AD
03A
27F
1AB
D53
E5E
DE2
286
F95
E3F
1F2
02C
AEB
E58
0F7
F99
182
0AB
410
014
CDA
01D
328
E87
142
36C
FF9
DDD
BB2
FD7
FB9
DA0
F9B
45A
DDE
D41
06C
FDF
082
02C
33D
3DB
FAB
CF5
276
E8D
D9C
16E
234
00C
DB9
E50
F50
E9C
C4C
443
2D3
F83
FCB
178
F7D
F44
0AC
3B3
392
C72
067
FDF
C1C
D38
1E5
0F0
01F
ED0
F1F
105
B16
F90
40A
209
F7E
339
023
EE2
D9D
F54
3D7
F60
EBF
1B6
F8F
9BB
F76
022
12F
047
09D
32C
F41
C4E
15D
3EF
F1A
273
1E4
0A1
D0A
D06
040
0CB
D7D
087
397
BEE
DC0
ED1
07A
01A
0A8
263
431
DFC
D2E
31A
EFE
00A
118
2A7
FCE
D33
CBF
0F4
DEB
DB3
3AB
14D
E82
EA4
12A
F4E
061
FF0
541
20A
D7A
073
069
D2B
EBC
26E
07B
054
C5B
FEB
F33
C03
FBE
4E0
0F1
F85
214
F93
062
D60
24F
3D8
014
E54
23E
DC1
B47
F8D
02D
19E
EBB
F86
1A1
EEA
BFD
2D7
325
048
20B
1F2
0B5
D50
E03
167
289
D24
1DE
0AA
C7B
C66
EF1
09E
08C
08F
1D1
3E3
C1E
F5A
27D
0D7
027
276
22E
FF7
D95
CA4
262
D67
E95
2FA
118
C54
EAC
F69
046
08B
054
59F
13A
DB1
02B
1AC
D1F
0E1
215
1B2
F7C
BE8
022
EB8
C76
FD8
4C7
F95
F9F
FC7
017
014
E43
30C
50D
03A
E1C
286
D87
D4B
F20
18E
120
E9C
DDE
074
D5C
B4E
3F9
1FE
13F
073
198
02B
E99
DA1
3B8
2FF
DAB
22C
012
CB9
C05
F65
049
13A
DF5
1D9
182
BA2
F50
2CB
22F
082
36B
14D
0EF
C3B
F1B
27D
EBA
FB3
292
04D
BED
E5A
E55
141
EF8
0D3
411
102
C5E
0CF
1FD
EE2
1FC
1EE
2DB
E43
CAB
F4C
0A6
BEF
0D0
36D
E58
E41
DDF
09A
F49
FA1
200
59D
E3E
EE5
1B2
EC0
ED2
01C
283
149
E79
C47
19D
CBB
C87
292
266
F91
FAC
090
009
F92
DB8
59F
297
F2E
0CE
14A
D3C
D3F
FCC
19E
12A
CD1
0F3
FC6
C02
DD0
36A
109
113
130
13F
160
CDE
039
39B
052
E75
3C1
EAF
CA4
D25
EEC
160
F11
FBA
28C
00E
B59
18D
189
13E
172
258
28D
F15
C61
058
1D5
CA9
1CD
186
EC4
CC0
DE9
F3A
0AD
EA1
165
4CE
D8F
EDA
134
0F6
F60
206
212
2DF
D2D
CBF
146
D06
DBB
1C0
26A
DAB
F1C
D84
0E7
E9C
E87
515
2F5
E95
FE2
1E6
D78
FFC
FD1
3AC
0C2
C9C
F35
014
B82
DB7
3A9
FF6
11A
F3E
0D1
041
D97
071
5C5
142
F87
27E
F4B
D96
CFF
079
1F6
FEF
D21
250
E75
AFD
021
16B
111
0F0
1E8
1C8
078
B5B
249
327
EFD
170
275
F28
C50
DB5
F12
1CF
D2E
1A9
2BD
DEE
C5D
190
128
0D8
211
20E
3F8
D1D
DFA
11A
FF5
D24
2A3
150
E57
D6A
C8A
0C4
EB4
F1A
2F1
3A3
CC2
088
0CA
FB1
040
0FD
415
1D9
D2A
DD6
1CD
BEB
ECD
1B7
161
EE2
D84
EFF
082
DE2
F26
64B
0F6
F66
170
118
E2A
F0F
087
36B
06E
C59
173
E11
BB8
EAF
29B
06A
09F
F77
1A1
02D
C26
292
3BE
0B6
014
322
EE2
E94
CCF
0EE
1F6
DD1
F89
1F3
DF8
AFC
110
09D
191
0A9
245
283
E97
D26
2CB
228
E90
2A5
11A
F77
C95
D2B
064
058
D39
200
2AC
CE5
EA7
FAF
15B
063
21C
2BB
3E5
C41
E73
253
DEB
EC4
1EA
1E4
DF2
D6C
C4E
1BB
D2C
F2B
44A
14F
E62
072
0F9
F73
026
077
518
06F
D16
FD8
FFE
B84
F1C
203
10B
FD3
CB2
111
F5B
D85
071
620
0A4
071
1B3
FA0
F58
D97
17D
332
FDF
D15
1E9
CB0
BB8
EB3
101
11C
FA5
047
21E
F43
BBF
37A
304
0D8
157
267
F85
DC5
D27
0DA
213
CF9
131
188
CEC
BCE
0E3
063
18F
028
26B
3A7
D19
E80
21B
16E
F13
29F
0FC
FE9
C28
D20
0CA
E61
E1C
2A2
240
C2E
FAD
F27
0EC
036
130
428
29E
CD1
FAB
234
C95
002
13F
24A
E8C
CF0
DFB
0B0
CA5
EE9
522
0BF
FAE
FCE
08D
F27
FF1
0C2
5AC
028
D2D
186
EBF
C37
EC9
217
07F
03A
C61
177
ECD
BBA
149
456
0FC
0D2
202
F97
FB4
D06
285
320
EAF
EE2
25F
D10
C3D
F79
FAB
220
EAA
0D9
1C7
E5D
C10
374
1C0
055
212
1EB
0EF
D02
D6A
0F7
169
D1F
249
108
CF0
CE3
EA1
041
04F
03F
2CD
3E1
C36
F45
211
037
FCD
252
212
FFE
CCD
CE6
198
CC6
E5E
2AE
158
C9A
EC1
F5E
0C6
01F
047
5D7
1FC
E19
050
1A4
D0A
FFA
11A
23D
FB1
C0D
F6A
F70
BC3
F14
415
01C
0AA
FA6
09C
F7E
E6D
16F
5B4
075
E48
290
DD7
CE4
DE6
1A9
135
F83
D66
18C
E88
AFF
22A
281
137
0DB
22A
077
017
CB1
310
33E
E62
06E
1B1
E02
BC0
E9A
F2F
1DD
E02
14E
2B4
D8D
D08
286
1AB
020
264
1DE
248
C9D
CF1
138
0A5
D01
274
160
D1C
D91
DB4
149
F48
F5E
2E3
472
CE6
F51
1D9
F51
078
1AE
32F
0BE
D4F
D5D
19E
BEA
EAA
252
197
EB9
E6F
EF4
FE5
F4D
F81
60E
1C8
F06
0A0
135
D23
F7B
052
283
106
C5B
04F
E86
B89
EDE
3CD
025
0B9
F26
117
063
D26
143
4AC
108
EC3
3A2
E5E
D77
CE2
0A0
236
E85
E72
1B3
E6E
AF0
12C
107
164
0F0
226
23B
FF3
C95
15F
31B
E47
214
238
F50
BEC
E15
F3A
166
D85
144
3A6
D89
DA1
08E
15D
025
267
205
422
D84
D5F
177
F66
D94
1AF
283
E5A
E60
C6D
0A5
E5B
EA0
2DC
40D
DC9
FE7
18D
F3D
028
02E
480
1A8
DB6
E18
0BD
BF8
DFC
1DA
10C
043
DE9
F30
035
DE4
E65
5C8
1EF
FD3
11E
0FF
EC1
E66
031
2E8
12B
C8B
175
F13
B69
D4F
1A3
0D9
0B7
FBB
140
111
BA2
0D8
420
16B
01E
3B9
FF4
E86
CD2
F20
29F
E47
F1B
218
F57
A5C
FEE
FF1
1A0
058
1A3
3A4
FD5
CA7
152
2D0
E02
236
1D3
108
D2B
C92
EB1
0AA
CC0
0EA
403
E09
DEB
F4B
0DC
FFE
0F2
223
53A
EA2
E54
21F
EA8
DF8
0FF
208
020
E7E
C93
0F3
DB7
CD6
2EB
3D8
F59
00C
108
F80
003
E36
417
312
ECA
ECF
199
C08
CD0
0A3
0CB
15C
DAF
01A
094
D86
CD9
49A
1DD
032
1AA
129
08D
D83
F0E
248
204
D37
29C
FD5
C3A
C85
F92
0EF
08A
EDB
1C5
255
B3D
FBE
286
125
07F
328
159
037
C69
E7A
26F
DA5
F48
28C
0BC
BF0
E99
E63
0FC
F7D
061
536
0EF
D09
081
22C
E3D
153
162
31E
F08
C93
F6B
F84
BE8
FD2
3D0
F42
F50
E53
058
F5B
ED8
166
622
014
EFA
1F7
E7E
E50
EB4
212
186
F1F
C69
174
D92
ADB
146
271
0B3
049
0E1
097
F8C
C7B
3BD
3C7
F9C
099
265
DE7
C5E
E74
045
288
D75
09E
187
D7A
C26
253
11C
122
1DD
245
28A
D31
DED
229
155
D77
2C6
0D4
E2D
CB2
DA3
0B8
F70
E5B
273
3E5
C87
FA6
0D2
057
057
1FA
392
1E8
D32
DF6
207
C65
EB4
18D
223
E01
DDC
DA3
08B
E2E
E88
519
293
F10
02C
1EC
E8F
057
05D
446
0D7
CA1
02B
02F
B73
DAA
223
04D
0B1
D88
11A
03B
CF2
F35
521
18C
029
307
FA3
EF0
CB6
08F
25B
039
D45
282
E46
BAD
EEA
053
180
015
098
297
0E9
BA5
212
277
043
177
29C
066
DFF
CDA
EF3
201
C45
0B9
293
E67
C12
F99
FC4
09C
0F4
1E2
58E
E3C
DCD
100
148
D93
1AE
1E1
1E0
DB2
BB0
055
E4A
C8D
1D6
40C
E3D
FE8
EAB
0CA
F93
F53
33A
486
E7F
EF6
1D9
CE6
DBF
F78
1C6
081
E82
DFC
0E5
CEA
D05
33B
274
121
09E
1D7
042
F05
D73
481
1DB
E22
0FC
08B
C83
CA2
F56
02D
1EA
D7E
22B
160
D07
E15
2D2
148
104
285
17F
1E0
C09
EED
214
FE2
D7C
2CE
04E
CFF
D76
DE8
16F
F10
08A
3AC
28D
BF1
120
05D
041
0BB
21F
390
06F
C50
E54
12E
BCE
F55
1B6
109
E42
DD2
F1E
0CB
DF8
0A5
66A
0CB
F4B
0BB
0E5
E4E
F54
001
3CA
FA5
CCE
096
E54
BB6
EDB
2AD
092
106
EBD
215
FBF
C98
1A9
4C0
00E
FFB
28F
EC4
ECD
C11
089
218
E88
F25
2A1
D5E
BAE
FC7
055
20D
FFB
1E3
2EB
FB1
BAA
2DB
1A3
EED
18A
1BE
02B
CE0
CEB
FA7
16B
C2D
292
2C4
E5B
D6F
FF8
117
117
066
263
4D6
D50
EDA
0DE
F4C
D11
166
146
112
CC7
CFA
141
D6F
DF1
2D6
419
F02
0DC
FFC
11B
F00
ECA
477
2DA
E0F
F48
155
C03
E4A
E8E
214
0A5
E1C
F7B
198
C8F
DAA
419
189
237
08B
215
044
D95
D98
3CE
00C
E21
201
F4E
D0C
C53
F2E
109
0F2
E4A
43A
11A
C78
F55
24A
0F1
0F8
215
1D8
0C4
AA3
F44
086
E19
E8A
2DE
F9E
E2A
DDF
EF1
1C0
E27
0E2
4D6
24E
D3D
17B
00E
F9A
FA4
0C1
3A9
F0E
C95
F7D
FDC
A75
07C
1FF
198
FCE
F12
0D9
0DE
D4D
182
64C
FDD
031
047
FB9
D67
DE6
00F
3B0
E87
DC4
1EC
D88
CA1
F2F
291
19B
15D
03C
380
EAF
C81
257
29E
FC3
09F
1D0
F20
DDC
AE2
0F7
0E5
DED
066
350
D87
D53
00E
0EF
2B5
FBA
361
413
EA0
C4E
234
EC5
EEC
0E9
0E2
12E
C6D
C89
056
FB7
C99
405
2B9
FE5
F43
003
0D2
FAB
EDF
371
3E2
CEC
FAA
F87
E1C
D1B
FB1
140
1B8
D36
EBE
1E6
C50
E7C
2EE
3AD
054
17A
FF9
197
D12
E16
405
0E9
E40
07B
080
C04
D2D
D9B
32E
0C1
E9A
253
1E1
CC0
F01
2CE
126
226
01E
313
0A2
BCA
D69
21A
E27
F21
1CE
FE8
EC2
BA4
FE0
1B5
FA0
F51
5D2
108
E2E
F94
02B
0CD
F47
0D1
346
0BD
A8D
05F
F1F
D24
F15
266
1B4
F7F
D68
07B
197
CB4
260
468
1A8
F05
0DB
F57
F07
CFF
056
406
DFB
DF7
09F
F0D
B69
FFA
0AC
3BA
F85
031
275
F8C
C3C
192
37F
FE6
114
F96
0B9
D18
B87
FC2
24F
D72
0DA
2B9
E17
DF8
DF5
1D3
223
0AA
1BA
548
D56
D50
108
003
F8C
FC8
1C4
0FC
D21
AF3
1DF
EBF
E3B
22C
371
05F
F61
F3F
18A
0E4
DE7
4B1
2D8
E9C
E14
FD5
D7E
E67
E71
231
26C
C80
F64
0EC
E30
D77
376
25E
2E6
F84
0A6
1AF
D8C
DF5
325
1FB
DA0
0F1
EB5
F21
B7B
E02
24A
1A8
DF5
256
1FD
CEB
FB0
0B5
360
13E
083
1A3
1E5
A7A
E56
15D
EBD
F89
02C
15F
F45
C47
D60
368
E99
08B
3CF
1FA
E98
EB4
07A
0D6
FAC
F74
525
F25
C47
E2B
FCD
D4A
FC0
119
2A2
0C9
C0D
167
0B3
E0A
0C7
501
0F3
0A7
F1F
FB8
F94
C04
054
357
F6C
D1A
0CC
DDB
DEF
D30
1CF
3CF
06A
FAA
2D5
FB4
C0E
1BE
1B2
24D
FF6
01D
0C0
E0F
A35
086
187
E44
0C8
110
014
DAB
DE6
121
441
E90
2D3
3EF
EB4
D23
E83
080
FE8
F33
00F
2CA
C13
C9A
02A
F99
EA4
22D
2E1
2D8
F56
DCF
303
F2F
EA5
318
37A
DFD
EAC
DCE
F52
E49
C93
2F1
1D9
D59
E74
1DB
D41
F43
077
3E7
2A8
EF9
016
1FE
CE9
D46
2D2
089
06C
E31
F70
EE5
C90
CEA
3B1
125
EFC
2A5
100
FAD
DE0
07E
325
2A4
EC9
3B2
0BC
B9E
DD4
F97
06D
F92
FAB
108
14E
A39
F99
241
03D
04E
424
22D
040
E1B
ECF
2D2
D8F
005
357
084
BEE
ED1
DF4
F58
E3C
F9B
4C3
067
E06
0F6
185
DAB
163
243
42E
07C
E32
12E
F9F
B38
EC3
3CA
F20
FE5
E83
02B
E86
D33
0FC
57A
FD2
046
3AC
F20
EC6
E76
234
241
FC8
E74
2EF
CDA
AD8
03E
078
0A9
FB8
138
185
F50
B8D
2E5
1C2
FCF
229
3B0
FF7
E1F
D5C
04E
12C
CBC
1FD
1F4
DA9
C90
FC5
F08
03A
FE6
2E6
474
DCA
EC5
176
02D
DEE
2F4
1A2
191
D1F
D2A
0FB
D40
CA8
258
2AE
E0E
0D5
EFB
0F7
E6E
F49
46A
3F4
E94
115
1B7
CD4
E6C
F42
214
03C
E41
F64
16D
A94
DE1
25E
08D
0DA
10E
23E
045
D91
E2B
407
022
FD9
2BE
070
D96
CD4
E60
06D
FCA
D93
407
009
C98
EAE
122
FD1
14B
1EA
40A
1B6
BB8
0E9
043
DBF
EA8
2F2
093
EE7
C7A
F50
040
C8A
0B9
442
144
E5F
167
F5D
08C
E63
1C2
482
FE1
D92
0FD
E91
B4D
F5C
01B
20B
F1F
EAB
0D6
F7A
B85
202
3AF
0AE
215
0E2
198
E55
CCE
071
33A
D2A
0C6
1B0
DAA
C19
DAB
069
121
FCB
100
4EF
D9E
DE2
184
131
044
12C
1FC
231
DAC
B0D
1C2
E8C
DBD
0D2
288
ED0
E60
D6C
120
01A
DC6
485
40C
F8E
F4A
18D
E9F
F7D
E95
333
1D2
C72
E39
053
CC1
CD5
1E1
14E
209
E3B
139
1E9
DD0
E30
4EB
244
00E
1C5
FE4
F64
C23
E15
18A
0C3
CA2
241
FDE
CAC
DD2
FEC
2CA
170
0C8
2D8
258
B44
056
1C5
009
FD6
10B
0E6
F08
B90
D95
1FB
CAD
069
2FA
182
E32
EF4
040
1E8
F60
0CF
5C9
FB5
E20
F53
01C
CC7
F27
F38
384
EFC
CBD
0CD
F38
CED
07E
3C5
1EB
175
EAA
264
F56
CCA
0EA
401
F60
F83
099
E13
DD8
B8D
152
254
F61
F2A
37A
E39
D41
0BD
1D1
3B5
FAF
186
270
E41
AC8
19B
F67
EFC
01F
119
011
CE2
C63
14F
1A5
D72
3B4
2FC
049
EAA
FCE
0BF
0B7
E9A
27C
2C7
BCB
DE8
F40
EA7
D9F
052
1E1
312
CD8
EF3
273
E0B
FD1
335
36C
070
FEB
EDF
17E
C8A
D9F
35C
0E4
DE6
FF8
FAC
D44
E3B
E73
50B
12F
FA9
27D
1FC
CC9
F38
173
1A9
11A
E6C
24F
F1B
AFD
D46
2A7
E68
01D
187
0E5
F80
CA3
049
304
085
002
57C
022
E68
DC5
F6E
006
E86
F96
332
F74
A77
0CB
EB2
F1D
052
2A7
3B6
12C
D9A
1DC
12C
CCC
21D
300
1B8
E7C
ED0
EA1
F96
A87
120
37F
E3C
ED5
11C
FAB
E5E
FBD
19B
51B
E48
0B3
257
E3E
BE9
099
132
013
FAF
EA0
1D2
BAD
BE7
178
25A
EFD
2AA
255
02C
E77
DD2
314
181
F58
1BD
306
BE4
D93
DF1
009
F33
E87
23F
232
CB7
DDF
26A
E9A
145
1F1
3BE
157
DC6
E51
1A7
D83
E08
3D3
093
EE9
D2D
ECA
F1B
DEA
DE1
4F8
1A2
E94
13F
08C
F6E
EA6
159
311
24D
CEE
1D1
EF0
B26
E20
197
0CF
006
FE0
033
0B3
B41
145
449
145
0B5
329
024
EAA
D47
F76
2DE
DD1
FF1
22B
F01
AD8
F62
F62
0F6
FD8
0AE
4B5
F09
D6C
12B
1BA
E30
234
1FE
231
D88
C03
FF6
F0F
C58
0E6
405
E48
F59
E8A
06A
F48
F33
30E
53D
EFD
F65
21C
E1C
EC0
EB8
252
15A
E49
D65
16D
C6A
CD5
1A5
22F
16E
031
151
135
F37
D33
4E2
1F3
FC6
179
125
E32
CD5
DD5
111
113
CCC
2E9
095
D7D
D7E
14E
0FB
1BE
115
37A
2DE
BE6
F86
0F4
F4F
E54
28C
022
FEF
B2E
E10
16B
D7D
F75
434
25F
DA6
0C5
F97
13C
F04
0CC
497
11F
CD8
034
F6D
C04
F0B
077
326
F1D
DBD
0C1
028
BF0
19B
3EF
16B
16C
FF9
1BE
E9A
C91
04D
458
DE7
F79
0B4
DF2
CD8
D0F
127
250
FDA
FF2
4FB
DCC
DD2
0CC
201
074
0E6
17B
247
DE1
A6C
1F4
F13
E3F
069
20D
F77
E15
D3B
1AA
11E
E90
4AF
3B9
FA5
E70
10B
EDB
049
DE2
328
1E0
C4E
DDE
FED
D15
DEC
203
22B
2C0
D9B
08C
209
E15
ED8
495
2A6
FA0
093
EFB
F8D
BAD
E3D
2AD
0D0
D0B
1C9
023
D35
E88
FCB
415
127
059
28A
1A9
B20
FB3
10E
0BC
FDC
FDA
128
E4A
AE5
DD2
332
DDA
164
2BA
1BC
EF6
ED8
0C1
288
F56
0EB
547
EBC
D6A
EA5
F4B
E13
F38
037
391
E71
C2A
195
F5D
E81
189
434
1E8
0AA
DB8
21E
EFC
CBB
22E
316
EC7
DC9
F6A
DD8
E8C
C24
2CE
31D
F11
055
253
E2D
E69
16C
25E
31C
EC9
0E0
12E
C34
B25
1A5
FD9
F52
070
04F
0A5
BFD
E92
2BC
207
F25
51C
1C3
F37
E36
FB4
197
FEE
E9F
261
146
A0B
ECB
F13
F12
F58
0F7
333
187
CBB
025
346
DFD
188
32E
2E7
F3B
DD5
E5B
04B
BFB
EE8
458
F78
E19
F36
FF4
DB8
FDA
126
602
08C
F21
268
FA6
D3A
F31
216
10A
00E
D83
1CC
CC0
B3A
087
2FB
F0B
0D5
230
039
FA9
CD1
2BE
277
F5C
089
3A1
D1B
CF4
E60
F68
0A2
DCF
158
263
D7B
C58
24E
FB4
0E7
1D3
344
32A
E0F
DF7
216
F79
CF9
38E
0F2
EDC
CEC
DFF
FA8
E15
E05
3D1
305
DAC
15A
0C3
FB4
ECC
1C6
350
29B
C6C
00D
050
B0C
E73
14E
1EB
F26
F34
F98
0EC
BA0
05A
4C8
192
07E
280
0B4
DDE
E55
EF3
3E1
E4E
ED2
1A6
F0C
A99
E9C
06B
0D6
11E
FE0
444
F59
C91
0C9
2B6
F24
1C9
277
0BB
EB7
B6E
099
FB0
D81
004
3AE
DFF
E73
F10
043
08E
F35
322
4AA
F7A
D80
256
DC5
F26
FF2
20C
185
DBF
CFB
0CC
D89
BD1
36F
211
0A4
02B
0C6
08C
F82
E1A
46F
2EC
E14
14E
FC5
DB5
C56
F2E
15B
170
D8F
1B3
11B
B93
E8C
24E
28D
0C0
1D9
12F
1D8
B38
F54
2AC
F71
EF9
1F6
FED
CF8
CDC
E07
2C3
E58
0D2
4A4
110
D25
0D2
046
0B9
07E
0D8
470
EFE
BEA
F27
051
C0E
07F
1D2
0E0
EFC
D84
0EA
018
DF8
1D8
5C7
FE2
0A6
F41
022
E8C
DE5
138
331
DD2
D23
181
CB3
D56
F65
2A2
212
01A
F9F
321
E43
D26
3A0
20F
0EA
046
12C
EF3
CBF
BBD
2ED
09B
DC3
1DB
0F5
DF6
D44
059
1B1
335
F71
440
2AB
CBF
E57
15C
F07
F75
0E2
0E9
128
A90
DFC
107
F00
F25
427
189
F86
EF3
F7C
256
E21
12D
4CE
0E8
BF0
077
E8A
D79
E32
F70
33B
EE0
DB1
0D1
05F
C0A
215
32D
286
0A9
F4C
0E5
ECD
C1B
03B
3CF
DBE
010
F8C
ED8
C9C
DA0
0FB
3EE
F0E
08F
433
DF4
E47
080
292
191
0B7
01F
222
C8E
B96
185
FDA
F19
056
20B
F2E
E6B
DBC
346
0B3
FC0
411
313
E7E
DD7
045
F69
041
DEE
317
05F
BEE
D94
0E4
DF2
F21
2B1
2B6
267
D0A
0E8
11D
E3E
F69
48B
0DD
EB1
F2A
E01
F2C
BE4
F9D
33C
0E3
D1E
1D4
F6A
DD6
FF9
268
4AC
0C7
F4F
1ED
03E
A42
10C
11A
01C
F68
01F
FD4
D91
BB8
02D
3BC
E3B
2BF
2DA
07C
D89
FA5
0F3
28C
F1E
106
35F
C21
C4F
F30
FEE
E80
0E5
147
267
CC1
D42
305
02F
FBE
35C
428
FD3
F2F
D78
1A0
E52
D58
341
1C8
CF3
E0D
FC8
D78
011
F8D
44D
1DF
E73
03C
29D
D03
F36
3D6
0F3
0F9
D78
FFA
E99
C66
D3D
477
F74
F22
0BC
F94
FAA
DD1
16D
3BB
217
E9A
450
EF6
C4F
F0E
0F8
0C2
EC4
F43
0DF
EF9
A44
1D5
1AF
049
150
304
0E7
F35
DB1
12A
2F5
DC2
21D
238
E86
C6D
EFD
E4F
021
E9B
17F
42E
D41
E28
1A0
05A
EC1
373
2B1
2AF
DFD
DC8
1E8
DE1
D70
2A1
222
CB8
F27
DDB
073
DB0
F42
467
307
EA1
166
265
D9B
003
0AE
37D
07C
E06
F36
02A
A88
E4D
2BB
FB0
08A
FD9
153
F95
E19
F94
549
06C
09C
352
FC7
D3B
D40
055
0CF
FE7
DEA
347
D66
BB8
FC1
137
0A0
148
2CF
23C
FF3
BAE
2D2
0CF
E6A
0D9
3B4
E17
D20
D4A
EE7
04C
D04
29D
305
EBC
E0C
1FF
F55
058
12A
34A
3C9
DA3
EE2
12B
E4B
C0D
2A4
095
FFC
DF7
E77
022
DA5
E6C
46D
3A2
E0E
25E
077
F3A
E1A
063
2F0
113
DA4
0D0
054
A7C
E5A
0C1
146
025
06E
0EF
0E4
BC7
FF5
4AD
03B
129
263
07D
D25
D9B
E56
28F
DEE
F0E
2EE
E8C
BFF
F72
14B
02A
20C
0CF
476
ED9
CBB
1A8
17C
DD7
124
2B6
EF1
E9E
B52
01C
EA5
DBB
1F5
4A6
E43
F11
101
FBC
036
F70
41A
310
E26
D50
20A
C6D
D75
0CF
0D0
08F
D4D
EE0
094
DF0
DC1
525
1F4
00F
10E
081
F3F
E0C
F95
31B
173
C3B
139
F2A
BBB
D58
0E0
16B
11C
FE0
1CB
125
BD4
137
313
142
FF5
301
00D
ECB
C0F
EC2
274
D60
033
32B
F80
BC8
FE7
F9B
1CE
081
21C
494
EC4
CFA
0CF
1A3
D1A
186
080
14E
CB9
C55
FF8
F74
D46
262
467
EA2
03D
F91
17E
F4C
05A
2DC
45E
D7D
E50
15B
C62
D88
01E
21D
046
E1D
E4B
157
CF0
E40
477
243
091
10C
142
EC1
E58
E3B
4B3
FC0
D96
12F
F2E
BB7
D4E
0F4
172
206
EC6
396
056
C8D
02C
3FA
FFE
0E4
244
00E
ED8
A99
FD7
110
E4D
F51
395
E9B
D08
F31
04C
243
FB4
2BC
439
FBF
C64
1E0
EE0
E8E
10A
14E
0E0
D01
C23
05A
014
C51
3BF
312
F8E
F56
012
0B1
FF9
F60
381
407
C36
F4E
FC0
D4E
D07
0AE
1A2
13A
DC5
F38
1FA
C58
F7A
3F7
325
FFE
1D8
FC8
041
D77
E8E
39F
F5E
DC4
109
F8E
B1E
E74
017
329
146
FE9
2FD
0A4
C9C
FE0
3F2
FAC
1F6
059
146
DD7
BB3
F33
168
DF3
FA4
406
E41
DFD
E91
12B
184
0E8
1C2
529
EE5
C96
152
F18
EA1
004
223
04B
D9B
BC7
137
F25
D7F
373
3A5
01A
EEC
046
035
0AF
E64
419
274
D63
E6C
070
D27
D03
0AB
179
247
D13
05A
118
D9F
F04
4EE
26C
026
14A
F98
04F
C1F
F45
2A4
074
C28
18E
EC8
B92
EA9
025
30B
0BA
08B
2A4
12D
B23
162
28D
001
103
11D
02B
D19
BD2
F0D
28B
D13
111
2E8
EEE
D35
FE5
188
1BD
0BD
1D9
50A
D43
CD8
054
033
D9B
17D
133
0B3
E2F
BF6
1DE
F1B
E5E
3B8
428
E7D
01F
FE8
057
FB7
EF3
41A
1C2
D28
DB4
0F9
B93
E4C
101
23D
08C
DD3
F85
16E
D91
F83
5A9
110
05F
038
02F
E74
D1F
EB5
36A
FDD
D0F
221
DF7
CF3
E3B
1FC
255
14A
04B
345
06D
BA9
1EE
297
09E
FE7
1BB
E7E
DDF
B51
06F
203
E2D
138
34D
F96
CFF
10C
04F
316
030
2A1
31D
D73
C57
0C4
F81
D32
1DA
0BB
08E
C74
D6F
10D
046
E5B
43D
3CD
E4C
0B3
FBF
05E
F38
049
345
212
B45
F22
FE6
C33
E92
186
316
03D
F66
F8D
225
CEA
0EC
53E
1E1
F43
032
FD6
D87
DD6
E82
3DC
EC2
D94
108
F73
C19
01C
2EE
1EC
1FB
FB4
318
EB3
C8F
0EC
3AB
EC1
00D
115
E48
D74
C17
134
15B
EFD
076
482
D93
DFA
0F7
152
268
089
256
1A3
D48
B96
231
E62
E15
160
144
EDA
C86
E46
1D6
0CD
E93
5E3
27A
E32
EF2
0AE
F58
FAB
01D
1E5
11F
AD9
EDC
FCC
D60
E62
394
1DE
0B6
EB4
038
214
D64
127
4C3
156
D2B
0F8
E4C
DF1
D90
F90
348
F26
D7F
0D2
FD7
B10
24C
318
237
078
06F
113
EDC
C7B
183
3CA
D7C
0B8
FF1
E4A
C63
E32
0BA
25C
EA9
182
400
D20
EAF
1A1
21C
0A8
1CF
0DA
19C
C31
C70
24A
F4C
E88
1DB
16D
D7F
E4F
E53
2B9
0FA
FF1
4EA
229
CC0
EF0
155
E43
07F
FE6
260
F29
B71
EE0
132
C9A
F9D
4A0
08E
04D
E90
125
0C6
F52
0E0
596
FA1
D16
119
DF7
DD8
E0D
1B6
169
F90
CA0
18E
F32
CC0
2A4
3E0
237
00A
0F4
FBF
F82
BFA
267
203
D94
F7D
05E
CA2
BD0
00B
13D
313
EBA
1D1
2A7
DA5
DA1
379
1F9
06D
1D5
036
075
B87
D9C
1D8
033
D84
2D5
0F9
D66
E78
027
27F
0A0
0FD
359
255
B30
01D
13D
E63
FC1
110
124
E30
C65
DE2
20C
D62
133
45F
108
EDE
027
0AE
06C
034
0CD
4F3
DB2
D00
01D
F2F
C78
034
22C
13B
EF4
D68
281
EC8
E11
323
536
F56
0A3
032
F73
ECE
D47
255
1BE
D1B
E20
19C
BD7
DB7
15A
300
23F
FA2
165
155
E09
DA5
490
0A0
067
0D0
02B
D40
C57
E13
202
0DA
D32
3B1
013
D0A
ED9
274
151
1F5
170
2AB
104
A9E
004
153
EAA
ED4
24E
F0C
DF2
CA8
FDD
217
EC0
1AF
471
0D8
D15
1A4
FC6
06D
01F
17C
327
DC5
B91
F99
F2D
BDC
27C
18A
117
E87
EED
153
030
EF3
3C4
4DA
D9D
041
011
EDD
D43
F7D
15D
1B1
CA9
E68
1B5
BD0
E5E
2FB
33E
04B
11D
063
1A3
DA6
EB1
4AD
0AA
EE3
060
047
B76
E08
EAC
29B
FD9
E5C
257
07B
C5B
00B
3A7
0AD
201
07F
1DC
EAE
B93
F2A
26F
E04
F65
2CD
DEC
D91
D9E
1AB
16E
0A1
17F
4F5
EE8
CE5
1F2
FD9
FA9
01C
243
053
DF5
B1A
167
EEA
CA8
29E
2A0
EE6
E3A
081
020
166
F1E
4BB
355
D33
E2A
06D
D92
E03
1B2
09B
14D
C63
EEE
0C8
D7D
EA6
4C1
253
F7C
0F9
FB9
035
D0D
050
320
0FC
CAD
0DA
E68
B88
EFB
09F
28B
FE2
FA9
171
13A
BFE
1DA
443
083
107
148
FEF
D48
CAB
F5C
33C
D3B
051
207
DAC
CA3
041
177
1BF
18B
095
464
DB4
D43
201
136
E0B
16C
16A
F14
CDF
C1E
13A
F7B
E91
2B9
3B9
D52
FB1
0D7
05E
134
000
3CD
199
C94
D26
1F4
C4B
ED5
1C4
148
F43
D5C
F5A
098
ED6
F4C
683
10F
F11
103
FF1
E6F
F0A
0E1
2FB
03E
BA7
130
E4E
C07
F5F
362
11D
073
001
0F6
03A
C26
2A3
3D0
021
EFF
243
D88
CEE
E20
00D
25D
DCE
020
196
E65
C05
2BA
1E0
1F7
178
1B2
1B0
DAB
D18
230
152
D43
306
08F
DC6
C07
E45
0BE
0B9
EE2
317
3A0
BF0
FEB
1C7
08C
086
265
1D0
035
BE5
DB6
176
C88
F63
283
0E5
D3B
F32
F02
13D
F6A
0FF
595
0D0
D79
0E3
0CA
D36
073
09A
2A0
EB4
C4C
032
EBA
C4C
115
4D3
F92
078
FB2
155
F4F
EB3
229
496
EF3
E66
221
C13
CCE
F1C
1E4
0AF
F3E
EA8
1E7
D8B
D70
423
324
0F8
0D3
1D3
F2E
E2C
D08
2EA
0E8
D7E
135
096
BD2
C97
0DF
050
19F
F2C
3D5
17E
CB0
EB7
34A
FF9
F5C
2FC
040
F65
AE2
E5E
0C0
DE7
EAE
3BF
02F
C9D
025
032
163
030
280
421
0CA
C3C
0F6
01A
C96
090
1DB
031
D1C
D84
EFF
118
CA5
2F4
497
F6A
FA3
0BA
010
EB8
037
198
415
D0E
EB1
06C
CEF
C5C
1CE
1ED
FE6
F94
F14
1FB
CF5
F26
3FC
3A1
ED1
1D2
0BC
D6A
DE3
DE0
33F
FF9
DB4
08B
0CA
B00
EA1
190
0F3
14A
0C9
2B2
006
CEC
F04
507
E8B
FCB
232
F71
CDF
C6B
EE2
0B7
F3F
EAA
459
EF3
CB0
065
1C2
059
1BF
266
250
F41
B9D
161
FEC
D6E
052
2B8
E18
DC0
E67
021
0CF
DEE
3CE
458
EBD
E55
270
EA8
FDA
0E5
288
20D
CE2
DBB
00C
D13
C33
3D8
17B
01A
F7A
FEB
0A7
ECA
FC4
475
364
D95
1F4
FB6
CEE
D35
075
13B
006
D3B
FC8
0E7
AA1
070
33E
197
06E
258
0FA
004
CC2
032
3D3
EE6
F6A
1E3
F37
AD6
EC5
F4D
1C4
FBE
01E
3C3
EF7
CAC
0F8
32E
F58
27F
1CD
1C0
D57
C0E
086
049
D0C
08F
351
CCE
DE8
E6B
105
104
0B9
30D
452
DD4
E0C
2B1
E71
F2C
11A
247
F84
DAD
C92
0F7
CE2
D9E
3E8
1B0
EEA
F63
0FC
F14
FE8
FDE
548
189
CFD
073
F7B
C45
DEF
228
073
064
D45
084
00F
BF8
065
49E
071
02C
25B
F8F
F95
CF8
102
2BE
F61
E5B
202
D9A
AD8
017
015
1CA
F48
157
262
F77
C3C
2DE
2DE
F79
251
1C8
01B
CB3
D78
FCD
15B
C7E
1FB
208
CF2
D43
03F
082
064
1D8
26B
3FD
C9F
F0F
1FE
F5D
E17
288
13B
E98
D83
CFC
159
D27
F9F
410
274
D25
17D
0C1
F22
097
0A1
4D7
086
D00
F33
0AD
AA8
FD2
261
0E1
F8A
DC0
098
F8C
D68
0DD
62D
F97
016
1DF
FE2
D80
E31
15B
246
F0E
D6E
267
C9F
C17
FE2
24B
0A4
157
116
193
E65
C6A
3DC
26B
F2D
107
257
D42
D3E
D5D
0AD
113
D3E
24F
152
D35
CDA
274
FF2
160
1E7
330
1F6
CA7
ED4
1EB
F77
DC3
37D
FA1
E09
CC4
E97
0A2
EA6
F97
486
242
CCB
1C0
05A
FCD
056
259
2B0
084
C4A
F78
FDE
AF9
024
252
112
E88
F69
F4D
06A
D6F
259
597
FCE
FD5
16B
FF1
C8C
FFC
08B
2EF
DF1
E71
145
D13
BA9
18C
2F0
FAF
217
032
244
E28
DE9
2E7
2F0
E85
11B
211
BDB
D79
D82
1A2
03B
F52
18B
251
BCD
E6C
2B2
075
147
1E0
340
FFD
D60
D77
287
E13
EBA
305
00F
D3E
D29
F3F
FF0
00C
FA4
5D3
0FA
DA0
0F5
1D0
EEA
03E
257
1AA
FD3
B0F
02C
F14
C1B
001
3EB
F86
EF1
FA1
F3F
109
D98
2EB
472
004
EB9
225
E16
D2E
F71
13C
20E
D59
EAB
06A
DFB
B34
344
1FC
12D
177
192
147
DD9
E6C
2E2
34B
D47
268
06E
CD1
C8E
F47
0D5
0A7
EB8
14B
308
B80
FD3
274
17D
07F
2B9
170
03E
CCC
DAF
2AA
DBB
ED0
252
055
C1F
E7F
EDA
115
FEB
086
505
09F
D8B
032
1E3
D87
167
18D
27C
E5D
B91
01A
F1C
C34
048
3FB
EB0
FB7
F1E
116
F57
F0F
26B
53F
F34
EEF
25A
D89
DED
E96
1EF
0CE
EDD
DF1
184
D36
C39
370
279
116
0E2
219
FCC
EE8
D5F
424
1A5
D9A
12D
FC1
C48
C50
FCA
07A
1A0
DD6
2D4
121
C89
F47
31C
134
103
29E
127
087
B53
F0C
1A3
E38
EB3
37A
FC9
C50
E7E
F14
192
F73
1EC
45E
0F5
BD1
14F
072
E9E
0AA
100
23C
D4E
C8A
F09
060
BF9
206
333
060
F26
025
0EF
FA2
F10
25A
5C7
D6C
F74
02C
DE9
C82
F87
153
1B0
EAF
DC0
236
C24
E4F
2AC
3F7
022
224
065
06A
E02
DEA
405
0EE
E6D
075
0A6
B3B
DD3
EDD
1DA
12D
EE0
2E1
124
CF6
EE7
3C9
018
1DB
1AB
210
F42
B79
E7A
1A0
E65
E3B
412
E8D
E2E
D89
08A
100
05C
129
562
0D5
CCC
19D
F54
F1F
F6A
268
177
ECD
B3A
081
F43
C43
1C8
320
0C3
ECD
053
FF8
08F
DF8
3D8
3CD
E5B
F22
081
D62
CCF
FFA
0FA
2B3
D40
F37
182
D60
D75
35B
2EB
03C
250
FC3
155
C4F
E5F
2AB
1AD
D1D
130
FD7
C07
D50
E80
2AD
0B4
FDF
2C4
244
BBD
FF0
269
10C
15D
0F6
1D4
F14
BCF
DC5
285
C99
FFB
29A
008
DB2
DBA
09B
18B
FDA
0FB
5DD
FAD
E40
037
05F
E2D
006
105
205
E4E
AFE
10F
E32
D21
125
426
04E
035
EEB
149
081
DA6
3F1
37D
EF2
E6B
15A
CE6
E01
E04
1E2
1FF
D86
FC0
16D
DAE
D78
3C0
1E7
253
06F
194
0DB
CF9
D8A
34D
0DF
D9C
1B3
EF5
E34
C04
F65
1E1
18C
E91
3DF
184
C91
028
173
1DA
FE6
17A
1A7
017
A45
EF3
0FE
D5B
F8C
1DA
0F5
E59
E04
F63
28E
E46
26C
528
04D
E20
00E
F6A
EA8
F90
FE4
3E1
D31
CA2
017
F15
C8B
159
303
19E
04D
E73
260
F14
DE5
299
42C
DD8
FED
FAB
DD7
D9D
D25
24C
1F0
E44
F7E
2C1
CC4
E92
215
300
221
00A
1C6
1BB
CDB
C81
326
FA1
F5A
FE7
090
DF7
CA8
E0A
2D7
127
EEF
4D3
1A8
E51
E80
191
11D
0F9
FA2
397
03F
A5F
F09
FAF
DE9
EC3
29B
0D9
013
C30
0BB
1DC
DD3
243
4F7
153
DC7
012
EAF
050
D3F
097
383
EE2
C30
075
E85
D47
0E8
19B
3DF
F94
F7D
17B
F8B
C29
328
3B0
F7F
068
EAF
FE5
C59
CD6
131
28A
D1F
156
190
E2D
E7C
009
376
241
08F
17C
39B
B0B
DEF
0C9
01F
F3E
017
0D4
F85
BEA
CFC
39F
F3E
043
348
29A
E2B
E81
FB7
1DC
05A
F02
45B
FFC
BFB
D7E
050
DC7
000
08C
2E5
09A
C0D
095
113
E80
0B0
541
13E
053
DC4
074
F90
C49
096
3C2
EDB
D00
0EE
D8B
E56
E0C
28C
432
035
F8C
350
F40
C97
215
1A1
1C9
EBE
F2C
FA7
D46
ADB
177
1C8
E4C
14D
0FD
061
DD6
F7D
24E
351
E6D
2FC
2B1
CE5
D2A
F99
084
FC1
F27
FBD
20C
A00
DFE
190
FEB
FCA
2DC
2A2
12A
E43
E5A
34A
E29
FAB
2FB
169
C9C
E60
E12
F32
E20
E49
437
027
D6D
013
19C
DF9
1C4
2A8
3A7
11D
D8A
124
F86
C47
F48
3B4
EDD
FCD
E91
F9D
EC2
CAD
142
4B3
02E
F72
396
E54
E73
EE6
1EC
22F
F49
EC1
226
C56
A81
096
024
09C
FEB
1D4
0BB
E34
CCE
3A1
1E5
F55
370
29B
F21
D02
E4F
F86
093
CC2
297
1D7
CA5
D76
059
FB1
00F
1AF
308
413
CCF
047
1E4
EB9
E89
317
16D
F19
D42
DA3
0A3
BF7
EF5
3E0
20B
D9D
123
F8C
FCA
F0C
063
598
10D
E79
0ED
0A9
B0C
FBB
042
192
F7C
DAF
0F4
F0E
BEB
FC3
4B3
FA8
1B6
1BB
14C
E83
DBE
04B
38F
EDA
F7F
368
D36
CE7
D53
01E
0A2
03A
096
3F6
E4E
C6B
27C
119
0EB
194
37B
108
EAD
BA5
1B0
F39
D1F
1D6
1F0
E76
D7F
F08
FCF
0B9
DB7
4C7
3C6
EA1
F52
1F8
E7F
EE2
123
1EF
224
C14
F5D
FB4
C64
D40
343
161
075
FD7
FBE
15D
D1F
06D
468
24C
E6C
2AD
F61
DBB
D26
F1A
268
F8F
E1A
1A7
06F
AE2
079
146
1A2
139
12A
350
061
C38
001
2F6
DFD
156
126
0AD
CA1
C7D
EDD
18D
DED
09D
48E
F3C
E88
FD1
0CD
FEB
106
169
4AC
DE7
D2E
131
E3E
D69
FDF
1E3
067
EBD
C57
1E2
E01
DEC
360
42B
01D
066
0CF
FC8
F5D
D52
3AC
1ED
E51
F29
0EF
C16
D4D
F84
1C2
275
E70
232
1D4
D67
DD1
3F4
17D
142
0CE
114
04F
B40
DE5
1EC
005
D8B
354
F83
E69
D25
FCE
2BC
100
02B
4D5
1EC
BEF
08A
FD4
017
F36
151
245
F86
AA3
EC3
0A6
C64
0A6
28B
283
EDC
EE2
056
29E
D7F
221
577
008
EB7
F78
F43
D9D
E77
FD5
3D4
D9E
DC3
133
E6A
CF2
0D2
303
27E
121
F22
327
DCF
CEF
19C
297
EE8
02B
FA1
E70
D53
B99
219
192
EE3
19E
3BD
DBE
EE6
FEB
237
28D
F97
2D6
226
C7D
C0B
1B4
E44
F95
FA2
142
089
C5F
DE8
250
FEE
EEE
4EF
26F
106
DE9
F87
10B
F8C
E74
3EE
132
BB4
F33
E5C
E78
E01
104
2BC
22B
CB4
204
155
D2C
0D4
3AB
265
073
F36
FA0
06A
A27
FA4
2DD
F5A
ECB
0BF
F86
DDA
DE8
049
572
FBA
0C8
2E0
FF2
C9B
03E
082
168
FB8
F10
297
CC6
B28
FA3
180
DF6
204
1A8
1C2
F1C
D1E
2E6
172
F1C
250
4A4
E65
EB9
DA5
F74
F0C
E26
1B5
255
CB8
D2D
196
E18
FF1
0CC
3C1
2DD
F03
E72
29B
E52
D64
342
1AF
FE0
E32
F06
F65
D51
C86
40D
1AA
E7F
190
102
ED3
E13
0F2
364
30C
E11
2E1
061
B9F
D2E
0C0
005
FA1
F95
074
093
A7C
FD1
2D1
0BB
03E
3FB
104
FF7
D62
F04
339
E14
FFE
2DD
FC5
BA5
E62
DFC
06D
EA4
029
489
FCC
D4C
06C
18F
E5E
23B
204
388
E94
D1D
FD1
F30
C24
06D
33A
E7C
F6A
DD7
049
E5B
DF9
286
590
F5D
FD7
346
EC2
E80
ECB
25A
1FA
E9F
E42
239
BE8
BCC
089
0F8
122
044
186
143
F15
CB4
45E
1E5
FE2
1CD
227
F23
D00
D03
06B
06D
CE4
2FF
0EE
D1B
D3A
06C
025
1A4
010
3C8
342
C92
017
10E
F11
EDC
2CE
0CF
065
B9B
E3C
054
C81
EAD
38C
1B6
E4A
0BB
F85
136
E2F
110
4BC
17E
DB6
0BE
063
BF6
EF5
F25
31F
EDD
E02
090
061
ABD
094
338
12F
1AB
0A3
240
F1D
C94
FE4
458
E7B
040
119
EB4
CDB
C69
FC9
16F
F34
FE3
4B9
E33
DB9
062
1A7
108
12B
245
2F6
EA0
B00
167
ECD
E35
054
2CC
F74
E13
CC5
152
083
DD5
40A
42F
FFA
E9D
0ED
F03
011
DD8
363
2D0
CDF
EA7
FDA
D0E
C84
0AF
131
2D9
DDC
049
1EB
DAB
E39
43C
27E
084
164
F76
076
B93
DA9
213
0BB
CA0
1C3
FBC
DA0
D66
EEF
327
114
034
317
311
B83
FED
13B
0C7
016
08E
160
F81
AF5
D7C
198
D34
039
261
21C
ECD
E63
FB6
213
EC6
090
613
027
E7C
ED9
F9E
DC5
EBC
F90
3DD
E95
C93
0A6
F17
CFB
015
370
23A
197
E90
2A5
F8A
CD3
144
379
FE8
F0D
025
E74
E9B
A8D
188
254
EF8
FE5
313
E93
DF4
FF9
244
3C4
FD0
1B4
329
DD7
B79
18B
F45
F7D
FB6
083
10E
C82
C62
125
183
E03
459
2E1
0EB
E5E
EA9
216
077
E3E
2FB
3C4
BD6
EA2
E76
EB0
E31
FBE
260
2E2
CC0
EF5
252
DAD
FB5
305
423
0FF
F96
F2C
1E6
BB8
DAE
30B
0B3
E71
F9E
F85
E40
DD8
E40
510
152
F69
2DB
1A7
D4C
F25
1AF
227
159
E0D
249
EE9
B3B
D71
1C9
EF3
097
08C
192
080
BE7
0CE
311
032
077
50A
FEA
E88
D4E
FC9
0F2
DAF
F98
355
F37
B2E
03B
E89
029
F15
29C
3CE
0A6
D52
1EA
0EA
D5F
20E
255
1FE
E0A
D85
F39
F65
AF8
0EF
364
EBB
FB4
FFF
FD4
E65
FAA
1BE
52B
F08
12B
237
DE7
CE0
FAC
115
084
EEE
E7C
25D
B77
C14
165
1FE
F23
200
1C1
1A8
E5F
CD9
3DB
0D7
F28
1F7
281
D19
DD5
D4C
03F
F89
D8A
35D
204
D1E
E25
1F2
EC0
139
0D6
461
281
D6A
EC9
1DA
DCF
E6B
37B
FFD
FEB
CB3
E94
FC4
D87
E79
529
252
E76
120
FDF
FE5
E77
13D
376
1F1
CBF
1A2
F61
B2E
E24
09A
14D
FBB
ED5
09B
177
AC9
088
30A
1B1
12C
268
125
F51
CB0
F98
36D
DDF
FF7
1E0
F89
B8E
E4A
ED6
182
F45
09C
483
F21
D69
06C
24A
F51
2AD
14F
350
EBD
BA1
FF7
FE0
CB3
03F
310
EDC
EDD
D21
0F3
F97
E81
28D
5E5
F8B
F54
171
E5D
F99
E52
2DD
25A
EC4
D26
1D5
C63
C81
08D
189
1EC
F78
06A
1C7
F29
C53
49C
281
04C
146
160
F35
D01
CBD
169
174
CDE
1E3
0D3
D63
CF5
06B
10B
1D0
032
319
3DA
C74
EC8
17C
053
EEC
1D3
106
0B3
B66
D1B
156
DDD
E4F
34B
222
E64
FE4
EE3
21A
F11
063
4E9
284
CD6
FA9
FF1
D3F
ED9
EF6
338
07B
CD2
EF8
0BF
C35
F80
382
1DA
1C0
F6B
1DC
04C
D30
F0D
524
F6E
F67
09E
F12
D15
C47
F23
27A
FBA
E20
445
F34
DB1
F9A
210
1EE
186
0C9
31C
F90
A71
0C1
089
F03
F4F
1FB
F32
EFA
B88
058
1E5
E09
20A
401
0EA
E35
090
F38
158
E91
249
362
E4A
C72
022
E1B
CE1
FD5
139
33F
D77
E60
11A
02A
D28
3A9
434
0B9
01F
E93
112
DA5
CEE
112
330
CFE
FC7
FE3
D9E
D04
E4A
241
28B
F57
0BC
369
CFE
EDB
136
25B
0AD
055
112
106
BF4
BB1
22A
F07
F55
10B
1B1
E57
DDD
DEB
326
144
EE2
48C
2A5
E08
DFC
079
F4D
0D4
E1F
31B
10B
B95
DD9
06A
E01
EBA
2C2
219
24D
D68
087
1C7
E8E
F54
493
19B
EF0
F8F
E48
F93
C1B
F31
323
120
CB4
147
F02
DEA
F36
14B
437
15C
F86
1F2
18A
B35
FEA
190
0B7
FAF
F8C
013
E80
A98
ECE
399
E4F
172
1F7
143
E48
E80
04C
3C2
057
091
484
E6E
C74
E7B
01A
E70
041
F9B
361
DFE
B8D
0B7
10F
E86
18F
44A
114
07F
D08
206
052
DD1
13E
405
E3B
D7A
F55
E2E
F6A
D17
276
383
F04
D7A
2F6
E72
E85
185
328
391
F26
FBA
14F
DDA
AA2
2AF
12C
F59
F2E
F90
FA0
D4E
D86
232
3F0
E9B
309
225
F5A
DAF
FE0
1D5
25D
E9A
097
279
B49
D66
FCC
00E
EB6
143
159
206
C90
E11
32E
031
FCF
2D3
375
F2F
EB1
D5B
122
E8D
E1D
298
12D
BDE
DB6
028
E5C
03B
FA7
4D9
1F6
E1A
F5B
27D
E12
FE1
334
1BF
0CD
D0F
F66
F5B
C47
D11
43F
FC2
F16
03B
03D
F50
DED
040
492
2A4
E89
37A
FB9
D97
E75
0C8
1A9
044
DE1
0C1
F44
9C1
FEE
1B3
06F
FFE
20D
0FC
04F
CB3
0CA
393
F3C
17E
339
FE0
C58
EA5
E60
104
DAF
055
357
EEE
C39
00C
096
E75
227
250
4C3
F75
DB9
169
0DC
C50
12B
2AE
F14
E44
D11
003
E45
D15
0B9
573
EBF
F53
0D4
FAD
EF0
F7C
35E
3F1
F55
DEA
2AB
C67
C7F
FF2
18B
019
EE5
EFF
07E
DF1
B76
3EF
1BA
0CD
175
29C
F95
EBA
DD3
27D
221
DB5
203
16F
CFF
BDB
FE7
F5C
16F
E7F
244
256
CA7
E2E
2CC
154
FC4
381
1D9
1EC
CB5
E8D
189
F02
D65
2EE
17A
D01
E7C
E44
09C
E83
004
405
3E8
D2E
0D0
13F
E9A
FB5
0F2
2FE
07F
D4A
DD6
165
B0C
E05
2A0
128
F79
F48
00A
008
DE3
F32
654
15D
FE9
162
0CF
D31
E66
FE3
24D
050
D37
1C9
F02
B2F
E53
22E
FF4
1CA
042
2AD
07D
C52
0E6
3BB
022
02B
38D
F0B
E9B
AFD
F57
0DF
E50
F23
3BB
EF5
C00
004
FB1
17E
033
31F
421
04C
C35
1C2
048
DBA
11C
1A8
110
DAB
CE5
F2E
02F
BA8
228
39D
FB9
F39
054
09A
F73
FD4
1EB
576
E42
F17
117
E30
C57
FB6
0E8
15C
EBE
D82
1EF
CE8
D37
22C
3B6
026
210
0C1
0E6
E2C
D3B
335
228
E58
FDB
223
C0B
D0C
DB2
129
0F6
EA9
16D
305
CE4
D30
343
07A
165
175
2E4
128
D34
C6A
1E8
F3A
D89
297
068
E73
C92
E99
0C1
0AA
EA6
4C6
2D5
DE9
FCA
0D9
FF4
FC2
1C4
1FE
21D
B8A
F01
018
CA3
D7D
25A
163
F43
E97
EB0
1A0
CD1
0C0
49B
2E9
E36
19F
FF8
E61
E4D
F33
378
FB5
D8F
04A
00F
A50
F21
149
1E6
0F8
FBC
217
01F
C88
F9E
4B4
F8D
109
10A
084
D49
C11
EB2
268
E8F
EAD
36A
E39
D39
E4E
186
068
165
0BE
4CC
008
C1D
170
0A6
F01
02A
2A9
004
E98
A9C
019
033
CFA
14D
4A4
052
E48
0BC
FED
1E8
EC1
325
467
F68
CEA
101
DEC
D1E
043
124
26E
D54
E06
FDA
EFD
C1A
3D2
35D
10B
0A5
02F
132
EDA
E19
276
436
D7A
054
059
D64
C73
EB2
130
1EC
EBB
FB6
352
C5E
E0B
1EA
300
0C5
1F8
0EF
1CE
CD7
CBD
2B7
FCA
E30
0B7
136
CF5
D8F
D66
1D1
0A3
F2A
391
338
D55
EB3
1CF
FD7
13F
05C
2DA
0BE
C1A
D5B
1B1
D28
E22
2F7
07C
FA7
CF3
F53
16C
FD7
F8C
65D
1D6
E1D
089
FAD
FA0
E47
0BE
2CC
16B
B02
FE2
F5D
BF3
E93
27B
1E4
0CA
F71
08A
207
C2F
1C4
44D
1D7
EB8
157
F0B
E05
CF4
EE2
339
E32
ED4
132
F50
B07
FD6
0FD
289
122
08A
3A1
FA9
BEC
0A4
321
E69
157
0E6
055
D46
BD2
F95
1EB
DF9
083
3F5
E3F
ED2
F1D
1AB
18C
0F4
1A9
4F6
E4F
C85
1A5
ED4
E7F
058
245
013
E8B
B65
0D6
F49
D43
303
3E2
FC4
F0D
086
05F
0B5
DFD
404
346
DCC
DEF
0D5
D24
CAF
059
13A
287
D40
F4A
10F
E72
D21
3FE
2FB
0E9
179
002
100
CF4
E0D
2B2
231
CAA
158
F80
D0D
C85
F11
23C
15A
F88
18E
2F0
BC7
F29
22E
205
08C
152
129
0E2
BEE
CD8
30E
DE8
F5B
19E
108
D44
DE1
E81
289
0D7
FF5
52B
16A
D72
F7F
144
F01
0F9
008
2A0
FDC
B1F
EAE
04B
C83
EE4
3C4
0B1
FCC
DDD
139
16B
EEE
102
60D
0A3
D49
0DE
E64
F3D
DC8
0B8
2B4
FB9
BB6
139
EB8
C62
0FA
2C7
2CB
01F
FE5
147
0B0
C09
28F
3B6
FC9
FB6
130
E9C
CA2
D16
FD6
3C4
D95
F93
25A
E4A
C85
158
280
207
16F
08D
355
D56
C61
109
20E
D9F
191
0A1
F3E
CD4
C3B
198
0CA
E62
1C8
454
CB3
F05
01E
1F8
11D
06D
257
2E8
D12
C2B
1B9
D6D
E96
01A
1E2
027
D58
D42
1A2
F44
E80
4D9
2CD
FE4
F02
106
F8E
FC3
EB6
3CF
153
C28
F41
FA1
CB9
DC8
1D4
179
19F
D39
0BB
172
DA4
003
4D4
254
FA9
109
F6C
F82
BFF
F8E
31C
07A
CF7
13B
F7E
BFA
EAF
034
35C
0D5
01E
234
17B
B68
157
2D8
0AB
07D
0AF
044
DD0
C05
E4E
315
D4C
042
31D
F9A
CCE
F20
0D3
26F
136
0BD
59C
F02
D3F
FFA
0B7
EB1
10E
095
18E
DC9
B02
0B4
00D
DEB
14E
46A
F49
F79
E7D
185
0E3
F42
323
3F1
EB1
D00
165
D01
E2A
EED
1A1
19D
D63
D2F
17F
E59
D04
427
2FD
1D8
F75
09D
05B
F30
D71
3B5
2E4
D04
FDE
F15
DB4
C33
F77
142
28B
D9C
118
1B7
C92
E9D
2DA
2D9
081
1B7
063
19C
B56
E3B
2C2
06B
DF2
1F1
077
CE0
D6F
E1C
324
044
025
346
2AF
BF0
FBE
1DE
0DF
0E6
05E
291
F3F
B73
DA9
20E
D21
01A
230
128
E74
D99
FC4
160
FF2
008
680
FBF
E12
FF3
03D
EFE
F76
0A3
2D0
F41
AF5
046
ED6
D01
08D
3F4
110
066
E4A
114
108
D5C
371
49E
03F
E07
12B
DA7
E60
D76
113
274
E06
DFD
172
EA8
BA2
212
1E9
2DB
073
0ED
1E2
E73
C99
2F6
2DA
DD9
0F5
FE8
EED
C84
DDF
150
23F
D74
134
299
CEC
E4B
0D5
1FB
14E
19A
18B
264
BDC
D89
1B1
FAB
E76
163
0CA
DC2
CEE
CB0
31A
F82
F81
457
258
D7E
F2C
11D
0AD
174
004
466
079
BF8
DCB
136
CC8
EF2
204
0EB
F66
C85
FB7
0E2
ED5
FBC
5FB
102
F66
FE5
FD0
FC2
E58
088
3A8
04C
BBD
0E9
E70
CA2
F2D
2A9
1DC
089
E75
0CD
116
C1B
2DA
433
109
FCE
114
EE1
E73
C86
09E
391
D9D
EDC
0B8
E08
BCD
0BD
0CF
2CE
07E
08A
37E
E2C
CA4
234
305
EB8
1EF
FDB
FBB
C0E
C7E
12A
19A
E09
14A
2E3
CBA
EC1
F40
24D
168
0DC
23F
3B1
C92
D72
1FC
EEF
FB0
0C7
17A
EC2
CB8
CA9
1D3
EA1
EB6
44E
24D
ED0
F55
073
082
117
F7E
500
116
C92
E84
02F
C9E
EB5
1AA
111
095
BAF
014
0DA
DBA
019
589
1B1
FF0
075
FA5
04D
CA1
0DF
3E6
032
C2A
116
DB9
C7F
EE4
079
2BB
FFE
F71
1C4
0F9
B72
2BF
31A
0F3
0B7
0A6
040
DE0
C76
00F
366
D5B
FAB
0F9
E1C
BD7
F69
137
321
03F
127
4AD
DCE
DB7
184
21D
F70
178
075
0BF
C26
B3F
1F0
001
E43
100
35C
D63
EC8
EC2
21C
15D
FA3
3D3
316
D6D
DAD
1C3
E15
FB6
001
263
FC2
C40
D77
14E
E11
E36
46F
17B
00C
EF0
077
0A2
00E
F66
57A
1E3
C9A
009
EA8
D3A
DEE
140
1E7
0CC
C07
0F0
002
C06
09D
41A
233
049
0D2
FFA
0FA
C7D
150
3BA
F9A
EA3
0F3
E87
BBA
E51
FFA
37E
EC6
FA6
23C
F64
C1B
22C
2DD
127
18E
046
1E0
D37
CA8
0A1
27B
D24
073
104
DB3
D24
D66
1D4
1CA
005
186
4EC
CC8
EB9
18F
0DD
064
118
21D
144
C99
B7F
1FE
DCD
E65
1FE
1F5
E34
E03
EC8
175
0DC
F1F
5DD
219
E0B
EBD
0BA
E4C
015
054
29A
02C
B21
EB8
FE8
C9A
E57
478
14A
0EC
E70
0A4
168
DAA
110
4DC
17B
D51
11C
E01
DE7
D54
060
277
F5B
D37
0F1
FC4
B75
19B
30B
2A8
077
103
0EF
035
C41
18A
3BF
E05
017
08A
E42
C03
E2E
FD0
31E
E81
052
30E
DD6
D76
1A7
2D6
0C7
220
08C
296
C74
CB0
19C
09B
E10
116
17B
DBD
DAB
CC9
26C
09E
F1E
2ED
3F2
D43
EE5
1F3
00A
167
033
369
0DB
BBE
CCA
192
D31
EC6
28A
0F6
FBA
D13
FB3
124
FC9
F96
64B
126
E36
074
006
F00
E95
0B3
2FC
04F
B1D
098
F02
C4D
F1F
32D
165
003
E95
15A
115
C8F
2B7
484
0A1
E62
0CC
E54
DDB
D6D
006
34A
DB7
EB0
0E7
E9D
BB3
223
1F3
29A
0BF
09F
285
DF1
D41
274
2E4
DCA
12E
03D
E95
C4D
D06
189
18C
E34
144
322
C0E
EE3
10B
26B
1A3
180
246
20C
BC9
D3F
2D0
E24
F43
103
12E
D9F
D59
DB6
288
F8D
F5B
4B7
1A8
DFC
F64
16E
005
113
015
3E7
01E
ADA
F32
FF0
D09
F4C
2EF
02D
FB0
C88
0DA
0AE
DEE
1FD
510
0A3
E70
0F5
EEE
FBF
DB7
143
2AB
E71
C2A
115
D9B
C13
11F
17F
243
F42
FD7
16C
FE0
CF7
42C
363
F36
0F6
03E
EBE
CD6
DE0
12E
2D6
C70
07B
093
C89
D94
10A
288
162
0AE
106
2F1
C00
EC6
2BB
120
F16
11E
05F
D78
C55
D06
2C0
ED2
F86
2E9
185
C64
FCB
0D0
1DC
18D
077
468
FF3
C00
F88
275
D4A
06F
0E4
068
DF0
BB1
002
0AF
E6A
0CA
5D0
F45
EA0
FE9
0B8
053
002
28D
375
E78
B9D
19F
DC2
D80
FDE
225
0F9
DEE
D4C
13E
FE0
D69
4A9
3B0
03E
F77
08D
ED8
F55
E16
2D3
2BE
C3A
FAC
FC9
CE2
CC0
1F0
1B1
275
E9F
121
1E3
CA5
FAA
3B9
25F
F8C
1ED
F59
F96
BD3
E6C
27B
FD5
DAF
207
012
B85
FC8
025
40B
0A2
0C1
2A7
0D1
B9F
050
318
F20
11A
01B
0C0
CD7
C40
EBC
225
D6D
0D8
417
EED
DF3
F15
19F
18E
0A7
1D9
518
DBE
CDF
0AE
F57
E58
05E
1CD
F85
E16
B4C
1C0
E67
E49
315
3C4
F4D
F02
057
06C
080
E4E
4E3
161
CFB
E4B
073
CE5
E3D
096
1FB
19C
CDE
039
0CB
DED
F12
52B
1A7
051
04F
FF4
FA1
C77
FEE
38A
01F
C6A
1E9
DF5
CD0
E86
105
31D
03F
FEE
20F
09D
B69
270
267
152
06C
0ED
051
DC8
B40
035
2B3
D1E
086
10D
EAE
C62
FBD
14F
313
00D
1F4
45A
D56
DE2
16B
126
EBF
1C6
095
0EB
C37
BD1
1F8
EA5
E45
2E6
2C0
DDF
F4E
E80
28B
024
021
482
24D
CC5
E66
0DA
D2D
FE8
012
274
EE8
BE4
EB7
0F5
CE2
FD6
4E3
16D
0CB
F2B
130
FEC
E78
065
501
F80
CFF
09C
D6E
D2B
DD8
18D
1CF
FDB
D75
2F7
ECC
D0A
2A6
370
1F0
018
107
001
ECF
B76
2E7
20B
D57
FFC
097
D99
C79
F61
15B
372
E76
214
23A
D9C
E2D
268
199
107
1CD
040
132
AD8
D85
16D
F9A
DEF
218
09E
E00
E14
EEC
332
FDD
13D
425
21D
C4F
07C
FBE
F60
090
FEF
1F5
E0B
B79
E4D
101
C5E
12C
339
0FC
F22
DF6
0EC
0D5
F63
1D6
56A
E57
E41
FE0
E96
DD6
EDA
12E
1EB
D93
CDE
1F7
D37
E27
1F2
3EA
0D3
079
FA9
157
EE4
D34
456
1CD
E96
EE0
06D
C8C
E04
E66
2CF
1B4
DAD
208
113
D52
E81
3D2
18E
277
F92
24F
033
AF3
E80
257
F73
DF0
22C
E37
E2E
BF0
00F
2AB
022
041
49B
0C0
C62
16C
046
204
FE0
104
1A0
E20
A4A
013
02A
C6B
1C3
16A
120
D5E
E60
0D8
1FE
EA6
3B3
451
E1B
F11
F67
01D
E88
FE2
13F
289
B3F
DAC
0B8
D75
E56
289
35C
0D4
FD8
EF7
29A
D7C
FBB
4A2
1F5
E55
FA8
F14
DB4
D3F
DD0
400
FB1
D81
0A4
05B
C7C
069
2CE
2A7
1D8
F3A
2B2
EDC
C6D
005
430
E83
FC2
01D
E40
D71
BAF
12D
1E3
F55
009
42C
DCB
E06
0D4
242
24A
02D
180
229
DC3
B69
234
F14
E8E
079
0E7
F54
CD8
DAE
218
170
E20
51C
2C5
EC9
E84
028
069
03C
F78
2DF
199
A98
ECD
F56
D74
E85
292
1DA
097
D4F
FEE
276
DA1
1BC
460
1EA
DE9
04B
E86
F71
D7A
FFD
41D
E80
D57
05D
F0E
CB8
0F9
198
407
FC0
F6F
22A
F8A
CF8
269
372
EA2
0CB
ED3
F88
C67
CA7
155
1EE
E16
0A7
22A
D11
F3E
035
35B
1C3
072
166
2B9
BF3
D77
275
F2B
04F
FEF
0E1
E74
C1F
D7E
377
F8B
FE6
4A2
114
E7D
E94
0F9
14B
05C
F6E
456
EC0
C0B
EE7
F82
E24
FD2
246
113
023
BD2
1C3
0CA
E53
290
4F6
0B6
F29
F72
F85
07D
CDB
2C0
262
DAB
CE7
033
D8B
D49
0BE
218
38F
DDD
04E
222
ECF
D6F
4C5
24B
07B
FDF
EEC
00A
BF1
DC8
244
171
D08
1BF
F9C
D74
E7E
0F1
41C
12D
028
28D
1C6
AE3
052
1D2
09E
FD3
032
052
E22
AF9
E92
343
DA6
126
2B1
0A7
E4D
F23
0CE
32A
050
117
4CF
D89
D32
FB9
FC4
E16
05D
065
237
D2C
C41
242
F84
F40
2F5
46B
F97
FCA
E94
1C5
F22
DE1
408
1BA
C9B
E28
FB0
D04
EEE
EF7
379
15C
DD0
07A
1CA
D65
F86
46C
182
1F7
EA6
06A
F59
C0F
EE3
380
F0E
DBC
164
DE9
DD7
D62
209
36B
14A
F50
415
F30
C59
133
133
1AD
F8B
002
00B
DBB
9D0
182
0EA
E87
171
164
FC5
DD2
F60
17E
324
E6E
390
2E2
D22
D88
00B
FCE
F24
F98
0BA
214
AB3
E31
142
F6B
F4C
3D7
30C
084
F0D
F56
2E4
E0D
0D0
40A
0D8
C18
ED2
E75
E22
E72
FAD
446
F7C
D94
105
114
D16
1FA
338
341
0B4
E47
194
E6A
C26
04E
3C0
DE1
FB4
F24
F45
DD5
D98
279
38E
F90
019
40A
D26
EDF
0B1
2C3
178
F28
045
0E4
BED
B86
284
EE5
FAC
103
170
EF7
E3A
ECE
3BD
0DC
F03
562
12A
E0F
E08
069
F9F
FD7
EF7
32A
F75
A49
F4F
022
F49
01F
357
179
0BA
D03
119
175
DDE
217
454
FC2
D0F
F69
DBF
FB0
CD3
1CB
39C
DDA
DED
176
ED6
E09
256
2B9
424
ECA
066
1B2
E33
C8A
30F
1E4
EA7
F97
EA5
F99
B7A
E5C
31C
27F
DEE
270
172
D57
F5E
08E
394
109
F4D
179
126
A2F
E53
141
EEA
FCB
081
11C
EAE
CEF
F5F
3FE
EED
1D5
444
116
DDC
EB3
046
075
F4C
F4B
445
CA0
BCF
F6E
F83
E63
0BE
2A0
2EC
F86
D3C
339
F1C
EFE
26C
40A
F01
F0B
E31
F5F
E0A
C9F
351
1FD
DBE
E7A
13A
D4B
F7B
0CA
3FD
31D
E54
196
16E
CDC
DC7
3CC
007
FB3
E84
FDD
EF6
B86
F16
32D
08D
EDC
3F0
F83
F08
E55
19C
387
09A
F5F
33D
F37
A88
02B
FD5
FEC
F75
0D9
16B
E3B
BAC
1BF
29A
E70
3B1
2FC
169
DF3
F1D
06D
191
D95
2B5
337
BF6
D77
F4C
F1D
E51
173
23A
35F
CFB
F8D
275
EB2
F60
30A
328
F8B
EF2
DF4
0F1
BB8
E83
2D4
0E9
D00
030
FAD
DBD
F66
00C
5A0
10A
F1E
23F
059
C4B
074
1CA
037
01D
E38
079
CFD
BAF
F8C
388
E5E
167
217
FEE
F35
E51
269
2B8
FAC
114
3C7
C61
D03
F02
F9D
029
E75
14D
1B2
CE5
C1E
2F4
FD3
033
2D9
36C
09F
E76
EFB
1AA
F73
DD1
3D5
045
D4C
DE8
F23
E5D
F1D
F71
3BE
1EA
C6D
1DD
0AF
E99
F95
3BA
205
152
D6E
052
F7B
AAF
FDF
2E8
FA3
E9E
16C
E7F
F2B
D2F
1D6
4AF
F77
09E
318
F4B
BF4
09F
024
25B
EC4
FA6
147
CC1
AB9
13C
17F
E96
230
17A
176
D78
EB6
2AB
216
EDC
338
274
C9D
E5D
E12
087
F04
F3B
227
20D
B25
EAA
1E8
E9C
0FD
247
3AC
03A
E54
F35
278
C8B
FA8
3A0
04F
DAC
DF6
F21
E53
E0E
FF5
59C
F9F
EB9
228
FF9
E11
0CD
2C3
2FC
0D3
D8C
256
CE3
B86
010
226
EB7
F98
058
F62
E5C
C5E
426
2A0
FA6
1E5
35A
E51
DE6
F5F
11A
12B
DE1
1FE
0B8
B92
BE3
1DA
EC8
098
1DE
28C
13C
CFB
FDD
2D4
079
F33
54C
072
E5A
D57
EF0
FC3
D9B
F46
382
0B6
B85
11C
F7C
F56
01C
370
42A
0FD
D7F
117
FF7
B58
201
23E
061
DF9
E97
E44
E9F
C12
1EA
3C3
E82
0C4
206
F8F
DBF
110
16A
3E4
E72
009
1FE
BF7
C0E
0AB
16D
EE9
0BF
F66
181
C0E
E22
362
1DB
017
341
24E
E36
E56
DF4
1F0
EF1
F1D
264
0F0
B03
E28
032
E5C
0B1
09E
470
0BA
D55
FFA
2A8
DC8
11E
3DC
0A0
F4E
D20
F7F
EA0
CEC
F6E
4C9
DF5
E73
06A
F8F
F22
F57
2EA
3B6
0C6
E56
2FB
D62
D52
064
1B5
00D
EDD
EC1
FB8
D67
B84
3A4
209
019
186
24D
F1F
EF7
EFB
2DB
273
DFB
2FA
116
C24
C55
04E
EBD
053
F25
219
0C1
BE0
FD4
26F
02B
037
4AB
0E4
02C
CE3
EB9
164
D5A
F0D
3BD
FA4
BD3
F44
E7C
FC8
E89
1A4
405
115
DDF
1E3
08C
CFE
1C3
243
23F
E6E
E71
F30
EBB
AB2
1B5
322
E56
03B
01D
09A
E37
F16
2C3
51E
E7D
181
2DC
CD0
D14
F91
152
F7F
F53
F80
1E8
B0C
D5C
296
08E
FE2
277
264
03F
EA8
E59
38D
F3B
F39
367
130
C04
DA8
E83
F41
FF7
F71
47A
04C
D17
01D
26C
D9E
12D
379
269
06A
CB2
0A7
F33
CBC
F61
410
EA5
ED1
E9A
F93
EC4
DE4
23E
520
038
F7C
381
DE2
E82
FC7
259
193
EEA
ED7
0ED
CE8
ABA
25C
08B
010
0F6
1BD
FF3
E51
DAB
37A
2B0
E41
391
19B
DC4
CAC
F52
FB9
048
E4C
2CD
163
BCE
ED6
116
02D
FAF
3B0
25D
23E
CE0
FF6
203
DBE
F78
3A1
05B
D04
F4A
D7F
FDB
C8D
0BB
44A
0D0
DD0
207
054
DDD
14B
19B
454
F0B
E76
10E
ED1
A60
080
1F1
EE6
07C
EFD
09C
DF5
D9D
1C0
4B3
EA8
24C
2D6
EBD
D8F
F1F
187
12A
E8F
00D
2E3
AD9
CFC
0B1
013
FC2
1D9
22F
142
E0E
D83
41E
F63
006
332
2A1
DE9
E68
DCA
FE6
E3A
D75
457
145
D60
F7C
1BE
E16
080
246
408
1A7
D4F
15C
042
CE0
E94
35E
F14
FBB
DE3
F4B
E47
C15
0CE
407
083
F25
391
F3F
EED
EAB
250
306
032
EC6
28C
D83
A4B
09E
F6E
01D
FBC
1A4
0F0
EAC
C2C
315
201
EDA
405
33B
F8A
D48
E65
FD3
0E4
CC8
2B1
1F0
C5B
DD4
FD7
FA3
F02
1B5
251
40B
D0C
F80
260
E0B
E69
372
1A4
F24
E2A
D57
044
B2A
E55
33D
127
DC7
151
FE2
ED1
F89
0D8
539
0F1
F50
1DC
042
ABB
F7B
0D9
01D
F66
F3F
128
E46
BCE
FD4
423
EBE
1F4
2F7
0D2
E83
DBA
0BB
1B2
F10
FF3
410
C74
C87
EC3
F9D
F19
05F
182
36C
EEA
D3E
300
FE4
F38
2A1
423
FF4
EF7
D57
0AD
DD1
C62
30C
1E1
E47
E72
089
E02
F14
F66
49D
309
E74
0ED
19F
C85
DF6
219
065
126
D82
05A
F78
B79
D8D
362
08B
F5F
39D
07D
005
D35
179
32E
0DB
EE0
3F7
F4B
B1B
F13
EA8
FAA
E74
0F1
256
05E
A8F
14D
152
EBD
24E
322
270
EEE
E2F
F83
125
BBC
155
265
E8F
CE8
F7A
F11
EA7
F23
1AF
552
E92
009
21A
F26
D8A
21A
213
1C2
EC2
E27
0F3
BE9
C7D
1C2
2D2
E10
19D
042
F9A
DFC
ED2
449
2B8
FB0
240
2D0
BF5
E46
F15
10C
FED
F08
110
08C
B22
D6F
324
E97
0F6
22F
2BB
023
E2C
F43
280
EDA
EFF
46D
FA0
D8B
DE3
F54
E05
F50
F72
47C
042
D6E
1A6
0C3
DE5
0F3
3E8
1E3
101
D5A
120
EB6
B2E
006
30C
EE7
EE7
030
E9A
EE8
CF7
2CE
3BF
FFF
0E5
441
E42
D39
073
0B9
1BA
EF3
07F
069
D04
A6A
1B5
027
FA5
249
1ED
18C
DC2
EBF
268
239
E21
40A
202
E03
D0A
EF8
F30
E70
E4D
23F
2A3
B83
F8D
0D4
F09
FBE
31D
2CD
20E
E71
FC6
194
C62
EDA
2F2
168
D30
FB8
E2D
F3F
C89
F66
482
0ED
F71
22A
148
CA8
FC5
0F2
318
01B
EF6
1F7
EE1
ABD
E94
1A0
E32
0D7
073
1E8
E62
D2F
07B
398
F37
1C0
545
F7B
E42
DF1
FF2
EE6
EEE
F63
3D9
CA6
BDF
072
F1D
EA3
0E9
3BB
2A2
02F
D5B
296
E9D
D8E
252
2FD
EAC
E27
EDA
E36
E8A
C73
322
294
E7E
063
25C
E6D
F14
143
27A
331
E43
121
09C
CB5
C2E
27A
F67
F84
FCE
070
011
C31
EB7
335
1DE
F5F
4FC
0CB
EB3
DE8
FCE
13E
FA9
ED6
2FF
0AE
9FE
F41
F47
F2E
F1E
267
2EB
172
D2B
06E
2F2
D41
170
353
181
E18
ED8
E53
FB6
BBD
047
3E1
F32
DFB
0FC
FE5
D80
0E0
1C6
481
012
019
256
EE9
B55
0DF
237
EEB
0AA
E41
079
CB0
CA5
163
3BD
EB3
262
335
F2D
EE4
EE7
20F
17A
FC9
0A0
361
BAC
C30
FC6
EFB
F28
010
1EB
1E8
E3B
CE5
35D
F78
FAA
3BF
340
F4F
E8F
E9D
FAD
EBF
CE1
384
10F
CFF
EC3
08A
D5C
F11
13B
392
33D
DED
1A2
1A0
D8D
E39
3AE
0CD
033
EEE
F41
EA0
AF4
EAA
35F
092
E93
394
039
F06
E34
0F8
344
0DD
FF4
37E
FF4
A6C
FA9
FC6
F9A
F0A
109
16D
FCC
B3C
0A5
236
E46
27C
431
215
E14
EF7
FA5
17B
D1C
0CE
36D
E02
C64
F5E
ED3
DA3
FE4
17F
4A8
EBD
EDE
200
FB7
D20
27C
327
04E
FF3
DDD
09E
C98
C49
13E
30C
D20
0D7
149
E77
EDF
F13
336
2BD
004
140
3A2
BC8
D83
056
041
F56
FC8
0EA
031
C28
C68
31D
F51
004
308
33A
FCA
F43
F4B
1E8
05D
E83
484
118
C78
D0E
013
D33
F55
F55
3A7
203
CDA
06D
1C8
E5D
F69
4A7
16D
183
EA3
F95
F85
BEF
ECA
355
F92
DD8
125
E62
EB8
D79
125
3F6
1A0
F01
3A8
063
C3E
087
0F5
196
F86
03A
060
EE1
9F4
0AD
1CA
E8D
18F
2A1
125
E79
E72
062
349
E18
1F7
38D
EA9
C32
F5C
EC4
EE2
F32
082
33D
D20
CF1
0CA
047
D87
333
31F
1D7
011
E27
173
E59
D5F
176
306
CCA
FA6
F08
EAD
DAE
E8A
2B7
361
F1F
058
38A
CF0
EDE
16B
284
0CF
FE4
FF2
0F3
BA1
B8C
254
F90
F6E
166
1F0
EA9
E47
E8B
3BB
18D
F9F
450
1D7
CFD
D6C
015
E9B
02D
E75
315
032
B87
E71
13B
E6D
02E
3EF
1F7
1AD
D4F
0C6
11E
E55
EAB
4A8
061
D6B
F2F
E66
ECE
D05
098
33F
1B3
D22
2D4
02A
D41
042
2BB
2E3
096
FA1
065
F86
9CD
026
20A
EB9
F1D
150
F39
E51
D1A
0D7
47F
F0A
248
3CC
010
C4C
09F
FD9
0A5
EDE
FF2
305
D07
B9F
FBA
0B3
DC3
209
218
283
F2B
DF1
1C8
13B
E4C
251
43A
D4E
EA7
DD3
EEC
D64
E4A
19C
378
D4E
ECB
1F5
D90
F19
1D2
392
22E
020
F43
221
CD2
C7B
30E
140
EA4
F47
0AA
DE3
DDD
CB2
37F
19F
F57
2B2
2C7
CF8
E06
10E
168
212
E27
20B
083
B3B
C79
1BC
E5F
F4F
22C
17D
0B2
CE9
FBE
2A8
0FF
F40
5AA
0E5
EC3
E4D
EC0
F78
DF8
F32
338
128
B11
09C
F7A
E5C
F66
2EE
300
1FE
E22
08C
15D
BCA
05C
34A
0D9
DEF
FDA
E85
EE9
BB2
FB7
434
F8F
FA2
249
069
D41
106
0F0
406
F95
014
26A
EFF
A91
F41
15B
DE4
0A4
017
196
E25
CD2
0CF
380
F0F
20C
44B
F79
E67
E00
058
FBE
F13
FAD
3F1
C77
C30
FDE
EF2
E77
0B5
3B7
28B
012
D3E
33B
F05
DCE
272
3A9
F94
ED8
E96
E8E
E2E
C14
31F
276
E77
E96
269
D91
E9D
0EE
347
3CA
F27
120
18C
D27
B97
20E
FFC
000
F30
01C
FE1
C92
CE9
300
23D
E63
49D
1DD
F9A
E20
FE8
120
125
E3B
2A2
19E
A57
DC0
FB0
F44
E9A
1A6
16C
1ED
C1A
F7C
27E
EF9
015
47D
295
E8E
EF0
DA1
049
CD1
EC7
323
0E4
CA9
00D
FF0
D57
FE2
0A1
514
0E0
EE3
187
1C7
BCA
F91
29C
09F
F86
E5C
FE7
E03
BC6
E77
40D
F38
098
278
0A9
E4B
EE1
109
317
0A9
F29
416
E03
BDE
E20
089
EF7
FA0
064
20F
F18
B10
1B7
1AA
FA7
117
521
FE2
F5A
D4F
06A
050
D57
163
30F
DCD
C0F
03E
DDB
FAF
F25
32F
39C
F47
E3A
2CD
F6E
D10
2AD
227
159
DA0
ECF
F00
DF0
B22
26E
28F
EC6
0D8
055
F73
E49
FFE
29B
45D
E91
1CD
251
CB8
C4A
085
0DE
FF7
FBA
F4A
1B8
B4F
D3A
27E
1CE
F5E
3B1
205
054
E9A
E08
309
FB2
F4A
215
216
B51
DB3
E6A
F73
F03
F98
361
1F2
CFF
F81
35E
EA8
0E6
2AE
33D
058
D65
E3A
09B
CAF
D6A
40B
024
E2A
E86
00C
E44
F74
FEC
50C
249
E5C
207
02F
D02
EA8
1E2
0B5
108
D09
0A6
F2F
AF7
EEC
33D
FD0
006
30C
087
066
CDE
118
35C
046
EFF
3D5
F99
B06
E7F
EDC
0BF
ED2
089
239
06E
B4C
1C2
1AA
FDF
23D
302
2BF
F78
CC8
00B
182
C49
0A7
25E
F6A
CA4
E61
EC4
F7A
ED0
100
5BF
EB5
F1A
167
026
D73
166
18B
2A7
E74
D57
115
D47
B69
09F
2DE
EFA
0A0
FA0
0D7
F22
DD9
324
445
F4F
0CA
2C8
D24
DCD
E22
1BA
0BA
E51
F4D
24D
C45
C22
214
0B5
197
16A
300
133
EBE
D1D
368
004
E54
241
17A
DFE
CB9
E17
F2E
0CD
D63
3EA
271
DC5
EDD
228
F4D
0A9
200
2FA
28E
C42
E76
09A
D8E
CE3
353
0C8
EF2
DCC
E36
0A5
D9F
022
4BF
363
DE6
255
051
EB5
E18
FED
250
0BB
D57
017
05F
A4F
EF8
16E
218
0C6
0A5
0E0
11B
CD5
FC8
490
FDF
06F
1C8
060
CAB
D9D
E00
1EB
E78
E86
352
F5F
C38
FA6
18C
04A
1DD
0C3
476
FA8
CBC
FF1
17D
D9B
FDF
2F0
FA0
EBA
B9D
028
010
E3B
FFA
5A7
F8A
EF0
115
010
01E
F6C
25C
387
FDC
C1A
1D0
DB6
C5C
F93
200
0D9
F8B
EA9
0B5
FFF
C08
3EF
437
0E0
004
1BB
F35
E0F
D51
106
2F6
CFA
FAF
103
D3F
BE4
128
0B1
278
003
11F
319
DCC
D1C
255
287
E74
220
032
FAD
BD0
C10
0D9
0D8
D9A
1D2
345
D4D
EFA
F21
1CF
0A0
0E2
2EC
3E6
C94
E3D
10E
DCE
EAC
073
223
FEE
D63
C7D
267
DA4
F81
473
2E1
FE9
FFA
FDB
FD3
F96
E5B
4AD
0E0
D62
F13
05B
C1D
E2E
052
258
214
E24
1C1
162
D0E
EDE
534
13D
153
FE2
07B
FAE
B7E
E80
25B
043
D10
2B1
EE3
DE6
D78
033
2E4
1F1
FE9
3C1
1D8
B0C
0A0
0D0
0C3
FD8
093
05E
EEB
A45
EF8
153
DD2
0D2
336
1DA
E29
F27
FC4
341
ECA
1C8
513
F91
C6B
F81
F66
D92
F36
F9B
3ED
E41
CA3
040
063
CFC
21F
43A
231
081
E14
17C
F34
CE7
0E5
41B
DF7
EDB
F2D
E0B
D7D
D5F
263
3E4
FAD
EE4
457
E03
E27
0ED
2EB
1DD
FD4
F15
121
D86
A8D
258
080
F61
FF4
152
EB5
E2A
D56
325
359
EE8
358
319
E63
CD3
080
FA9
117
E20
163
1C8
BFD
C2E
0F4
009
F25
309
1EB
23C
DA3
EB0
1FA
0E5
E62
413
20C
D6A
DE2
D8A
FAB
DD8
EDC
255
26E
C56
017
12C
EC4
027
23D
3D1
16E
EA0
F14
210
B74
EB2
2AA
112
E85
F0B
E94
F32
D7E
E72
5AD
15F
F9A
1B3
259
D28
F66
07D
3AA
0D4
DA3
1FE
F05
B04
E16
216
F59
0FD
F8D
18F
FF0
C4E
08A
462
092
0A2
422
FBD
ECF
C9C
00B
165
ED8
E7A
32D
E3C
AF3
FC7
FD5
0EE
01E
2AD
2F7
0CC
C2C
1E3
129
E5C
207
270
034
CFC
CE7
E9B
02B
BB1
230
421
F64
DFD
07B
006
001
051
243
594
E1F
E7B
083
F02
C79
134
165
10C
ED7
CDD
185
D63
D41
285
49C
F01
164
02A
0A8
E0D
E06
31A
28A
E49
F0E
183
B63
D99
F14
188
13D
F8E
0DD
2AD
D4D
D9A
3EF
182
101
10D
1FF
F62
CFA
C6B
2CA
FEC
D54
288
076
D53
CF7
029
116
2B3
F04
4B3
22A
CB6
EF4
1D8
F47
F7E
147
163
0BC
A58
E54
047
E12
EB1
3D1
131
F2F
F2A
EEE
24F
ED2
0F5
4CE
1CF
C5A
066
E45
E75
E61
FB2
367
F9C
C95
FDB
0DB
C28
1C5
31A
352
0AB
F7F
0CD
0BB
D12
054
460
EEC
F45
F85
EEA
C5E
DA0
FD1
461
FAD
EF6
352
F2D
D8D
085
2DE
1B3
1B2
F14
26F
DA1
AEE
011
1BF
ECB
FE6
153
EC4
E98
C35
263
2B3
FC7
1AF
434
EB6
D99
019
FEE
1AA
ED8
13E
1FA
CF1
AD0
134
EE8
ED9
16D
205
257
E32
E5C
1FB
0E2
E2D
470
2C1
F71
E1B
E7B
FB8
EB4
E05
21B
33D
BAA
F58
050
EDF
EDC
188
301
30D
E72
F28
2B7
D0C
E7F
21B
262
EC8
ECF
D84
FE9
C37
DE5
445
1C9
F2A
0E3
158
E01
FF6
FEF
451
176
E6A
148
04E
B54
DBB
168
054
09E
E33
18C
ECF
C21
EB6
485
054
11E
2DF
071
FF3
CB0
0A2
28E
F69
E2D
3B1
E4A
B6E
E7B
F9E
09B
FDE
0A0
342
0AF
B7E
1E2
1D2
064
0F2
31B
153
EB0
BAA
F3C
10A
C5B
163
260
F4D
D02
F56
F7B
0E5
EE3
2C0
543
E35
E51
166
FE6
D55
132
146
220
D2B
C8A
0A6
E98
CAB
178
3B2
FCD
0AA
E89
1ED
F2C
EDB
339
429
E46
FCC
09E
D68
E09
D81
269
183
E2C
E6E
232
C25
E6E
2CB
2EE
22B
F87
19E
139
DEE
C86
435
03E
ECB
0D4
02A
DE3
C5F
DE6
221
1FF
D83
3E3
0F1
D56
E88
200
1BC
1BD
FCB
259
16C
A60
E8E
055
F3B
E86
1D3
01D
FA2
C73
F14
2E3
F05
0C5
445
20A
D16
015
F19
123
E98
01A
33D
FB9
B91
F12
007
D4B
0F9
129
3BD
FE0
D38
0E3
1CF
DB8
199
467
011
F8C
DA9
FED
E9E
CAF
FCB
4DB
E08
E18
0F3
E94
EB6
F94
30D
3B0
062
E0A
35D
E43
D3E
194
261
06E
E5E
EB7
FA0
DC4
A89
24B
22E
FDE
055
269
F6D
EAF
F26
358
41B
EB6
231
19B
DB6
BD9
0AC
FE2
0E5
E70
07C
1A0
BB9
CED
2AF
1FA
FE4
334
13F
17D
D6C
E7F
255
082
E39
2C3
161
B54
D9C
E0A
0EE
EFE
000
2E7
231
BE7
F88
24E
F7C
1B7
1EA
34E
F8C
C60
E29
1B1
D01
F7F
2F1
05C
E29
D5E
F88
041
F88
FA1
611
0A5
E63
0BE
064
EAA
FE4
0DB
2C1
FF7
B36
0F6
E05
C48
F7D
31A
11C
05E
F09
182
0BF
C7E
2D5
494
0C3
EB3
1B5
DF8
E67
CB8
130
307
E50
E63
109
E0E
BBF
185
197
36A
FBA
119
2A1
EC9
CDC
263
27D
E6E
195
F1C
FB2
B93
CAE
119
1F3
D55
1BD
29B
D81
EE9
FC8
2ED
1F0
0BD
16C
35F
BBD
E28
10A
F49
F20
FDB
15C
FB9
C70
CC5
3CE
F78
F98
440
2B8
F33
E96
FAA
1A9
084
E62
4F2
FE9
C43
DD1
FAC
D9D
F95
00C
2CE
0CE
BB7
0CD
12D
EF5
066
473
17E
138
DDE
FD4
0DB
C1F
FFB
355
00E
C77
F99
DAC
F50
DAA
1A9
4EF
095
E91
259
086
D47
160
1C4
30B
EB5
E51
010
E58
AEB
0F3
23F
E88
06E
F1E
0DE
E35
E4A
232
572
EE8
140
2B7
E38
D47
EC5
149
134
E34
E49
22A
B95
CAD
0A3
1E8
03A
0E5
1F0
209
E5B
C84
47F
0F2
FB5
1F7
1BB
DCE
CF0
D82
119
0BE
D5C
310
0BE
CFE
D8C
1FE
06F
1EE
118
3A7
2EB
BA2
EF0
10E
EEC
EAF
2BC
03A
F92
B8E
EAC
0FE
E3F
F9F
4AB
1AE
DB3
084
F6C
1C5
F14
1F3
42F
0C0
BD3
FD3
FC1
C28
056
070
271
EA7
D65
FBF
10E
C97
27E
4CF
191
0A0
F83
0BC
EE8
DC5
0C3
4C9
DB4
E28
061
D71
D01
E7F
1A1
308
FCB
E9A
364
DDF
DFF
21D
32B
171
072
FDA
0F6
DB5
B52
2C0
0BA
E69
FD1
130
DC0
DFD
E07
31D
302
ECE
2EA
246
E18
D19
179
108
14F
E77
12D
0C5
AC7
D03
160
07D
E2C
285
073
0E7
D06
F98
368
0A6
F5A
3E7
21F
CBB
E4E
E67
0D9
E78
F46
21E
046
ADD
F7E
107
EBD
10E
1B4
3F7
01F
D7C
04D
26E
D6E
122
3C4
052
E78
CDE
F09
E8E
DBC
F4B
52E
E6A
E5A
0AD
025
F3C
09B
370
467
047
D2C
298
E2F
D50
04E
22C
00A
DF6
CDB
FE6
E92
BBE
3DF
31D
059
FB3
1AB
F72
FE2
E85
388
3B3
D68
02B
080
CD6
C0C
0E8
0C5
1E2
DE6
084
140
C74
E81
339
2AD
046
28B
06C
17F
C46
EAE
2C2
0F5
DD3
14B
012
BDD
DD1
E55
283
033
000
2AB
232
BF9
043
2AD
0F0
17D
046
2AB
EF4
B69
DCB
2A5
D20
FFB
230
FD5
E20
CF9
0BC
240
FE4
070
60C
F49
DE6
F85
082
FA7
FC9
0CC
290
E0C
A8D
0EF
E47
DB3
030
2DE
10E
EEE
DC0
1B1
151
DBE
441
367
01C
E4B
F9C
E32
F36
D17
1CE
2B6
CB5
E72
058
E17
DC5
208
1FE
3E5
E2A
FCC
235
DD0
E2B
342
26E
F00
F07
E0F
00B
B6E
DF9
30C
194
E12
14E
13B
D9F
FA5
01C
509
1B7
F58
177
142
B1D
EA8
1B2
015
06D
E42
118
EAB
B3C
E61
49A
F4E
0F7
281
098
F19
DB6
0E6
2F5
FFB
F66
3E0
DCF
C0E
E48
03A
07B
EC1
036
261
EEF
B7B
233
165
09E
1C0
391
137
E6B
CD6
116
1A1
CA5
26C
1A2
E48
C19
E91
F7F
08D
E95
33E
45B
D25
F6A
19B
0D8
F59
299
21B
2B1
C4D
D8D
0F9
D50
DD8
1F6
120
E8A
E71
DB7
1D1
DCD
023
4D7
33C
E20
101
0AB
EE6
F88
F33
405
019
CED
F37
FF3
B60
F1F
21B
0EA
0FB
E2F
1F8
048
DCD
023
57D
013
096
0CE
F2C
ECD
C30
06D
2A7
F08
D38
244
D1E
D09
F6C
20A
2DF
0B0
0A8
2EB
F73
BCB
214
1B7
092
028
124
F8D
CEE
B69
0D6
1A3
CD2
226
1AC
EDD
D99
FF3
1E8
306
FAB
2D8
399
C51
DD3
06F
031
F14
010
04F
117
B4A
CD4
1F3
EF7
F9D
333
33B
F45
F8C
E66
386
F5B
F56
428
145
C88
E21
F39
E4D
F80
EC9
3D2
FEF
C31
039
1CE
E18
0F4
3DA
2D0
119
D06
170
031
D98
F9E
47E
EC8
DB4
E3D
E38
EDE
D0E
17D
424
FA3
D8C
29D
F1A
EA0
121
24C
3C4
EFC
E8C
0F8
E93
AD3
201
178
FCB
EBA
F21
F9D
E03
DDB
2AC
43E
EA4
27F
151
F79
DC8
01C
229
225
E32
05F
131
ABF
D72
04C
16B
F72
10A
091
1AA
C74
E90
42B
09E
0E0
2BD
1D4
E1B
DB1
DC4
265
E32
E8D
2FB
F9C
B6D
E19
069
033
14F
FA9
521
05C
C5F
035
24D
F29
0CC
30A
0CE
F0D
AE3
018
012
D3B
01F
40D
EC2
E01
F37
FD1
1A0
EBF
35B
49B
F95
D12
1A2
E8D
E60
068
139
21A
CBB
D91
070
E98
C14
3A1
279
0C6
F7E
FAC
14E
EF7
EF6
3A9
3D8
D16
0C1
FA0
DDC
D0D
F1C
1FF
114
D0A
F64
1C0
B93
F84
284
399
152
0A7
0DD
0A4
C5A
ED3
4B2
FBE
F8E
068
00D
CC7
D0E
E6C
3AB
FF3
EBE
350
F72
D56
F42
281
1AE
1DA
F9B
388
ED0
B2E
0A1
13C
F0C
F7C
143
EEC
E59
AF2
159
18F
F2A
1DB
47E
F4F
E2D
044
029
261
E4C
236
2B3
D48
B7D
0C7
E78
E4B
125
13A
241
CAA
E02
19C
0E6
E18
473
25F
00B
EBD
E75
0F1
E3D
EB0
2B0
233
B57
F1E
F10
E0A
E6F
042
3CC
1E3
E1D
FF9
278
CD1
095
30C
23A
FEA
E2C
F42
FDD
C50
E1A
466
EC1
EBE
FB8
FBC
E18
EAE
128
4DE
0FC
EC3
3BE
EDD
D3D
FE3
240
09A
FFD
DE6
0E1
D59
A69
146
202
FDD
04B
222
FC7
F22
D01
357
328
F92
1DA
2DE
DD1
C93
FD4
038
1B9
D7E
0ED
14A
BCD
C53
198
106
F89
28D
1D3
2AD
CCD
F1E
314
0A4
E81
3F3
15C
CBD
D3B
D2C
0F9
E2A
F5E
34C
1CD
B56
FD3
112
F99
0E9
210
401
133
D4C
F60
1E5
BB8
089
30D
FFD
E42
CAF
F34
EE6
D88
FEA
5A6
F87
F39
09B
045
F5E
02C
287
403
F8C
D1B
21D
CF6
CBA
F7E
23D
08C
F77
E47
16B
EA9
C10
35A
32E
0FE
001
27C
EF3
ED8
E0A
32E
2DC
CE9
0B9
038
C42
BF5
0BA
030
1CB
E87
1C2
1EC
C55
E7A
38E
192
080
315
052
FEE
BC6
E3B
2CE
F16
E72
217
01C
BA2
E51
ED2
228
00C
0BA
38B
161
C52
0EB
1C8
F3D
1E1
0FE
222
DDB
B86
EE6
0ED
BE9
0C4
30C
FF0
EC8
DE0
159
0E0
FAD
21F
663
EE9
E99
109
FA9
E9D
F71
224
1A9
D87
BFB
1BC
D5D
D22
215
311
09A
F82
F50
170
FB6
D8B
549
2AF
F0C
F86
04D
D76
DBF
E86
1EE
140
C3B
0B1
01D
D1B
DF5
309
25D
2A4
05B
18E
1CC
BC1
FED
349
111
E9A
1B8
E5A
DAB
B7C
ED3
342
F13
F9A
27F
05F
BFC
0CC
097
2DA
0A0
12A
36F
F07
BBA
FAE
13A
D4E
0E5
07E
139
CDE
BE0
023
11F
E06
276
51D
EAB
EF1
F3C
1AA
065
02E
1EC
3E8
C6D
CE7
101
D59
E7A
000
253
0DF
D94
D27
296
F02
EB0
4E1
307
06E
EEB
011
F5B
EE9
D58
49C
0B2
C64
EAF
F66
CA1
DA9
0CC
224
278
D68
251
0DA
D66
FF8
449
14D
06B
05D
F3F
FEE
AED
FC9
2E3
F93
DF0
1CD
EDA
DD3
E71
0B2
49D
002
108
32A
FA3
BD3
15F
171
08E
07D
FDE
193
C6E
B34
023
217
D79
1D1
19E
FA3
D86
E29
213
215
FD7
2D0
488
CA3
E4F
F39
02D
F21
F9B
12C
199
BBC
C7B
23D
D86
F75
237
349
08B
E83
EE0
2F1
F96
F23
559
0AE
E03
E57
FA8
D80
E0E
E82
3A7
07D
C99
116
038
D4C
FC4
419
270
23E
DD6
205
02D
C26
0FE
3B5
FAC
DED
07C
E05
E73
BE4
11C
39C
F6E
F4B
2B0
F83
D17
1BA
1D1
3B1
FA4
0A0
1B4
E08
AED
10D
121
EBE
01B
FA0
05B
BEC
D1E
1B7
304
E7C
3EB
32B
E61
ECC
F41
1E9
080
FF8
143
236
AA2
D88
FF3
EC9
F4F
0D4
240
029
DB2
E3E
38C
E95
0C9
466
24C
EF3
E9E
F84
FF7
EB4
E79
4AB
ECF
C6E
E9C
FF1
D97
FC5
15F
396
1AF
D31
23A
01B
DD9
0EC
527
054
001
E51
F6B
F16
B69
133
335
EEE
E25
1F3
DE3
E0F
F70
28A
42B
FD0
065
29B
EAD
BC8
2D2
FFA
0B1
F7E
FDA
040
C94
BE2
1ED
1EC
E24
2D6
122
F9E
DF4
FC7
2ED
1F7
EFA
33F
2DA
BC4
E87
F76
052
E7C
0A5
105
0D4
ADA
DF6
259
E77
078
2EC
2DD
F69
F63
F03
289
E3B
033
496
F81
CAC
EBB
F3D
DAD
F74
FD8
469
F2B
D75
0C7
077
D84
1BC
47C
1C3
130
E16
1B4
F06
D15
0F9
38E
E9F
E86
FFC
DA7
E1F
D04
2EF
386
F10
F7F
399
EB7
E07
28A
284
27B
EDC
0A7
056
D1D
B8D
288
FE1
EAA
085
0B5
F2D
CDB
E4C
2AD
2C5
E33
485
21E
D7A
E4B
0A0
09B
069
01E
148
127
9D7
E9F
06B
E82
F03
322
1A1
FEA
DE2
F99
339
E1C
177
4D6
188
D6F
05E
E85
F2B
E1E
FDC
385
E3E
CDA
FA5
FF3
C20
18E
2E9
2B3
041
EA1
273
F6A
DD8
1EE
453
E14
F6F
EF1
F0A
D29
D26
206
260
E29
F2C
2DB
D02
EF7
080
3A6
23D
021
0D9
256
D16
C56
2C1
01E
F63
FF3
06E
E33
C43
CBB
26B
0DD
E06
42A
1A5
E17
EB3
188
147
1F6
029
36B
103
B18
EDB
05F
E64
F25
1F3
040
004
B71
F95
16B
E48
0CB
511
19C
DCA
FCC
F12
136
DED
0E8
3DB
F1E
BCA
0BB
E4F
BF6
06F
154
2F7
E5B
EEE
19C
031
C7A
38E
3C6
085
0F7
F90
05D
D17
D87
13A
34C
C54
FD6
132
C8D
D14
F8F
258
19D
087
0C0
3EC
C53
EAB
2E9
174
009
134
13E
EC7
C49
C13
2AC
F07
E4E
275
19B
CD5
E7C
079
14A
1AD
FC0
512
113
CFA
F41
190
DC5
FD4
149
16A
F37
AD5
F6E
01C
D88
F4D
529
080
F40
FDD
013
0EE
EDF
272
4D9
FFA
CD6
18C
D3D
D3E
F64
13F
1BB
E8F
DC7
05A
EE7
B92
31D
311
0FF
0C4
145
091
ED7
D8B
26B
336
D76
0BB
090
D35
BC6
FAE
085
1B4
EE5
156
29F
C5F
E55
290
244
02F
33D
178
103
C7D
DBE
20C
EA0
E1F
240
172
BB7
EF0
E7A
191
F8E
045
4BA
1BF
D0E
003
271
E58
155
1E4
2E1
F16
CA9
EFE
002
BB9
EFC
423
F83
EFE
F3B
070
EFA
F15
144
62F
028
E5B
2C9
EDD
D95
F46
28E
0B4
F9A
D14
176
D74
B6E
165
27A
FE9
07E
22E
016
FC0
CEA
41B
34E
F28
1B6
279
D28
C85
F8E
F56
0E6
DB5
15F
0EB
C67
CDE
2D8
025
FF7
34F
254
223
D00
EDD
211
FED
E12
46F
092
CA0
DF6
DCA
F4E
E6B
FF8
33E
207
C02
14C
153
E84
0F6
326
34E
056
E35
F45
0CC
B57
F70
2C2
F4A
DEC
002
F06
E2F
DD0
078
551
F96
086
29A
0B7
C98
0DF
1A2
229
067
EE2
210
CBD
B13
FCC
17B
DCD
138
0F8
F7C
E03
D42
2C0
227
F9A
22E
4CC
D95
E92
F42
086
038
EF2
14C
196
C28
C03
230
D3B
F3A
22F
2FA
0EB
E87
F13
203
F6D
EEE
5E2
1FD
F06
E3B
FE2
D74
E49
E59
35B
0A0
BE3
10D
FD3
D97
EEC
3F8
251
21D
F0E
1A3
0E5
B46
04F
385
031
EF3
131
E3D
DA0
BE8
012
2C1
EEC
F6B
36D
094
C70
1DE
135
265
08D
1E3
27A
ECF
B01
0C9
14C
C7E
1B4
0FB
049
CA6
D69
FEC
14D
E21
33E
480
E63
F99
0C6
0EA
F05
0DE
1A9
363
BBB
D9C
0D7
CFD
D10
1C7
232
F80
F91
E1C
200
DED
ECD
4F8
2D2
ECF
130
147
DC7
E6F
E75
35A
037
D93
FE9
067
ACC
E5A
222
12B
278
00A
282
02F
D7D
F43
4E7
FA7
008
2A2
FAD
DEC
C3D
F82
10D
ED8
E53
441
E25
C16
046
121
021
11B
30A
34C
040
C4C
1E8
045
DCD
0C0
30F
F17
DF9
D84
EB5
F67
C21
2D8
350
EE4
E95
269
ECA
F2F
0FF
300
35A
E38
FDE
0DA
D14
BA9
2EA
08D
F32
F1C
F3A
F9D
C90
DE6
2F4
2C2
DFB
397
164
E61
E4E
FF6
2C2
1A5
F37
0F4
170
A1B
DE2
0C2
FA5
F7F
199
124
070
CA1
EE6
3C7
E2B
139
3FF
1A0
DC2
F1F
EC1
057
DF0
F1C
44D
EAC
C10
F25
FEB
CAC
119
1CF
3FD
0A2
E6A
23C
040
D1A
1D9
49F
F13
080
E8E
F2D
D69
CB7
0C9
34F
E76
EF6
2E4
D76
DF7
FCA
346
2B3
12F
0AE
310
DF6
C14
292
09B
EFA
078
112
E96
D01
BF0
234
086
E36
3C9
261
E78
E21
166
085
1F6
FBC
3B3
21B
BEE
D8B
0E2
D44
E0F
23A
059
062
C06
F64
0BF
DFC
F44
5B0
244
F10
160
FFD
FD8
D5A
077
2B5
0B1
C52
18C
EF3
ACD
EE2
11E
1CB
013
FF3
10B
09E
C13
227
40E
0BE
119
273
FC4
D78
D8D
F39
29B
D22
00D
244
DC7
BD6
FE3
094
053
14A
191
43C
E18
D93
1BD
186
D99
265
235
F31
DBA
CFF
07F
E0C
DC8
207
3AE
CB2
F70
08F
F0F
FDC
0A1
3E5
305
ECF
F27
2AA
C09
DD8
1FB
18B
F48
E73
EEA
F46
CA4
D61
496
101
FBA
216
1C1
E10
EF0
099
2E0
16C
EBE
324
F68
B31
DCD
193
E42
02F
083
136
F7C
B61
084
28E
FDE
0A7
533
028
FAB
EA6
FF3
070
E3C
114
395
E94
B6B
055
D94
E83
FA1
295
2B2
017
E3B
220
0A7
C7B
2F9
36A
0B8
F1C
FC1
EB7
E35
C26
187
338
CAE
FEF
180
DF1
CAA
145
1B9
38F
FC5
1BC
308
C85
DAC
204
129
E8D
1CF
F6B
FC5
B8D
D14
17B
051
E3D
390
283
D2C
F8D
FCC
1D8
062
18A
333
271
B9F
ED7
100
C5A
F21
0D6
16D
E8D
DA7
EA5
197
C64
106
50E
136
F76
0B1
095
EA6
F7A
032
4B5
EC8
DED
0B7
E9A
B35
F01
182
0CC
0CA
E61
2C0
E7C
CF2
14B
3C0
F79
22D
28C
FA3
E38
CBE
132
0F9
E3F
01D
357
C57
CC5
FF5
008
084
03C
334
2F8
ECB
D23
33A
F86
ECD
28E
290
FC6
DD3
DC1
F59
EDD
C4D
3DF
199
E45
F32
13A
E52
FB2
108
3B4
353
D07
18D
0F8
C70
D5C
325
FD8
FDB
F0B
F43
FD4
AB3
F49
3A2
106
EA7
41C
02F
F45
E96
09E
37F
03E
FFD
2E8
05C
A00
FD7
F48
F34
F53
179
171
F03
C5D
07E
2A3
DC2
2AD
497
19F
EA2
FAD
F9D
0A6
DD8
0FC
3DF
D96
D21
F95
E67
C6D
0E4
121
347
F46
F08
276
EE1
D9E
2EB
3CB
F60
131
F31
035
C5D
CE3
139
1F9
CDE
02B
1E4
C5C
E8B
F9D
2EF
1A7
0CE
1E4
396
D0D
E0E
2F4
F53
FA9
148
1AA
ED4
CA7
CD8
1F7
D84
EDD
40A
1D0
E62
F34
0F4
033
0C2
065
588
141
CCA
FDC
08F
C95
EDB
15D
0C4
047
C10
0A5
F71
C76
FBB
523
0DA
06E
17F
FA4
FC8
DA3
16E
334
FE1
DED
2B1
D0C
B7D
EE3
064
0F0
F9C
0D4
218
F95
BBC
2BF
236
018
27F
2F7
00D
DE6
D93
053
0F8
C73
28C
230
DEE
C29
080
F02
040
0C8
355
44D
DCF
F4E
1B9
F6A
D77
3C9
13B
085
DBB
E75
021
CAA
D5E
28B
223
D27
139
FED
F15
E24
0EC
3F2
274
F28
1D9
1EF
AEA
F39
0C1
08F
F4D
FC4
F8A
F7B
B47
E33
3AB
F09
0DE
37B
212
E03
F1D
FB9
359
F73
068
457
F69
BD3
EB8
FD3
D4F
FFF
05D
2FE
EE2
CD6
0F8
0E7
D86
1AE
532
0DF
055
EC9
092
EBB
DBB
0E8
3C0
DD1
E23
0CA
CC0
D78
E5D
283
270
03D
FC6
3CB
DEB
D2A
2D0
20D
0C7
037
14C
F27
D5F
B46
21A
FE5
DD4
17F
1BB
D29
D86
FD2
0F5
205
F6A
4B5
2C1
D46
E67
1AC
E85
F27
15D
114
04F
B6B
E84
003
DB0
DF5
536
186
F56
00C
088
08C
EE5
0B5
443
1E3
CB3
1DB
EC4
BFA
E17
110
0FF
010
E25
0BF
065
B0C
195
34E
196
09A
2E3
038
EF9
C82
04F
335
DCB
036
21E
E5E
AE9
F70
EEE
095
F49
1C9
3CF
E89
CD3
16F
1DC
E24
338
257
1F8
DEC
D2B
053
F3E
C24
1B1
35D
D07
F01
EA7
F92
E34
00E
330
478
DCC
05E
2D0
CCE
E51
0B4
288
017
F3C
E32
0CD
B7C
CA3
2FA
0C4
FCD
1EA
1DB
E8A
F41
EB4
46A
0DF
F91
2F9
0ED
B90
E4F
068
F33
051
E92
257
F37
BC9
EB0
251
E90
12A
418
1F5
074
D5B
090
101
E4C
FA6
530
F0C
D69
F1E
E5A
E07
E0B
1A5
32C
008
D45
389
ECD
DCB
1B6
3E2
1FD
04F
F82
097
E8C
AE8
1F3
179
E52
EE1
1C2
D3E
D4B
E15
1BD
374
EF9
288
360
ECC
D08
291
072
133
FC5
140
152
BC0
C3C
0F3
F57
D2E
3E1
15E
FE2
D65
F6F
18D
073
EFA
49B
3CD
D02
00B
F67
EAB
DE1
08E
18A
133
BAD
F22
103
BDA
F85
32E
2D6
FD0
140
054
16A
D02
021
476
FFD
EBA
167
FBB
B7A
E2B
E82
311
EF5
F82
2B9
F64
BBB
0B6
280
08B
22E
16B
30F
ED2
C20
FCE
18D
CD3
0EC
288
EAA
DAD
D6F
FDF
FCF
F6E
1B2
590
DFF
F0F
154
FAB
E78
077
30B
225
E5D
D23
15B
C38
CE2
18A
264
F2C
029
F8A
038
EA2
D7F
518
2D7
FDA
165
24F
CEC
E56
EDD
178
0FE
D3D
160
06C
B79
CF2
295
F63
1B3
193
2AB
0AD
D37
F3C
333
0AD
ED9
4A4
02F
DF8
CA7
E85
F6A
EA6
EB0
3CC
0D2
B59
124
FE6
F2A
065
3A9
29C
176
D24
0E1
02A
BA7
0B8
2E4
007
DB4
F60
E09
EE1
BF3
142
3FE
FD5
FE0
312
F67
D2B
0D8
124
3A9
EDE
037
182
DB9
A59
0DF
093
EB2
0F8
031
116
CCE
DC7
227
2D1
E5B
3D8
332
EF7
E5D
E80
0C7
F86
ED8
18E
2BF
ACD
DA4
FFB
E6A
EDB
1FC
2EE
249
E8E
F13
303
D67
F98
3E0
2B6
EA8
FC6
EC4
EE1
CC0
DF7
427
02E
DAD
03A
135
C40
018
143
436
16E
F2B
298
070
B7A
F0A
302
ED7
060
FB5
048
D59
B99
FB1
340
F10
00D
4DE
FE5
EAE
E84
1B6
0EF
076
0B0
472
E11
B52
03B
E48
E8B
F1F
230
0C4
EF6
C0D
1E4
FD9
DE3
387
401
0E7
FB4
042
F71
F87
CF1
2D3
22D
D62
E23
100
CCA
CD2
07C
1F6
317
EDD
18D
1F8
DCA
DB9
412
1AD
054
140
FEA
FCB
B87
D33
19F
07B
D25
30D
00B
D99
E12
082
24D
104
049
35F
29C
BB7
096
0E4
F33
EBF
1BC
0EE
F93
BC3
E7E
11C
BC7
081
397
1FA
E17
03A
F92
129
E5E
13A
545
F29
DE5
054
F0A
B83
F26
05C
2C6
EB6
E27
1BF
F46
C13
238
44B
07B
1FD
098
1E6
DEF
CFF
0C2
32B
D4C
074
1F2
CA2
D14
DB1
146
098
F66
149
489
D57
DEB
287
0A9
082
14C
2DF
0C8
D1D
C14
227
D87
DA2
26D
1DE
DF3
E82
ECE
03A
07E
F66
5AD
297
DFB
FED
1CC
D35
F61
0D9
226
132
C31
FE8
F27
BD6
E43
3FA
086
190
01E
14E
065
DAA
03C
49A
0F0
E90
36B
E31
DA5
C93
FA0
101
F73
EF2
2B8
F53
B09
118
13D
126
123
302
1F0
FD0
BF4
167
1AB
D7A
10A
1C2
F22
C90
DFB
E91
084
D5D
2A7
41A
EA8
E31
17C
FF3
EE7
1BD
253
3DB
D34
E5C
11D
D89
BE1
24F
1A8
F34
F14
E43
140
CEA
E98
40B
37B
E33
20B
19D
E31
E5E
EEC
2B3
0C5
DD9
0A4
10E
9F6
E4A
10A
11D
0EF
101
24B
13B
CB5
F27
473
F6E
0F9
2CB
16D
DA4
D14
E08
0A7
E61
EB3
410
F0C
CFF
F43
0FA
EA9
148
186
4BA
022
D36
135
015
D3A
09C
370
FEA
FBE
CA4
FF6
E3B
C73
134
487
F91
FB0
1E5
F87
FAC
ECB
368
335
F6E
EBC
2A5
C55
BDE
FAB
0BD
0D0
EE3
082
0B3
DFC
C31
41B
150
05F
2B4
23D
021
DA4
E3F
16A
196
CAD
331
0D3
C5E
C95
FCD
F80
047
FE5
350
2A0
C32
031
1BF
F3A
F53
442
1C7
0DA
CF9
ED5
05E
C62
E9E
35E
0B1
D40
FE4
E90
07E
E4B
0E8
53E
126
EBE
22D
060
BC8
FC7
0F8
26B
F52
E60
FCF
E4E
A74
03F
355
F66
18B
11C
15F
E9F
E0E
14F
460
EAA
169
269
DEF
C99
DB3
FBB
002
F53
F8E
38C
C13
D24
150
163
01A
27B
345
21D
EA3
CEE
275
EAF
E5E
1F5
2C6
D55
D88
D91
F47
EEB
E16
463
221
E5C
F77
26D
DEE
039
125
389
1B1
D7F
F5F
009
C2D
D95
2D5
002
FFF
E99
0B6
FC9
D47
F6B
574
1B5
F5A
3C6
FA8
EDC
DEC
0C3
194
03C
DA7
292
E75
A99
FBF
071
0B0
054
191
210
061
BD5
215
226
FCD
154
313
F98
D10
D0C
EF8
13B
C80
1A7
317
E7D
CE4
112
019
036
169
29C
4F9
DD6
E54
143
F45
C48
230
1C1
FEF
DC3
D43
05B
D50
DF2
2FD
397
E84
19A
087
039
E9C
FC6
38B
29F
E35
00E
125
AD1
E0F
FE9
186
005
F7B
03C
186
C02
EA1
40E
0CB
170
264
1E3
F87
D8F
E0E
30F
E4B
EAB
2E7
F4D
BFA
D86
02D
07A
0AD
F9A
519
03B
D26
0BB
1E9
EF2
140
271
1E9
FE9
B55
080
F54
C85
F86
3BB
F5E
E92
F48
FD5
0D8
E5F
37A
530
025
EAE
266
E15
E18
FE6
202
1B5
DB0
E6D
065
D77
B59
2E9
1C5
0F1
FEE
1B5
0A1
EDE
D8C
3EB
2BE
E04
20E
008
E2A
C44
EA5
06D
15D
D81
250
1D6
BE5
EF9
1F2
223
0F4
21F
1E9
25F
B5D
F2E
202
E68
EAE
212
0A9
DA4
D24
DAB
273
D65
0C2
4FC
21F
DDC
0E9
045
033
098
09B
4A3
F02
C65
F3A
FB9
B7A
00A
1C1
1BB
F7B
DB4
12B
034
DBB
18F
5A9
FBB
148
023
012
DA1
D46
07A
2E2
E40
DD5
1B2
CC2
D25
EB2
258
1AF
069
05F
351
E02
D01
30B
19F
07A
01B
146
EB9
D65
B33
255
04C
E00
200
1DB
DA2
DBD
FF4
1AD
287
F4B
4AB
262
CC4
E38
13B
EAB
F3C
0E3
115
0BF
B16
F1A
0BE
E8E
F60
517
185
045
F61
012
19D
E23
0F8
409
0CD
BC4
067
DB2
DB6
DD8
016
311
04C
DEC
1A0
0AE
C14
1EB
267
361
FE2
066
0E5
F4D
B99
0A9
356
DE9
FFF
FDC
EFB
CAB
DC5
0FF
468
ED5
129
383
EF1
DFA
05F
201
114
0C4
F60
298
B3C
C45
033
FC1
E03
14B
22E
FEC
E36
DEE
3E3
053
013
3D0
33D
DA5
E80
EDE
FFB
FA3
DFE
2FB
06F
C2B
D62
0E7
DC2
07C
18B
38A
1E6
DBC
042
1DE
E3C
EE6
4B2
007
F50
DCF
F37
EB6
C81
EFF
471
000
DF9
222
F92
EF0
ECB
2C0
38F
15C
E17
23F
EA6
AFD
FD9
142
0BC
F1D
FA1
FA5
F1B
B1B
1F1
2DB
018
182
2DC
FFE
E56
E77
0E9
3F8
DBC
189
213
CD3
B5B
FAE
F92
014
FFE
149
37C
D00
E54
201
169
F3D
354
24E
143
D86
D71
16E
E8D
DA9
242
28F
BFA
EC2
E9B
0E2
F61
FC4
488
351
DB9
FED
1CA
D63
00A
122
316
00D
CAF
E43
04D
BB1
E83
3B1
090
FD1
F3F
0E1
FE6
E17
018
6A3
0BE
E89
1C0
EDE
D1C
D53
05B
1D1
FD7
CB9
2D4
E17
BD1
035
304
185
162
121
1E1
00E
B5F
24B
20F
F59
FE5
1EC
E3C
D0A
CA9
028
265
DAF
24B
356
E98
CC1
1A9
0C9
1E8
024
29A
2F3
CD2
CDA
0D0
F82
D7D
1CD
08B
0C8
C5F
DFC
190
008
EF3
490
3CB
EB9
FE2
EF1
0B9
ECB
F63
2C7
239
B6A
F08
FCC
C9D
F4D
0D7
381
07E
E94
FD1
2F0
C55
0BC
450
225
022
F6B
FA0
E7F
C65
DFE
497
EDC
E3F
0CF
FAB
D6E
EF1
16F
434
1AE
EDE
423
F1C
C6B
FC8
2F8
07F
013
EF6
084
DAA
A24
101
1DE
F7B
080
306
F51
F2D
D8A
247
2E9
F17
1E3
337
DF7
C05
FDF
ED9
06B
E21
1CB
1A1
C89
C6D
1B7
024
F9F
344
2A8
256
D7F
F0B
1A7
FED
D15
36A
15C
DF0
DAA
E4A
FC0
DF5
F27
368
3B4
C43
15D
0D5
F53
F8D
223
389
13C
D2A
F05
100
A91
F29
20B
138
E8D
F39
F21
035
D42
069
5E1
096
009
111
089
D61
EF2
FC2
358
EDF
DCB
1A6
DDC
B27
F2F
218
0B8
174
F7A
30D
EBF
D07
229
3B5
F91
0B0
216
EEA
E02
B44
108
10D
E11
038
36D
D54
D68
FFF
08D
224
FDD
33A
2B4
DCC
C43
23B
EFF
F63
0E3
0EB
07B
C04
CC9
0B4
FE4
DBD
48C
241
FCB
ECE
00D
119
07A
F9A
3D6
26B
B5D
EF3
ECA
E09
DF3
08A
1A6
0E6
C6E
F79
1C6
D35
0BF
3B4
2DE
FFF
01B
F0A
13A
C36
F21
375
FAA
DD1
FC8
F1D
D18
E82
FDF
533
05D
F00
2DC
020
CDE
07B
2D6
17B
10E
E7A
1BB
D91
B34
F52
276
E1F
02C
0B9
044
ED8
D21
2C3
368
062
12A
42D
DA0
E06
E53
0BA
0D1
E5E
047
1E9
C91
B66
26B
F99
0C4
13E
31A
221
E8B
DFF
2D0
0F3
DE6
39C
189
EA5
C88
ED1
F99
F41
DA2
3D3
21E
C4F
F34
044
05D
035
255
332
2D5
BDC
F6E
149
D0B
E8D
261
141
E5A
DE0
E5A
141
CE0
00E
4F8
224
EAA
137
009
F93
F20
07D
504
F87
D6F
FD1
F12
B61
F96
12A
1EE
001
DBC
202
F66
CC7
17A
4D6
001
189
01B
08D
E28
C44
0C0
2A0
E05
F0C
215
CB2
DBF
E6C
215
298
015
0D6
425
DBC
D02
25A
11F
09D
F9F
13B
FDF
D33
AD6
215
022
E1C
250
1F3
F37
DE6
F7F
249
281
E64
4B1
236
CF9
DDC
FEE
F98
E95
F60
148
17C
9ED
EFD
0CD
F44
FA1
407
28F
0DE
E58
F43
2CA
D4C
FE3
349
0E5
C81
ECC
DD9
F3F
E14
FD6
498
05C
D62
128
150
DCA
235
201
3D0
04A
DBA
01A
F73
BB7
FF3
354
F8C
FCD
E57
FFD
E34
D16
164
5A5
F97
00D
2F5
EF1
EFF
EEC
25F
223
F11
D51
207
CB9
B84
071
1B1
0DE
028
147
15E
EB9
C5E
487
266
020
183
186
ED0
D4E
D6F
0FD
18F
C56
1FE
0FA
D09
CCC
0FB
0FE
1DC
05E
296
317
BFB
F0E
1E0
053
F2D
240
02F
FCA
B1F
DD6
1BB
E77
F67
3CB
21F
D85
031
F92
2B1
FB8
0C9
497
0F9
B9B
EF3
FD6
D4E
025
FDF
31F
EDB
CBC
FBD
188
D89
1C6
4CE
1A4
066
DFB
08F
FD9
DB1
02E
536
D78
D8F
F3D
DE0
E17
E56
21B
3A4
FF3
D7D
353
EBF
E16
1A3
352
1F5
FC7
EBD
023
E59
B09
298
153
EEC
F02
0DD
EE7
E95
E3E
31F
492
E9C
20E
207
DB9
D68
0CD
098
1E4
DDA
FE8
0D9
AFB
CD8
205
175
F95
1FC
0FE
1D7
CF0
F69
3E8
1DA
F38
292
0B8
C41
DD1
DBE
208
ED3
F26
245
17A
B2D
F28
142
047
1F1
0ED
419
00A
C8B
ECE
2CF
D1F
020
1F1
F92
E08
C23
F7E
03D
EF1
FEA
5B8
F9B
E77
061
0D2
054
055
1B9
3DB
F38
AA9
145
E3C
DB2
FFF
25A
0A2
F71
D33
141
0D5
D97
423
3F9
0F0
EC2
0E9
ED8
F96
D68
1FA
297
C90
E28
015
E1C
CE0
13A
17C
352
E74
046
2CC
E54
E0A
3B4
2D3
F14
052
DD9
03D
BF3
D9F
283
215
D49
14E
0FA
DB5
F2A
FBD
432
1D1
F9F
146
228
BAB
EA8
14C
0D1
055
EC7
07F
F5C
B43
DC8
412
F83
07A
25E
174
F16
DD3
040
318
0D9
EDF
3BC
E6F
C6A
D60
FFC
FB4
F90
FCB
316
FF6
B1E
12E
191
0A4
13D
405
196
FC1
BAD
046
178
CF0
0BB
28C
E85
C71
EFD
EC7
19C
E9B
2A5
485
F0B
D8C
1D1
07E
E84
1AF
176
2C1
CFE
CEC
009
E8C
C77
282
2BB
F47
F6F
E15
17D
F19
F94
399
544
DBD
FAE
081
E5F
E4D
ECA
272
116
D36
D8A
1F7
BD1
E44
26A
32E
1D2
00B
0CE
139
DEB
E35
4F5
0A9
F0A
F82
FF0
D6C
D06
E0E
2BB
109
D34
2BA
050
D92
ECB
2B7
272
2A7
EC4
223
0B4
B1F
F65
1A6
FEE
ECF
0F7
EEE
F33
B57
07E
408
008
0BE
3D6
09A
DAE
FCC
005
2E6
E95
000
27E
E29
A60
FD5
072
EA0
0CA
0DE
32A
DFE
D62
106
32F
EB3
2D3
3AC
FC1
DF5
D1E
053
FAB
DCD
0ED
3E0
C1F
D19
FB4
03F
FE8
052
35D
393
EF7
D87
2CD
E68
ED5
180
249
F58
DE2
CBF
FE6
E9C
CCC
48F
1CE
EAD
F07
14E
F5F
09F
FCC
44E
32C
D1D
F9C
01A
CFF
CF9
1B0
0BA
108
CA3
F87
0AE
C56
F94
478
2BF
F7D
140
FD3
03A
D1A
FC7
3CA
0B6
CFA
096
F34
B71
E66
FC9
3BE
007
F95
214
195
B8B
139
3A3
11A
184
02F
106
E39
B8C
EAD
3D9
E14
F9B
227
F20
D7A
DF4
14A
328
0E1
00F
51F
DDD
D1E
000
1D3
FD1
074
054
11F
DEA
A64
1D2
FD1
F21
136
399
FB8
EC3
E66
1D8
252
E8A
304
2D6
E0F
CAD
FA3
E75
FDA
E7C
1B7
27C
C18
D4A
168
027
EBC
40B
27D
28A
D8D
EA9
1BF
EE3
DD5
2BB
1D0
CD9
E85
D94
FA5
E0D
F78
36A
35C
D0D
07E
221
E1C
07E
17F
3B4
04B
DC0
E9A
0D9
B03
E3D
304
099
F59
EBE
05B
F35
E94
F4B
66C
0D6
F0E
1E1
068
DAB
E8C
0C7
244
04E
C57
1DD
E31
BAF
FA3
2FA
0EA
138
02B
19A
0AC
B62
212
3B3
01D
F27
22A
E59
D34
D12
FB1
2E6
E50
03D
1E6
EF4
B86
1A9
108
240
097
14A
326
E27
BEC
0F6
176
D61
1DD
05F
FC5
C63
CD5
104
1EA
E2C
276
477
D74
F4E
FAD
1C4
0B5
057
1B1
28F
BC3
BE4
0EE
E22
E9F
089
2E1
010
E0F
DC7
350
005
F32
4FB
312
EF6
E6E
F74
F42
009
D4D
3C8
088
C29
E14
047
D79
F00
21C
304
298
CE4
15E
197
E64
F70
499
0C4
EC8
E39
E03
F51
B90
00F
373
0C2
CEE
1AE
FC5
E80
FE7
1E3
4C3
10E
EA3
11C
0B7
AA0
0EC
16A
144
ED6
DF6
FE5
E8D
C2C
022
534
F4D
1D4
1FF
0C2
E25
E96
13E
38E
F5E
EB4
28A
CCB
BB1
E79
0E3
F94
064
F97
291
E4E
C50
2BF
2C6
052
1AA
2CB
F66
E3F
C28
1D7
098
D72
0BA
234
CD6
C71
FDE
010
24E
F84
34C
396
DFE
DC5
284
032
EC2
210
079
0A7
B77
D32
08D
F6F
D1B
3BA
1EA
E94
FA1
FAB
17E
F8A
07A
3EA
33D
BEB
F5E
04E
DDA
F09
0E2
1F2
FDB
D0A
E4E
23C
C64
0AB
381
2DA
FE9
F96
01F
096
E4D
ECE
566
FD0
D5F
F23
F0F
C47
EA5
018
2E9
0C9
D66
206
06F
D4A
040
47A
163
0FA
F0C
082
F1A
B45
032
2EA
EA8
DEE
16E
DFE
E1D
DC8
1C0
41C
022
069
30C
FEE
C0C
16E
128
1E4
ED4
F7D
063
D19
A66
106
1FC
E48
1FF
160
090
E33
EED
181
39E
ED2
238
347
CF2
CD5
F21
065
F72
F8C
FE5
339
C01
D45
1FD
079
FA7
2C3
302
06A
F08
CE9
32E
F22
E4C
27F
1E9
C69
DB9
F37
E6C
013
E8A
411
218
D8F
F2C
28F
E9C
042
329
2DC
1F0
C31
F0C
032
D55
CED
3FE
042
E4D
E99
F34
05B
E3C
093
4C8
334
D7C
270
00C
DCC
E9E
149
251
FC7
D13
F40
010
A74
087
270
193
F97
0D7
0B9
098
D83
0ED
648
F89
FCD
147
F4D
C1E
E79
F5B
239
F2F
E60
275
E9A
C94
02E
39E
120
2AC
08B
2C7
ED1
C26
127
284
E50
FF0
1E1
DCD
DE2
C55
14E
193
EF8
1A7
466
EAE
DAE
1A7
0CC
188
FBE
21F
223
DA2
B4F
10D
F3C
CFB
1CD
151
03D
D29
EA8
131
14E
E28
478
393
DFA
EF9
00D
FAB
EEE
FD1
1C2
29B
AF9
E25
0D7
D80
E74
282
2D2
130
F51
EF4
309
DDF
FD5
453
265
D8E
F2A
E76
DD6
E40
E15
3D6
0D0
D12
F9C
15A
C8C
009
283
32F
242
EBA
156
06F
C42
DF3
3DF
F2B
F21
F71
F52
E14
BF5
FF0
3C8
134
E6F
414
FDE
E22
F46
1BB
2B2
080
F2A
19C
EF9
969
025
0F9
F96
000
112
087
F44
C16
121
401
ECD
267
353
01D
CD0
F0D
FC3
0E4
DE0
05C
2DA
D2D
B8A
017
135
ED6
26F
1DE
395
EC0
DE2
271
11D
E3A
241
35B
E74
E31
C9F
038
E4E
DC8
1C4
3D1
D36
E3D
113
F31
0BF
0A9
439
2E1
EBD
E1E
1D3
D10
D6B
2B0
192
FC8
D8C
EE6
F8C
EA5
D51
538
291
E8D
17F
0D1
EB5
ED5
110
2B0
2C4
C75
0E2
F86
B7F
D45
1F1
0CC
050
030
013
1B2
C00
029
44D
1E0
F4B
2C8
03B
DEC
D7B
E8A
2FC
F07
E80
19E
02F
AA5
FB8
15D
1D1
12C
10F
3D6
032
C8F
FA6
372
E9A
0B6
1D4
02E
DBE
C5D
F3A
130
E4D
EFD
505
E9C
DC0
F6D
164
0A8
118
1CA
3CD
F9A
B5B
148
EAA
DCF
F84
253
F84
E64
C96
07E
040
D15
35E
444
047
EAC
14F
F6A
0AB
E67
239
393
D32
DCB
011
D3B
C2D
1A9
17A
2D0
E66
F63
264
EF1
DB2
3AD
3D8
F2B
106
F85
004
CFE
D7A
1CD
225
CBE
028
0DF
BD5
E8B
01A
302
1FC
0C9
11A
2FF
CC2
E1C
32A
080
FCD
044
055
DE8
C81
C05
35C
F6F
E9A
303
121
DE8
EBF
14D
1CB
222
F90
420
09E
B90
E53
0D5
DEB
F66
128
083
000
B47
F92
1A3
EC0
0D2
55B
12E
F3F
F25
FD6
16B
E11
0DF
32F
019
ABE
009
ECC
D45
FA2
1B5
2E2
F73
E0F
101
181
D03
2CD
3DC
148
F6E
F1D
F79
E95
CBC
004
42B
D1A
F61
06C
EE1
D51
052
282
461
03B
F38
3C3
D81
D40
0FB
2CA
FE8
FFB
EDF
005
CFF
B08
228
1DF
EF8
0EF
321
EAB
FAF
EED
26C
2F3
E8B
1C8
230
C29
C18
0F8
ED7
040
EBF
10B
060
C6D
D4E
28E
0F0
EA8
494
218
073
D8C
FA9
0EC
02C
E0F
315
189
B13
E9F
F49
EC5
F26
166
2BD
256
C84
057
262
DFA
0A0
2F5
2CA
F13
E4B
D3E
0B7
BBD
ED0
3B9
FA1
D75
FD4
037
DE7
FFE
0A0
561
0F2
EB5
19B
0FB
C22
F9F
296
099
FE4
CF2
0AD
DCA
BE6
F4D
426
FA2
039
268
FB3
F97
DC3
215
339
04E
EF8
3A3
D4B
B90
F22
03F
0B4
F69
06A
143
F41
AF5
270
1C7
021
207
339
096
E5D
DB7
011
209
D2B
1FE
1D9
D8A
BD8
FB4
EFC
065
FE5
22E
455
D1C
ECE
22C
040
EA4
38E
249
0AE
D99
D07
0A6
D63
D44
22E
301
CFE
FD0
F87
FC7
F1B
052
47C
327
EA9
FD6
231
BEB
E4E
133
1FE
038
D82
F8F
036
C53
D7A
4B1
0D1
087
122
14B
F14
E3E
FC8
47C
164
E00
296
F17
C1D
D6E
07D
0B2
0F7
ECA
22C
07F
B49
063
2C8
135
0A8
3F6
0EC
05C
BF4
018
20C
D49
FCC
2E5
F30
B9A
F15
EAA
14F
F0E
1FE
45B
FF6
D25
15D
157
D93
215
19A
250
D93
CB6
F58
F79
C45
140
3D8
E48
F98
EC3
0D7
F0A
FA6
29E
586
E34
F5D
224
D8B
D81
FD3
22A
092
EAD
DB5
176
C6F
CBA
2F5
303
049
0D7
15E
FA5
EE6
D43
440
21F
E31
105
15E
C25
C72
F92
027
1AB
DDA
23C
139
C7D
DDF
3B9
10C
0F4
2E7
121
103
BD7
F03
193
F34
D95
385
FC0
D22
DAA
EDB
12C
FC6
0D6
416
2A4
C2C
13F
0AB
F50
038
217
278
FAB
C7C
E85
0D2
B9C
FF2
35C
134
E9E
F77
01C
FDB
F1A
11D
608
FEC
F5C
076
FBF
C3E
F67
0A2
202
F14
CE8
168
E12
B88
04B
3E2
07B
1C6
0C3
18C
F0B
CD0
28A
320
EA3
F84
27F
CDD
CDE
D53
086
0F5
EC9
111
321
DFF
C42
265
0DE
161
102
2C7
180
E13
C06
199
004
CE7
2CC
14C
E20
C6C
EA9
FAD
044
EDB
488
414
CE3
FBB
0F6
F63
F2E
1D9
1DC
1EE
C10
E3C
078
C18
E74
269
24E
F69
011
F37
22F
D79
FEE
585
297
E7C
116
018
CAE
EF2
EEA
2CF
F7D
D98
08A
02B
B2B
EE6
379
0E9
1D8
097
269
F90
CF7
F44
420
F15
012
26D
EC0
D14
BF5
FC1
133
FB7
F4D
480
E8D
CC7
0D1
102
07B
0F5
2C2
279
FDF
ACA
13E
F39
D1B
034
2DA
F27
D8B
E24
F4C
0FC
D4E
3BA
46C
02B
E94
1DE
F4E
EE5
085
19A
2D2
CD6
E05
02C
DE7
BCA
24D
205
098
FE7
F82
245
E0D
EA8
364
400
E09
243
05E
DB3
CE2
E48
1CE
0C6
E4F
067
255
AB5
E94
107
1D3
12F
165
2AC
1F5
D0D
DF8
3E8
EAD
FCF
1C2
139
CFE
CCA
E08
0DC
F01
EAC
4B9
0C4
D5E
F48
14C
F8D
1B5
13C
48C
0B2
B64
038
FFA
CE2
ED9
31F
005
F77
CEE
050
FE4
CD3
1B7
53C
121
ED9
25B
EFA
EF7
DDE
1DF
378
EC1
D26
164
DDA
AA8
0C6
122
1BB
F5A
0FD
150
F1A
C59
31D
38C
F35
224
16E
F6E
C78
D86
00E
245
D48
188
264
C73
D21
FFE
154
089
1A9
21A
41E
D08
E18
284
FA0
EAA
1B5
1E2
EEB
DC5
BDC
184
DE3
E27
396
2E0
E14
FA4
0B1
F83
0CC
FF0
54E
1A3
D95
EEF
14B
BD9
E4F
155
104
079
D46
011
F82
CB0
E79
59F
0CA
080
233
063
F41
D9D
08B
32E
078
D27
288
DAA
B92
E84
0F4
0C6
061
06F
288
07C
BBE
254
240
088
15C
37B
045
E62
CEE
F25
14F
CB0
114
2BC
E81
C5F
02D
F93
02C
FEF
238
544
E8E
E51
192
04F
D0E
23F
184
0B9
DC7
C94
0B9
DB5
D01
279
3DD
EB4
0FF
FD9
0A9
EA3
FB7
399
314
EB7
011
237
B70
E0B
FFE
14A
02C
EBD
FFE
0FD
C0F
DA3
444
064
0E5
259
286
F3A
E76
E76
39C
FD3
E3A
351
F49
C60
CF9
FD9
FBB
0D6
F90
446
141
C30
0C7
195
FB3
0ED
3C0
142
09A
C2C
FC1
F7E
C72
F87
371
F51
D83
010
E63
FE5
DC7
2AD
4AA
0F3
E75
2D6
F57
D07
07B
16C
26F
E76
E5D
042
E2C
A40
1A6
24D
F54
18D
0FC
12E
E00
EEF
249
430
E43
25F
213
D77
C98
EAE
08D
FB2
F1E
00B
2E8
B91
DCD
17B
083
FDD
2B5
32A
18C
E6C
D74
31E
E68
F00
2B1
1E8
C89
E4B
DFA
EC8
E9B
E77
4EC
13A
E37
FC6
229
DA6
0A0
24D
34D
194
D75
06D
FC4
BA4
E0C
3C3
F50
F61
F8B
F63
ED6
D0D
11B
465
125
F72
438
EDF
E21
E84
0E6
1A6
FC0
EE8
1B5
E6C
A09
058
054
FAB
0A3
2AF
187
F7C
C94
205
2DC
E32
31E
3D5
FAD
CF1
F07
E71
FFD
D0C
1A2
378
CEB
DA3
079
F64
E46
250
284
3CA
E63
F69
21E
DDE
D5C
2C7
2B6
E2D
F95
DA5
F8F
C3E
DBF
32A
292
E35
1F2
237
D5E
F63
09A
42F
19A
005
124
124
AC7
D9E
1EE
F2D
04E
F74
144
EFC
C73
E5E
3A7
EEF
11A
4BD
12A
EE8
E74
065
0AA
F5C
EA3
48B
E77
B6E
EB2
F0B
D95
FF6
1D9
2E0
100
CF6
2ED
FD0
DB4
1B9
45F
09B
F94
F14
F3C
E9B
B47
1FB
2B1
EA1
E54
1F9
DE2
DB4
F9D
230
3A1
F12
151
273
E80
C81
328
10B
09B
02D
FCF
011
BB0
C26
1A5
0F6
DC8
37E
1B2
F4D
E1E
FD2
27A
175
FBA
3AF
30E
B79
F14
F50
EBB
E6E
07B
1B9
119
BFB
EF6
256
CD1
0E0
3D1
363
015
010
F97
0EE
D09
FA1
4A5
F8B
DCE
F74
F04
C1B
E9B
FC3
3D0
FC3
F09
295
FEF
D64
0BE
44E
11F
192
F23
1EC
D62
BAF
00B
242
E1F
FD0
224
D70
E30
CFC
1AF
176
003
235
53A
E1F
DDC
19D
F7E
074
F83
291
13C
CC2
B73
196
DD4
D73
28B
1FF
0C6
EC3
009
115
FD2
DF4
583
253
E85
032
FA3
E14
D38
F43
1C5
154
C10
0F4
F79
C64
E92
35C
1EC
173
0D9
14A
1BD
B9C
04E
395
013
ED9
249
EDA
DDD
C43
E54
21D
E5F
051
353
0B4
C5C
11F
070
159
0D6
210
462
F1C
CA4
FC4
089
BC0
1B2
149
09D
DE4
D0F
036
FBF
DB2
285
587
ECE
0A8
084
03B
E58
F82
247
316
D7D
E75
14E
B8F
CFA
FB9
1D2
067
FF7
FAF
27C
D4E
E2A
4B7
205
07A
1AC
1A0
E50
D85
D21
2AA
FFE
E06
250
012
BAE
D93
0E8
002
169
FAA
476
166
CCB
FDD
2AF
ED2
047
2F2
109
01B
B7A
F70
F62
CE3
F76
48F
FCF
EAE
04E
F4A
0D0
E89
2AC
465
109
DCC
297
E26
C55
FA7
10E
1AD
E32
EB9
FFC
E45
AA6
272
26F
039
15E
1E5
0C7
E35
E3C
1B9
3B2
DA2
1FC
164
D0E
C65
EFF
FD3
FF8
F27
186
325
BF2
E8B
1C1
127
FA6
3DA
293
148
D5F
E20
1C8
D2C
EDB
2EE
135
CCF
F68
E33
FBA
DA7
F97
53F
1AB
E6C
166
17A
CFB
060
15F
377
00B
E46
058
F09
ABB
EFB
344
EE8
0CA
FF4
0D1
E70
D3A
110
4A6
F86
10A
3FF
EE3
E22
E06
0B6
028
F3B
F75
299
CC2
B7B
08B
F96
F86
0BC
329
1D1
F41
D66
325
FA9
E62
3BA
285
EFC
E4A
E64
E82
E7B
C80
385
172
D31
F8B
15E
DF2
F02
1BA
2E2
31D
E73
1AC
0F5
C80
D81
35F
FF1
FE3
F5F
EAB
F20
AA3
F41
2F1
084
EE8
43E
02D
E9A
ED0
0AE
2EE
008
01E
305
F87
A0C
020
F11
F0D
F6D
0DB
1D5
E40
BEA
11E
1B3
D5E
319
3E9
1A8
F03
F53
FB2
057
CDA
16B
40B
CA9
E8C
F71
E09
D11
FFA
186
3C9
EC8
00C
300
D45
E96
2B0
323
033
10A
F27
0E3
B9E
CCA
27E
051
E36
170
16F
D51
E4F
E7E
383
11B
03F
433
214
C9F
F34
105
F9C
0D0
FB1
2AE
EE6
B6C
DDD
11E
CBE
0C2
3D6
141
017
E39
14A
0B3
F2B
110
5C6
F7A
E06
014
E4B
DE0
E01
151
291
F06
C9D
2C5
DBB
D24
17A
2D2
210
0F0
0ED
17A
EF4
C08
36D
178
F2B
FC0
113
D89
CBB
CF6
10B
1ED
DBB
33F
24E
DA4
E21
194
0D1
1DB
07B
30E
27A
B77
E5D
0CA
E30
DDC
2E2
044
FE0
CB5
EC3
10C
E22
FEC
4FB
27B
DE5
1FA
FBA
02F
E4A
0F7
3E4
03C
C6A
079
F1D
B0F
FC0
0BC
229
FC4
F50
132
068
B7F
248
46C
F7C
18F
13C
01C
D34
D70
025
32F
D5D
06F
20B
D21
CA5
F5F
0E5
08B
10F
16D
4A9
D52
E8A
1F3
061
F1D
22D
1F3
F94
D21
C57
19F
D39
E0E
297
26E
DAD
F6F
FDE
030
F73
FAD
5BE
1F6
E68
0A4
158
BEB
FA3
052
190
FDF
D1F
0C1
F1B
B8F
EC6
44E
01E
188
14D
147
F69
D11
0B2
371
FC1
F54
3A9
D89
CF2
D3F
049
028
F95
018
37D
E6F
C29
272
06B
064
179
416
23B
F36
C33
188
FDE
CB6
29B
1E7
E88
D2A
E6B
E54
F8E
D6C
406
2C0
E2E
077
1F8
ED6
EAA
24A
242
2F6
D13
043
054
B6D
D0E
229
02D
F33
FF4
F52
0B1
B9C
085
3C6
188
F56
415
0AE
DC2
ED2
F7B
24D
EA3
FAB
286
F52
962
FA5
F20
ECC
0A8
16D
318
F7D
D91
111
24E
D87
33C
38B
0BB
E0F
E73
F30
F3A
D03
0E4
42F
C8A
EDB
009
EE4
E37
137
309
3D0
F6D
009
398
D22
DE4
1AD
257
F40
018
EB2
FF7
B70
CA1
2C1
058
F42
1E3
245
DB5
F44
F4A
3D1
177
FD1
35A
11A
B80
DF2
0FF
E62
0C5
F39
2D1
EAE
BC1
EC0
1EA
DB5
119
4B2
14D
FEB
DA7
117
030
EC2
0D8
4EE
EBC
D7B
F52
D98
DDE
DAB
185
2CF
F8D
D7C
363
E65
D97
265
386
200
098
00F
0A9
E94
B5A
2D5
09B
F00
FC4
0BE
D2F
CFF
DC5
27C
25F
E6A
3C2
229
DE5
DE5
244
032
129
FE1
224
0E1
AB2
DF1
07A
E0B
E93
36C
082
FC6
CF8
01C
198
E8F
0BA
598
1DB
D52
134
E35
FDA
E1B
0EF
2D2
F72
C41
02C
E4E
BD6
07A
1C4
2BE
FD6
FCB
15A
04F
C28
301
433
F69
0EA
060
F4D
CA4
CD1
083
2BB
C7A
106
20E
D08
DC0
02C
18D
1AA
114
1F2
415
C72
E32
1E2
FCF
E6E
1FA
115
EEB
CB2
CDA
1E4
DAC
ED0
3C8
2C4
DE4
FD9
04D
13A
009
0D1
593
12B
D34
FC5
0D9
B64
F6B
0D6
20C
F43
DAE
049
FA0
BF2
082
55E
FF0
13E
096
13F
EB6
D67
135
3EF
E3E
F41
2A0
D18
C5A
D9C
0C4
0D2
FA3
057
371
DCC
CAD
282
0C1
0C4
1A5
328
046
E5E
C4E
24A
F21
D65
1D3
195
DD2
D4C
F11
F2D
09E
EEA
585
292
E4C
FCC
1CA
E54
F68
229
2AD
162
BBB
FC9
F82
BDC
DB1
40F
019
F83
FC5
FC1
FF5
CFF
16E
521
15C
F08
392
F2B
DBA
D8D
02D
22C
EDD
EEB
1B4
EA1
9B5
0FF
0BF
0EF
102
281
1E4
EFB
CEE
20D
27F
DEB
329
26D
FA6
CA2
DAF
ECA
F8B
D8B
1CE
375
C1C
EAD
039
02F
EFA
239
2DB
3CA
D6F
F95
1F4
D1F
E15
262
1EA
EBC
EE1
DDC
FF2
BBB
F0F
412
1EE
E92
1EB
10F
D93
FD9
097
47A
095
F37
1D3
057
A91
F53
069
FCA
035
F43
193
E2D
BED
FB7
3E3
E8F
26D
36E
074
EA9
E3A
130
193
F0F
0D5
3C7
BF9
CDF
EE1
F53
EB7
030
1BB
2E2
E07
D2B
358
F19
F86
32C
481
093
F91
E0D
0D0
DDF
CA1
33F
136
D91
ED1
FFC
CD9
EA5
EE0
40F
20D
EC0
1F2
1A7
CF2
F12
331
0B8
1C6
E4A
0E6
F11
B12
DFC
2B2
F01
F0F
21B
F5B
F63
CFD
10D
31F
119
036
4EF
F62
CED
FFC
F93
033
F01
118
1C1
E71
A1F
0D1
F2C
E3F
16F
315
176
F33
EAF
179
119
D29
415
2DA
F39
E32
FF2
E05
DC5
E4D
205
300
C7C
FA5
089
E4D
DF0
308
2E0
2C0
FAD
0FF
210
C9E
F21
282
17F
E15
0E8
E7A
E2C
BC8
E2A
26A
FB2
EF4
2D1
141
C55
0A1
0AE
33E
0BD
146
2D0
023
A70
FC0
10F
D74
099
0AA
0C9
E33
CDF
F70
1E9
D5C
290
4D3
FBF
F38
FD6
0E2
FAE
F7F
174
474
CD8
DB4
FF2
E1D
CB6
0DF
213
165
F5B
E42
289
D73
EA2
450
42C
FFB
10B
06F
FA1
DDF
D61
382
045
D93
096
0B9
B1F
EA4
F97
1F1
18E
F7D
33A
1B4
D42
EE8
402
FD0
1B1
11B
14E
E2E
BCB
EDB
162
E54
E93
3C4
EAE
DEB
E05
0E3
0EC
09E
1B1
567
FE0
CDD
1B3
FB9
ECC
F74
260
11A
E88
B98
0FD
E56
C5B
1DC
360
021
F85
0C0
03B
079
D90
45F
3F1
ED3
FE4
129
CAE
CDC
FC5
0DE
21D
CF5
016
105
D1A
D11
3DB
175
13B
1B4
160
186
C90
F79
2F9
144
D96
346
F81
D02
CB4
E80
130
FAF
F51
340
15D
BAB
11E
126
0FE
0E0
2E8
2BC
055
C7F
023
196
C4F
116
29D
FDC
CF0
E15
EBD
0B1
D78
243
4E7
F0B
F27
117
043
E59
18E
1D5
3FA
DF1
DF3
0EF
CE7
C19
135
278
F2C
054
E96
165
DA9
EB1
3D5
3CE
EBD
304
1BC
DB3
E78
E76
2C2
043
E66
03C
128
A12
DDF
0F5
086
0BB
08B
2CD
09C
D6F
EAF
499
F0C
159
371
0F3
DE2
D61
E98
0B9
E81
E76
453
E7B
C82
F51
068
ECF
0A6
1F9
3FF
071
CE6
210
014
D92
0CF
3A8
FCB
F19
CB5
020
E10
BD8
233
34B
EDE
ED7
1E3
ECC
F55
F74
3D9
379
F55
FBB
1DB
D15
C5D
1CF
07C
0AF
E37
01E
F9C
CC0
CAE
39D
12D
FED
2B7
0E2
FD7
DAF
010
24C
1BA
DEE
3C4
01B
B8C
DBE
FC3
F7B
FCB
062
208
0E5
A8F
09B
1D3
FB0
088
497
1C8
F82
DEA
F7A
256
CE5
037
320
FA7
B4E
F73
DED
E88
F15
1D0
4C3
F70
E41
1DF
039
DA5
2C4
275
258
F1A
EF0
02C
E04
BE7
1CF
2E7
D0E
FDE
F3D
F2A
D36
F5B
2F3
468
EA3
1E8
301
D21
EED
0A0
27A
08A
FC6
FA5
0B8
AA4
D3A
22F
025
F2D
1D6
1CC
EEA
E47
E35
469
091
0C9
3C9
1E1
C45
ED8
F74
F65
F8B
E9A
2F7
EAF
B58
E3F
139
D79
17B
2CB
244
08F
DBA
16E
113
EA5
08F
4DD
ED8
E39
E36
EB2
E32
DAC
14F
38E
EFB
D0D
2D3
E11
E44
164
3B7
254
0B7
F09
1FA
E03
C75
331
1B0
F01
E90
02D
DC1
D74
D01
2FC
2BF
E17
1DA
1E5
E5E
E0F
1B7
1AE
2CA
EFA
1F0
0D7
B72
CED
1E9
F80
E74
18D
FC7
F99
C2F
EC2
264
0AD
FA1
4E0
17B
DD2
FDB
FDE
1F8
F02
036
262
04C
A50
FCC
F8D
D7E
FDA
246
1FC
F2C
D77
085
284
CF0
34A
476
12D
E93
F98
F10
F74
DD3
0B4
3CC
CF4
DEC
FEC
EA2
C1A
133
202
383
F8C
FD7
2BA
E8B
D58
29A
39F
EA8
052
F0D
F64
BEB
CDA
26B
162
DDC
0E7
150
C17
EE4
FF7
3E0
156
0E6
21D
2E1
BDA
E88
2F3
F71
088
015
0E5
E07
C39
D06
319
E45
F73
421
0E4
E6A
EFA
124
17C
0F5
03F
5B0
F07
C39
F35
051
DF7
FAA
0C4
12A
F2B
AAA
128
FF2
DDF
0FD
5BF
04B
01B
F9D
00C
054
D8D
281
40A
EA9
CB0
114
D0F
DBC
ECD
19B
260
EC0
F25
206
EBF
CA9
423
2FB
1AE
FE9
060
025
DA9
CC9
2AC
1BB
C62
130
FEE
D02
CD5
045
0FF
2B6
EB2
2F7
250
C36
F70
2FD
175
FFC
1BF
074
0B4
ABD
E34
1DD
F27
DEA
2DE
051
D4C
EB8
F17
2DF
FC8
173
49D
195
BFE
0D0
092
EA7
05D
08F
286
E30
BEF
E54
109
C37
17D
34C
108
F30
ED5
16F
087
F0E
1DE
629
DA6
EA7
002
EF8
D3D
F87
17D
238
DDF
C80
1F5
D6E
D58
1EB
3D7
05A
189
FB7
14F
E7D
D98
431
257
EC0
F86
149
BB8
E34
DC1
28A
148
DD0
0FA
153
CBE
E1E
39E
0E1
25E
0C9
226
03C
C7E
D51
36D
F39
E16
23D
F15
D82
C42
F94
159
091
EE3
538
085
D1F
01D
1A8
08C
098
1F5
1CD
FB4
AA2
049
03F
D5F
F57
2CF
F87
E0D
E38
F6E
1DF
DFA
31E
516
086
DA0
176
F1C
F26
FDE
19E
2E9
D5E
D26
02F
E15
B50
27E
1AF
13E
EEF
FBD
0FB
F32
E24
37A
4BA
E7C
13C
020
EBB
CB5
F3B
195
1E7
CE8
F5D
18C
B4A
E89
19E
29C
08A
146
0C4
21B
C66
ED5
458
0AA
F17
124
05B
D0B
D56
DA3
27E
F39
EE8
25F
104
BC3
F3D
276
0F2
27E
047
41F
FAD
C76
EEE
2AB
D3F
FC0
213
F6E
DA8
C4C
FB5
0E2
F01
FA5
567
EF3
E37
062
0B3
FDA
0E6
282
2F0
F1D
B8B
1D5
E02
D39
05B
288
F6A
EBE
D8C
03F
044
CF2
3C7
3F8
04D
F7C
1B4
E8A
FC2
F00
301
2BF
CF5
EDC
05D
CB0
C0D
234
0FE
14E
E63
048
138
E49
DD8
485
2F0
ECC
191
FCC
EEF
C7B
F8E
1FF
0E9
D02
134
024
AF4
E75
0FA
265
0A8
0E7
181
1CE
BEC
036
3BB
01A
FF4
209
0BC
D49
C6F
E35
2FE
DA4
FA0
349
FE3
C4C
FFE
0A4
092
182
0DB
4E0
EF4
D36
069
1A5
CE4
11C
189
05B
DD0
C2C
FD0
FEC
DF2
120
523
E2A
F5F
FF9
0DA
03F
FB0
2E7
39E
E62
CFD
1C9
CF2
D5A
FE2
1EF
FB6
E86
D86
1AB
E1B
D2F
481
351
F9F
010
140
EF2
F92
E80
3E5
1F6
CFE
FD7
008
BC0
CAE
19A
0BF
204
E45
199
0C0
D07
E9C
4C4
1DC
05C
249
FFE
FC3
C58
ED8
239
04E
D26
28B
F88
BC3
E3A
036
244
06B
0D3
28A
187
B14
148
287
02C
0EB
24E
070
DF1
B8F
E79
22A
C88
072
333
F73
C61
FAD
082
1DC
0EC
161
524
EE8
DD8
095
066
DB7
1A0
10E
12D
D28
BDA
0C2
F0D
D37
1C1
448
E35
FD4
EEF
166
FD5
FC8
398
432
D66
DEC
1A8
D11
E40
FB3
1C6
063
E2F
DA2
19C
D86
DAC
482
2CE
0BD
070
171
F6F
EF9
DC9
46E
110
D3C
03F
010
BCE
D00
088
12D
1B0
DD8
24F
05B
CA5
F41
45E
1A0
0B5
218
088
F56
B63
FBA
20A
FA3
D41
275
E5A
C55
DA8
037
25B
01F
0DE
389
0A8
B89
1BC
161
083
109
165
140
E29
B23
EDA
240
C69
144
2CB
F7E
D15
F2E
016
1F2
FB6
215
579
E5F
D6D
094
02C
DEB
1B6
09D
18B
D0F
C57
085
E50
D2C
23B
3F7
E97
FF5
F03
1CC
FC6
FAB
3DA
3EF
DD7
E66
095
CE7
E77
EF7
2B2
0C3
DAC
DDC
1C1
C28
E4B
3E4
26C
0FF
FFD
145
014
ED0
E39
590
107
D80
00A
F21
C38
D52
FCD
1C9
1BB
DF6
2B4
03D
C82
F41
414
1A5
12A
12F
096
01E
B40
F9B
296
F59
DEB
2A6
E52
D57
D93
FE7
2FC
032
094
3AF
0BA
C06
1EF
19F
161
072
169
1AA
E2E
ADF
F7A
1BD
C9A
20D
197
FFB
D5D
E5B
06C
276
F5A
271
51C
E41
DCC
02E
024
E7B
0A9
04E
28F
C16
C08
0C9
EB4
D63
282
312
F80
03C
DD3
23D
FAC
F28
40E
476
D87
EB6
FF4
D69
ED2
E53
298
0BE
D54
E0E
1E8
C79
E4A
3BB
2E5
20B
F29
0B5
121
E04
D9A
51B
0BF
E43
F91
F62
D1F
C9B
F79
281
1AC
D4A
306
029
D32
FAC
375
1C9
1B8
024
0D5
090
A84
F89
254
FD7
E60
1FE
E32
E01
C3C
06D
3EA
FB3
06E
3CE
091
C42
137
0CE
2B5
028
035
255
E21
ABB
F8A
134
D3A
159
113
0B0
D7F
DC4
084
2BA
F5C
266
47E
E4B
E07
F1B
0A8
F66
FEE
06C
2F5
C1F
C09
0AA
ED1
E69
21A
33D
0D3
FB3
DE6
2C9
FBC
EF7
3A7
3C0
E5B
E99
F7D
E44
EDA
D16
323
1AF
C68
DF0
1F6
D45
F04
252
2D1
2CD
E38
061
171
E8E
DCC
4C7
117
ECB
F7B
ED5
E2C
CA9
ED0
358
158
CE8
269
029
E86
F83
2E6
2E6
1D6
EDF
0E3
0C6
A9B
FEF
265
084
E42
0A4
F07
EC0
C02
05F
42B
046
093
3A2
0D5
CF6
03A
04C
300
F6A
FAB
230
EA6
A88
F19
17C
E4C
15A
076
1C9
E40
CF8
10F
36E
F5C
224
478
F4D
E44
DAC
0A5
F83
EDA
FAC
387
BED
B86
053
F10
F0E
0D8
321
218
F48
CE8
394
FCD
F1B
33B
361
F5F
D9D
E07
F0E
F99
CA4
346
286
D9B
D6E
117
E33
FC2
1AC
346
399
D6D
00B
134
E2F
D59
386
103
FCB
DA4
E24
F74
C9D
E7A
3CD
2C7
D1B
28D
008
EF5
E4C
134
39F
22F
E5F
0D3
075
A9A
EFD
11F
111
F72
F01
F59
FE2
BC9
F6D
522
064
0A3
1DC
0FC
DC2
EC6
FD0
3F0
F50
E98
29C
E3D
AC2
ECA
1E6
F7F
0D3
FEB
332
EFD
C75
156
32A
FDD
1FE
374
FEC
EB0
BCB
0E4
0D6
E12
F24
3D8
D23
C29
F37
FFD
0C4
035
293
39D
F67
C86
316
035
F24
255
28B
05C
CDD
D1F
FB2
FEA
C5D
33C
1FE
E16
E0A
038
FF9
0A2
099
37F
4BF
D16
F21
122
E84
D72
234
0E5
01B
CC0
D2D
0CC
C97
E2D
371
35D
E6E
0E3
F97
097
F2A
FAF
491
1F4
D9C
FDE
07D
B1D
EA1
FAD
274
FAA
E0E
F9A
0F0
C3D
E88
4EB
120
19C
0E0
186
EFE
DB1
EE5
40A
FE1
D82
1BA
E7F
C63
CFF
0BF
1BC
13B
E9A
37D
FDD
C41
0FC
2EF
131
10A
1FE
057
F72
A89
082
1E5
E05
F4C
28B
E7E
CDE
E98
FF1
355
F2F
248
433
F61
C28
17A
0BD
F5B
110
11E
21B
D1D
BDD
F3F
09E
C73
2AF
252
03A
E60
E99
17C
126
F59
30F
540
D30
E77
FF9
F3B
E2A
F8C
12D
1E9
D01
C62
191
D44
E96
2AB
3B8
064
045
F32
1B1
F11
DDB
4A8
1D2
E55
EAE
006
C9C
E35
E21
2F0
13A
D75
079
159
D50
F03
3BD
223
263
EFB
108
086
C5E
DDA
34D
05B
E28
14A
E3A
E7D
C06
01D
33B
1ED
E91
3C2
10A
CEC
057
16D
2E3
0A3
064
0C9
031
98B
F25
129
EDC
F8C
17E
0A6
E6D
D38
FD7
476
EE7
1B3
3D5
03E
CBA
F16
058
09E
F8F
EF9
3A4
D23
B4D
F1D
0ED
E08
198
248
228
F91
CBB
278
1B7
F2E
20B
4D4
E26
E7A
D99
F4D
F60
D5A
144
29C
DB5
C93
1E2
E89
FE1
0F2
3E2
337
EFE
E2C
23E
EB6
C8B
396
15A
F93
DA2
E7C
EFA
E84
CEC
3A6
2E4
DAB
084
0CD
F6C
EAB
18D
314
348
D25
025
173
BD3
D85
138
1B2
F5F
FB8
E92
0F9
C04
F39
401
267
01B
246
179
EC6
F05
EA4
419
01B
E7C
13C
037
A75
DEC
0DC
064
105
F7C
2DC
018
CE2
FD7
430
FFB
15E
289
0AE
F05
C02
EBB
180
EF9
E14
3E1
E4B
C87
E88
0B7
0C5
05E
205
3F2
0E6
B6F
209
11A
F33
082
2C4
045
DFF
BE8
F96
100
C5F
1DE
341
FE6
D8A
FDE
FA1
161
F4C
2D2
545
E15
DFE
065
F9C
C96
0D9
0D6
279
D3F
D32
0E9
E42
D0D
272
46F
FEB
0F2
F32
1D7
EB4
EB1
314
380
D6F
ED0
0A5
C1B
DD0
EA8
283
118
E44
F52
2F7
D35
DDE
365
25C
20A
003
14A
FDB
D71
C7E
43E
FF1
DD9
0D0
005
D93
C6F
FAD
271
2D0
E2C
406
18F
CFB
E44
240
14A
0B6
087
0BF
0A2
9E8
E93
0C4
F0C
EAA
273
089
EE7
D42
FA5
3C4
FB8
103
42C
1CF
C63
FC8
F44
0A4
F41
F5F
2FE
E79
BE0
F43
14B
C96
1A8
218
2F8
F82
D6D
0ED
1CF
E0F
15A
4DD
F35
EAA
DD9
F5E
E94
DB0
028
435
E46
CD0
1F0
EDA
EA2
05C
3AE
297
0F8
DF0
23A
EE0
BFF
248
223
FD1
DF8
F7B
EB0
E54
C25
394
332
EA8
114
247
EEE
E28
082
202
3D0
DD4
0B0
10E
C65
B93
0E5
0A0
F87
05A
F61
186
C81
E25
37F
2DC
F4E
33E
1CD
EB7
E2E
DA9
2B7
01B
E8D
1AE
141
A43
E02
FA9
08E
09B
01C
349
1AD
D08
E8F
3BF
F21
0CE
23F
207
EFE
C5A
E04
0AB
E7C
E01
47B
F70
DDB
E32
06C
FED
05A
0FC
52D
1CF
C44
13D
FE5
E6A
F03
200
0CE
FF5
C01
F9B
FE9
BB6
0DE
3F8
120
EF1
14D
F7F
125
D98
237
537
FBC
E71
0FC
E7F
C26
F30
F9F
30A
DD7
E61
117
EE6
C07
1E9
420
0B2
1B9
FEF
1F1
DF6
D27
17F
32E
D47
019
0F0
D1D
D95
D2E
1D1
1CB
FAA
0CD
3CD
D84
D9B
1B3
155
1E7
054
1B9
0E0
D0D
B85
20B
F42
E5C
0C8
0F0
EED
D17
E65
202
1C8
E8F
517
245
E48
E8E
0A7
F97
001
F0E
20F
193
A6A
EC4
FE1
E7C
E8C
2E3
205
168
DD1
F74
267
E15
02F
456
27D
D66
FB3
E3F
F60
CF1
E4A
3DB
044
C6B
FC6
069
CE6
0C6
17F
48F
1C1
E76
1B8
0A5
C98
019
42D
F61
04C
E34
014
D7C
C3F
F3B
3F3
F84
F84
303
F8D
F21
E92
2D4
321
0E0
F3C
2C7
E92
B6A
FF3
054
0CC
F41
043
0ED
EAA
ABB
248
215
FEE
285
320
104
E7B
E7B
099
2F5
D28
1C1
1C6
D28
C43
F22
F92
FE8
FEF
14E
453
D18
E57
207
0C1
F23
2CF
24E
111
D99
BFB
177
DDF
D63
1F0
29E
D33
EEB
E63
04D
FB9
F32
4F8
29A
E47
F29
1F6
CF4
F6E
096
27A
05C
CC2
EE9
FCA
C15
D5A
3C5
158
151
F2A
0D2
071
DBF
F95
56B
1DE
E2C
218
EFE
E38
C73
010
1B3
03F
D19
249
021
B28
02D
1B6
2B9
0DA
177
1AF
0ED
B63
FE8
29A
E85
037
0FC
FB6
CDB
CB8
E5D
2C2
E4C
114
420
FD3
D4B
F68
12E
094
11E
0A9
4C1
D79
C01
F7E
007
D5D
FFD
1FF
08F
F2B
C10
24D
083
ECF
2AC
544
FB1
F7F
F39
FAA
005
CDD
2D0
285
D5E
C80
135
CCD
E4B
021
2AC
316
E89
FF0
1C1
EFF
D47
432
221
105
EF3
F02
003
C72
CF3
243
26E
CFA
157
027
EAC
D97
028
350
309
F0D
1F2
273
B9C
EAE
0A7
1BB
FDA
F71
FB5
08F
B46
DBE
34A
005
095
1D3
285
FC0
E25
F57
43E
FD9
F59
40F
FEF
CDD
D2D
F60
F08
F9F
E83
399
FDF
B9B
FB9
1D9
F97
16F
37A
2AE
0D9
BA6
0C3
0A9
D3E
F2D
360
F35
DC8
E4D
DCD
055
C8B
1EB
42E
058
E87
1E3
F8D
EAA
050
1B6
422
E62
DDD
077
E7E
A46
1AF
189
0C8
FD3
EDE
1BE
EEF
D8E
296
546
EF3
227
134
F78
DEB
D83
161
1B4
E17
EFB
24C
B3E
CCD
F78
1E1
17D
0C1
240
332
E20
D31
368
02C
03A
0DA
1A0
EE6
C5D
C20
1A4
FC4
D48
397
16C
E17
DEB
04B
0C8
19E
F9B
4B6
29F
C6A
F08
038
ECE
E3F
0F2
12B
0EC
B52
F26
137
D8C
FAC
3E6
303
FE6
036
FB9
1CD
DA1
013
4FB
05A
D08
FCD
ED0
CC3
E14
F13
3DD
FED
E21
156
0C1
C66
0AF
397
1F4
199
EBD
1D6
EEE
BCB
F42
38B
E0B
FD6
098
F21
DF3
C50
191
357
01E
0AB
4E2
E3B
DFA
FB7
0E4
201
F17
0AE
1BC
D6F
A19
144
EBD
FA1
072
1EC
1AC
ECB
DA7
197
203
D9C
46F
294
FD6
DB0
ED4
F40
F28
D60
1B9
2D7
BEA
EA6
024
FB6
E94
23F
32F
3CB
E0E
F8B
291
CFB
E88
236
240
F0E
EEA
D3E
0AD
C5A
DA0
438
1BA
ED9
11C
15A
E9E
F52
F72
54D
175
E24
187
02E
BB5
DFC
0F1
06E
122
DF5
1BF
FB2
BD3
F0E
42D
081
13A
2D2
100
096
BB8
098
1D6
EF8
EA7
3A3
EA6
CA2
DF6
EA7
17B
EC8
145
3E6
11A
BBF
16A
0F5
024
12F
19C
321
E17
C22
F2E
FE3
B92
1C1
227
06A
EE7
E86
0A8
0A6
E94
2A8
5E3
EC2
FF7
035
F57
E02
EE1
180
2AC
DB2
CF5
20D
C62
D7C
0F4
28C
12C
0D4
04B
274
E74
CDF
3D8
1A6
F2C
017
0D0
DE5
D40
C41
21F
15D
DD4
208
11E
DE3
D79
14E
18C
2D7
F42
395
1E6
B7B
DDB
13D
F4B
EA8
0E2
FE9
05C
ABF
E81
214
F22
FA1
4A2
233
EDE
FA4
ED1
298
E15
086
406
141
BBE
F5F
F0E
D64
EDB
017
3E8
FE9
DD9
076
1B9
CB2
15C
3A0
255
055
DB0
07A
ED7
BDD
EF3
41A
E51
F2B
FF9
F67
E2A
E1D
20D
3DF
08B
F40
440
E20
DEE
FB3
1E0
18C
F70
FA8
14A
DAA
A58
10A
027
FFE
0C4
233
0D1
E9F
D88
27D
2D8
E2C
3A4
2B8
EDE
C67
EAC
F60
FE2
DA9
1A0
301
BC2
E27
024
00E
F5D
2D0
289
349
D3C
F03
254
DD3
E65
211
1DE
E5D
E54
D07
0FC
D4D
DE5
48A
226
E91
0FE
145
EB0
FA6
F6E
4EE
15F
DFC
066
059
B18
DB9
186
090
117
D7C
1F1
FDF
C93
F53
493
039
117
2DD
07E
00A
B64
FEB
206
EE7
E49
330
EDB
C39
E10
F6C
179
F73
175
3EA
089
C1B
224
0B6
010
0CD
1DA
1C4
E11
C6B
F90
03D
B79
1FA
2D3
021
E74
F17
0A0
083
E8B
2D7
60D
DD8
FDB
FF4
F03
D6D
F66
170
291
D99
DE9
1FF
C4B
DD6
148
339
120
169
054
1E1
E43
D22
3C9
1AF
F44
078
09F
D5E
D39
CB1
210
13E
E95
2F7
225
DE2
DBB
1E2
1A0
2C7
F83
396
0E9
B67
DB2
187
E1D
E91
216
015
FF5
BC1
F20
250
F55
010
554
25F
EAD
FA5
F4B
16B
DD5
050
2EB
05C
B22
FEF
E8A
CC5
F80
0C1
3D0
FE9
EC1
0F7
1C9
C64
14B
2FF
169
011
F07
023
DBE
BE1
F85
446
DB1
FDE
0D2
EFE
DE4
E89
1F3
3F5
FF3
05F
48F
DA1
CC2
F8B
12D
FD6
F64
FCB
0F5
CD6
A39
1AF
FF7
FA0
1F9
378
09A
EE2
E56
24A
19E
D9B
384
23D
E34
C9A
F49
E56
F57
DDA
2FF
2AE
CA1
F7E
15D
F70
F06
348
2DB
307
D5A
F20
16F
C8E
DCE
299
120
DC5
FA1
E24
FEA
C45
F9F
494
28A
F4B
252
17E
DDE
FC5
FE1
436
FAD
E4D
0FB
FAA
A2F
E38
144
FCE
148
FFE
2A6
03E
D1B
035
45E
F03
16E
36B
FAC
E98
C43
F25
06B
E3E
F38
443
D87
CEE
F80
FBE
0B4
039
2A2
3E4
062
C06
29C
F36
DB9
0E8
26A
0E7
E01
D3F
FCE
EEB
B76
3A8
2F6
08D
010
113
049
F56
E1B
313
41B
D8B
0A4
04E
D12
BC7
083
0AD
1E2
DD9
FA2
229
C55
E3D
2D4
328
0E5
28E
130
1A5
C5A
D6A
293
F67
E85
165
159
BDA
D82
E25
243
FB6
FC9
483
222
D12
FA0
1B5
F51
102
059
3EF
006
B54
E61
0BA
CAE
ED5
391
0E9
032
D64
12C
0BF
E72
05A
5AD
06A
EC4
0E8
E56
E7E
CAB
0A6
286
F8F
CE3
23F
E2E
D04
FFC
225
2D8
08C
071
1AB
002
B40
27D
27D
F8D
02F
054
F52
C91
BD1
FFB
294
D0D
2A2
2DB
EE2
D6D
039
187
18D
082
1F0
41B
BCB
D6A
02D
F0D
DD0
0F6
138
146
CFD
D05
24E
E58
F6E
3C2
427
F15
018
F6E
0F2
E74
DB2
3D3
13D
D09
E8B
060
C41
E77
FC1
3D1
165
E75
1CE
1CB
D49
EE9
3A6
156
153
E56
084
EF2
ABF
E89
2C8
F3F
ED5
2E1
FAA
F7F
CD6
16A
34C
0E3
074
50D
031
BE8
FD3
F24
063
EEA
036
173
F61
A9C
0F3
052
DC9
1D7
335
2C5
F7B
EC1
0D2
198
C76
294
398
EB7
DE2
E5F
E83
D78
E6C
10A
4A4
D58
FDA
173
F40
E05
1B6
308
2B8
F99
F2D
25B
BFC
C79
184
1F0
E7A
057
FD1
003
D75
D08
3AE
216
FF5
2BA
354
DCD
F07
ED7
1B2
0EC
DFA
282
085
B59
C64
1A4
E9D
05A
0E5
348
19C
CD8
F62
2FE
F92
F8F
52C
0C9
F51
C97
EE2
F96
D63
F15
3C2
079
CCD
0E9
F89
F74
F3C
247
455
13A
DAC
1FA
FED
BC9
094
1BB
163
EDB
EED
F88
EC8
AAA
128
410
FB6
0F1
250
129
E30
EFD
0F9
41B
E2D
0C0
301
D79
C35
F0C
02E
FCD
FE5
075
3C2
CF2
D93
213
18F
F95
2D9
324
07F
ECA
CB7
20C
E69
D73
1C4
28B
D55
E09
F24
F4A
09A
EE5
507
389
EA4
022
216
DD8
F65
154
244
0ED
CE0
EC3
FE8
C23
CCB
3F2
075
04B
074
10B
0B9
D2B
FDF
4C2
1F8
EBF
394
F15
CEA
CEC
FA8
107
F6C
F3D
278
004
A5C
042
14E
0CE
11E
2DA
256
053
C62
078
1CF
CF0
0FE
1F9
F6A
CE1
DCA
EA1
0BE
D91
1F5
522
F2E
E7A
0A8
012
E90
190
1B3
408
DC7
DBA
0E9
D6E
C08
0B5
263
F59
014
E55
1E1
DFB
DC3
37A
427
F3A
155
1FA
E0C
DEE
D2A
250
0CA
E0E
075
1D1
B90
D4F
0E9
0C1
26F
096
32C
1D1
DBA
D8B
3BF
F42
002
286
0BB
F4A
BDD
E31
048
EE0
D81
506
085
E02
F90
03B
0A2
086
101
486
24B
BF2
10A
F6D
D15
E8A
1DB
11E
FDD
D33
026
09A
B5C
1F3
411
1BF
FEF
1EE
FBA
F52
D28
0AA
36E
E09
F84
118
E61
B13
F1F
FE2
2CC
FAE
097
39C
ED9
D36
1E1
2D1
F18
224
0AB
19C
CF7
C3E
0CD
FED
CE9
1AE
329
D1D
E93
ED2
1A9
03D
01C
394
475
DD1
E88
1CD
DC4
EF6
028
2C8
0DC
D59
D78
136
C48
E23
344
23D
0EB
01B
126
061
EA1
E65
552
0D3
E2A
101
FFB
C83
CB5
FF0
140
18A
D68
2E0
01A
BEB
F7B
319
152
1A7
1DC
16B
08B
A80
FD8
1AB
E34
EF9
2CB
E84
D3F
D4B
F9E
219
E52
222
4DB
07D
CDA
221
FD6
F71
FBA
1AD
306
DCA
C6E
FBA
F85
B62
27B
203
172
EF3
F2A
161
F48
DCD
337
4E6
EA4
08F
047
ECA
CB9
E2E
12E
20E
DB8
F41
236
BE5
E0F
179
2E1
16A
1D5
157
271
D0F
D7D
2FA
01C
F2C
0CD
09E
D24
CE9
CFC
276
F7C
EE7
3FE
229
D8F
F4B
1CF
FAB
189
FCF
44A
04F
C49
E9C
06B
C75
EFF
26F
071
03E
CD3
051
101
E05
0A4
5AB
10D
F1A
163
F0E
F0C
D41
0DC
2D4
FAA
CD9
1F5
D76
B9D
04E
1DD
28B
02C
137
299
FFA
B8F
2BD
263
F1C
09D
15E
F1E
CBB
C7A
FFD
1AE
CE5
21E
2D6
E17
D31
0F4
138
188
0FE
238
427
C96
DBA
0D5
F30
D59
209
0EE
00D
CD2
DB2
160
E5D
EBD
3E5
404
E48
152
F8F
069
EAF
ED4
390
17F
C96
EF5
060
AFE
EA7
048
281
0F7
F79
173
136
CFC
F76
522
081
111
123
063
DA1
CE0
E6F
2A2
E54
EC3
36E
EB5
D29
E73
145
15C
1CD
0E5
525
F8D
C15
0EA
11E
EA2
015
210
FD1
E62
B61
0C4
F91
D4D
21A
442
FE4
F22
0A8
012
10C
E4F
363
382
EB3
D60
120
CE2
CA9
08C
188
252
D5F
FD0
15A
EA0
D0F
4BE
2CD
01C
16A
0D8
027
C93
E35
1E1
1CD
C8C
192
FF1
C7F
D11
FBF
1D2
164
FE4
2B5
32F
B74
006
29D
097
021
215
0D7
F89
BC3
DB1
21D
CE0
F84
331
104
D63
F84
FF0
151
FA2
15E
5B4
050
D28
012
00B
C06
006
03D
227
F2F
D0D
05F
ED9
CD4
0FB
506
FCF
139
026
12F
F35
D99
1B2
3F9
E64
E72
1F4
C91
C74
DE0
1A8
177
F62
FF3
35E
DC8
D32
337
152
0FC
1A4
2A9
014
DD7
BF8
1EF
F64
D6A
1F8
16B
D6C
CED
F57
050
199
F8D
57B
308
D9E
F45
194
E4F
F06
229
131
0CD
BD3
F0C
FE1
C82
DA5
4A3
1F6
F79
093
FED
08A
DBD
0F8
495
1C9
D9D
26F
EAE
BC1
E5D
0F6
1C8
F70
EDD
0E8
06A
AE8
1F1
2F0
0FB
17D
2B6
134
EB1
C97
FE6
2E3
D06
135
26B
E11
B83
EC8
FA8
144
FB3
160
4A4
E31
E3B
18C
0F2
ECD
27B
196
1D9
D37
C9D
054
DCA
D16
222
379
D80
FC0
EEC
0E4
F25
FD8
488
430
E74
FDB
1D2
C1B
EAE
FA2
239
01F
DF2
E81
05F
B1C
DE0
432
14A
0FC
14F
1F0
F04
E4B
EF0
4BF
041
EAE
254
F0F
BCC
CD0
02C
016
0D1
EA0
41D
FCE
BFD
025
2D9
F9F
15B
37E
187
FFB
BFE
048
024
DA8
FA2
400
E09
CF1
F23
ED6
026
EA6
377
4A8
062
DD3
33A
E72
E7D
11C
1F2
151
E2B
DFF
004
D93
AD9
2D7
1EE
002
04C
12F
FC8
F12
FAA
36F
424
DBF
240
14D
CB6
C6B
0B2
F7E
08D
ED2
066
14C
B12
E7C
322
183
F9A
398
1B1
0E6
D03
E9C
276
F7C
EE4
324
0F8
B2D
E87
DF5
00A
F3A
0A3
3EB
16E
CD2
079
208
D8F
1E1
301
2CE
FB0
D95
F05
01A
B8A
FB0
3F2
EA6
F04
026
FBF
DC2
F3F
15D
5DA
FAD
F7D
2F7
E51
D11
052
1FE
055
056
DBA
17D
C94
BB2
16D
2BA
EB7
18C
2F1
F9D
EEE
E28
3AF
195
F8C
178
334
B7C
C64
FCF
F1C
FB7
F11
28C
111
D16
D46
392
F33
026
3C2
2D4
032
E0B
EF8
066
F72
D82
437
067
CF0
EAC
FA4
D78
F4B
0F3
3B2
23C
CE7
24D
0B0
D80
FE0
4A6
114
077
EA6
F40
EF6
AC5
FB9
340
F4D
E2A
2C7
EE4
E6A
F10
201
42C
0A0
072
2F3
F42
B3E
0EC
FD1
066
F24
076
066
DC8
AEF
11A
1E4
E0C
304
338
0BE
E2C
FDF
0E5
203
E4E
266
305
C9B
D0C
F8E
E91
DC5
0E6
164
263
CA6
EC5
225
ED3
F39
426
37D
F7B
FF4
ED1
028
CAB
E6C
2F4
18B
C42
033
000
C89
F2B
0C4
400
1C0
FEF
18A
1D7
BAE
02B
310
0A9
FD8
F72
040
E5B
B94
E2C
34C
DF7
FBC
2DB
FD4
D67
F15
18C
300
0E7
005
514
E25
C06
F88
129
DD9
058
10A
0F0
DEE
B95
15D
043
EF0
1E0
522
F17
FC1
F74
07E
02C
E64
2DC
300
D8A
D00
12E
C80
E2B
0C6
272
1B7
EF0
F2A
1E0
E95
DA9
52E
25E
060
F9E
04B
E0A
D5D
D6C
314
0CD
CFE
185
01A
C8F
D3C
238
197
2B9
FA0
2E1
11B
C0F
F8E
304
01D
F35
2A8
F2D
E2A
ACF
ED9
18A
F59
EF6
462
FF2
C87
057
026
1CB
FA7
245
380
FE4
AEA
0B6
FA4
C8A
080
181
0A3
D81
DF1
FB4
0F0
C6F
39C
4EE
032
FC9
105
ED2
ECC
F85
155
39F
CDC
EC9
05B
D03
BE2
1DA
1D3
0B7
025
F70
251
D4A
E4D
3E2
35D
E85
268
053
DDF
CC9
E51
1B8
FFC
E46
0E8
182
AD8
F2E
157
1A8
109
1B9
275
15A
C79
E45
35D
D8F
FF3
1C1
0B9
C57
D1E
DC7
119
E98
FCF
534
000
DB1
008
15D
F03
1E3
196
36F
F4E
C7F
049
EED
BD9
FD7
37D
ECF
F2C
E05
04F
F35
E39
2B3
554
F18
F9D
272
E28
E23
F94
29B
1A7
E73
DD0
1F6
BBA
BD2
2B7
11B
0A7
05C
156
033
EDF
D21
462
211
F1E
227
13E
C97
D26
F57
072
11A
E03
26C
075
BA2
DB9
30D
F3F
122
35B
2A5
118
C67
FB3
187
EF2
E2C
47A
F15
CFD
DFF
EB5
FC8
E93
0EE
418
162
C25
265
FDE
EC2
08E
307
279
FC5
D93
F94
F0A
A92
16F
28D
FBE
E48
067
E91
F45
E1E
2D8
546
F5A
106
28A
E9D
C42
154
103
1BB
EB5
F1E
0AA
C36
BA8
254
1B4
E7C
253
0F5
08A
DD9
F63
2DD
20F
EF1
336
209
B50
DBA
EF1
02E
E8B
FD7
10E
18E
AF8
EDD
1F6
F14
0CE
37E
30B
F53
F0C
EC3
2D0
DD1
F85
433
017
BC8
EE3
EB8
D5F
FF7
055
470
FE8
E80
113
17C
CE8
1D2
34D
1AB
008
E1C
03A
DAB
C34
F89
3E2
D1B
F85
039
E91
D78
F2B
2F8
398
066
FCB
43E
D08
D17
0DF
1DD
FF8
00E
FED
FF3
CE1
B34
2E1
04F
EEE
1AD
348
E32
EB7
F49
26A
1B2
F12
378
1EC
C4E
D2A
174
DBD
FC7
038
1EB
036
C28
EA2
25D
F0F
FFB
5C7
15C
F80
EFE
089
00B
F2C
F5D
493
FD3
B70
04B
E53
D72
EFE
2DE
1CD
0E4
D49
222
0BE
CB1
21C
435
06D
F92
08C
EBD
EC6
BF9
146
285
E11
E2A
1DE
DFF
CB6
102
178
391
FED
1AB
239
E7B
BC5
2E6
157
EF3
0CA
00D
F31
C10
CCC
0C6
0FA
D64
30C
1DA
DD4
E7B
147
152
13D
104
227
27A
B18
EB2
0CD
EF5
E82
27E
0CF
F2A
C98
E64
23F
DDD
0D5
49C
2C6
CF1
121
F93
021
F15
0E9
402
F49
BD0
F98
F68
AD8
0B8
1A8
25B
F41
EE8
10B
097
D5D
23E
58F
FAA
070
052
F74
CA2
DE4
FF3
312
DA4
EE2
1D6
CC6
C97
095
293
0DA
218
063
29B
D4E
DAA
2F4
1F9
E7E
14F
11C
D32
D51
CCB
1FD
02C
E45
232
2E9
C4A
EE0
248
0DC
1B0
126
3C3
101
D23
DBD
293
D33
EF4
27C
06E
DBE
CD4
F6C
05D
F8A
F6D
681
080
E1B
07C
0FA
EF4
039
1F7
2B3
012
B3E
0CA
E8B
C29
FBA
3B4
F8B
FAA
F3A
08A
00C
D8B
313
508
FD7
F58
2A5
D29
DE3
EC3
1BD
181
E37
EE7
143
CEB
B68
31F
156
148
07C
21F
0E4
EC1
D93
3AF
232
DC0
23D
0B3
D38
C03
FBC
03E
0F2
E2A
29E
147
BD8
F07
26D
106
0AF
365
1FA
15A
C06
F30
194
E9D
E85
374
FBC
C58
E45
E2E
0AC
E7C
152
3FC
17A
C82
1FE
100
E6C
156
240
314
EDB
DBE
F83
F7C
A7A
15B
27F
F23
E9E
FEC
FCC
EDD
EBA
254
555
E88
04B
1AC
E66
CB0
0F3
129
135
E8E
E5B
112
BC9
CBC
23D
2E7
E81
1E9
08F
0AD
E84
F09
42F
1E0
ECB
1F3
243
AE0
E3B
F66
0BA
F61
F92
113
100
B8C
E76
398
F32
1DD
2EA
290
F86
E3F
EF4
244
EF3
F8E
3CC
E8E
BED
D99
FB2
E34
08F
025
492
F99
D28
13F
0C1
F05
1D8
443
0E8
F79
CB6
01C
E3D
CF7
10E
3AC
DD3
E11
031
E30
F1F
ED8
3D5
409
FA8
EC5
324
D4F
DFE
20A
256
059
EA6
F0D
F65
D1D
BB2
3F2
0E8
EE3
154
173
EA6
EA0
017
388
340
E26
2D1
0AB
C57
D93
1B2
FD9
063
F22
09B
FAC
AFB
F6B
2BE
FF5
FE2
484
074
F62
E52
0D0
266
F84
006
3B5
F08
AC4
FAF
EA6
F7A
EDB
187
253
F25
C86
1E7
1D4
DCD
362
3F8
123
DDF
EF7
F80
FEB
D04
196
331
CCB
D81
FE9
ED6
DBC
148
247
407
DC5
022
245
E74
E0F
3C0
334
F5B
F68
E0E
057
B95
DC1
2E7
208
D41
14D
05F
DD0
ED7
0C8
447
1E0
F89
141
185
B3C
F9B
1C1
082
FD4
F8B
026
E76
BC6
EF7
3D0
E1E
0DB
2A1
0BB
DAD
FA7
0DE
2C6
00C
068
3F7
D83
BB2
F19
0E2
D89
090
FEC
175
D64
C0B
1B7
143
F4C
2C7
45B
F1E
F6B
E4E
131
FF0
EA1
224
2BA
C39
CC9
037
D44
F2B
06E
2FA
145
E2B
EC5
2D1
E83
F55
502
215
FC4
EAF
F5F
EE6
E30
D3E
470
056
CBB
07A
FCC
D14
EC4
25B
317
269
DF6
26F
059
D17
FC8
426
011
01E
042
E9D
EC8
B3B
042
274
FA2
ECA
313
E76
E03
F95
1B9
3A6
FA7
183
285
EBA
AF4
1C1
004
F03
003
08C
012
CBC
C85
136
20F
DF8
3C2
2CD
FDF
E7C
058
137
149
ECF
2A5
2FF
B0A
DA3
FB3
F28
E90
20E
114
109
C67
EEA
265
F07
03A
50B
2D7
E1B
FD5
E87
09E
DAD
FB9
2F6
036
B67
F84
FAE
C4B
009
12F
382
FCD
EC6
0F0
149
C6C
1F3
409
078
029
F0E
F46
DC1
CC3
F7A
3EF
D63
F60
128
DB6
D59
061
2AF
27E
0B4
024
3C7
D2D
D1B
173
225
EF1
076
FE1
F13
CCA
BC3
2C2
06A
EE6
136
318
D27
E95
FFC
23D
1FD
FE0
304
184
C15
D35
211
E11
F92
0E8
0E6
F3A
BF6
E30
210
F6E
FA8
597
163
F9A
F12
07B
01B
05B
FD5
43E
F5A
B60
009
E8E
D67
F2C
267
175
020
C7C
16F
0A6
DE7
291
49A
0F5
F84
02A
ECF
FCE
C7B
242
2C4
D7A
DC6
05D
CD9
CF4
0AD
1ED
396
EF3
0F9
1DD
EEB
D4E
455
242
060
021
F3F
F46
BF1
D1D
24E
204
CBD
1DE
05A
D52
DEC
0E7
2B3
21C
000
205
250
B19
F9E
129
01C
F85
116
FF9
ECB
B0C
E7E
28B
E1E
0F6
37D
10B
D6D
039
05A
2B1
FBD
0C4
448
EE0
BD2
F36
FBA
D21
02D
056
216
D3B
C9B
0D6
0E4
E08
31E
4D2
FA9
003
E64
113
F60
EC5
1C1
3A0
C33
D76
FE7
CD7
E0B
FE6
2C6
18D
EB9
E18
35E
D6D
F58
46E
2B6
08A
FB2
00F
F7E
E24
CF7
445
F9A
DCB
F91
043
C2E
E1C
0CA
368
25C
E1E
365
057
CC9
F45
3EC
0C2
0FB
FD5
002
EB9
A99
FED
27A
EF2
ECC
2FC
EC1
E71
E26
1F0
328
036
149
410
F2D
C01
12D
003
01F
F48
0DC
0AA
D41
B2F
0E6
05F
D9C
304
2E0
082
E59
F50
10E
19D
E7B
40F
33D
CF0
DB5
FF0
EFC
DFE
040
101
25E
B2B
EAD
169
E3E
F27
41B
30E
088
FCF
ED9
1EC
D39
FDD
3E1
19D
C83
045
E7A
D27
E28
FCC
3D2
FCA
E4A
107
1B3
C6E
164
304
290
0DF
F3F
0F9
EE3
BF3
FD4
3D2
D39
FA6
FFF
EEC
CDD
E40
134
3B5
F84
010
491
E03
E02
05B
28B
09E
014
FD8
15B
BF2
B92
17C
FA1
EBD
090
207
E7D
E8A
DAA
3D6
1AC
FE8
410
2AC
D69
E0B
0BA
F1A
081
EAF
284
00F
B80
D97
16D
E07
01B
32C
1B1
0BD
CC8
0F4
1D3
F5E
FF2
57D
04F
DFA
E74
E6F
F0E
D8C
0A9
2C8
FD4
B57
1B2
F2D
E62
0CB
36D
351
0A3
ED2
166
06F
C11
267
290
FB7
E65
F9F
DED
DCE
CB7
16A
424
DD3
068
1DE
F31
DD6
236
2AE
355
F47
077
20D
BD4
CD1
1B9
10C
E4A
058
EE0
F9A
C23
D79
32A
1C8
E58
324
209
D10
F54
F7E
321
09A
FED
1D9
080
A27
DFD
0D7
EC8
041
05F
1C6
F18
CA0
F50
3C2
E6E
1A1
469
0EF
E75
E33
FB3
046
F38
F25
447
D05
C21
EFA
F34
E43
090
245
316
00D
CBA
35E
FEB
E9B
23E
3F3
FA7
F5C
DA6
017
ECA
BB3
341
292
DB0
E67
13D
E10
F67
FE8
40C
3DA
E7A
0A1
215
DEE
D47
378
0FE
132
DC9
F6E
FAF
BDB
D3D
3DB
17C
DFC
208
F98
FB0
DE7
132
440
23A
E99
334
08C
B72
F0F
08D
125
F1E
F5A
05A
F46
9A7
02E
2CF
FE2
117
277
19B
EDE
E42
046
410
E14
1B0
315
E39
B9E
F11
F73
FE6
FC1
FB3
406
D02
D39
12D
15B
EE3
331
2D3
228
E90
D22
2F7
EE0
E16
200
2EB
C6F
DD6
D7A
FAF
F3C
E97
3EC
2BD
DE8
F22
270
E1A
0D4
153
419
16E
DB5
EF4
0E0
C31
DD2
382
F9C
F67
DF8
FF4
F11
E43
F87
59C
126
F29
260
FDF
E2C
E3F
1C6
266
0E6
D07
1AC
E1E
AB7
FA4
195
0A8
FDE
0C2
06C
FFF
B76
2E4
330
056
0FC
32A
F33
D9B
E05
000
2ED
D47
0D5
196
D67
B75
13A
04D
110
0C3
18B
366
D02
E2C
269
1B9
E42
342
14F
FD1
C0E
CAD
0FE
E70
E1D
282
260
BE4
F4F
F9C
122
00D
0CD
43D
27F
CE0
F5F
1D7
CD0
087
15D
1F4
F33
D0A
DDE
07F
C4D
F7D
47C
02B
F85
F92
09C
F43
F7D
075
5C4
FF6
E10
14B
E97
CAC
E3D
147
0B6
FE5
CAE
215
DB2
C7D
11F
37A
0D8
0CF
194
049
FC5
C95
320
2AB
E69
F95
1E5
C9A
C9A
E07
07D
232
DEC
258
1B7
D85
DA6
355
114
1F1
12E
23A
16C
BF4
D79
195
040
D52
2BC
FB8
E18
C6E
EB0
161
FBD
FB2
45F
28B
C47
0B7
091
140
FE5
196
286
0A9
AC1
EAA
0CC
C3C
FD7
11E
180
EA7
DB4
F4D
23E
DC6
1FD
592
03F
F63
018
039
EAD
F8B
05A
448
D82
D3A
030
E1A
CD9
FD1
289
17F
05C
E1D
2D3
E8A
DC2
2E7
408
01C
009
FEF
F90
E2B
C11
34C
171
E14
F1E
17F
C83
DCB
FF1
276
334
F08
22A
264
D86
D46
423
053
0C9
024
09B
FB5
B4F
D35
1D3
022
E01
35F
04A
F19
D70
097
35D
146
042
44D
179
BD3
00F
F63
056
F46
074
186
F5A
A54
F86
178
DA1
112
31D
1AA
E8E
EB9
03C
26B
DDE
20C
4C8
F88
D78
F07
F63
DB6
E78
03B
412
CFC
D59
120
F50
DFD
221
343
2A5
01D
E49
2E3
E58
D8B
273
355
DF7
F39
E7C
E94
E0C
CAB
31F
1EA
ED2
058
281
D3E
F89
0CB
3AE
264
EF7
19B
10B
C65
CC3
2C3
F7A
01D
F68
009
F54
C51
E98
420
0DC
F39
421
0A5
F81
DDA
0E7
213
0B0
ED1
2EC
F58
A4C
F40
F24
00F
F46
0E7
1E2
05C
B26
16C
23F
E79
248
386
25C
E86
E16
F06
202
C98
147
3D3
E0E
C58
EF2
F8C
EA0
F88
13F
4FC
E6C
EB9
22B
002
E9D
1F9
35C
178
F02
D29
170
C93
CA2
1EA
284
E20
FDC
F10
F76
E9B
EBC
4EE
2FA
F42
0F2
29E
D38
F56
FE9
2AC
147
D99
FEC
FE6
B9C
CBE
2FA
F64
0C7
000
150
065
D23
F77
484
1B6
F6E
3DD
FEA
ED7
D20
FAF
1BC
F7A
E62
2B8
F09
AA1
FA0
046
0E2
022
27B
2D1
08F
BBA
18E
22A
ECB
17F
2D1
0D0
D05
D25
ECF
12E
C8C
1A1
36B
E79
DA6
F7F
FFA
054
104
232
559
DF9
E2E
19A
F3A
D63
0A3
1E1
103
E20
CBB
0CE
D4E
D5D
2AF
344
F43
0E3
FDE
099
F8A
E8E
4A2
25A
E43
FB2
12A
C08
E47
F12
1CD
10D
D5C
0AF
101
C33
DEA
3ED
13D
208
090
1F9
FEC
CA7
EC2
393
08B
E7C
27A
E8C
DAA
C1A
F18
228
02E
F04
3EB
089
BE9
0E3
15A
25D
0E8
232
284
06B
AF9
093
091
DED
087
155
03B
DC3
CB8
F51
221
D2C
244
4CF
FB6
ECB
08C
088
08E
004
18A
46F
CFC
D57
FCE
E53
CE1
028
195
149
EB2
D57
2AE
E2E
E97
391
400
001
0FD
F7D
0A7
DF1
D08
3CE
181
D9E
E8B
073
C62
DEA
F31
26E
232
E7C
199
1DE
D5E
E51
414
1BB
249
F64
092
01E
BE4
D89
23E
FE9
D84
223
EF8
EC7
C3A
023
26F
106
FC5
4F1
1D1
C58
FFD
034
198
F8E
0A2
1B9
FB0
9D3
F46
05A
DC8
07B
16D
201
F18
DA4
090
34A
E04
27B
4C3
FE7
EB7
EDD
003
F92
E94
04F
490
D0E
C97
FA9
EF0
DB2
0E0
2E5
31E
FD6
DC7
375
EA6
DFD
26B
333
FF8
F75
E48
F75
D76
B94
291
1CE
E21
FAB
1C9
DCB
F18
F8B
3ED
325
EC0
1EB
212
D5E
D02
260
FFC
0D4
E37
04B
FF1
AEC
C81
243
152
F22
3B2
0B4
06A
CE8
000
36D
182
F30
360
162
B99
EA9
E4F
0FA
E89
F8E
208
0DC
A5F
F29
152
F02
1FD
248
359
00F
DA5
F67
2BA
CEF
0BB
30C
FFD
D71
D55
F36
EEA
E46
F9B
57F
EB0
E46
14F
064
F8B
072
2E5
3DC
0A3
CF1
287
DC2
C38
050
1BE
F9B
F6D
E14
FA6
EA2
B87
38E
308
01B
069
2A3
EBF
F24
EC7
2EF
379
DD2
0B6
155
CD0
B92
076
F80
169
F04
0DD
223
C8A
DD1
258
1EB
FFE
351
138
126
CF9
DDD
1D2
FFC
DF7
26B
195
C35
D76
DD0
13F
F41
023
369
303
C91
FE3
260
EFE
1DA
113
364
05C
D14
DEB
178
C5E
EC5
2F8
036
EFB
D85
FAC
FFF
EE8
FF9
64F
08A
F01
14D
FBB
EC0
E71
12E
2EF
064
C5D
160
DBF
BD5
EDB
1E7
165
01E
F87
16D
0A2
BD1
2F2
321
07C
046
28A
F6C
E51
C51
0AA
2B3
D27
FC3
1E6
E04
B8B
FCA
095
25B
014
1CF
41D
DDE
DA5
1D6
228
F21
248
11C
12B
C7C
C33
0A3
F25
D9A
1BC
2BA
DDF
EF3
E51
24A
FEC
F7B
403
407
D9B
E95
149
DFA
FB8
F0B
2B3
0EA
C91
D97
0D8
CBE
E66
3D0
222
1C4
EE5
078
146
EC4
EC6
5BF
184
EBC
00C
EF5
DED
C7E
F85
229
144
C5E
1AF
F9C
C89
F6E
26C
32A
17A
03B
1A6
1E7
AC0
066
28B
032
F5A
0E3
FC0
DFD
BD8
E9E
388
E7F
0BA
35B
076
D77
F8B
0B3
256
FF6
096
4F7
EC2
C12
F17
0D1
DEE
04B
015
1CC
DF8
B36
062
022
E6A
1A3
524
FB7
00D
E25
136
048
E23
21B
378
E83
CF8
00D
CE3
EDB
E32
20B
2CC
EA0
E5F
268
EDE
D3D
374
284
297
F20
032
0E0
E09
BCA
31C
171
DC2
07F
F6B
F02
C77
E65
23B
37E
E0E
2C3
21C
D82
EBC
065
2A7
157
028
0DE
1AA
A52
DBA
0C5
F0C
F29
0C5
179
F9F
D62
E1B
3E9
F35
128
420
2D2
E10
EBF
F4C
0CA
027
E52
3C1
F28
BA9
DD0
00D
DA7
049
0F8
34E
167
C4A
159
11B
E18
FF6
4A7
157
020
DE8
F67
FB6
B4C
01B
309
FE5
D03
107
E3D
F50
E29
1EF
52F
090
F08
29C
FE8
C46
0D7
119
265
F1D
F39
073
DEE
A66
0D3
27C
E5B
16D
11E
117
E42
D29
19F
409
EB0
1E0
3AD
E3A
D97
DE4
0E5
FCC
EE8
FD7
35E
C2E
BFF
125
011
FC7
145
346
24D
F55
D72
33D
FC6
E86
280
28C
F4F
D30
DCC
EB6
F18
C48
35B
230
E15
ED9
0ED
EBA
FDD
0C5
338
45C
D70
007
0E4
D55
D2D
1FD
0DD
02C
E62
E1D
05A
B92
E24
372
2A8
E94
280
0AD
F85
DE2
F9F
42A
0C0
EA6
11F
0D2
A74
E22
EEC
141
FED
F47
23D
0A5
C22
E9D
3F3
FB8
219
226
2DA
FEC
D3B
F30
2E5
E10
E8F
3B7
EE0
DB6
CFF
F99
01F
F66
FA9
541
0BA
D25
205
075
FF0
FE1
313
2B1
006
BD5
10E
FA3
BB4
02F
237
10F
E19
F62
F64
0D2
C72
2A3
4F0
03F
FC5
230
FCE
DD2
F3B
022
3EF
DB6
F1C
11A
DAA
B04
02E
0F5
0EC
0CB
004
30A
E3A
D37
256
40A
F90
244
1DF
F23
DBF
C4E
198
03E
E1A
0A2
293
C1D
D6A
F0C
0B3
1B4
FC5
36B
34D
E2C
D2D
3B2
EA1
FEA
123
23F
0CF
C52
CBF
091
E79
CC0
3E0
17B
F91
EA8
00F
013
FDD
F9D
4B9
3A6
CE2
0E6
FF3
E4E
D53
08D
1C6
183
CD0
F67
0E7
B40
F16
27E
2E5
09F
174
058
1EC
CBE
EF3
481
0A2
F49
0BE
01E
C87
D87
E09
305
FED
EDE
2CE
0BA
C22
F00
222
0E0
281
090
3D7
02D
C2F
EE7
256
DB6
F53
233
F6A
EC9
B86
FB5
0E0
ED0
00F
5A5
0D9
E20
05F
0AD
141
EE8
1D4
3DE
047
B75
0E5
EC7
C5E
F66
179
1EF
EAD
DC4
FDE
0D3
BF6
2B0
446
183
055
0B4
03A
EB7
D38
101
4EA
D5F
EEB
078
E2D
C2B
EFF
136
29E
FBE
FE7
425
E1B
D9C
11A
30F
06A
1BA
0B2
17E
D67
B39
166
012
E06
FF3
2A9
DE2
E7D
DB9
15E
14A
EC7
39F
431
EBF
DC4
1D2
ED0
075
F0D
215
1F5
C4C
C89
061
DF2
D30
30C
1AF
1DC
E4B
FA1
222
FCD
E69
493
3CF
ECC
102
F3C
F8F
D1A
EA3
215
24B
CA5
00A
156
C2B
EA5
09D
34A
135
0D4
0E2
299
BE9
E72
397
09B
FD8
08D
024
E4C
C58
CA4
2DA
F99
F38
2F0
142
D7B
EA6
11E
1B5
1DE
F9B
4A1
144
B97
E5B
155
E2E
F55
110
0C4
016
AAD
FE2
0EA
EA2
04A
4CD
1DA
FBB
FA7
017
20C
DCF
0D1
465
0F3
BE3
FDD
EA1
D6A
E53
091
34B
F53
DE3
0E5
0DF
BDB
1FE
3B9
28A
089
F7F
0EA
F90
BDC
005
3F9
E0E
FDF
06E
EBC
C5A
D78
04D
35C
03C
FA6
4F1
E90
E0B
FD4
1ED
0C7
0ED
035
287
D56
A48
0A4
FC0
EBF
016
2C3
F8C
EA8
C9B
171
1CD
EB6
3AB
444
F53
DE9
070
EC9
0A5
D9B
1DB
2E3
CF1
CE8
0AF
DC8
CF9
1E1
1E9
34A
EC7
F85
1E2
F54
DD3
3BF
35B
F47
07E
EDD
F82
C66
D48
188
27C
D07
02B
1A4
D1E
E3D
FD1
3CB
285
08E
157
3D4
C61
DB0
1EB
069
F75
FA2
094
F35
C34
BFB
33F
FB9
F74
361
265
F2B
E84
060
204
1E1
E8D
4B2
1E1
C72
D8C
031
E18
EB4
F76
1EA
151
B9B
F04
14E
EB5
F83
4B4
212
0C9
F15
F5F
187
D69
F98
41F
124
C3B
00F
E27
DAE
D54
F95
3C7
0A0
E22
123
1D5
C3B
0D4
255
2D3
10B
F6C
158
F57
AEA
E95
34C
DD5
02F
077
02F
D61
D55
FA6
3B2
005
067
549
FC8
E2C
EA4
15A
004
088
F88
33E
E09
ABF
FCA
FAE
EA1
FF4
2C3
0EB
FFE
CD9
1B7
185
DF1
236
491
042
E22
F6E
DD9
FC7
CE8
14C
39E
DE0
C9D
0F1
F0B
D63
166
195
469
F25
FE2
201
FC4
C3C
24B
2EE
F9F
00E
E16
F6A
C73
C7E
094
3C1
D66
108
26D
EBA
E28
F7E
2E2
24D
096
0F5
3BC
C28
D02
088
05E
F5A
FDD
12E
0D5
D25
BC1
333
FA5
FAE
342
3A0
FA7
EC1
EB4
119
100
D98
3EE
204
D14
D3D
001
D28
E8C
014
2CA
2DD
C93
FCA
188
F13
EA1
479
2C3
222
EF5
EF8
0B2
C22
DEE
2A2
1C5
CE8
060
EB5
EA5
D1E
FB0
3EF
21C
F1B
2A3
2BC
C2C
F75
13C
271
076
FE0
0DD
00B
A75
D10
2A2
E3C
FF8
1C5
1A8
EBB
E3C
F69
396
089
FC7
54D
0EB
E10
DBF
0D7
F69
017
EC1
3EE
F62
B3B
F9B
04B
E08
FD2
3E1
1C9
1F7
D21
17E
0FC
D7E
0AB
479
0EA
D38
FB3
DAF
ECC
C22
079
3A4
F9C
DD5
1E5
F5E
D23
0CB
1FE
3DD
05A
081
1E7
F98
AA5
11A
209
E85
005
F27
033
D56
C13
080
3FB
E19
1CD
3D0
002
DD1
EFF
1C6
1C1
04A
088
43E
C6C
B66
F56
FA3
E13
FE0
1B8
12A
EF8
C2F
2CC
051
F1D
243
4CC
034
F12
EC4
02E
FF9
C7D
28B
281
D8F
CF6
0B9
D50
E23
FAF
288
391
E4E
FE4
254
F1B
D21
3B8
212
104
EF9
F56
042
C41
C23
261
220
CF2
203
045
EE7
DA4
FFD
318
2F8
F36
2A3
350
BFD
E62
07E
0D5
F45
056
02B
119
B4F
CF3
1EE
EC1
FCA
2FA
30A
F6D
F0F
EA5
313
FAA
ED6
45B
122
D0C
DE3
FCF
D42
F9C
ECC
36B
083
C67
F76
179
DC4
FBB
49B
24C
243
E26
0BF
01D
CF5
E62
444
FDD
D9A
033
E41
E70
C69
04F
310
1CA
E15
394
0C7
CF8
072
1B5
336
018
00A
0D3
FD6
A05
F49
1E8
EB4
FA1
19F
0AA
E03
D68
F6D
418
F14
1EB
47F
03F
D35
F1E
FCC
035
F78
F7C
3BE
D52
BEF
F3A
FEF
D18
14D
28C
25B
03D
D47
1FA
037
E83
1E7
517
EE0
F51
E8E
E7B
E5F
CD1
185
331
E90
DAA
275
D94
DFF
0BD
339
38B
FE9
FF1
250
E97
BA9
285
0E4
F55
F6B
FE9
E92
CBB
C1A
1FE
353
D95
2DE
1CF
F23
DC8
090
1CB
2B5
F49
21A
2CF
C02
CD4
002
F71
E16
183
072
1B2
C85
DBE
229
F71
F7C
406
3C6
ED4
F9E
E7B
14C
E70
EE3
336
1E0
C45
E37
FFF
BFF
F64
F9C
37B
140
E38
FD8
26D
D21
F9A
455
1DD
0AC
F0A
04F
EA8
C74
D0C
3C3
F8D
E04
177
F93
D2D
DF3
11E
32E
2A5
EE7
403
0A6
C43
EEE
1C6
058
01A
0B6
FD5
F92
9B1
F38
1AD
F40
FF7
3EE
0E5
F1F
ED9
00C
3C3
E95
1FA
41E
FE2
B99
FEF
EE9
E0E
F1D
036
301
EF0
CCB
05A
0F6
D28
2AC
3FC
264
FD8
EE1
119
F57
D07
044
4A1
DC1
EE7
F69
E3C
CD9
E41
198
3EE
FE6
F48
3B0
E45
DCD
159
36B
149
09C
FAC
0E1
DED
B03
1CB
0D7
E67
FFF
20B
E4B
E32
DC2
26D
288
EC8
353
3DD
E6C
CBB
194
F51
091
FB0
189
19E
BF6
C39
11E
F25
DF9
359
1CA
0DD
E26
FD6
1DF
FF3
EA8
486
2E7
D3E
F12
ED5
EA6
D71
F65
21A
26B
C67
FAA
163
CF0
FBB
270
3DC
18D
0B4
FBA
25E
C57
EB0
3B4
0C2
E3A
FD0
F73
CE9
DDA
DDC
410
FD1
F46
2DC
174
CD1
F14
20E
152
197
F33
2C0
F23
B44
DE5
1FE
D84
F8A
1C1
011
EC8
BEA
0AC
206
011
052
670
05C
DA0
FB4
F6E
03A
EAB
0D9
2A1
F23
A8A
04F
EA1
DA9
03D
2D1
242
FC2
E17
14A
15B
C6A
2BE
3BD
034
E9B
063
EA7
E02
D21
060
3E6
D6D
F43
143
EE9
C43
19C
22A
385
0AA
064
312
DCC
C5A
197
1D8
E3B
17B
F84
023
C60
C0B
1E6
185
E9E
246
410
D85
F22
F49
277
14E
02E
23A
2C6
C8F
CB8
124
DE5
F55
06F
254
FA6
DE4
D62
295
F6C
EC5
596
32A
FDC
F8E
FF2
F2A
F99
DEA
37B
106
BD1
F41
F83
CAB
DF5
20F
21C
2B8
DBD
183
19A
D6C
F51
43B
1B1
FB7
099
ED7
F4F
B4A
F22
2C4
014
DE4
26F
FDC
CF7
F3F
0B1
384
0B9
168
2CE
101
B33
096
1C1
F4A
03C
0B7
0E8
DB2
B51
EC4
2F1
CEF
1FC
3D0
05B
E0C
F2A
0C1
157
01C
129
522
D57
CDF
FC1
F55
D3D
049
0F3
1E2
EBA
CB7
21B
ED8
D9D
2AE
566
FFE
0D7
F91
044
EF8
D1A
2AA
262
DB1
DD8
118
CA2
DB9
F9C
27E
2AE
F6C
03D
2D3
E26
D06
45B
173
0F9
FE0
128
FA8
C9E
C5D
255
0D2
D52
28B
088
E9F
D53
091
198
2A6
F26
3CA
303
BB2
F52
0A9
FCF
EB3
152
070
073
AA7
E6E
15A
E40
005
3E7
258
EB9
FD0
F8C
233
E7D
095
4A3
135
C38
F85
F45
C5F
F36
FA7
344
F74
D6C
040
11E
C8C
14F
431
17A
159
FAE
12E
ECE
CE8
001
44A
DE4
F55
092
E7C
D18
DB0
161
27B
046
F9A
492
E88
D2A
109
283
0A2
09E
0DF
0EC
DE2
A41
171
045
E55
077
327
ECE
E50
E3C
17B
27C
EFA
40C
416
E9C
CE5
131
EB7
F4C
FE3
186
181
C00
CDB
0E5
ED1
D4E
492
264
1A9
EB4
023
13E
F36
F1A
441
349
D7A
FF4
E5E
E29
D0B
FB9
25C
1D8
D4C
067
1F7
CB3
FE9
294
32E
10A
121
007
07C
BCF
EAB
384
F89
E56
12E
F84
CAF
E1C
F23
375
FAF
095
3C0
0A3
CB5
03A
22E
04D
183
FE8
2DE
DCB
B35
EBF
192
D3C
006
31F
FA8
F51
D4E
1BD
121
FC3
19B
623
ECB
E45
FEF
EFD
F1A
EB0
185
253
DFC
BC1
19B
E22
DC8
2B8
355
1A1
FFD
FAD
159
FD6
CC0
44F
2B8
E1E
F7E
056
CF3
D3A
E2E
1C3
2CC
D4E
10F
121
DD7
D87
313
1E5
26F
FE0
0C4
144
BF2
D6E
264
0D2
DD1
1F0
F40
EEC
C9A
EFA
2B1
0F4
019
440
2BD
C33
025
03F
18D
FFD
0D3
20C
01F
A81
E66
17A
D27
059
1EE
1FB
ECC
E36
00C
23B
E27
159
599
06B
E71
FA1
FDE
DC1
EE4
F95
3BE
E2F
C3F
0B7
ECD
C6F
0DE
375
210
137
E72
2BC
E24
DCC
215
3BB
EC9
FB0
026
D91
DE2
C07
237
215
EC4
FB4
37C
D37
E26
17A
22D
23B
FAF
179
121
CEC
B7E
2DD
F9E
F02
0AB
0AE
EE1
C78
E30
1E1
1CF
E7A
53E
211
E0A
E6A
0FA
083
06E
F6B
2BA
125
A2B
E91
043
DF4
EAA
339
0DD
080
D99
FA4
225
E37
14B
51F
17E
D92
045
E27
F3A
D1B
044
36E
EA8
CF4
05D
FCC
BFA
19C
240
3A8
04B
F59
217
053
C1E
1E7
3E3
F09
FD1
F0D
F1A
C73
D0C
039
392
E22
0BB
331
E07
E2F
062
321
1E5
0E8
044
35A
C11
C29
1B5
FB4
DED
071
0F9
ED4
D91
C44
39B
028
FB2
407
36F
DE4
EC4
FD9
040
0BE
EA1
38A
02F
C18
D50
0F2
CEA
F9D
1C2
283
108
D22
0D4
1E3
F27
FF6
5FE
0E0
F16
E89
F23
E37
D2E
FE1
35C
00E
C57
19F
E54
E0F
F82
2C6
312
0FB
F45
238
03D
B50
14B
2A7
FE9
ECE
036
F0B
DF5
B78
0F4
2DD
E1B
132
295
ED7
D6E
0F3
154
3B5
F7E
1A5
255
CB2
C17
094
01F
DFF
162
FF4
116
C35
DED
213
14B
F22
41B
34E
E6E
F9D
F56
155
EE5
F8E
24C
1D7
A7D
E82
FB6
D5F
F76
168
316
0D3
E48
F3A
31D
CE8
0A0
475
12C
F15
ED1
F34
ED3
D1B
E50
492
E2E
DB5
0BD
FC2
D34
02D
241
408
19F
EB9
2C4
E7E
C48
0B7
387
EC2
029
F31
F6D
D6B
B9F
170
280
F0C
03A
3BB
DF8
F3F
F0F
2A6
29E
F69
1AC
283
CD7
B4F
146
EBE
FB6
FB8
1AD
076
D1D
CEA
305
086
F39
4A6
227
FAA
DCF
FB2
04C
FBC
D78
3B7
0E8
B5E
E63
F7B
E62
EFB
232
250
294
CA6
112
187
E02
0D3
4AD
17E
EDF
EE1
E26
FF0
B89
05E
3A7
FBC
D74
199
F08
DD5
018
1A1
4DB
052
FCF
1CB
F80
B19
184
18A
FCD
F62
EE6
FAD
C9B
BBE
1B5
35B
E14
252
1C6
FAB
E1C
F8D
2C6
271
F3E
0E9
300
B04
CD2
F9F
032
EAC
071
112
145
C58
DAC
391
FDD
031
376
334
EE9
EA3
E53
188
E90
EEA
3B2
003
BEE
E04
01D
DF8
078
069
493
087
D87
070
1CE
D76
0CE
442
071
013
CBE
F8E
E20
C83
FD9
488
EAA
E99
1A1
EC5
FAB
F3E
375
3CC
070
F01
35D
D0C
C48
0D8
135
048
EF5
FE4
03F
D9B
B29
3E5
1B5
023
1BA
234
EFA
E3B
EF1
23F
2A8
DE2
2CA
075
C37
C28
0D3
F1B
065
FF3
1FC
139
B8E
F4D
279
026
071
465
0F5
025
D26
F24
0CD
E0F
EFF
2FD
FFF
B5F
012
F0F
026
F71
242
43F
0D8
D34
17F
140
D5D
1DF
1E0
179
DED
DE9
ED6
F7D
B10
18B
36F
EB5
FD7
FEB
FF2
E7E
FE7
2A2
4F7
E65
069
1A3
D79
D02
06F
1D4
FE2
F1F
E3B
1BB
B67
DC7
353
25F
FB8
281
18F
F7B
E4B
E7F
3E3
095
F0B
1F8
109
AAE
E08
F64
071
02C
F14
31A
03C
CD0
FE5
44A
F01
250
294
167
EE8
C48
F94
0EC
DCA
F6D
3F5
DBF
D8C
DF3
033
FEB
02F
1FD
563
F1F
D75
2AB
F0A
F36
13B
2FE
022
E4B
BF9
07D
DF1
C65
2F5
2B1
EE8
F66
0A9
F9C
06E
ECB
557
301
E20
056
161
CD6
DF3
09E
074
14F
D41
094
FB1
CAA
E9F
48D
128
0C2
1FD
02E
020
D21
077
3BC
021
E1B
2BC
E32
B3C
DFA
FF3
1BA
FC7
081
2D2
010
B4C
250
1CA
03B
113
252
0BE
DCE
C34
053
111
C74
232
1E6
E5C
CCC
F33
00C
1A1
FEC
3ED
47D
DA3
EED
10E
F67
E20
255
111
14D
BE8
D99
093
D20
E4B
39F
2EF
E46
05A
F3F
156
E57
06C
541
211
CE9
0E6
FBA
C28
EFC
F66
2E6
F1D
DC1
FAF
06A
B41
105
3DF
0D1
100
056
181
E4A
D1B
0C0
410
D67
FE3
0DE
D6D
BC5
E10
141
211
00D
015
44E
D43
DA5
1B4
270
045
18E
18B
134
CC3
B66
1FA
EEB
E77
1E2
1B3
D09
E28
EB8
232
0D6
F38
4AB
275
CE1
E56
1CE
DDE
095
FED
282
FE0
B65
EAF
0C3
CF3
F7E
493
137
0D9
E0C
108
086
E89
131
547
F7A
D81
071
DC8
DF0
DA6
14B
1F9
F31
CE2
23A
E90
D02
2DB
363
1F7
013
045
062
F16
B8F
325
17C
DE3
FC6
082
D5C
C9B
EDD
1FC
31B
E41
2E7
1E3
D45
E41
2C4
0FF
124
FDF
0CB
079
A38
DE6
1AC
FA7
DEA
32E
F29
EF6
D2E
050
35C
FF4
11D
48F
0B0
B83
106
F52
000
ED2
096
1B8
DF0
B31
075
0AF
C62
298
2BB
272
E85
EF5
0D7
14C
DDA
30C
3F5
D81
E10
E93
EA1
D6F
F43
1BE
35C
C76
F56
20E
E05
F2D
37C
3E4
120
FAC
EBF
1F8
B81
E46
36D
0C9
D79
F6A
F2B
D88
DE4
E9E
4FF
036
F32
287
1AD
C3A
0B3
221
237
09A
E73
19D
E2D
B45
F12
2D4
DFF
110
11B
029
E19
DA4
238
379
033
1AD
495
D4E
DCB
EB3
035
033
F16
061
1FC
C26
C23
1D2
F28
FF8
1E6
38C
0C4
F4C
E36
2D6
F7A
E84
422
14C
D50
D31
F47
E07
EEB
E6C
475
10D
CB7
027
166
E60
0CE
406
2A7
1CB
D03
119
F7B
C84
F6D
3D6
EFD
E25
F1C
ED0
EEF
D31
2A3
4E4
089
EDD
3C9
EFA
E51
097
1F4
24D
E7E
F34
0A1
D54
A44
286
054
015
08A
11B
FFE
DCE
DF3
3EA
350
E6E
379
0F0
D88
CB4
F6E
015
062
E02
197
120
AA1
EA4
18C
058
024
32F
1CF
11F
C3B
06D
25A
E2B
043
344
FE1
C56
DDF
DE5
0E3
D2D
157
43C
F5C
D36
1BB
089
F60
198
294
3E9
DFD
D60
01C
F20
BC1
222
1AF
ED5
EA6
E6D
017
E07
EA0
3B1
4A2
D9F
0EA
131
E98
E5B
044
305
130
E15
EE3
0BE
AEF
ED1
16D
197
FB0
097
05C
0C8
D4F
FA6
5BA
09A
04D
1D9
FF9
C39
E51
F05
256
E6B
EDE
276
E02
C39
029
2AB
0A6
2C1
13B
2B5
EA2
C68
1D9
190
E2C
133
282
DBD
DC9
C63
10E
01D
E89
209
3A6
D13
E8F
236
056
14F
095
429
166
D48
D3C
1BE
CB3
E7B
20D
141
FAF
DB5
F63
0B4
EAE
F74
6B9
