14E
F14
FB4
0A5
062
E8E
E11
FDE
1A2
37A
1D4
D1C
CE1
129
F66
C10
CDB
028
340
282
0B6
087
F86
0B2
29A
EA7
CB2
1A0
48E
29F
004
EDF
152
020
C9E
E0D
CFF
DA7
304
1A6
DF8
E7D
120
1CE
E17
B65
F5B
282
1A2
2D8
1B5
FFE
21E
28D
EF6
CB0
D57
241
291
E51
ED9
1F9
055
F92
E5F
B87
CFD
070
176
0CA
E38
24E
538
04D
CEC
F0B
FC6
13D
1A6
04E
108
1CD
2E0
1F3
B88
B6E
0FB
023
D53
E39
007
208
1E1
FD2
E15
D69
F0D
251
FEB
D23
2E2
53D
2B5
F98
E69
FC1
078
EE8
FC1
ED0
E7F
359
305
C86
CB0
F50
054
DC2
C42
F3E
38A
23B
2C1
0EF
DC6
053
2EF
F46
D8C
F13
39E
436
F56
ED4
0CA
EEE
E2D
ED4
BF5
D77
214
298
FB2
D6A
F7B
2A7
EBD
C24
EF2
103
249
3E6
199
FCF
14A
207
0D5
C7F
BA7
1BC
263
EDB
F5C
08B
04C
05E
DE0
C42
C90
F65
340
10E
D82
1E4
490
13D
EC0
E0F
F23
1A7
127
19D
047
F5A
322
2BA
B81
B64
F26
019
F61
E20
F7D
218
13F
0F6
FC2
C04
EC4
380
0E0
E84
159
42E
460
023
DD7
F47
EC8
F3D
09C
E3A
DFE
2D1
29A
E7E
BE3
D48
142
F0E
CA1
063
1C1
21A
3D7
129
DDA
F9B
197
168
E26
D47
305
433
006
F7B
F0C
D2B
F46
EFC
C52
D63
042
3E7
1FB
C86
F45
2C0
F93
E49
EA5
FA5
2AE
3E3
28B
074
F30
124
2D0
C49
BAF
FFE
17B
0DB
FD2
E7A
00B
F61
F1C
E5F
B6D
E99
49F
23B
F29
0C4
28A
2D9
FB9
D71
F63
03B
15C
387
016
E32
248
216
DB1
AC8
CAE
002
0BA
E91
040
100
006
2BD
F99
B4C
E5D
205
296
063
F81
33A
4C0
031
EFC
E94
D50
FD7
105
E6C
D9A
0AA
2E7
0E7
B95
CD2
076
F16
ECC
02D
031
28E
427
21C
E9D
DD9
076
2AF
E4B
CD1
221
2F3
202
07F
D34
DB3
E61
EE3
E99
C7C
E7F
50E
2C0
E0D
F43
0B3
0C8
FDE
E37
F55
212
2E5
494
0DB
D29
0D9
1F0
D6A
C51
DC9
154
224
FA7
F3C
F44
E46
042
F8C
AEA
DEF
364
357
12C
FC0
163
388
05D
EAD
EE8
E26
11C
45A
04B
E5C
030
1E1
FA7
AE6
B58
00A
FFC
FB7
0D0
FD4
073
340
0F1
D89
CA8
054
415
118
F06
2B0
3A2
113
058
D68
C4E
ED9
0B0
04A
DBF
E65
38D
1E8
C23
CD2
F16
F6D
0B2
028
097
20D
3A9
3DC
075
BE6
FEE
300
EAB
DB7
FC9
1FA
2FE
03A
E5C
D94
C90
FB9
025
C53
DE8
422
369
092
E90
EDE
11F
021
F28
012
F8B
27E
579
161
D24
FC4
0A8
F9C
BF5
C22
0B0
1B1
0A0
10B
E45
DB7
14F
03A
CD6
D4E
0EA
51B
2A7
F13
198
247
FF5
03B
EAC
CE9
0B2
324
1CF
ECF
DB7
1AC
151
B79
C19
EBD
F5C
109
1CE
FE3
061
212
266
FA4
B99
F61
45A
246
F9B
11B
17A
1B0
05D
D86
C96
D22
059
24F
E1E
DC6
294
1DD
ECD
CB1
D6D
FDC
15E
091
14E
09D
214
582
133
BD9
E94
0ED
07F
F3A
E38
14B
286
052
031
D03
B7B
FEF
0E2
D21
D7C
154
43A
29C
EA1
F21
116
F62
0F6
07A
E6C
1E1
4EB
285
F18
D38
FBE
128
C7D
C6A
01E
FE0
1D7
25E
E67
DFB
FE4
0A4
EDD
C36
F6E
551
392
04A
162
050
04E
0A3
E96
D49
E4D
1C7
3BA
F2C
CBF
0F0
135
D6D
C8A
D30
F62
214
1ED
1AC
FE3
014
417
11F
BAD
E71
28A
2DA
1AE
040
0D1
205
FC9
F42
D2C
ADB
FD3
33B
F05
DD6
0D6
288
0E7
D3D
D55
F9D
FF3
174
2AC
FA7
0D8
532
292
DE1
CAA
ECF
172
F08
DC5
095
05E
0ED
13A
D58
B41
E63
0B3
FE0
D3F
F15
4D0
421
F7C
F7F
F72
F42
185
072
F44
F9A
2D9
44F
026
BB6
EED
091
DA8
D6B
E5F
F1B
23D
266
0C4
E45
DE4
17F
132
C4E
E1A
37C
3E9
26A
0C8
FBF
092
03B
F59
E6F
C36
07E
49A
073
CEF
EEA
05F
F7B
D37
C14
F79
089
26E
374
F98
F27
3A3
20A
D76
CDF
F7A
33C
230
FC8
0D3
0D6
FC7
0F2
DCE
9FB
E17
1C1
12D
E86
E74
23E
264
DFE
E4E
E6F
E80
1FC
31A
F76
032
296
3E2
0A9
B75
E27
154
F5F
EAA
FF0
F07
119
21F
F0D
C0C
B8A
039
2AB
E06
DDE
3B0
396
1BC
0C9
E3A
EAC
0C3
120
08D
E7A
0DB
5B0
1C0
CAD
DC3
EFF
E9A
E53
D1C
EF5
0AD
18E
2E6
EE4
C79
126
274
E19
DBB
06E
3F4
4AD
132
046
036
E8D
07F
F9C
B1C
E70
371
262
F6B
D09
FA7
167
DC4
CB4
E8C
E70
247
4BC
0D9
F05
152
2BA
118
C1C
D92
2AD
1EE
0EA
17A
F33
F81
145
EB4
B6C
B9C
F02
2FC
FC4
D4F
1C9
244
02F
FC3
DCF
DFF
157
2D3
283
FC0
076
47E
26C
CC0
CD8
F6C
F7E
FE7
E9C
F3C
063
0F2
184
DDC
A09
EBB
2A8
F34
E0A
0E8
334
40B
13E
F00
F35
E55
0F9
20A
D87
EB7
3C5
32D
F33
CA7
D44
FFA
E83
D67
ED0
E8B
0AF
514
0DF
CE2
EE1
141
139
E93
DCF
303
409
16C
21A
F5F
E50
0B9
044
C6D
C6A
F97
3BA
1CC
CD3
F0F
090
E79
EDD
E2B
D2B
0D9
3ED
326
035
EF5
2DC
333
D67
C53
041
0DB
1EB
1BE
FC4
FCE
FF5
036
E77
A22
CFE
312
0DE
EC6
048
136
1BF
0EC
E1E
E04
EE5
213
477
0AB
E75
3C8
3C7
F8E
CA2
D05
F7C
FF0
F0D
FDA
F5F
F6D
2ED
044
AEF
CD1
0EB
124
06C
F30
24F
445
1C0
16B
F5D
CDE
086
297
F65
E28
072
389
2BC
CE9
CDE
F6E
E18
E58
F65
E7B
FEC
36A
35F
FBA
D08
05F
322
F5F
D35
118
247
2D1
2E9
01D
E1B
F99
078
F8B
BC4
CAA
2A5
321
E85
EB8
F37
F80
F8E
DF5
DEC
EF2
1AB
51F
2AA
D72
157
404
02D
DCF
DB1
FEE
233
160
09F
FA4
E04
0C0
104
B80
AAB
006
18D
14B
F8F
FF3
32C
0DC
FF7
FBC
CF9
01F
507
23B
EE0
09A
2DB
2BF
DDC
BA4
F0D
EDE
EFE
124
F22
E83
276
26C
E6A
BCE
D38
1DF
177
E49
11D
33D
2BC
33F
0A7
D62
E91
0AA
1A6
F2B
D10
2AD
446
F26
D28
DCB
D5D
F0F
F7A
E2A
F15
12F
3A0
33C
D67
E32
236
096
EC9
F36
0C6
2EF
2ED
1BD
034
DC7
EAE
153
CC0
ABD
F92
2D4
142
F08
E4F
045
FB9
E70
F4E
D45
E9C
4D7
4A2
F93
FAA
1BB
2F5
FE8
C53
EDD
08B
075
293
104
D87
006
17E
E6A
B08
C04
0D4
30D
F50
009
26E
0EC
1A5
15A
D3E
DB5
1A0
350
1F1
E9D
0F0
4B0
0D2
CDD
DED
CEA
EA9
0C2
F30
E5E
FDF
23F
2C7
D4E
AD7
04A
1AE
F68
057
1A8
28A
3F5
1CF
03A
D4A
DF8
22A
0D6
C48
F64
3D0
1E5
F9A
DC8
D34
EE7
E1E
F8A
EDB
DE6
2D0
585
0B0
D74
F8A
1A0
0D8
E22
E93
1E5
20D
2CC
241
D76
D68
17B
F3D
C90
BE4
F62
33B
106
EB3
044
F88
F65
06C
DE2
C89
11F
495
3E2
08D
F53
2D4
26E
DB2
DBD
EA9
F6B
246
1CA
EEC
E97
008
165
E66
9AE
DFC
1FA
04F
05E
0F5
13F
28F
206
F69
DA0
D8D
216
47B
F82
ED7
351
2E9
00C
DDB
C95
E24
F3C
FE2
012
DD3
FF6
469
13D
C32
E29
00B
17D
088
FFE
229
2C7
2EA
2F1
ED3
C2B
0BA
203
E81
D89
F55
346
2BC
E18
E02
E22
D7F
030
001
CC3
FB7
3CF
47D
0BB
D9E
10D
2DE
F2C
E2C
05B
061
286
3D7
01C
E04
E55
0CB
026
AC8
BEF
202
217
036
077
F12
F9E
107
FF3
E2F
D2F
113
5B8
26E
E96
194
2D4
049
E94
D13
E18
037
118
1A6
F0A
DD0
22D
18F
BDA
B5B
E4D
06B
10B
FED
0B1
221
1A7
251
042
BFE
EFD
402
1BB
F4F
FA6
253
349
ECA
CE0
DEC
CC6
F15
17A
E4B
DFA
1A7
350
0ED
CD3
D48
1AD
0FC
EF5
0EA
13F
218
4EC
224
E02
DB6
FD4
185
E38
B95
0FB
36A
059
FFF
E66
CF5
F18
F9F
E75
DC3
F34
4C0
519
F0D
F4E
1E8
0AC
FB5
ED1
E50
0C4
2E4
2D5
15D
C67
F33
232
D59
AB5
D88
0AE
1D5
067
EE2
043
044
07C
100
D05
C7C
385
430
137
019
156
2A6
15D
D87
E50
E4E
EC3
24B
08C
D36
FB7
283
058
CE5
B03
EE3
1D1
FC1
0A3
217
0E0
331
358
E9B
CFC
F61
255
1CD
E15
033
3D0
173
F52
E67
C13
D71
FFC
F64
E1D
DC1
19B
48E
FC2
C1A
F7E
08A
F97
050
FCD
0BD
383
371
27D
DC2
CC8
15B
0B7
BF1
D28
01C
20A
21E
FAE
E28
E56
E3A
056
E73
B37
09B
505
24A
097
FDE
185
236
EA5
E62
FA2
F86
2C9
3FD
F1B
D6D
0B2
103
E36
AD2
C9A
16F
135
030
139
F5E
020
29F
00E
C11
E1E
256
430
10E
EE7
2D6
31B
FE5
F09
D5F
C6D
00D
15B
FC8
EF5
FDF
358
191
B11
C3E
F87
FB6
0B4
0C9
01B
1DF
366
343
FE7
C18
FB9
393
F4E
E05
0D7
1CA
211
04D
DD1
D30
D4C
EFA
FFE
CBA
D34
3F6
416
FA3
E92
F27
08F
069
EF5
05C
0BB
225
5A9
230
D39
E8C
10F
00F
CD6
C53
0A0
238
01E
038
F43
D0A
FCA
062
CB1
C7B
037
41A
363
F8F
FD6
317
0DE
F5B
F5D
D72
F85
35A
291
F7D
E4A
0CA
27C
D2F
A15
E3F
F5A
080
17E
FF4
F9F
102
1C0
0BA
D21
CF5
328
34B
F9B
103
278
2EA
189
ECF
D2F
CE7
ECA
1B7
FFA
C8B
0B2
406
010
D19
CDF
E2B
02B
F91
000
161
0F3
3E5
490
EE6
D8E
0C5
187
F99
E38
F93
360
1E2
048
F87
CC3
CD5
0BD
EB6
C34
E53
20A
3FB
061
DD7
096
089
EC7
04C
F60
EE9
2EB
482
22F
EC4
E81
240
071
B71
CEC
053
016
1A0
174
DD8
EDA
027
024
DA0
B33
044
4A0
1F4
FE6
245
1F8
1D6
0D7
E32
E28
EE9
1CA
39C
F2D
D8F
295
1F7
CFA
C26
CC2
F2C
036
FDC
092
007
0C8
406
13A
BA3
E0D
1DE
239
093
FE5
265
440
0E1
04C
E25
BAE
FD2
1AF
DF2
D33
061
2E5
20E
CCE
CF1
F62
E94
F96
06A
E7D
08A
485
3D6
057
DA9
FD7
281
F7D
CD7
0B7
19A
1A4
2A5
F66
CE2
E9F
010
F2B
BCF
C4D
2DD
3FB
FB3
00E
0B6
038
0FA
F51
E0F
ECE
130
50D
2BE
E5C
046
28C
F4C
CD8
C4B
DFC
0F7
0DE
06B
F77
DE8
070
240
C6E
B3C
03B
2AC
20F
073
076
32A
286
09E
014
CFF
DDC
2AF
223
E7A
F23
1E9
29F
EE9
B70
D73
E87
E9B
079
F98
D91
248
3ED
0FE
DBB
D3B
15B
245
EB6
009
245
21E
344
197
DAB
D25
F01
026
EE9
BF4
F5C
455
0F1
E5F
EAE
E06
EAB
065
EDE
EDA
073
365
5C6
072
DCC
205
22D
E9A
E1E
E8E
149
2BD
23F
0B5
E09
D95
127
FB6
A39
C5C
176
1E6
0EB
FB2
03E
173
04B
046
EEE
CB9
0FD
4FA
152
F48
0E1
252
1CF
D61
C4D
EC8
E89
018
1C0
E2C
EAC
29C
1AC
DC4
B97
DA8
263
12B
F52
229
284
261
331
031
C7C
E77
148
24B
F38
DAE
25D
380
E88
DAC
D18
D0F
F6B
FDF
E65
EAB
107
4BE
312
D1A
DAE
20A
0BE
F90
F6D
074
28B
379
273
FFC
CB8
EFF
255
D64
ABE
F1F
1D4
1AC
02E
DCD
F3D
F22
F5F
FB2
D4D
D86
413
4F0
091
F9C
16F
288
0F0
D1D
E96
F83
082
320
177
D63
F6C
203
F5A
BEE
AF7
F1C
25D
009
02B
161
043
257
1FB
E41
D04
026
344
2D7
F4B
061
3EE
26E
E86
E07
CC9
DCA
0D7
074
EC7
E7E
121
3CD
F25
B04
E58
0FA
FB4
094
01B
12F
37C
2F5
210
EFC
CCD
18F
238
D67
DEC
1E1
2E2
15C
ECD
D53
DF2
E56
FD0
EDC
BF1
FC5
512
304
F35
F29
0A5
174
FA9
E85
06B
175
2FA
4C8
04F
D79
08B
151
EBD
B92
CFD
192
24D
F96
F9D
F32
E85
125
036
C31
D97
1D0
3E3
29B
F12
17C
3F3
051
EE2
EC6
D39
016
27F
0D4
EB9
F14
197
1DE
B75
B18
F1E
FFB
FD3
0E0
F79
10E
300
1C0
FE3
C49
E2D
379
1F6
E87
12A
326
279
174
E4B
D02
DCF
ED8
0D4
E91
C7C
21D
3F7
F55
D2A
E16
FAC
044
EB4
F07
105
167
459
41D
DC2
E1F
1C7
18C
E40
D72
FB9
335
1DF
04F
F91
D72
DC3
094
D74
B63
E59
2B2
3B1
025
E92
185
1C2
F2F
FF2
E58
EBF
387
489
13C
EB9
FBB
2D6
060
AF5
CA1
07A
FB8
117
061
E3D
FFF
17B
0C5
D2E
AB9
045
431
06E
F7F
241
2F6
2A0
122
E44
DA1
F2B
194
252
E15
E46
370
273
DE6
D0B
D17
E9C
FA8
EA9
F98
FB5
121
4C4
0F0
C2F
F05
244
0FD
F8E
FA2
242
3F5
24F
07B
ED7
CE8
F94
0FC
C85
C87
FB8
2D7
22F
DE9
DF2
03D
F00
E92
FBF
D5A
04E
4E6
423
058
EFB
12D
291
E94
BDB
FDB
10A
114
2FB
000
D5E
F44
01D
F17
B26
B13
179
2D5
F8C
03D
174
0F3
194
FD1
DD3
E09
06D
3E5
30E
E8D
082
457
0C1
D5B
D33
D6F
F85
027
FF3
FAE
EBF
163
35F
D1A
ACA
F8F
130
05E
050
043
319
332
214
149
D99
D5B
297
14A
D97
E60
210
3C1
0F0
CEC
D98
E9A
DEB
F95
F33
CAC
0D2
48E
1DD
E72
DD8
15F
1AB
E30
E56
171
180
386
386
F04
DE7
070
04E
ED7
AEF
DB3
347
1E6
ED2
FE8
EEF
ED6
084
E8D
CAD
E50
2B4
513
1B0
E57
25F
358
FCE
E64
DAB
EC1
168
22E
126
F52
EC5
1EC
0C8
ACF
B48
F51
098
050
FCD
014
1F3
20C
15B
F3A
C2F
ED5
46D
163
F4F
107
30A
396
FDA
D8C
E3B
DEE
EF4
19C
DFD
D22
22F
31D
F27
CE6
CFC
030
02D
E40
FC3
176
163
4B6
292
E01
E9E
121
192
EE7
D18
0DC
442
112
FB4
F59
CF7
EC7
009
D1B
C22
EDE
2DD
3D1
F3A
E30
1EC
0C7
EBD
F73
E66
02B
332
419
1DD
E7D
000
31B
F9B
ABB
D3F
F8F
09D
0E9
F7F
F1E
FC7
05E
046
CB4
B04
0D0
458
050
FB5
202
30D
2D9
FE2
E2E
EB2
F59
24F
2B3
DE2
F2B
37A
1E6
DEC
C00
D10
003
F9C
E47
FD5
F5F
0EA
447
013
C2A
ECD
17A
179
F83
EF4
2EE
409
19A
11F
EBA
CB9
024
0B3
D72
CDB
FB1
384
203
D17
DDD
FDF
E80
EF8
F65
DBC
0C6
461
39C
079
DF9
16B
345
ECE
CD5
090
15B
1CD
27B
FED
E70
FA7
013
EF3
B04
B31
210
2D7
F70
008
08A
0E9
12A
E91
E2D
E76
02E
470
2F9
E05
108
43E
0BC
E37
C67
DCF
03E
029
06B
FC0
E1E
173
2D7
CA6
AFE
EE5
073
15B
F33
079
396
268
207
218
D24
DD1
2AB
1EE
EB9
ED6
1E7
41E
0A1
D5F
E2D
E2F
D81
FA8
E9B
CE3
153
3C0
228
DD2
D7E
145
1CC
DC6
EFC
16E
1E3
3CB
3F2
015
E3B
FFA
113
EC1
B68
E38
322
16B
F63
F55
DA9
EF9
FD4
E07
CBA
D21
1AB
551
0CF
E83
250
2C6
FC8
EC7
E0E
F23
1C7
2DA
24A
F6E
F02
2FC
11C
B5E
B54
EBE
0C1
0A1
F4B
FFB
120
0CA
17F
F2D
B13
F14
3B8
1EC
FB3
131
33B
3DF
098
E68
E87
E0C
FDD
1ED
E8E
DDB
25E
30D
F94
C23
CD8
F9D
F75
E0A
031
FE6
164
508
27B
DFE
E0B
142
242
F56
CE8
172
455
192
115
F17
CDB
F0B
FB9
DEF
CBE
D6C
253
3C5
EB1
E18
114
FF7
F25
F03
E5F
001
2F4
488
22F
E99
02B
38D
FB7
BBC
E62
FE4
0DD
191
FCA
F59
F1A
FC5
0B7
C56
A5E
083
368
09C
039
181
214
27E
FBE
F15
E3B
E89
2BB
35D
E54
F62
340
207
EB8
BAF
CCE
F82
EDD
F3E
01C
E86
0E5
40F
F5D
BB9
E06
0CA
1E9
F8C
F4A
336
3BB
287
28C
E7B
C83
0A4
15D
E15
D5E
FC9
3CA
222
D68
E1B
EB4
DD6
F75
E4A
CC2
FF1
3E5
447
067
DC5
0EC
2F3
ED9
E00
036
0A9
2B6
372
0C1
E8D
F3B
092
FF4
B2E
BCC
150
1CD
021
062
F0C
03F
0E9
F6B
DE3
CBA
FED
51A
34E
EC4
1AB
392
14E
FD5
D8C
E05
047
0D9
1C5
F80
D73
241
2E2
CC6
B67
D9C
FE5
05B
F72
F92
195
1D0
2D5
17B
C56
DA2
2C2
1A9
F41
F25
208
3EA
19C
E36
E49
D78
E8A
0E7
E54
CD4
05D
3B6
220
DF5
C6A
06E
0A2
E1F
FDA
FF1
087
4EE
494
FC6
E6D
FC6
291
F9E
BD1
F05
28B
16D
14D
081
D15
E53
FF8
E83
C68
BFF
149
4CB
065
EB7
1CB
16F
083
012
DE8
EAD
16C
3A6
3AC
F93
F04
3E7
0FD
C28
C90
E78
FB4
0FE
030
F8D
F68
FAF
25F
DE1
A33
E1E
2B4
18D
03A
151
28B
375
14F
FB7
E6C
C83
13F
34B
EB5
E87
223
2A1
0A5
D19
C39
E74
E99
EBE
031
E02
FDB
51A
274
E09
D81
041
1C3
012
EA1
1D5
269
2A0
377
FFB
C43
EF8
13B
E78
C4A
D87
2F0
39B
E91
E91
F7D
D75
004
FBC
D30
E32
267
54B
2CA
E70
012
3B0
01E
D67
EDF
F90
120
308
12C
ECB
E8B
06D
14F
BFD
9E2
FC9
142
027
0DB
FF4
006
1B1
17E
F60
CA5
DCF
3EF
35D
F88
0D7
307
23A
042
E13
CE2
E51
FA7
19D
FC7
C8D
0C2
3B3
F2E
B7C
D3E
EFF
053
FCB
FF3
1E7
175
3D0
3AA
E09
C94
17C
1DE
F3E
E94
05C
345
25D
FBC
F32
CA3
CDB
0FD
F11
B60
F1D
2A6
324
FD5
D61
FBF
0CD
EC5
F94
064
F46
360
579
19A
EB6
F25
1EB
08C
C90
C95
0B0
0CE
174
112
DFD
DF3
050
FEC
D48
BCC
F22
43B
1D4
F1C
1DC
10B
0F9
16E
EEB
CAF
FD1
297
385
FE0
E1E
288
20F
DC2
CB4
CCB
E13
087
062
FC1
EAF
FD0
350
129
B2C
CD3
1F8
188
103
0C4
157
2F7
2E1
163
EAE
C2C
F88
318
EAA
CB6
0E8
2C4
141
E4F
D08
DB3
E5E
F62
054
DC3
E6E
4BA
49C
F9B
DE3
FEF
184
07A
E02
041
15A
1E7
422
150
C26
EBC
0C3
F06
C37
C64
05A
2DF
08D
009
FE2
D4B
028
17E
D66
D33
1A3
4C4
396
F90
FF5
2E0
0CC
F1B
EF8
D32
EDC
33A
26E
F18
DF6
052
241
DCC
AFA
E00
022
01A
1FB
085
FC3
237
2AF
0D0
D09
C93
206
3C1
F74
0AF
279
1CD
211
F47
CBB
C6B
E58
152
084
C43
FB1
45F
09D
D5D
D91
DFF
FC1
07C
040
084
074
353
59D
FAE
C5C
041
158
F6E
E8F
F4C
15C
203
123
074
C93
C65
08E
FB7
B53
DD0
186
357
18D
EFE
FB6
014
F90
10F
029
D65
20B
5BE
27E
F60
EF4
135
13E
D83
CEB
ECC
ED8
199
316
E7D
D78
10E
108
E6D
B85
DE7
27F
2BB
068
237
0D5
08F
31E
03E
CD6
E01
1BF
3AA
0D7
E3F
19C
251
F30
E11
CED
B9C
F5A
1BB
01D
ECD
F7A
3D7
2C4
CBF
D83
0E1
FDD
159
183
047
19C
3E5
346
FD0
BB1
E2E
286
F32
CEE
FFD
102
175
0EF
E13
CD7
DDE
F43
10F
DD9
D68
3AC
4FD
134
F7C
F5F
FED
0E8
FC1
FBE
F22
0BB
4E9
327
CC3
DBA
098
F09
D85
C36
E12
14D
19A
1B6
01F
D7D
006
2B1
DE0
C33
FF9
37C
473
184
020
1D4
07E
022
06E
C49
D0D
2AC
294
FA0
DDB
FDE
1EF
F4C
B6A
D56
E2E
F69
344
1A8
EBE
15B
409
1E9
E06
C53
0D0
305
013
123
167
07E
1EF
165
D64
B61
D42
0A2
084
CD2
EFB
355
146
F87
F38
D33
E4E
169
172
FA9
F28
328
628
10C
D01
FBF
00C
FAD
00D
EF3
F41
18E
23F
180
CE4
B4B
073
022
C71
D8F
073
199
2D8
110
FA8
F39
F95
2CA
05D
C60
109
4CB
2E6
07E
FDB
F7B
078
E6B
DAE
D71
D20
180
3CA
EDE
CDF
049
0F1
EB6
CA4
D58
09F
1E7
253
353
01D
002
428
1BE
CD4
D9F
08A
282
16B
EEB
075
0D1
FC9
03B
D17
A53
EC0
1EC
067
EA2
F7D
2CD
2D2
E9F
DF2
F0B
E73
1DF
2F8
FAE
08E
3FD
425
07F
C2F
DAD
0E4
F51
DF9
011
EEE
07A
2D9
F44
C0A
CD4
FA7
19E
E2A
DB9
2C7
3FC
287
216
F31
E84
0B0
165
FB0
E3D
FCF
508
3BA
D2C
DFF
FEE
E33
E83
DEE
D5E
F11
1D8
30F
031
C93
FF6
31C
E4B
D27
002
183
342
368
139
01F
019
16E
11C
B94
BF8
1B4
209
FF4
F12
F15
04D
FF9
E4D
D10
C62
ED7
46F
212
E51
162
361
1C5
EFF
D71
F4D
104
177
29F
0AD
EDC
2E8
372
D08
B33
D9E
FBA
0D2
E4F
F08
166
093
188
039
B17
CDC
1F2
1DA
FBE
F65
2D2
546
1D1
EEA
FC3
E18
F21
21F
F31
D15
184
2F3
161
D70
BDF
F61
F5B
D73
EC6
F48
FF6
3E5
35C
EFB
DB8
FCA
2B5
03A
CBB
043
39D
27A
2AD
124
DF6
F1A
079
EE6
C9E
C8D
102
3F1
EE7
DBE
09D
F2E
ECF
F22
D1F
E32
1D2
43E
373
EF2
FDC
419
151
D55
E5C
F3D
0E7
253
155
FAF
EE1
050
188
D0B
9CD
ED7
1BA
008
040
FF2
101
211
0DA
F5E
D8B
D98
3A1
438
EFB
FD2
34A
388
08F
DFD
D50
E89
FB4
0B3
0A6
D55
04C
3D6
FC9
BC6
C69
F10
0A4
F21
F17
13F
1C8
301
3A6
EC4
C88
0FE
270
FBD
E84
055
402
314
F6E
F05
D8D
D47
01B
EF5
BE9
EAC
28E
335
005
D08
F0E
10E
ECF
FE1
F76
F01
32D
53E
175
E67
F75
1C0
12D
C48
D34
18F
110
0FE
165
E3D
DE3
082
F5C
D2E
B61
F00
3D1
19F
EE5
168
190
0F6
147
EAD
D7C
0A8
32E
3EB
066
E63
2B6
2A7
D45
CC6
D7C
E3C
05A
04A
F3A
F48
00E
2C6
03B
AE0
D59
1FF
09C
0AF
121
134
30B
2B0
143
E61
C95
026
3A0
F83
DA2
1E4
23E
17B
E51
C78
D3E
DE2
F35
09E
D43
E9B
512
360
E86
DE0
F89
128
0A4
F9A
092
195
2B4
4EC
057
BD9
ED0
153
EE7
CE9
DB2
11F
2AF
069
FAD
E3B
CE1
FBE
11D
C0D
D48
252
47F
354
F7A
FF0
25E
FDD
F81
FB4
D83
033
462
1C9
E6B
E80
040
160
C7D
B6B
EA2
FF9
0E5
2A4
F84
E73
133
195
F45
BFB
D85
38F
3D2
069
14B
22F
121
20C
FE8
C6E
D7E
03D
274
FA2
D41
12C
288
ED5
CE5
D29
CCF
02B
1D5
072
FDB
0F7
3DE
381
D83
D36
1AB
12E
015
05A
017
1DE
2AB
18D
EC5
ABC
D6F
249
F00
C41
F88
22C
242
102
E0E
D89
EBD
003
19B
F4B
E55
4D4
5B1
0A7
F2E
FA6
038
005
E60
ED0
FA6
012
3AA
1FE
B9A
CF1
106
EA0
CE4
CF7
F21
2A7
1BE
166
095
DE0
0C0
30D
E30
CD4
0C7
3BF
352
078
F54
1C7
00B
EC6
EF1
C16
D09
2F5
226
EFA
E3A
FCE
203
F1F
C18
E30
073
0DB
350
1CF
F53
259
370
0E2
D12
D21
119
340
F94
060
0E1
01F
0A6
04B
BB9
B25
E85
1A7
04F
D54
F60
384
12C
F37
EA3
DBE
FB7
286
193
08A
036
3CA
4F2
F1B
BF5
FA0
FE3
E77
F8A
ECF
F6B
204
26A
F34
BE5
C1F
14E
047
C95
F88
291
27E
340
0DD
F43
EFB
037
18C
F92
D32
20D
559
117
EA4
EF1
EAA
F29
E52
D00
DFD
ED1
357
34B
DA4
D3B
13A
0E4
DD6
D5D
EFB
2DB
387
27C
1F9
EC7
010
3B9
EE8
BC8
E8A
1CB
283
07F
EA1
FA4
F94
E5B
EE0
BF4
B9B
1EB
388
036
F5F
0FF
2EF
14A
D60
E64
007
055
397
2E1
EEF
081
36B
12C
CFB
B47
E20
178
F36
F19
066
F2A
0A9
222
D52
B2D
E53
1D1
222
F13
03F
4C1
381
031
05F
DC1
E24
21E
157
F3F
EAC
19A
451
F7D
B4F
DD2
F31
E16
F50
E95
E6C
25E
360
199
DBA
D1C
13B
26F
DC1
F46
288
28A
3C3
206
E7D
E50
F71
10A
EE0
B53
F6D
440
115
E4F
EB8
E3E
F73
ECF
DE0
E10
EDE
38F
54F
F7F
E3A
1DB
24E
F81
E5E
E58
17A
2C7
263
187
E42
E97
2A9
F3A
A67
CC1
FF2
18D
0B2
F05
FEB
FD6
FAD
0C2
DE3
BA0
164
498
16C
FF5
14A
32B
246
E6D
D87
ED8
EB5
213
26D
DF7
F0F
263
13B
D79
B01
DB8
09E
FB5
FB6
13F
004
1B9
437
F89
C23
F41
244
2E7
F9B
FE5
3C1
29E
032
02D
CF0
C33
08D
0FF
E0D
DA5
0F1
3D1
0D2
C09
DCC
F73
E79
01B
FDD
F0C
273
506
3E2
F16
D69
109
24F
DF3
E71
119
0BF
2C8
216
E14
CAF
DF4
FCE
EF7
AF3
DEC
3E0
230
F7C
FE7
F05
F8E
108
EFF
EC3
F01
2D9
63D
12B
DD4
12B
1D8
F21
DFB
D42
EFB
157
1C8
14F
DC1
D5A
1F5
012
AF6
C91
0AF
224
289
0F3
119
177
11D
1BA
F3B
C5C
06D
491
1C0
F2A
08B
168
19A
E34
CA1
D02
D44
102
28D
E3E
DDD
2A3
1EE
EE0
C84
D99
1AD
116
10A
21F
083
1C1
478
0EC
B90
D8D
068
153
E5F
E2A
1B0
1C0
F91
F6E
C9F
AC4
FC6
114
E7B
E30
0D1
481
2E3
DFB
EC2
090
FB3
155
0D2
E92
186
46C
323
F33
BDC
F53
0F6
CCB
CE9
F5E
033
20F
214
E50
CD9
E45
107
040
CA3
EA7
50B
3A8
130
1A4
F9C
F9C
148
FEE
E2B
DF7
124
586
0EF
C9D
FDC
0B1
DE7
D72
C7C
E39
0D9
1E0
1FE
F10
E67
29E
229
CD9
D8E
0D1
28A
304
1D0
136
11B
0EA
146
ED9
A7A
ED2
354
0EF
E81
F1B
093
0D2
E26
CC7
DA7
D50
141
39D
EFE
EF3
3E1
383
00A
D50
E1D
134
1A1
0CF
156
FC8
0B5
40B
05B
B3E
C8C
FE1
117
EC1
D6F
0F8
22E
0AA
097
E2B
BB8
051
279
FE9
F51
14C
57F
3DB
F22
E31
FF2
ED4
104
087
E15
03A
306
22C
EB5
B0A
E0C
0C6
DA3
D49
00F
056
23B
368
015
D74
EF7
158
18D
D8F
F08
45D
3A7
112
0E8
F1B
E93
026
F31
D3D
CC9
FF8
43B
109
C4C
F4E
063
ED9
E69
DC3
EB2
1A5
36A
324
025
F08
34B
2F9
D30
D64
084
20D
2BB
0A7
F99
FAC
F2D
01A
E7B
9F0
D46
2B6
138
EDF
F69
0ED
1B3
FF4
EA6
E1D
EA1
22D
4B6
0B0
EEA
2D3
328
02C
D08
D27
02D
0AC
F61
0B1
EB8
F3D
328
FB6
AEF
BB0
F6C
1BB
F88
EEE
1DC
347
148
1F4
EF7
CD2
0A3
2E9
052
F71
086
3C4
342
DAF
D3E
EA4
DC3
F6D
FE8
D20
F10
2ED
2CD
EC4
BF8
EA2
1EF
EBD
E71
128
17B
335
492
0FA
E5B
ED7
154
172
CD4
D6B
303
2DB
059
F78
D86
DED
F99
E98
D3C
D64
063
523
212
D44
05C
236
F63
F8F
EF1
F66
25D
3AC
351
00F
DD1
1B9
1E2
C03
C3B
F39
104
1E5
002
EF4
F3D
EED
024
F09
A69
E53
3DF
2FB
064
0BC
1C3
303
02D
EB9
F08
E4D
1C7
473
050
DB2
151
214
EA0
B8F
BF4
F3B
062
FD1
148
F26
FD2
328
0DF
C52
D0C
0DE
36D
116
F38
2C5
376
117
10A
E76
BE1
FAC
227
FDA
DD1
F2C
2CB
261
C66
CF1
E3C
DDB
04E
0EE
E65
08F
37A
40D
078
C84
F72
329
FD4
F0A
17C
180
266
318
EF3
CC2
D33
FE5
097
C6A
CA7
2AE
2D9
00A
F52
E24
E35
08A
FAB
EE4
EC7
1A2
5EC
329
DFD
088
1C7
016
ECD
E95
FC7
185
22B
25C
E50
C14
048
117
B47
BD3
F85
157
257
0AD
F91
03C
FDC
13B
088
C47
F6F
528
3AB
08D
023
152
208
E93
CFA
DD7
D42
062
37B
F19
D55
0CF
153
ED2
B91
CBC
0AE
1CA
109
26F
06E
0AF
3DE
0E8
CD3
D9C
0E5
3AE
090
E74
192
228
F83
F78
CC5
B1C
EF7
17B
03A
DFE
F70
361
290
C90
D8A
FCC
F78
180
1E9
060
136
3B5
3A7
048
BC4
EF0
29D
F4F
E2B
0CD
0AE
186
15D
DF5
BC2
CD7
FE3
10E
D08
E0D
3FC
3DD
079
F99
EE0
FD6
10A
0BE
068
F1C
217
598
277
C7C
E80
FF1
ED3
E05
CF8
F16
111
12B
163
E6F
BA2
0C8
179
D29
D3F
0FF
3EC
3CC
144
027
0D4
F82
0D6
FCE
C0A
F4E
435
271
F33
E4C
FBA
130
D78
C60
DDC
DDD
149
3BB
F4A
DC0
15C
289
04B
C5D
E0D
332
2E5
110
215
0C8
FE7
261
FBB
C25
C7D
FDA
2FB
FB5
D91
0AD
1B6
F31
E9D
CEF
C8F
0E2
2C9
120
FB1
085
42B
34C
D19
DC1
077
029
150
1AE
FDB
0CF
25C
1DE
DF9
A50
DFD
1CA
ED6
D62
06C
104
1E1
0D2
E1D
DC9
E89
11B
28D
F09
F39
52A
44E
00F
E6E
EC1
FF5
009
F2B
FF0
EF3
096
403
033
A8A
D2D
019
F5A
D5D
DA7
143
2AE
1D7
258
F2D
D07
19F
230
E22
E5F
1C8
49A
303
EC2
EF1
000
EB5
F2E
E70
BDD
F55
37F
1EB
EAF
D02
00A
152
CF5
CBB
073
0B0
323
458
06B
FA8
187
266
FE9
BFF
E1B
3E5
273
01F
07A
F91
F28
063
DB4
BB7
C53
078
3B0
044
D72
192
2D2
FF8
E69
E47
F07
1FA
2C6
283
04D
03B
3DF
1B5
B7F
C7C
042
03D
FF8
F77
F3E
08E
06B
024
DA0
A8D
F02
33C
007
E82
161
3C1
371
019
E0C
EEE
F10
0B9
303
F1D
F56
401
336
E62
BE4
D5D
00F
ED9
E06
FB4
FEF
0AE
35E
F75
BC0
E86
14F
17E
F29
ED4
3E7
46E
1F3
134
EF2
DA8
0C3
0B9
E0D
DF4
103
3E2
151
C1A
D79
05D
DF0
E33
E9D
E1A
152
409
2A7
EFE
D5C
179
2D2
E01
DCD
188
2A6
30E
21E
F96
EAB
F69
FEB
EBD
B12
DE8
36B
1EA
E83
F52
FB5
F92
F51
DDC
E10
F57
273
5C7
08C
E21
25E
2D8
F5A
DEF
E03
10E
2AD
12F
11D
F0E
E6C
1A9
FAD
A29
BC3
010
198
068
E76
0C4
22C
015
027
F23
CB0
117
484
190
FD4
129
35F
2CC
D51
CCE
F2F
EB8
FFB
156
EB1
F16
27A
143
D79
B56
D7F
205
FB9
E8D
1A3
1FD
278
2C6
F87
D4A
F86
1ED
266
E9B
E53
446
390
EEF
DFB
D97
DA0
FEE
F8D
E6A
EB7
06D
464
0B5
B15
EF0
172
F7B
F26
FA8
0B3
376
395
238
F1D
D18
0F1
253
CBA
D14
1C7
274
1D0
F36
DD6
EE9
E0C
EB7
E90
C08
F26
4C5
307
EE3
F3C
102
1A8
EBA
D75
091
140
2E1
469
FF3
DAD
12F
16B
E14
B6B
D4F
22A
1CC
EB9
FC9
F81
E54
0B1
EF4
B9D
DD6
223
421
146
EED
216
3E7
F91
EA9
EF5
E57
17E
2DD
0A8
F18
F88
232
0AE
AA8
B83
FF3
052
FEA
091
FCB
0FE
1E2
107
E13
BFE
FCA
4A9
102
EB2
1BE
383
28F
FF8
E00
DAB
E6F
042
182
E26
DEC
328
1F1
CF6
BC6
DC4
FDD
FA3
EEE
050
1A6
1FF
472
0C3
C48
F3D
279
0EE
F25
E9B
2D8
420
055
F6B
E03
C67
F60
0B1
CCF
D9A
152
387
16F
D2F
D7B
0AE
F79
F70
02D
FAB
2B1
550
2A6
F23
E38
115
230
DED
C50
0FF
21B
152
13A
DCD
D73
ECD
F73
E38
BED
E4E
48B
338
EBA
032
17E
0E8
046
E38
E16
02D
28C
4BF
0DA
D76
18E
233
D65
BC9
D36
FB0
1AB
028
FF4
F7D
EBC
184
0A4
B2A
C96
292
2A9
0D1
FDE
140
337
131
F34
F85
D45
0B2
3FF
061
E04
0A8
208
09B
BCF
B42
F6C
FDD
F00
120
F14
F7D
363
1CB
DDD
CB0
F2D
35F
0EE
EA4
279
31B
208
175
EC7
C49
EA6
063
044
DDC
DBC
2FA
303
DB8
CC1
E0B
E1D
FD1
FF4
EFC
0C1
298
477
1B7
C85
EF3
2BB
FFE
E9B
FFB
16E
374
202
FC8
E8C
C85
EBA
09A
C3E
BF7
25A
2D8
0F3
EA2
DF1
08C
FEF
F49
00B
DE6
0B4
609
345
ED1
F70
14C
16D
E44
C8F
FC2
17F
0C6
214
F88
CFA
03B
08A
CDA
BA6
E5C
337
362
ED4
087
1ED
076
126
F91
D84
F65
33D
3FB
164
E2B
12F
391
E02
B67
DE3
E0E
0A3
1A6
F67
EC5
006
171
072
AE6
BC1
264
241
08E
11D
1A5
275
231
FF7
E6F
D7C
F35
3B9
07E
D24
142
35E
029
D42
B75
E07
F04
EEF
0D5
F88
EFB
421
30E
D8A
D5D
061
1F5
11F
F21
17E
392
222
215
F74
BDD
E14
154
FE7
D40
E74
20E
3BC
E0D
CF0
EF1
E24
F26
01B
DEE
F4F
320
478
1DF
DEB
EF5
312
008
DA4
FFD
0BB
1EF
2BF
094
DBA
D98
F42
07F
C21
AFA
14F
3A0
02F
F9B
F72
FD8
044
F83
E57
E6B
0A2
5A0
44D
E8B
FDE
2A7
156
E3C
CF9
E71
111
11A
146
01C
C9A
F8D
198
CB3
B43
E5E
232
2C2
00D
FFD
283
0F7
0C8
0F3
C7E
E7A
368
354
0D6
F5B
149
31B
F0C
B51
D9B
E4A
EDF
1D8
F77
E42
109
268
085
C54
BF1
1FF
268
F65
179
213
289
3B4
0C9
E1F
D92
F50
2A0
081
D3B
11D
3D3
FDD
DD9
CE0
D03
F53
F50
F87
F35
F3A
3A6
411
DD5
D2C
04A
109
054
F27
030
37A
321
239
04C
C51
DA7
19C
E9E
BCF
ECA
1DB
318
F96
CDB
F10
EFB
EAD
FF4
E5A
E64
3B7
4F1
1A5
E61
F6B
276
0A6
CD4
F20
0A4
14F
2D4
121
DD7
EC5
F75
FEF
C53
A9D
051
3B1
01B
F87
06E
02C
10C
050
E32
E3F
001
482
42D
EE1
008
387
0E7
DB6
D05
E29
020
147
082
036
E06
004
25D
D54
A9B
EE0
186
16F
05C
04C
243
27A
152
07E
D37
D59
29F
2C3
F4A
F3C
1F7
378
F9D
BA7
D76
EA4
EBD
041
FB5
DB7
144
370
0CC
CF3
CC1
0EE
28D
EAA
FE3
255
2B7
3B1
1EC
E32
DA8
F63
111
F80
CAB
FEA
480
07D
D83
D86
D76
EF1
FB8
E7F
EE8
051
398
446
EAF
CE0
171
171
F05
E81
011
28D
30A
196
07E
DD2
DAA
10F
EDE
A9D
DD5
1DA
2B3
012
D80
03C
04E
EA7
F7B
E2A
E22
340
554
1B4
F6C
031
2C4
14F
CA0
DC1
0A2
0EA
1D5
177
E49
EFC
01D
EFB
C02
A85
F82
3A7
017
F3C
18D
153
0FE
080
DF4
D97
062
369
3AC
ED6
F9C
439
211
D13
CCC
DB2
F7D
0AC
F64
F3E
F43
0BE
2C4
E65
A13
E80
284
0A6
FCE
056
30B
3B7
0F2
046
EBA
D71
1A1
26F
E3F
F3F
238
33E
013
C1D
D0C
F46
DA4
E85
F77
E1F
1AC
43E
115
DC1
DC3
104
236
E9B
EDF
337
354
2A5
266
E7E
DAE
026
019
E9A
BE7
F56
433
1AC
D0C
EC9
EEB
E88
F78
D9F
E22
0C0
302
491
0BD
DA1
287
289
E2D
D60
FA3
19E
2A6
111
FBE
F0E
E3C
045
F0F
A19
CD7
1F4
1F5
FD7
E36
0D3
228
EEE
ECD
ED5
DD1
1CA
51F
0E9
F45
1C7
312
124
C21
C50
0C9
003
F63
0A7
EF9
F5A
1AD
FF1
C52
B67
FB7
2F7
0A4
E12
1E0
3F2
144
0DA
EF9
DF8
08A
1FF
1EB
FDB
F3A
434
313
CA0
C4C
E93
EDA
F2C
EE7
EA0
077
15A
225
F8D
ADB
DF7
331
FDE
EB0
07E
312
484
1B8
F65
FCF
E79
020
188
CEC
DB1
2AA
3AF
FE2
D33
D58
065
EDB
D29
EC9
EEB
0E6
4DE
1E0
E2F
F47
1CE
1ED
E3D
C75
247
3CA
166
14B
FB9
E56
05B
FD5
CA7
C64
E9D
36B
29E
D2B
EBB
1E0
02B
E62
D84
E4B
104
28F
3B7
179
EB2
22D
3DB
E47
BB9
F5A
184
19B
046
F0B
0B9
F8D
00B
F29
A77
BB0
25E
1CD
F6A
F5D
160
403
089
DE1
EF8
F6B
0BC
3CB
12F
F06
27D
3EA
0CA
CA3
B7A
FBA
091
DB1
F4C
09B
059
29B
092
CCF
C68
F2C
1AD
057
D9E
1AC
57C
21C
029
FC8
E98
060
0D9
FE3
E75
F15
34E
3F6
D84
BB3
F6F
F3D
E04
D67
E7E
11A
261
226
0A9
D86
F41
2D6
FE4
CA1
034
357
48A
151
ED2
0BA
009
ED4
FCF
CEA
C59
1AA
34F
F82
D62
E79
171
008
BD8
DF9
086
132
3B1
2AA
F4D
0E1
24A
193
E2D
BEF
109
424
085
F7C
154
00B
049
EF8
C2C
BA3
E0C
181
21C
DB2
EF6
44E
1FE
E79
E0D
EC2
0CF
222
157
1A1
0C9
203
450
E81
AF8
EF6
145
FB2
E61
E91
151
18E
EFD
F32
C6F
C3E
150
0EC
E00
F92
34C
4B9
20D
DD3
F86
164
F50
12C
072
E87
1E2
42F
0DC
D20
C67
FC6
054
BF7
CAE
0ED
16B
1F0
156
E02
E32
069
111
015
CFC
0D0
67E
2F9
F62
01F
025
FC2
F2F
D97
DDB
F70
1FC
368
EBE
C4D
143
11E
CAA
C50
E3E
1BC
2F7
137
189
0AC
024
35C
02F
C02
EED
2F5
353
0C1
E9F
121
261
E55
DA3
CDF
BDB
FD5
244
F2C
E0F
05E
271
11D
BE3
CC2
16C
168
131
254
115
1FE
3A7
1A1
E6B
BE4
F5C
2C0
EFA
CE0
114
1A3
022
F2F
CDA
CE5
EBA
00E
100
F14
FA8
51A
47F
E5E
E52
00D
122
076
F5A
05D
1D2
1CD
35C
FC1
B04
DF0
102
E56
C97
D81
1AC
36A
023
EA8
F93
E06
092
161
D7B
EC0
3A3
47F
265
E80
F67
21C
FB7
D32
F15
E6B
0DD
364
0C6
D9A
DEC
FF1
076
BDF
A7E
0E5
2AE
0D2
17E
058
097
1F8
0B5
E67
D41
F37
49B
2FB
E47
03F
2E1
0A9
E6A
C22
C8C
EEF
FCC
11C
FF7
D73
188
34C
DA0
B7D
E75
166
272
032
0F3
316
29E
22D
0D6
C01
D52
1CB
102
E9B
DD3
157
410
F9C
C22
E2E
DB4
DFB
0CF
F11
EBC
210
463
252
E75
D6C
209
1D6
E29
FC2
180
266
3B4
1C5
E30
D3D
DC7
0CB
E4F
ADC
FA5
37C
0FF
FA6
E53
EDF
FD5
F82
F23
F21
F83
4A6
5A8
FA2
EA2
23B
1B8
F3C
D07
E29
16E
189
0C4
0A6
DA9
E49
194
E05
AEA
D38
130
2E9
0AE
EE1
23E
200
FCE
0AE
E22
DD8
25C
41C
1AB
F64
0D3
3C1
0F5
B36
D3C
F02
EDA
0B0
F9E
EFC
006
19B
15E
D9B
AF0
FE6
37B
028
F87
1F9
2E4
360
0D3
E88
DD3
E63
140
169
D7F
F2C
39B
207
DA6
C53
D5E
FF9
EE4
E1C
028
00F
224
54A
01F
C91
FE4
1AB
0D8
E4D
F41
3BE
3EF
138
0FB
E79
CF5
FF6
F85
CAA
D3E
0ED
431
0E7
C7A
F67
0E7
F18
EE0
E9F
EA4
26E
484
325
032
EA1
25E
236
CBA
CA5
0ED
16E
1D3
0C7
EC8
F2B
FC2
F7B
DDF
A99
E02
3BB
201
EC5
059
211
2A1
FAB
D6F
F65
011
236
3E8
099
EB9
324
2A8
E75
BD5
CB0
057
06C
DA3
01D
08D
023
23E
FD2
BC5
D1D
120
269
00D
ED8
2D3
567
147
EF9
F44
DCA
004
167
F46
E94
062
3DC
216
BE6
BE0
05A
EAF
D92
E61
F42
1F5
3A7
1CF
00B
D83
FE4
3E8
F47
CAE
1D3
45D
2B7
0BA
EC0
F7D
F79
E56
EE1
CAB
CDE
32C
2E2
E75
DCC
014
0E1
F4E
C4A
ECB
172
1EE
43D
298
ED6
108
323
FAC
CAA
D21
178
3A6
F54
F34
111
F33
F82
F3F
B47
C28
FCC
220
121
E56
081
4DC
119
D88
EF4
F10
0C0
2B9
196
061
105
239
31B
D36
A1C
F93
136
E5B
E29
F27
119
208
FD9
E6D
D2F
D40
294
116
D87
0CF
4C7
41E
0DC
E90
F42
0F2
F62
F8B
FEA
E63
1D0
3E6
EFF
C4E
DCC
02C
F45
BA6
DBF
24F
224
255
268
E86
F11
204
0EC
E77
DCC
1E9
520
1EF
E59
091
077
F04
EA2
CB6
C72
F94
1E9
1FF
E0F
D18
269
17F
CA7
D26
F84
12B
2FD
1B9
163
196
13C
2A1
F54
B23
EC8
309
0E0
F62
F64
128
1B7
E7D
CFF
D23
D15
05C
275
EA7
F23
35B
414
0C0
D21
DAF
221
0E5
00A
1DB
07E
1B2
3D2
044
C56
C81
F06
0DE
E3A
C7A
19D
2AD
FDC
FF3
D63
D31
FD3
0C3
FE2
EE1
0BA
583
418
DEE
F3B
135
02F
F1D
DE9
E83
115
1E8
242
F5D
BD1
F12
18D
CCA
B73
ED1
1FA
2B8
12B
FD6
15A
073
0D5
163
D0C
E72
3BC
391
03B
F1C
03E
23B
EBD
BD9
D6B
DE8
FB9
232
FE1
D81
0AD
216
03D
CA5
BE3
1CA
2F9
06A
196
1E8
115
319
173
D75
CD6
FB3
270
087
CCD
019
3B0
070
E13
D41
C63
ECD
05E
FE5
FDA
FE4
374
512
EBA
D42
0EC
169
FCC
F67
F95
25C
299
182
055
C13
D3C
1E5
EEF
B83
DC6
22B
2D9
096
DEB
F9C
FB6
F18
063
ECE
DBA
386
582
1C0
F32
FC4
1D9
064
C2D
DD0
041
015
254
1C7
D51
E35
023
FE1
CF4
ACA
009
3FE
101
034
201
150
1EE
0F5
E1F
DCF
FAD
2EA
3B0
EA4
EF5
384
159
D3B
C9A
C76
ED3
016
FCF
FB3
F45
12B
41D
F7D
A9D
F47
260
14E
0C2
032
356
382
15A
03A
E19
C90
0BF
13D
CA7
D9F
12E
33D
0EB
BFD
CED
F69
E75
F80
02F
E3D
1A1
501
29D
F14
DF0
133
25C
E38
DD2
213
24F
204
1EE
E3D
DC0
F3A
F33
DA9
B88
DEB
3D9
24D
E6D
003
09B
0B2
071
DDC
E07
040
2F4
4C8
139
E02
206
39D
E0B
CEB
D69
FBA
112
FF5
000
FBB
EC3
178
FE3
AA6
C44
21A
1C4
095
F70
1CB
3CA
1B0
F83
F48
D16
003
391
016
E70
16F
2FE
15D
CA2
B69
F3C
EDA
DF6
FFF
F63
FEE
3E2
29E
EAF
D58
F71
284
02F
D6E
165
40A
2D8
1DF
FAA
DAC
F8E
FE8
F5D
CC4
CE6
2E8
3F2
DFD
D76
F6F
F6D
EF8
E31
E1C
0B3
208
454
272
E17
030
37E
FFA
D10
E9A
0E0
335
15D
F87
006
E5E
F36
025
BEE
AC4
0FF
2D6
0DD
EF9
FC6
30B
161
DDE
F0E
EAA
FC0
3CD
2EB
F24
0CF
33D
27F
DD3
ADB
ED5
065
EB3
F7F
006
F1B
1BB
197
E0E
C49
D71
186
21C
E07
FFE
50E
332
155
077
E25
F4D
0FB
058
F4D
E1C
151
4F6
F5D
BD2
EBB
F23
E89
E61
D67
FDC
1D2
2E2
295
E52
D93
276
179
D2F
DED
180
416
337
FC7
F9F
FD6
E99
022
DC1
AA3
F90
32E
18D
E2D
DC7
0CC
185
D99
DF8
EE8
F29
2E0
404
023
025
265
304
FE3
B35
DE0
266
0A7
F52
0B9
FD8
035
0C7
E3F
B6E
CB7
034
2EF
F16
DCF
31D
38D
072
FD4
E31
EF2
194
164
0FB
FC4
0AB
4FC
209
BAA
D30
007
F15
E3D
DB4
F24
169
11C
143
EFF
BAE
023
240
E7D
DE9
160
417
404
035
F60
093
F23
F7A
039
C97
E1C
374
2B8
F05
D54
ECB
172
DBA
BCB
E96
FAE
10F
45B
152
ED0
12D
272
0DC
D41
CF8
2D1
3A8
05F
0A4
08B
FC4
08B
F28
B8A
C40
F46
23B
116
D16
090
3A6
03D
E78
DEE
E3F
1B3
28A
1FE
131
06B
35A
419
D89
BD9
02C
0B3
F72
E7E
EEF
16B
141
03E
F69
B76
C9E
19D
033
D15
00D
38D
45C
142
EB4
F92
FF5
F86
136
F14
E43
370
470
FDE
D42
DE4
094
F4D
B49
D39
020
097
2AF
196
E4C
EFD
1EE
13C
DFF
CC4
1A8
523
1AE
077
14B
FF4
0A3
00E
D00
C22
E5F
1FA
235
DB2
DBE
2CE
040
D28
D2F
E06
FFB
2AE
1D9
133
097
24F
44B
F37
B37
F3F
258
09B
FE3
FB1
0D5
198
008
E7B
C58
AFF
01A
1A6
D74
E61
29C
3D0
1E0
E3D
E9F
04E
02C
0EE
0ED
E90
1C7
543
187
E02
D52
F66
0C8
CD7
CEE
027
078
1A9
1FA
E0D
CFE
04F
0C8
E51
CBA
FD4
569
3D0
04A
14D
137
042
0CD
EC7
CEC
F44
22A
33F
F95
C4A
087
165
D00
C36
DCD
ED2
16D
240
099
030
11A
33B
1C4
C13
D60
313
225
10B
080
13B
258
0C8
F5D
D33
B5E
E9F
29B
F51
C9E
0B7
30E
0DB
E78
D45
F03
01E
05A
233
FD2
0A2
535
419
E74
D0A
F08
132
EED
D28
011
1AC
088
1D6
F96
BB1
E5C
0F9
F44
D16
E30
355
4E5
060
FB2
0E8
FD4
08C
074
D76
E94
2AF
405
1D3
D74
E9F
235
F01
B8D
D8E
E3D
0BA
252
093
F5C
F5B
139
1B5
CDF
BB0
21B
3D4
19B
1A1
11F
1BF
1EA
FEF
E05
C84
D28
329
157
C86
F17
275
138
E29
C69
D4B
001
006
159
178
F6E
3D8
580
F9D
D3B
F1B
163
0DB
E67
F76
207
158
177
FE3
B96
BDF
09C
FAF
CC0
D73
12B
49A
147
E2D
01C
FBE
FAB
1AD
F16
E19
23B
4F7
339
EF0
DDF
19D
07C
C3D
DC3
F1C
F66
1DA
16D
E75
DB6
010
1B4
E93
AD8
FB1
45C
21D
130
1B6
15F
18A
19E
E6D
D26
DAB
22F
38E
E79
DAE
1B4
17E
E48
CB0
CA8
E94
02B
108
139
ECE
110
51B
139
C81
E6D
104
18C
0D6
FD5
1D3
286
185
16A
D62
B28
FCE
10F
DD1
D04
FB3
305
251
E1D
DFA
F68
E6B
0E7
101
DF4
0F1
550
43D
030
DE4
048
20A
DD5
D76
F4A
FF7
16F
2E2
F30
C91
ED5
090
F66
B3C
D01
2DE
311
0A5
1A1
067
099
1E1
FE3
D41
E0D
19E
4B0
1C0
D82
0DA
23A
EB2
D86
C35
CFB
FEB
111
0EF
F18
E7B
343
281
CB2
C9F
0DE
1F9
195
0C2
14E
2B5
257
1F7
F58
B63
DD1
2B2
F54
D66
F81
11C
237
F94
CFB
DE1
E04
FCC
1C2
E8F
EC8
486
4F1
114
E6D
F36
1D6
025
DDB
F79
069
06D
3C7
14F
C60
DF6
019
F56
C23
C3D
0BC
3A2
0E7
0A9
075
E46
0D6
171
DF0
DCE
0E3
47A
39D
F1A
FA3
2D4
018
DE3
DE2
C80
EB2
194
13E
F6C
DDD
0C9
31A
E81
AC8
F3E
11C
0EE
20F
115
14C
2BD
27A
0BE
C78
C65
229
244
DD0
F4F
16D
12B
08C
DC4
CD7
CE2
E83
138
FCE
D0F
25D
532
187
E96
E31
056
1B2
FA8
FA0
0A5
0FE
3DA
35E
D1E
C28
024
043
DA8
C25
E58
283
1C0
FE6
044
DFE
F14
263
ECD
CD9
FCC
3A1
490
108
F1C
1DE
12F
E99
E88
DE4
D32
218
309
F65
D79
ECA
20A
F71
AE7
CF3
FF0
038
22C
1EE
045
1A3
2C2
203
E40
BF0
0E5
403
FC1
E9D
1A9
185
0CB
F72
C6E
CAF
E29
0BD
0A1
CDF
EB0
4AD
276
E16
E7F
F66
06C
124
06B
0C9
11F
354
555
043
B3F
F13
0F7
EA9
D66
E98
0A8
239
0A4
FFE
DFB
CC0
0AE
0C4
C16
E35
35A
4A2
2BF
F9D
080
1B3
FC5
F9A
F32
D0E
0C1
4BE
10F
E12
F1A
0BC
041
C92
B60
F12
008
152
2AC
FB0
EFA
2DC
1CE
EC9
CD9
EEF
334
2E4
FA0
1E1
210
0C4
1A4
E75
AB2
DA2
0A0
136
E8D
D7A
205
320
E2E
DCA
E55
E40
11D
19C
FD0
053
2AB
4C0
283
CC0
DC9
1F0
FFF
EA0
EFC
F9B
18B
1EF
02F
DDB
B86
EA9
16F
D87
BBF
14F
3F1
27E
17B
FB4
014
0B4
01C
03F
E03
F39
4DE
3FD
ED7
E8F
05B
FF8
E0D
C2B
D51
EE6
108
300
0DF
D2D
082
2BB
EB8
CA7
EBD
198
3FF
13D
163
206
033
251
0E5
B96
BEF
0FF
1F2
FC6
E78
02D
2D2
FAE
D69
DC0
CBB
EE0
286
04B
EA8
164
47B
37E
F25
CA2
0CB
166
F76
077
033
FE4
2FA
23C
DC0
BAB
D18
079
F2D
B9D
F5E
2C2
20F
148
0B1
DD3
EEF
182
034
EE5
EEE
36E
620
0C7
E67
0B9
F95
F44
E51
CD6
DE4
060
292
161
CAA
D4E
22B
019
C22
E12
038
20C
2F1
1D5
10B
0DA
131
322
E51
B1A
01B
2F3
0AC
F85
F38
0B9
0AF
E81
D8C
BDE
C72
1C2
212
D72
F22
3BB
372
020
D71
E8E
13C
0EA
207
1B3
F05
28C
477
F7E
BDE
D1A
F96
030
D49
D4D
0D4
18A
0F1
0FA
D5E
C73
0CC
198
F00
E98
171
573
340
F51
04B
03E
EB4
077
ECA
CD0
FD2
35D
238
E4E
CBB
026
0EB
CAD
CEA
F58
FF4
28B
36B
055
FC3
101
2FC
084
C01
E34
31D
23B
0BE
0D8
F66
FE0
0B9
DF0
C12
BA1
FBC
32B
F37
D5B
1B6
24C
FFE
EB8
D38
DE9
155
22F
276
FDB
08A
51E
306
C80
D13
F2C
F7B
F66
E66
F9C
05D
128
1C3
E94
A5E
E92
266
F16
E42
0FE
35F
405
17E
019
F20
EAD
14D
1B5
D3B
E6D
42A
39F
FC2
D6C
DAE
FD6
DC6
CD1
E8E
E3A
05A
4E4
18B
DDB
FDD
1CB
0F4
DC6
D72
1F4
332
1E3
270
FC9
E0D
14E
0DF
C0E
B2B
E52
292
18C
DD5
FC2
1B9
F5F
F34
E42
C50
F63
30B
2CB
091
FCF
335
449
F2F
CC5
F08
EB3
018
23F
F0B
F3E
121
24A
F8A
AA8
BC1
130
064
DCC
05C
12F
266
38C
0FD
E0B
DBC
042
301
F71
D6A
2E1
493
111
F1C
E0E
D66
F40
F02
E35
D70
EEF
32B
393
D87
DA9
159
026
F34
EDB
F2B
27E
2F0
38F
21A
DF9
FF8
31A
E2F
B0E
DF3
142
197
07D
E61
FB3
F28
F53
FB6
C24
C25
244
3AE
0BC
FF0
1B0
2F2
1A0
E61
EC0
EFB
F81
3ED
1C9
D7E
028
297
040
CBB
AEE
E58
0C0
EBE
FFA
087
F86
2AF
31A
DCB
CE0
FAD
260
1AF
E74
0E0
42E
29C
0DB
049
C96
D53
0D7
F9D
D2D
D95
1D9
3D1
004
C4B
F0F
F59
EB1
04A
F8A
EB0
2F7
4A4
2B5
EB2
E7C
234
18B
CBC
E6D
07F
0F4
29C
0E2
E26
DD7
F1F
038
D1B
A9C
F24
3D9
1A2
FD3
0DA
096
16E
17E
EF6
DF0
F67
3B6
49E
EC4
EB5
2B9
1A1
E06
D17
C4F
EE8
034
0E4
03C
E98
FB1
3EE
F7E
AA2
E68
14E
175
131
062
1B7
292
1E3
1A2
E0C
BA8
0D8
23D
E2E
E26
096
221
188
DBB
C9A
DDF
DDB
08B
084
D15
077
5C4
347
F79
EA5
05D
232
FBD
EF3
0ED
050
286
426
F86
CBF
F61
034
E26
B86
CF9
191
1C3
004
10B
E7A
EA1
204
032
CB1
E37
248
53B
255
EC8
182
25B
ED6
F51
D76
BC7
02E
30A
0E6
E18
E82
1BD
143
C19
C2A
FE5
01E
194
2A6
024
0A5
340
2CF
F6E
BE8
E82
3DA
06C
E51
13C
0EC
0F1
0DB
DDB
BB6
CF8
F5B
10E
E06
D0F
3D5
3F7
027
EA9
EC7
F4D
16F
0E7
FFD
FD8
189
559
27C
C51
E57
07A
EBF
E45
E40
EA4
0EC
1E5
102
EAF
C0B
FE2
1EB
D87
CB9
101
389
360
24C
023
0B3
01E
06C
062
BEF
DC9
43E
2DC
EA5
EC6
F9E
0A4
E5F
C84
DB6
EA1
053
3DF
128
E08
181
39A
058
D09
D5F
1AF
2B3
0B8
176
149
FBC
1C0
0D4
ADB
B40
EF9
15F
018
DD2
049
318
04E
F56
E88
BF2
F14
2F5
137
F39
124
407
48C
F41
CAD
F5C
ED3
EFA
089
E84
E6B
279
20C
F5C
B8A
CFF
0C0
F67
CCA
F7A
1FD
1E9
3F3
1A2
E39
FB9
0FB
1AB
EE4
D13
298
4C6
0CC
F01
F2B
DD9
EF1
F7B
D0D
C91
F53
2F1
2CE
D97
EA7
2E1
0A0
E58
EF0
EC8
18C
418
2C8
12F
EDF
0B8
393
DDE
A2F
E78
116
0AD
05A
ECA
F7F
039
067
F26
BFF
C4B
2BC
363
EF9
0DF
281
308
1FA
F2A
E38
EAD
F8D
234
0FA
D3F
0E6
413
039
C87
C22
DF2
027
EC5
F27
019
FE9
355
407
DD8
CE0
0D5
1E0
030
ECE
079
38F
33C
09A
06B
CEC
D94
11E
F30
B78
E04
213
2F8
FD0
D1E
F97
FB7
E7D
FC2
E9F
DD8
36D
577
1FC
F4C
FEB
273
178
CAB
DBD
086
043
209
1AD
D84
E5A
0F6
FC6
CA8
A99
EFA
345
111
018
19B
045
152
25D
EC6
D13
FE6
2E4
348
F90
F02
326
212
E4A
DB9
CA8
D4E
07E
0BD
F34
E4E
0FA
412
013
B21
E9E
154
065
10C
0DF
0CA
32A
362
1B6
DD8
BC5
0ED
26C
D65
DE1
151
1CA
16F
F99
D0B
D33
E26
079
FE5
CB9
FA8
5B9
398
F2D
FD4
FBF
0EB
0B5
F04
F3F
07D
250
48D
FB2
C0E
FD7
0C1
D9C
C41
D39
02C
1EC
10A
0F4
ECD
E33
247
130
C00
E13
299
385
256
01B
13D
218
008
FC8
E02
B36
FB6
36D
00A
DE9
F3A
11D
0C6
CEB
BD8
EB2
F8E
1F9
32A
001
046
425
33A
F24
CC7
E5E
258
101
ED8
105
0F0
0A0
23B
ECE
AC8
CD4
01E
0CA
E41
E22
22E
373
001
FCC
EF0
DB3
156
24E
FAE
FBA
25D
4EE
374
D64
DBC
03B
EEF
E39
ED6
DAC
024
389
1DA
E3A
CAD
F37
1D0
DE2
C83
12F
2B2
32C
330
0B4
F12
0A2
1A9
029
CAB
D4A
3B9
315
ECA
F03
F85
EB8
F79
DA1
C19
D39
042
3D4
1A3
DA3
0E1
351
FD8
DB6
E6A
F6D
262
290
1DB
045
FAC
22A
1FC
B35
AE5
F60
05E
FC2
F23
F31
175
124
078
E57
BAC
E19
3CA
24C
EBB
12E
3BD
33E
126
E1C
F05
F0E
FB9
200
F04
D54
234
345
EA6
C41
D08
F41
FCB
DDB
F33
101
12A
48F
2C0
D6A
E0F
1FB
1C1
F2A
E32
0BE
41F
1D0
044
FDD
CC8
E7B
0EF
CED
BA0
F7B
2DC
25E
EF9
D8C
0B0
02A
EC7
FC6
E07
F72
417
48F
0CC
EAE
05C
359
F64
B8F
EBA
085
054
213
05C
DBA
F6C
128
F42
C31
B65
16A
384
026
06E
299
0F9
1B1
128
D63
D50
06B
362
2B5
E1D
013
3D7
0BF
D21
C9D
C63
E65
0E1
01A
F5E
F3C
27E
3C6
EA6
B69
037
1BD
0C5
108
0F7
20D
322
267
09F
C96
C8B
15F
0BA
C72
E24
14A
1EA
0CF
E78
D79
DFB
EAF
0F9
FEC
D45
210
62C
1FE
F1F
F7C
07A
12A
F6F
E81
F83
030
2EB
3B1
D1E
C41
04D
FEF
D14
C53
E19
1AC
232
0D5
0E8
F1C
ED0
295
098
C41
F84
3BA
3AC
200
F9A
0E6
118
EF1
ECA
CE0
B9D
0E6
310
FB1
DEF
FC5
19B
0AE
C4D
D37
FF2
035
261
366
F91
0ED
41B
222
E47
C09
F93
2AE
095
F48
168
036
0CE
13C
D0D
AB2
DB8
0BD
14A
E2A
E98
358
33A
F4B
FAD
EA3
E68
216
212
FE5
037
264
4F0
160
BCE
E33
FBF
E6C
EB0
E85
E0D
0FB
298
118
DDC
BF0
03C
270
DF0
E4A
1EE
2F8
37D
288
F49
F01
FBB
0D9
FD5
C5A
E3A
4E5
1FE
E85
ECE
EA3
F0D
EB3
D75
DAC
EC8
1F3
4E2
12E
D71
1B7
2E2
FA3
E1F
EA5
0EA
346
234
1DA
F6E
EAE
1F8
079
A6B
B91
046
190
0CB
ED1
FB2
135
FE1
00C
EC7
BCD
FBF
4C6
1F5
F73
13D
324
2F0
F1F
D68
E9C
F4A
065
216
ED3
DFE
22A
21F
DA2
ABB
CB9
06E
09A
EE1
12A
183
1B0
403
1CB
CBB
E5F
1E5
1FC
070
E08
2AD
458
04F
EEB
DE0
C08
EFA
0A5
DC2
D32
049
3B2
2D9
D7C
DB6
0B7
FD1
F61
061
F10
0E2
509
424
043
D91
FB6
23F
E49
BBE
FB0
109
132
21D
EDC
D03
E79
FE8
FC4
C21
C5F
31A
488
09E
0AA
0E5
0C5
189
FC7
E17
EA5
08E
4E3
274
D49
F2F
22F
F06
CE9
C58
D5B
02B
193
0A4
023
E6A
12F
33F
D7E
BC3
085
279
286
1D6
0F9
21D
1B5
163
FC5
BEE
C99
279
1A2
DA9
F04
109
1DA
FAF
C8A
D01
DFA
F86
300
0D1
E64
2CE
4D7
198
DF7
D5B
04C
208
F85
FE0
117
047
2C6
26D
C34
B1F
EA8
02C
E85
CA0
F66
35F
174
08B
02A
D86
F0F
235
097
E43
082
3FC
50A
028
D7F
FF2
FBE
DFF
F0E
DAA
DF9
1BA
2BC
FAB
CC5
D75
139
FFB
C1D
EB3
0CB
1A6
3A3
27A
ECF
F92
1CE
1D7
E97
C09
051
46F
0F5
FBB
079
EBC
FC6
F49
D02
C45
DA7
29B
32A
EA1
EBE
29E
1AE
ECE
E87
E60
049
2E3
360
234
FE9
0D5
3DE
FC3
AC0
DA3
05A
020
FD4
EC8
F93
0D2
0CB
03B
CFE
AA2
110
36E
006
FC6
206
355
271
FB8
E61
EB1
F1D
1E0
20E
DB7
F9D
3C7
1E1
D97
BA4
D8E
049
E95
E82
058
F17
18E
486
FF9
D19
025
204
157
ECC
EE3
35C
3AA
193
19A
E09
D0C
0C8
072
C54
D38
0A9
362
169
D38
EA8
FEF
E9D
FC5
F74
DA5
1BD
4F7
3BC
FBB
E9E
17B
293
DC3
D56
04E
0A0
25E
2C4
F1F
D96
F84
0B8
E43
A62
D27
2EA
242
04A
0D9
003
072
1BA
FC8
DD8
E03
1DA
53D
11A
DDC
1FD
255
F2E
D72
CD1
D6D
05A
122
093
ED2
E23
280
211
C18
C01
FF8
12C
1F9
192
119
219
288
292
FE5
B92
E89
3CF
0A6
E9F
041
157
207
FA8
D4C
CA6
C9F
F69
18B
E25
D63
36F
401
141
E3E
E48
0BF
115
033
17D
0F4
166
514
230
C48
CB2
FB3
03E
DDB
C8D
FD9
259
0AC
0AD
EA1
BB0
EF7
1F9
F18
D5C
024
45F
4FA
03B
F64
0B8
F60
F82
05F
D3E
ED3
2AC
33F
F75
C65
DF7
14D
E42
B3B
E8C
FD1
0F5
3E2
133
E78
FCB
1D2
1E2
DE4
CBD
268
488
17E
0E2
065
F93
084
F6B
CDA
C33
DC5
30E
275
D4A
EB0
1CE
032
E8E
DC2
D85
057
2A1
36B
1D1
F36
26C
515
F11
C23
EAF
0E1
123
0B9
FAE
009
FC5
019
FA8
B29
AAC
109
190
F3D
F5F
126
30F
1BA
F12
EC8
EE2
F97
3A0
20C
E56
16A
49B
18C
E53
C00
E27
FE6
E4A
F84
F5E
E5E
262
393
DBE
B91
EF5
0F4
055
E17
050
449
31B
26B
14F
D33
E3F
1DD
077
DB3
DEE
179
3FA
072
CF4
ECE
E27
E2E
F97
E0B
D21
1D1
3FC
2F6
EBA
DF8
243
1D2
DC9
EF2
0D5
150
37B
2F0
F5A
E11
F3E
0E1
E79
A28
DD6
33F
0E4
FF1
F7C
F00
FB3
082
EDF
D84
DEE
28F
5C5
109
ED6
267
226
02D
E6F
D36
EFD
11A
247
1FC
DCA
DA6
22E
FB1
A83
C17
EFC
154
18B
01A
068
12D
13A
285
EF2
B3A
0A7
3FF
1B5
037
09F
247
2DE
E5C
DAB
D9E
CAA
088
1EA
E34
E64
22B
258
F37
C72
CD9
08F
03A
03B
1A0
076
1F9
514
172
D0D
D6A
078
1DD
F42
DE1
190
234
045
054
D02
B50
EF7
023
EA1
D60
F71
456
3B8
EC9
F34
042
F9A
15B
0F5
F59
0CA
3CF
427
069
BDD
E97
149
DC1
C85
F22
FA1
12E
280
F6E
D4F
DB6
0A5
16B
CD2
CFC
369
42F
206
176
FCF
047
0C4
FED
F33
DB1
007
49A
20F
D88
ED2
04A
F85
D44
C0E
D92
081
1EB
334
0D5
DFB
1EC
327
E9E
CFA
F26
258
3E1
10A
0EB
117
FF3
0BB
FB5
AE0
BF6
1DA
1FF
F73
E0F
F77
22A
FE3
D55
DEC
D85
02E
3D9
1CD
F8D
1C1
3C7
274
E0B
C1C
05C
138
FF2
160
FEC
F31
1C3
17A
CAE
AEA
D1A
19E
082
D39
FFE
2BD
182
157
FB3
CCE
EE5
1EF
269
043
F5A
2F9
52D
03D
CF3
E95
E1D
EF4
F93
E3E
EAA
0B8
283
20E
BD9
B65
125
0D0
E04
FAB
0EA
2E7
38D
213
FC4
E13
F13
29F
FB7
C42
0A4
3A4
234
FD6
DA2
E1D
EA9
E1F
F01
DD1
D45
312
4AB
F7B
DF2
02E
1BF
07C
E0B
F31
254
244
3D4
2F0
DE7
EAF
242
F94
CA9
CB5
FAE
2F5
0AF
EBB
044
EB1
F46
05D
D44
C0B
055
3EE
350
032
F98
3B1
269
E5A
E64
EB2
F12
393
2D1
F8B
EC2
031
17A
EE6
9DE
CFD
0FA
056
08F
0A7
F5D
0DB
1D3
FCA
D65
CCD
1C9
4E9
039
FA8
2D5
25E
119
F8E
CEC
D7E
F16
0F3
136
D86
E66
35F
137
C2A
C93
E4A
005
0D7
024
08D
15C
27E
479
FF0
B5D
FD2
25D
06D
F40
FF2
256
2ED
FBC
ED6
D4D
B4C
014
06E
CB2
DE1
1C4
3A2
142
DB9
E47
089
FB1
049
0B2
F4A
21A
5D8
28D
E41
D16
067
130
D9A
CDF
068
0E5
140
1B7
DBF
C7F
F0C
02A
E7A
C87
EF5
4A7
3CA
FD5
0BA
0F1
FB4
102
004
DB3
FB5
25A
477
0B9
C59
F87
1D0
DEC
C20
D5A
E57
140
23F
0BC
ED9
E1C
13A
1D7
CA8
C6A
22C
325
2B7
15F
02B
108
121
084
EB9
C06
E91
434
213
D8F
F5E
0AF
024
E0A
BFC
DFE
F5C
0C6
39C
0A8
E15
28F
39D
FCA
D0C
DDA
1B7
297
056
15C
1B8
FE4
1CA
06C
AF4
B97
033
100
02D
D70
067
311
FEB
EAB
E90
D13
FB9
35A
1B0
FD0
166
472
462
E32
C49
FD1
068
FBF
0D3
F70
F58
20E
1AC
E75
B63
CA8
15C
02B
CEB
FFC
250
240
235
FBF
E18
F23
102
255
036
DA2
30C
5FD
07C
E2E
EA2
E53
F70
E31
DBA
E93
F74
2CE
2AA
C9A
C8F
157
034
E5F
E42
050
3CD
37D
1BA
185
E9A
F29
2A3
F2F
C04
F2A
31C
2CC
FCD
DCD
F7C
F27
D93
EC8
D4F
D02
2CE
3F0
08D
E25
FD2
2AA
11A
C96
E4B
202
15B
3D3
2C0
ED2
F56
19E
053
CBE
AC0
F29
32A
02A
ED8
FBA
F1F
FCE
03F
D73
CC0
F0D
35F
408
F6C
F70
43D
2E4
F08
EA5
E2B
00A
256
1C1
0C1
F0B
014
2E2
F44
9FA
D08
08E
039
03D
FC2
074
19D
166
0EC
E2A
C0B
13B
463
084
FA8
221
385
254
E32
D55
E99
E38
062
146
D89
EF2
372
1A6
D59
BBD
E22
115
FDB
EF9
18D
124
23F
3F3
060
CCF
F54
1E9
135
E9A
EDD
371
344
FAC
F32
D74
C6E
F5F
FBB
D79
DE2
0D1
46D
1BE
CBF
EAE
10F
F3C
FB2
03F
FB1
293
46E
364
FFF
CFC
053
268
D1A
C7E
05B
180
1BE
08E
DDE
DE6
E5B
FCB
FAF
BDB
E21
4D7
485
011
FA4
08A
188
0B4
E87
F33
F7A
110
4E3
196
CD8
FCC
191
EFB
C5A
C4C
F6F
244
0DB
136
F47
DCD
0FB
19E
C9B
C95
106
3BF
302
FBA
0CC
329
0AC
FB7
F2E
C08
EBD
31D
1E2
F53
DE6
0D7
1FD
D5C
B02
DF2
EDC
03C
23E
0B0
F79
225
2CF
108
CAA
D56
2BD
370
FC4
0CF
1E2
185
1B2
F40
C86
CD2
E62
237
05F
C29
0AB
3C2
02E
E02
CF9
E56
06C
115
146
10B
01B
3EE
4E2
EFA
CAF
00E
144
0F4
EE5
F7B
1CB
169
073
FBB
B19
C6F
15A
FE6
D08
E47
23B
463
130
E97
FC0
FB4
FA8
235
FE0
E98
2B3
4BA
1D8
E71
C7D
10D
092
C3F
DFB
FE2
FB6
2A5
162
D7E
D40
F1B
14C
F3B
BDA
040
4F6
344
116
101
F09
0C0
14A
FC5
E24
E9F
30E
4E8
F72
C86
021
FD5
DBF
CCE
CCA
F0B
17D
26D
19A
E3A
E59
34C
125
C34
DD7
17D
3BD
309
0CB
0D4
0A4
012
128
E03
AD1
FF8
356
0CA
E45
E9D
0BC
090
D46
CEF
E97
E7C
278
3BF
F61
F55
2ED
371
01F
C96
E48
2C8
177
091
1DB
FB0
FB0
28D
E98
B5C
BD6
FC5
24F
EE4
D58
19D
217
FE6
F67
DDA
E34
0CB
25B
1AD
FA3
0A2
555
335
CAF
DE0
FE6
F85
066
F88
F30
053
105
1BB
E2F
9E4
DC2
1DE
F1C
DE1
08E
27D
2DE
131
F83
F32
E01
1A8
2F2
E42
EBF
3DA
47F
02D
D51
D6E
FE0
E79
E20
EDD
E16
FE3
430
122
C66
D93
000
182
EA6
D12
1D1
3B0
22E
2E6
FEE
DC3
0A3
172
EE8
D1F
F83
37F
36B
DD0
DF2
F38
E40
E95
E7C
CC6
ED5
226
36E
124
CFD
FF0
2D7
F12
D5E
00A
1A4
33C
38A
0E8
F54
F68
0BB
110
BEE
B19
1B0
2CB
FE5
EF8
EED
037
01D
E51
D8B
D45
E8C
467
318
EBD
0AC
327
240
F19
D20
F50
167
0EB
28A
09E
E0A
104
1E6
D2C
A8F
D1F
126
231
EC9
F98
21B
064
0BC
052
C3D
DC7
21D
342
162
F74
21D
535
099
D36
EA1
E45
F66
1B2
FAC
E51
FED
1BF
13F
C7A
9E8
FE2
140
EDF
FE4
09C
1D2
323
1E4
F47
DBD
E98
2FC
1CF
D34
051
407
25F
FE7
D7D
D5F
EAE
EE7
F62
ECD
D90
1E5
488
F0E
C4C
E50
06C
0CA
F2A
F3F
268
2CA
367
311
E04
D03
1FF
125
DD3
D43
03B
381
157
E3C
E72
D7F
DAC
FBF
E04
C40
054
3A6
396
FAE
DAD
1AB
1F4
DD3
F20
FF5
0D5
387
3E6
007
E3D
F11
1F5
F36
ADA
D6B
200
166
059
F94
E55
F0A
FDC
F22
DC2
CBC
1EB
5BB
191
EC0
1D9
25E
10D
ED2
D9E
FB8
123
216
2CD
EDA
DD3
240
0D3
BD8
B4D
E27
112
11D
F94
069
0F0
034
203
F09
B1E
F88
358
294
095
FB2
2ED
35F
EF9
DE9
DE2
D10
0A0
1DE
E6B
DFB
0C3
263
02A
B11
C25
09D
F9F
FF1
17A
0C4
20B
3A6
17E
E1C
CEC
04E
386
FE0
E23
290
31A
198
F82
CFF
CA9
E69
F64
01D
D7C
E1A
3F1
303
D89
DA8
F0C
048
045
F93
096
1D5
2C8
48A
147
BDB
F1D
1E6
FA1
DA2
E78
19F
2C1
06D
EE0
DF9
C35
F0D
097
D0A
D76
221
485
282
ED0
F25
1AC
069
F1D
03F
F75
12B
4D7
2DC
EC4
DD6
016
13F
D3B
B19
F60
18E
0AD
159
F28
DC3
F96
08A
F5A
CD7
E2E
462
4AC
FEC
012
25D
13E
026
E6F
DD7
F45
146
32C
15C
CC8
FA7
214
E64
B32
C9D
F50
1C4
117
09D
052
FBA
1CB
21D
CF1
CEF
201
3EE
247
004
05A
322
11D
E6B
E7A
C86
E46
27C
121
E45
EBB
19B
1E3
E24
AE9
EB3
06B
FFF
164
0D4
F97
2CC
3F2
06C
D08
D63
298
31F
EA6
FC6
28D
1A0
125
F6B
BBB
D0B
F06
081
F05
CE0
0A3
4AD
060
D1E
E44
EED
0E3
0D3
04E
097
1CE
43A
4A4
E62
BDB
0E5
146
E19
DFE
F8F
1F9
255
FD5
F3A
C83
CFC
0D5
F0F
C03
F3B
308
3B9
0F4
E2C
FE9
11E
F88
050
00D
E9C
2E7
524
0F5
D6A
EC9
0C4
FC3
BAD
CD2
0D0
0CA
1B8
142
D2E
DE1
0A2
FD8
DB4
C5D
073
55E
275
001
1A9
178
0CF
087
E2A
DE8
029
2E9
367
ED3
D39
1C8
0B8
C74
C4A
D25
FB2
1AD
17A
0D1
F7D
046
36E
04E
B1B
F0E
309
2C5
195
0AF
1AD
226
027
F2F
D5B
B4D
073
302
ECB
DA5
097
1BA
09B
C43
C03
F4D
F39
15C
26C
F64
09B
45E
272
E8A
CFB
FD0
31A
020
EB1
1CB
15E
134
1D4
DF6
B57
E19
064
0AE
D94
DA2
377
33B
ED4
DC2
E3A
F23
147
100
032
0D6
25B
58F
199
C37
EA4
1EC
F4F
E92
EEB
FDB
22E
17A
004
D91
B56
F0A
14A
C97
CC5
1F8
396
2FB
003
F57
09F
FEF
045
085
E80
FF8
57A
359
EF9
DBB
FD5
0E8
DBF
C21
F0A
05F
116
29A
F54
CFD
F8D
113
F11
C97
DE6
365
42D
0F3
1B7
18F
FD0
179
024
D26
DF4
0E1
446
1B6
D22
F9A
1D1
E62
C4E
CD7
DB6
0A7
1DE
124
F9A
ECF
226
298
D4B
C57
133
2B5
257
156
0CA
23F
1F1
099
F05
B8E
D53
2D8
0EB
D58
F0B
16B
138
E97
B9F
DA1
E92
FE6
2D2
017
EAE
334
464
053
D14
DCD
1EE
213
F0C
0AA
1E0
079
26F
0F0
B95
C2A
FBD
067
EE6
C84
0C4
430
067
E80
EF2
DA2
FD5
1CE
04E
F85
0F9
4D4
51C
E5C
D34
171
060
EB6
EF0
EA7
08D
212
15A
F9F
BE9
D81
158
E97
BC6
EFF
266
372
1EB
F87
FCB
072
042
166
F1B
E16
3CF
520
108
E61
EC4
0CA
FB0
C4C
D53
F7C
FB5
286
1C1
C8D
DD2
120
FE0
DB5
C59
0AB
42A
1C5
154
213
010
0C6
279
E8B
C77
FFC
318
309
E5D
E32
23B
FEC
D28
CE5
C62
DE0
1E4
16E
FE7
EE5
0C7
3B2
F29
B3B
F74
223
16D
23B
11D
16D
25F
138
03F
D23
B5C
0EE
295
E2E
E21
10E
161
054
D34
CB2
E4D
EBA
160
11D
DDE
18E
57A
220
EC2
D71
FEE
1E8
00E
F91
159
0A3
2CC
2A3
DD3
B20
EA2
098
EE4
CD2
E3D
2EE
21A
F50
F95
DCF
DFC
1A2
0AB
EDA
02F
34E
5BA
1BE
DBC
093
143
EE5
F7C
E7B
EEB
1D1
301
05D
D21
C48
09C
040
B0C
CDA
13A
1EE
215
0EF
F9F
033
054
108
F51
C68
0D4
5D7
296
F70
023
0BF
055
E3D
C62
DF0
E70
17B
2B5
E7A
CDF
10E
0DB
DA5
BB0
DB3
2A2
26E
0CD
272
0FB
0C6
315
03D
BF3
E0E
1DD
330
06C
E56
122
1E6
E11
E23
D09
BDB
03F
1F3
FE4
ED6
034
3A5
1C4
C72
D24
113
0B4
1C3
200
0E8
278
2E4
216
E9C
B27
EFB
2B6
E9F
D29
056
160
14F
F89
CB9
CAA
D89
033
1A2
D98
EF7
4D3
3EB
FBE
E1E
EEB
10C
032
F23
051
052
19D
494
072
C0B
DF9
03E
F47
CFD
C9F
11B
276
030
012
F2F
D3E
04D
0E4
D8A
E3F
271
51F
385
E74
023
232
FC7
F40
EA0
DE2
079
357
1BC
EDF
D56
007
1BE
C13
ABA
F7A
0B1
164
1F3
F8D
F82
0EB
171
003
C6B
E54
4B3
3DA
FAE
0E0
1C8
199
FE5
D77
CC6
DD1
F82
29A
F9D
C32
101
282
ED4
C5B
CDC
F9B
1F8
0D1
172
1A2
0CD
3B8
290
C84
CE4
137
266
0C7
EC1
0BC
301
0AE
E67
DAC
AE8
E86
18B
FBC
DC5
F9E
2C8
30F
DFC
C83
0A3
FCC
087
1C2
005
0CA
40D
392
001
CF7
DCF
202
FB0
C7B
F57
156
16A
1AF
E80
CEA
D32
F1D
082
D12
CD9
317
4D7
0EE
F82
FB8
048
09B
F4D
F99
06C
158
4A6
32F
CE1
DFF
19A
FC8
CDB
C7F
EB3
1CE
0F0
0D0
FB7
D63
000
1CF
D2D
C18
056
3BD
3F3
071
04D
264
10A
F37
F9D
CCB
E7F
380
289
F47
E68
05C
211
D7F
A5B
D5E
F7C
01D
20D
0F8
F0D
1B7
28C
05E
CE0
CA5
27C
38E
FBA
172
266
1B0
1B0
F7F
D03
CC5
E71
1CE
074
BF2
06A
411
FE7
C8C
D03
E0B
043
07C
062
0F2
061
41D
42C
E31
CBC
13B
17A
024
F43
023
31C
23B
060
FAE
C1F
D21
118
EF3
C37
E7F
289
37C
050
DCB
FFA
FB4
EBC
075
F7C
EEE
3C5
52B
178
E2E
EE6
1C8
040
C60
E20
0B2
10F
27C
0D7
D45
DC9
FB1
FD8
CE9
B1B
125
470
0DA
FCD
0AF
0A3
159
0AE
E08
E1B
090
3DA
460
E6F
EFA
2CF
08A
CE6
CDE
D6D
FD3
148
039
FA0
E76
016
2D5
DD5
AC0
F18
1E7
20A
12E
07B
32E
2D6
0EB
02C
D6D
D03
2C0
290
EA1
EE7
18E
2DE
041
BDC
CC4
F16
E1A
0A1
079
E4A
13B
41E
115
D8D
CE4
09C
2B5
F33
FB2
28F
229
2A7
220
DA7
D0B
F6D
0B0
F69
C31
F59
41E
147
E2A
E7A
DF1
E6A
007
EA2
E7F
FBB
3A4
4D0
FED
DD6
20B
1F4
ECD
E98
F0A
174
379
22C
0CC
DDB
DE3
162
F2B
A0A
D5E
12F
223
090
F95
FCA
06A
F61
02F
E57
C7C
286
576
15B
FF9
12C
282
1D7
D76
CEB
FB9
FDD
18B
210
DE1
EAE
1BB
07C
C84
ACB
E6C
2C0
032
F1B
1DA
172
190
21D
E2E
C8B
00E
2F4
2A2
F40
F90
436
2E9
E38
DC1
D05
DDD
033
FC3
E8A
E7A
0DB
3D3
FC1
AAC
E56
0EC
F69
F8D
03F
165
3E2
2F9
1B9
E85
D29
1A5
1DD
D3A
DF6
2C0
339
171
E63
D7E
E8E
E3E
EF7
EDF
C0F
059
4DC
187
E7E
EFA
098
153
F00
E03
110
1E7
346
436
FA6
E3C
144
185
DEE
B86
DC2
2E6
1B8
EF0
FA7
F57
E84
097
E61
B3C
E65
20E
377
0FF
EA9
2E6
320
F4B
E98
ED9
EBF
260
398
0F3
F47
00B
27D
052
A73
C5E
039
FCA
FAF
FC2
F5D
10F
180
01E
DB1
BEC
07E
418
021
F4D
2BE
3F2
2BF
FDB
DCE
EC0
F0C
0D5
11E
D7E
EDE
477
174
CFC
C74
E24
F97
F3A
D99
031
0EB
211
3CC
FF9
C5F
024
264
04D
E7E
F62
346
40E
0BC
064
F83
D74
080
F7B
C11
D8C
197
367
066
C08
ED2
0FF
E2A
D62
EEF
EFE
1FE
485
209
FAF
FDA
27B
226
C4F
CCB
1D3
1F7
163
137
F5A
F53
045
F50
D1D
ABF
DE6
3C6
0C0
DD6
13C
20B
150
F2A
DDA
ED6
FF2
219
395
FE6
EE3
42D
383
E1D
C79
DE8
087
04C
E9D
FD5
04B
011
232
F09
A82
D54
181
0C6
F07
EAB
30C
44B
121
00D
F17
E3D
11E
2AF
EB9
EE5
273
428
1F3
CB3
CEB
052
E14
D6D
EB6
E31
071
35D
133
E0E
D48
018
1A5
DB6
CF7
1CE
371
29B
294
FE6
F5C
06D
0D7
EE4
C56
E6F
442
348
D66
F1F
051
F3D
E9C
CF4
C37
F4C
198
3CD
0A8
DC2
223
35B
F1F
CC3
F08
130
31E
1B3
0A7
150
FF6
1B0
02F
AA0
BFD
097
15E
F03
E9D
090
25F
FCC
E64
DAA
C77
F95
37B
00E
F3F
288
4AA
2F3
E97
D27
075
030
FBB
10A
F77
00D
37A
11C
CF0
BFA
DC7
137
EBA
BF5
07E
2A3
1B3
20E
F69
D68
FCD
18E
022
E95
FDE
546
4C4
FB9
EC0
0A9
F3F
F22
E34
D3B
F2D
12D
2C8
03A
BF8
EE8
1F2
E49
C1B
E78
03F
2DF
2BA
120
093
00A
217
1E0
C89
D24
2EF
3ED
104
FC8
FEB
154
01A
DDB
E3F
C36
DD9
30E
0B4
D29
021
27F
136
D6C
C58
F91
169
06E
2AE
11A
046
3EE
30B
E00
C6F
E70
19A
098
D1E
F95
1AF
079
085
E6B
BC6
DA7
0E0
017
DEB
EC5
39A
519
F45
E7D
045
FFE
09F
10A
F05
01C
2CE
480
24F
C2A
D71
197
E5D
C37
E19
F6A
1A3
249
FBE
E79
DA2
F9A
18E
D0B
C22
280
48A
21B
177
08E
109
15F
F98
F17
DB1
ED7
47C
2B5
D29
F58
134
01A
D00
BB6
DB2
03D
0AC
1CB
0F2
EBD
21F
3D2
E04
C3B
EF4
266
323
006
114
312
132
109
F9D
B81
D03
1AA
041
EE8
DAA
15A
2EE
EF8
BF2
EB5
E05
F71
185
F8E
F75
2D7
472
22C
D4F
D8B
25E
106
EAE
024
14E
185
381
0B0
D8B
C6B
E89
13D
D9B
B25
0F1
3D7
0E3
FE0
F2B
EDE
018
041
F68
EC0
02A
4CE
541
EED
F45
242
05A
F22
D28
D7F
053
196
1CC
032
CC8
F2B
220
D1A
ADC
E6E
185
2E7
0F0
027
1F1
156
0DE
103
CF4
DA9
329
382
05E
F3E
125
32F
01E
C6D
DD5
DD3
EA5
1B1
FA9
DCC
0EC
31E
0CB
C33
BD1
0BD
198
F28
082
1C3
19A
405
2A0
E41
DAE
FEA
1FB
04E
C98
04F
3C3
0A0
ED1
E7A
C98
EA8
F7A
EBF
DC4
E8F
3B9
4CE
E56
D6D
17A
0A5
F6B
F7A
F49
1DA
37D
3C1
181
DA4
EF1
2A1
E3A
B07
DE8
0A8
24B
06C
E52
F53
F22
FC4
01B
C82
C0B
2C2
3E7
0A0
059
143
2E6
18A
E13
EAA
F65
FD7
3EA
1C3
DED
047
2DE
FC5
C51
AEE
E53
100
E54
FB9
0FB
FB6
275
276
D3D
C91
FB3
2C2
1E9
EA5
0FC
578
212
088
FCB
D5D
EBB
08F
F96
DB8
EA3
21A
352
DE9
BA5
F44
F78
E62
EF2
EB0
047
338
412
1CC
E07
ECE
357
0A1
C1E
FA7
283
261
2B7
02D
EA9
F19
F31
F6B
C1E
AD4
134
39D
F6A
EE3
01F
0D9
FFF
E19
E1F
F43
00A
465
3CD
F0E
01B
452
13B
DB8
C42
F17
124
091
FF8
07F
F0E
081
1AC
C61
AAD
E8D
134
083
F0E
FFA
3BC
2C8
02D
FE4
D9B
EAD
368
212
EFD
034
354
449
F66
BC0
E83
F34
DDE
F5A
E59
E24
230
306
FE6
C9C
D20
137
0D8
C36
F56
277
2A4
3B6
23A
F47
F48
0B5
0EC
E77
C50
181
4F1
0A7
E4F
F8D
EE8
F27
E52
CD1
D8D
F1D
340
317
E56
E02
3F0
11C
D9B
DDC
F9F
207
320
15C
187
00D
0EE
282
DDF
A08
EE7
188
099
F12
EDB
146
124
F02
E43
C7D
CAA
21B
26E
E92
03A
3D9
482
0D8
D68
F13
09B
FB5
140
06C
EA1
253
3FB
FE9
C38
C42
003
046
C33
D7C
141
0C3
1F0
19A
DB2
DFC
126
110
EF1
DCD
18C
620
264
F51
0F2
FA5
EE6
FF4
DAD
D5C
FBB
29E
2CE
E01
CE8
127
072
C27
D13
EC5
052
33B
22D
0AE
02D
0CE
350
F9C
B18
FD5
3B0
1A2
0F6
020
0F2
14D
F7A
E58
C22
B6F
0E8
234
D38
E2C
1D0
23B
F79
D0D
D6B
FE8
058
159
1ED
F71
227
694
182
D3B
DF5
FE4
0F2
E6D
E2E
102
13B
157
132
C51
B7A
FF1
002
E08
D23
021
47D
2F0
F2B
047
FD1
F86
15A
FC8
E7F
131
447
3F2
F6F
D37
0E6
0FD
CA7
D07
E4C
E99
1DD
1F9
ED9
E74
028
180
F49
AF8
ECB
39B
21E
18D
185
0F8
1DD
17D
F4D
D59
D1B
15C
415
EFE
DA7
1C7
1C2
F22
D08
BC6
DAF
F96
097
118
ED0
04A
53F
1A8
CAB
E6A
0D0
15E
0A4
FEC
1DA
2D1
220
27A
E34
B51
FF7
13A
D51
D53
F9E
259
20B
E3A
E47
E5D
E04
03B
FE8
CCC
03C
508
401
039
EBD
144
241
E53
E2A
03D
F6E
2C0
3C5
F0F
D68
F7F
0D7
E7B
A51
C7F
1A9
1A1
040
139
FBB
010
202
F2F
D52
DCD
20A
4E7
148
EE4
2D0
324
02F
EB6
D85
D98
070
17E
FFF
E54
F22
3A6
12E
AFF
CB2
FB1
F77
0A1
01A
060
287
338
335
F40
BF5
06E
34C
F2E
E3E
1D6
2D9
314
FE5
DAA
D82
D96
FAC
F89
B4B
DE5
409
2CD
F6C
E4C
F77
0ED
F4C
DF6
021
FFF
24A
5F0
10D
DEA
0B9
1F2
F6F
D0A
D40
147
1E4
FD5
0D7
EA7
E3B
0FB
F2D
ACC
C65
116
39A
144
EFC
1EA
2E8
013
FC7
EB5
D74
15E
38F
169
F32
04C
2EE
1F8
C0E
BF2
F84
EAA
F98
009
E71
045
27E
130
E47
B8A
ECD
2E9
FE0
E92
25E
3C1
374
28D
F63
E52
F3A
0A5
08D
D2D
D8B
3F1
2ED
E3F
E29
E5F
F1A
EDB
D44
E59
F42
18E
48E
16E
CC6
082
29C
F9B
E6A
F21
16B
36B
262
1C9
FAA
E27
10A
0B7
B37
BB3
0C1
1D2
06E
EA6
F96
19A
FA9
E72
E80
C23
03E
4B1
214
F91
18E
39F
2BF
E29
D00
FF4
02A
0A0
21E
F24
EF8
29C
1F9
CD3
B04
D25
141
F11
CC0
0EE
1BA
1F9
26C
F9B
CEF
F29
1E5
17B
F0B
F1E
488
50B
00B
EA7
F1E
E56
F20
F15
D0E
E3A
0CD
3DB
0CE
BCC
E1E
1CE
E9D
D33
E58
007
268
391
220
08F
F33
1ED
26D
CD3
C68
19E
2CE
112
015
F59
069
FC3
E9F
D76
B2C
DE9
2ED
17C
D20
077
253
1BA
EAB
D0F
F19
0D6
1AD
2C1
12D
F57
3CA
413
E37
C39
E50
09C
041
DB5
F67
191
006
121
F22
AAD
D75
124
00F
E45
E5E
2D5
555
09E
F9D
01D
F19
02A
176
E8A
EE6
2BA
400
1AF
D02
DBD
158
E4F
BD6
DAF
E65
092
2FE
187
EB2
EC0
142
1F1
DE2
C1E
1BF
437
196
213
178
092
10D
0A6
DB2
C1D
DAE
2FE
1E7
DCC
EDB
23B
03E
DF6
C65
D2B
F8C
09C
1D9
0D8
F21
33A
53E
F4D
CB2
FE5
109
1FC
056
059
1D5
183
1E3
09E
B66
BEF
138
FF8
CBC
DC9
13B
34E
10E
DD9
ED7
E93
F95
1AC
F5F
E08
339
54D
26D
EFA
E87
180
11A
CF7
EB4
F8D
FA6
2EB
1E1
D2A
D9E
000
06C
D45
B13
F6F
3B7
125
164
1F0
F89
169
245
EB7
D60
F53
3D4
405
EC7
F7A
2DF
0E1
E87
D4B
BFC
DDA
051
0B9
F56
DF2
0E5
398
F02
B52
ED1
0AD
0D4
1C2
0B9
1CA
371
30A
1C4
D85
C22
163
1E0
D89
EAC
12D
20C
190
E72
D27
D4E
DE0
06F
F1D
C0E
0F0
556
202
F12
EEC
02C
152
F71
F74
097
0C6
3EE
467
E5A
D54
0C5
074
D7E
BC6
DC2
1B0
135
F92
032
DFC
F20
1E8
E33
B90
F15
30A
3E5
0E0
F99
2D7
2C0
FBF
F90
DD2
D9D
209
281
FA1
EA2
0AA
272
F43
A9F
D03
FB2
EAB
039
0A9
F8C
1F8
319
185
D7E
CA4
128
393
F07
EFC
2D4
2D0
21D
0FE
D73
D99
EDF
003
F08
BAA
F2D
4C1
199
D69
E6A
ED1
F83
FEE
E61
F4E
07F
342
580
045
D13
209
278
E98
DB6
EA5
19D
290
102
00A
EAC
DF0
176
ED3
A11
D25
1CB
269
086
F62
0E4
229
015
F89
EDC
DA9
1F5
4D1
094
F5D
207
396
10B
C96
C85
FDA
F30
F71
0A0
E13
F82
2AA
07A
C5C
BFE
F4E
263
F86
E2F
1FC
387
1FE
2E4
F05
D47
020
1E1
0A5
DDB
F60
3F9
2E5
DF5
E16
EA4
D64
F38
E99
D12
F2B
200
3C3
0D8
CA6
032
2FC
EAC
DBC
FA1
0E7
364
39A
116
FF8
F0A
149
092
B2D
C19
1CA
1B3
F19
EF0
F6A
0D6
FE6
E24
DA9
C28
005
4B5
167
E80
21C
3E3
1FC
ED7
D5F
FF7
07F
0EE
18E
FDF
F4B
2D2
20E
BE5
B7E
E31
012
FB5
DB3
FB7
217
18A
1BD
00B
C6C
F56
304
09E
F03
06C
452
572
FD3
EB7
FEC
E8B
F86
018
D39
DB7
237
32B
02D
C45
DE5
1C8
EDC
C05
F05
032
145
422
203
F7B
F9C
1BD
21C
D76
C66
1F4
40C
0F3
0AF
00D
F67
02D
EB2
C9F
BEB
E1C
307
1FD
D3A
00F
344
07C
EA6
E3C
E38
0AD
22A
23C
18B
010
32E
4BD
DF6
B7C
EC8
055
053
EEE
EBC
0ED
100
0CC
F8B
B57
C53
1BF
027
DC6
F31
249
449
20E
EE6
FC8
FC3
FD1
1D3
F8B
D9B
29A
4EA
0D6
D76
D38
FE9
F75
C33
D2B
FC4
023
31E
232
D97
EA2
155
132
E90
C13
10F
4B5
1D6
11B
1A7
FD7
09A
17B
D76
BFF
EA8
1EE
2D0
D71
DCD
210
0AA
D6B
D8A
CA6
ED6
1B8
1E0
05F
016
1C5
481
042
C32
F49
1A7
0C1
0FC
059
0D9
1EB
161
F23
C60
B69
04F
14D
CD5
DB6
193
270
198
F2B
DA2
EEE
F0A
124
094
E08
1F2
6A6
2F4
F12
E8E
03B
068
E91
D56
F69
FEB
1A2
2DB
E1A
C3C
049
059
C8F
BE8
E99
319
2E3
059
171
04F
043
2C1
011
C41
F72
319
3FB
0BE
E5F
1B1
1FA
E06
D20
D2C
C72
03D
208
F1F
E99
03A
301
0A2
BD1
D35
1A6
0AF
0C6
1EF
111
245
38E
185
DE2
C7C
F85
2D2
E5F
CDD
19B
24C
0DC
F97
CF1
CDE
ED9
020
056
DF0
F43
506
3CE
E53
EDC
0E0
05E
095
EC8
F95
15F
278
435
058
C2C
F28
14A
D8A
C2F
E14
0EE
279
0E1
FE1
F7F
E94
087
0D5
C4E
DB1
34C
47A
203
050
12A
32D
076
E2E
E82
D61
F6D
391
063
D4B
FC5
1DE
006
C26
AE9
F09
030
FE8
14B
0C9
049
378
2D3
E52
D05
FCC
339
1DB
DF2
171
35E
143
099
E79
BF3
E0F
023
FA1
DC4
DCD
2B7
419
E31
CF2
FCF
F42
00C
FFB
F00
0E7
2EB
421
264
DE6
EB7
2A9
FD6
C73
ED0
145
1FA
211
F68
E21
E07
EEC
024
CEF
B4B
174
483
107
FAE
020
1AD
17C
F45
EFF
F05
FE0
3CF
39D
E5C
FDE
2C9
094
DD2
B88
D81
06C
013
FDA
0EA
E7E
0B4
29A
DE8
B6B
E8F
1CF
28E
F9C
03F
3E0
32F
0B0
0D7
D1A
D1A
1D6
1B0
E54
E61
0F0
372
051
BC0
DBC
EC6
DBA
F95
F78
E63
237
438
206
E36
DA4
1C7
30D
DC6
EDD
212
228
2F7
1B6
ED1
DFD
EF4
00F
E16
AB7
E11
3B2
151
E61
F5C
FF1
04F
F9E
DB6
E00
005
2FA
55A
099
EC9
2DF
2A9
E60
CFA
DDF
048
1CF
096
0AD
F2D
F53
222
F46
9F0
C7A
0C1
1B7
066
F24
1C2
36A
0E1
039
EC9
CD4
112
3E3
037
ECB
19D
3F0
239
D44
C36
F1F
E67
E97
FF9
DA9
F85
364
1CA
DAD
BF4
EF6
218
F24
D6B
14D
2DA
313
319
FE3
E04
FC5
146
039
D58
D93
375
38D
EC9
E8B
ECC
E41
F49
E26
C67
DD7
141
406
1E7
DF4
093
38E
FE0
DD4
F37
044
2BC
325
19D
07F
F4A
0FA
19C
B4A
A8C
015
137
00A
F37
F72
11A
096
F79
E62
CA4
E7B
43F
234
E46
153
405
2DF
033
D75
EF6
FB4
F4E
172
FBC
E2F
247
2E0
DD2
B56
DC3
FB7
FEF
D20
F85
272
195
2C5
180
D42
F0B
23C
119
EEB
E59
219
531
176
EA7
FB7
E3B
E42
01C
D01
C7C
0A7
2B4
239
DAC
CF6
1DB
0B8
CFA
E6D
FF5
10B
3C4
33D
05F
045
0F6
2B1
F81
ADA
F45
325
142
FFA
017
F4A
FEF
F62
DB8
C56
C5B
168
36F
F00
E9D
34A
29A
060
EBD
DFA
059
153
19E
24E
FBA
0F1
4C8
093
AFE
CCB
F79
FDC
F0F
DA8
06B
13C
0C2
181
D83
B87
04A
260
F33
F00
1B1
4D2
393
F9C
FA7
FFE
EA6
08E
F97
CF5
F5A
36D
29C
E8B
BBE
EA9
0B4
D42
CA8
F3B
FFD
22A
3DB
078
E45
058
239
147
D0C
D93
362
399
11B
145
FE6
F39
051
E71
C3B
C33
F2C
32D
0C8
CC9
034
1F9
F05
E20
D6C
E0D
1D6
2D0
2A6
0F3
FDC
42C
38C
D50
C4F
02F
0F9
10C
FD3
F23
130
0E7
036
EAB
ACE
CC0
287
010
D86
FEB
2F0
3CD
124
E6A
F78
FA8
085
2A4
F6F
E62
32B
51D
058
D25
CDB
FE9
FC6
C5B
EA4
F90
FCE
2F4
128
C30
DB4
06B
0C1
E5D
D42
188
545
265
095
124
F4E
041
117
E10
C4F
EEE
2F9
2D4
DF4
D32
13A
FD5
CF4
D86
D0C
F3E
29D
27B
12F
F34
0F2
3FD
057
B42
F1B
268
1D7
1C8
0B1
05D
12D
06F
FA5
BCE
AEA
064
2A4
DCA
E18
147
218
0AD
E7C
D64
EC9
FA0
1BD
26D
EFB
17A
5D8
2D9
DF5
D49
F2F
17A
F9D
E19
05C
084
137
2EA
DB5
AA5
E8A
081
EC3
CB3
EFA
37E
406
097
030
FB7
E78
17F
0FF
D66
F37
35E
460
0FF
D76
F81
16C
DEA
D21
E44
DFB
0BE
389
017
DBB
E26
113
197
C8A
C72
267
315
1E4
290
0DD
075
1BA
0E7
EE7
BF9
E83
414
182
D3F
F99
0F3
047
E92
C73
CB4
EAE
0DE
2BE
FD9
E7F
35E
47B
ECD
D36
EE5
132
20B
07F
0B9
189
115
28D
09C
A84
BAA
0BD
080
E4F
DFA
058
324
0DD
EF9
F1C
D6B
F0B
279
F7B
E91
289
51E
324
F3A
D7E
115
04F
E18
F28
F48
F45
30B
207
D98
C74
E72
0E4
EB4
B1F
FAD
375
250
1AD
10D
F1B
0A6
21F
FF0
DF3
E37
30F
571
00C
E6C
16D
00D
E6A
DFE
C40
D38
056
18C
167
DD0
ECA
373
03C
BB8
DD3
0B2
21F
2A6
19C
158
17F
1F7
26E
DE3
A8F
FC2
31C
FEA
E9E
FB4
178
1AC
E5A
CE0
D00
D35
101
269
E1D
FE7
42E
390
0A0
D18
E9E
1E6
0C3
FBC
184
04F
22B
482
FE6
B83
D85
FF5
FE4
D2F
CA0
163
25E
071
0D6
E34
D39
0D3
0F6
EB5
E66
14F
578
387
E69
F8E
1AF
F1D
F3F
E8A
DC9
084
299
240
EC0
C70
013
18E
C74
B41
FB8
13D
291
264
040
021
0B3
183
0EA
C69
DE6
3FC
3B8
FA8
088
0BC
0F9
FAD
CF4
C98
CEB
F5B
30B
071
CA8
071
3A4
005
D45
CBF
00C
1E6
159
147
1D4
09B
3A7
31D
C78
BCF
053
1A5
00D
DE9
F90
207
09B
EA5
EC2
BC9
DAE
21B
043
E04
FDD
378
4E0
052
D28
056
04E
FBD
13C
FE6
FAD
333
3EA
08B
CA5
CDB
04C
F91
B4F
DD9
0A7
124
23E
09E
E25
EB8
0B6
0D9
F0C
CF5
1A5
619
23D
026
0DF
081
076
EFE
E07
DAB
F25
290
362
DF5
CD8
130
065
C7C
C53
DD7
15F
287
1D3
1AA
07A
0A0
389
06F
B4C
E7A
2C7
299
0D0
F92
103
1CA
EDA
E95
CF6
ADD
FAA
27F
E82
DC9
080
317
18D
CB5
D14
0A9
04B
117
337
01A
18E
51B
2CB
E38
BA4
E52
204
F48
D87
115
184
06F
105
E55
BB7
E12
031
0B5
DFE
E88
4AD
555
FE3
FE3
05D
F68
143
068
ED0
02E
20A
468
1B0
B88
E14
16F
EC0
C97
D7D
F8F
19B
232
081
F72
DF8
081
271
DC4
C0E
1DD
4F0
316
105
F89
111
00E
E70
E6A
C4E
D63
310
261
E10
E93
03B
0ED
E2D
B30
DDA
064
128
2EF
22A
ED3
1C3
3E0
FF5
D2F
D6D
22A
364
FC5
F85
1BD
0C6
001
FDF
B78
B9C
FBA
175
FE3
D7B
015
441
148
D7D
EA5
EDA
FFB
2C5
188
060
1AF
3B1
3B1
F3A
B0C
F91
0FD
E8A
E99
F8C
086
22F
0DA
DD5
C8B
CAF
122
13B
CCE
F2D
44C
3FE
1A8
FE1
EF2
0CE
008
012
F94
E01
1CA
57E
082
C9E
E09
F32
F16
D6E
C81
F5D
15F
21A
297
EE7
D71
183
1EA
E96
D4D
089
48F
3D9
055
0BC
0CE
F3C
FEE
EA9
BD6
E2E
28C
254
F54
D42
026
202
D95
C73
EB1
EDF
175
38F
131
025
16F
2DD
164
C9E
D03
299
259
FF5
0DB
05E
090
1CD
EB7
C5E
B8D
DEF
24F
051
CC8
11D
35C
114
F69
D75
E8E
036
19B
213
0BB
00E
3C5
455
DA8
C80
F3A
00C
F41
E1C
ED0
10C
0D0
1AC
FE8
B65
D40
246
05B
E03
FCE
286
50F
294
F8B
062
F50
F4D
19E
F4F
D60
237
3EF
0F6
D11
CC0
F70
FED
C99
DD4
F79
FC3
2E1
2D2
E6D
E9E
0C9
216
F86
C3E
060
4A6
2E9
14E
107
F05
01A
086
E0A
BEB
D2B
168
3A0
ED7
D1A
10C
14D
E99
E5E
D9E
EF5
207
2CC
251
FA4
01E
471
19B
BC2
DAC
131
177
148
FE8
FF7
066
FE1
01C
D50
A00
E9E
2A8
F77
ED9
077
271
2AD
F1D
DE2
F19
EFF
193
35E
F72
FF2
424
35C
F16
C37
D4E
040
FA0
DBA
FEF
F68
0BA
2FD
055
B6E
D23
113
194
F09
E53
2FA
456
17A
120
FAE
E01
0B7
1BA
F81
E39
064
3F6
2EB
C58
CD6
F8F
E1E
E7F
E70
DCA
0BB
329
303
069
D0A
FD6
3CB
F3F
D28
120
2F0
336
2DA
FB0
F61
EB3
F5C
FAC
BE6
B5F
280
340
EDF
E3B
F33
014
FD4
DB2
DE7
F20
098
4D4
3C6
EAE
07D
3A2
0FF
DAE
CBD
FCB
228
0EF
0AB
030
DE5
052
16F
C24
AC2
E93
1BB
1CF
F01
F4F
3C1
161
FDA
FE2
D4F
E6E
34C
34C
030
FD6
255
3E9
FA1
ACB
DCE
F43
F05
04F
F96
E45
0E5
215
08B
CA8
BC4
05F
2F2
EB3
F44
2D6
312
34E
1C5
E39
DC2
004
147
09E
D01
F12
453
14D
D7B
D14
DA5
ED3
F05
E50
F04
FD2
242
51C
012
C95
05F
1BD
FFE
EFA
FA9
26E
3F5
1F7
171
E7B
CE8
0A7
05C
BA6
CE7
0E7
2A2
18A
E32
E98
08B
F58
F0A
F86
D3D
14B
5B2
311
FE7
F70
1F7
281
DB5
C71
007
0D0
179
287
EFC
D46
FD5
0A9
E52
B15
CE8
324
255
F4F
088
1C0
0D8
1C0
F99
CE9
F03
1BD
442
1BA
E04
148
369
EB9
CD1
D41
D42
FC2
0DC
FE8
F56
EF8
1EE
248
C65
BE1
10D
1EB
0C4
10F
164
2FA
2DB
126
FBF
CB3
D6E
2D4
0B2
CCA
F95
277
1BC
E73
BDF
D86
E68
F0A
0E8
FBA
E3E
381
4A8
0CA
D98
E80
127
1B1
EAB
F98
250
204
320
1A4
C84
C85
FF4
F7B
D83
C2E
014
422
117
E29
F36
E9A
F37
163
F45
F00
0FC
47C
513
02D
D82
1BB
161
DE5
DFD
EAC
F85
2BF
1D1
F6E
D14
D41
0FF
EE4
B01
E02
2C5
27B
248
146
FF2
0D4
137
102
EA9
CB7
1CC
554
0C9
E8C
05D
0EF
FA3
D60
C13
E10
F7D
189
228
EC6
DC2
26E
1E6
D35
C5E
F45
336
2E4
109
1C1
14B
114
2F6
F80
B0B
DD1
1CF
1C4
F5C
E14
149
22E
E1D
DA4
D6D
CBB
08D
2DC
FBC
FC8
203
479
1F1
D37
D78
1C5
0A5
07F
141
FC9
0BE
2B1
0DC
D4F
B28
DD2
185
E6D
CDD
0DB
23A
11C
0B5
E57
DF7
F8F
0EE
18E
F17
F96
583
57D
F28
E6F
F48
F57
F7C
E82
E23
F90
09E
2E8
06A
B40
CDA
169
F14
D19
E11
129
411
31A
139
02C
E7C
0AB
2C5
E26
CE7
1FF
401
226
EC9
DF0
018
F01
CEB
E2F
CFD
E29
3CF
317
E76
ECA
066
1F7
F95
C1F
FD4
2C5
2AA
3A7
208
E75
0A5
1DD
F00
BB4
BBF
13F
36E
EF0
E87
0BB
F25
F13
F57
C74
D18
0A1
383
2CF
E94
087
4B6
1B5
D34
ED3
F6B
089
269
105
FFC
FBA
0D9
227
D43
934
E94
140
FC7
F30
020
139
267
089
F87
D72
D60
2A8
3F9
F63
FDF
3A6
37C
09F
DCF
D6C
F58
EF1
FB4
009
D99
FF7
402
FE8
BE5
C91
F82
0E2
FA5
ED3
23B
2FE
2AB
39B
EDB
CE5
0C2
21C
FCF
E24
F5F
3AF
2F0
E50
E4C
DC2
D10
F6A
F07
CF6
EC9
2C1
3A2
083
C69
FB8
24E
F5B
EC0
03E
057
378
46B
139
E35
D91
0C2
126
BA5
C65
12D
222
0BE
FF7
DE6
E85
F9D
F80
EA3
D22
FC9
586
3CB
F24
0B0
183
10D
F5F
E01
EEA
0D2
23D
2EE
FFB
CBF
044
19A
CB6
B86
D80
0F3
20D
059
063
0D8
F8F
1D3
134
C93
DB6
33B
3AA
138
F1F
15E
307
037
D78
D7E
C4A
E99
254
079
D5A
F9F
1E5
12E
D33
B72
F98
169
0B9
235
153
0CC
395
321
F47
CE8
E42
30A
18F
DC6
00D
265
077
F75
E09
B23
D13
03E
0E7
FB3
DA3
2A3
56E
FD9
D9E
FC6
F25
0DF
13D
06A
0F6
1D4
37C
2CF
C51
B2F
0B9
029
DD7
E55
F59
1BB
214
FD2
E6A
D1D
EB2
25B
085
D5E
110
4C1
3C9
078
E76
F73
0CA
F24
FB1
F02
DE2
2EA
41E
E86
C76
E24
006
F17
C03
DC3
16D
197
284
287
E27
E8F
23B
09F
E8D
E0C
18C
5C4
27D
F14
017
F07
E63
006
D37
C22
F32
2B5
276
E5E
CD0
1A1
1A5
D6F
E2C
F01
078
404
3E0
100
FBE
0D2
2A9
FDC
AA7
DF9
264
18E
063
02D
E65
FB7
F95
E74
C96
C35
0E6
4B6
013
DEC
23B
295
10A
F89
D11
F4F
093
241
33B
F8E
F0D
384
1E0
C31
C03
E42
0A9
0E7
EFC
030
073
069
21A
EDE
ADD
E55
330
1FF
031
076
33E
3E0
068
F49
EA8
D2B
058
283
E8B
E70
194
2B8
057
B8B
BD6
FD5
EED
EEE
0A2
F57
169
499
201
E25
DC9
09D
2E2
FF2
DD2
219
304
150
189
DAD
C3B
E8B
F81
F69
CF7
DB9
37B
364
E35
D9D
F85
EE4
058
02C
F7A
0B0
31C
4C9
235
D12
EA5
2D9
F53
CE8
EE1
038
25A
1AF
FAC
E82
C70
ED6
117
C77
BC3
1F1
413
292
0B2
F96
114
0C0
F93
FF7
E55
F89
512
327
E2D
EF2
035
FF9
DBD
B0D
DD0
052
0C7
2AB
00C
D9B
007
2BC
EDA
CA2
EA6
2E8
4D9
111
17B
223
039
083
0B8
C4A
CA2
143
312
09E
D56
ED2
2B1
F17
C76
D7C
DB1
FC6
31F
208
FE0
FF9
303
3AD
E72
BDE
0E2
2A4
0C9
123
0CA
025
171
0CA
E43
B22
C3A
1AA
205
D2C
F37
273
22F
068
E54
D8E
F51
093
2A8
14A
E92
286
58A
01A
CEC
D8E
EF7
062
F4C
EC5
014
000
181
222
C88
A97
FC6
10A
EA6
E8A
022
3CE
2EC
0B1
02F
E4C
ED0
2EE
0AE
DC7
01B
3CC
397
F57
C90
E97
F63
D7F
EF2
F05
DC1
220
41B
02A
D8C
E5D
159
1F9
DBD
F52
334
2D8
367
27A
E20
E06
035
00A
DBA
C47
FFB
46C
120
DFE
F15
E4D
EDA
00D
D89
D7F
FF4
386
48A
05E
DD0
248
259
E9A
E16
EF6
099
2D7
216
03A
E1E
E2C
164
EF6
A0F
CFB
1CB
1B0
079
FD5
FC2
113
033
052
E5E
CA9
1DF
5A8
192
F3C
0DE
25A
0D1
D8E
C62
EAA
F26
105
206
E6D
DE1
22E
0B5
CDD
BB5
E92
26C
1C6
027
23F
19D
14C
301
FF0
C1B
F27
25F
2B0
FDF
E86
214
218
E20
D60
D2D
C46
052
166
F61
EB5
133
420
1E7
CB2
D6E
0E3
06E
14A
199
028
1D7
3D0
176
DC2
B68
EE0
201
E40
CC5
06B
183
102
07A
D6C
D1D
E65
0C5
1F2
EAD
EC1
593
4DA
FA9
EF6
F54
FA6
0D4
F54
F6A
FE7
14F
384
044
A93
D60
065
E68
D63
DD3
067
309
1F7
118
F3C
D5D
13B
2F7
E4D
DF8
2AE
3E1
314
FA4
EDD
FE6
EA5
EE9
F6E
C0B
E8D
3EF
240
E2D
D8C
F1B
11C
E4D
D0F
01A
0F2
29C
4C1
15A
E1B
0B7
25C
000
CBC
D0C
25C
360
FBE
FF3
F12
E1B
FA9
EF9
B86
C9B
04C
374
1BD
DA6
116
34D
FD2
F48
F6B
E5E
160
35E
284
005
F40
195
29E
BE9
ACB
F1E
049
070
039
EFB
F87
034
061
F65
B8B
DA8
3C0
27E
F96
130
2A3
2CB
17B
EC6
DE0
E53
060
36F
01A
D2F
128
2DB
EDB
C31
B8B
ED3
0A0
FFB
093
089
FD5
3C0
31F
D00
CC9
10C
25C
132
EFC
137
384
1A4
03F
F0C
B25
D58
183
FB3
D06
ED4
26E
2CC
EB1
C8E
EE3
F42
FDA
224
F93
FA5
44D
466
12A
D69
DEF
1DF
040
D02
FAD
092
0C4
2D7
021
C34
CE5
F53
0C8
DEE
C34
177
4C8
1A7
031
FE1
EC3
0AF
152
F41
ECC
063
504
4A0
DAF
D6F
0BC
F43
DA2
D88
D7A
019
1E7
228
08A
CDE
EB6
27C
F0B
C73
001
2AD
38D
300
06D
08A
FD5
0B8
0F5
CE8
BD0
298
3C9
F97
E27
EFE
010
F94
CBE
D42
E03
EF0
41A
34A
E14
FE2
342
202
E7B
D1B
FEC
291
1F8
1E4
156
E10
099
20C
D13
A9B
DA2
114
1C1
EC9
F02
1D5
035
FDF
FCC
C9B
DCA
2E9
3D5
11E
F84
1D7
4A7
07A
CE8
E9A
F27
FCE
1E8
F80
E77
FFE
22F
0BE
BCA
A27
FD6
1BB
F3E
026
1BC
1A6
311
167
E9D
D76
F41
30B
210
DEB
0A7
3F6
1A2
F2C
D99
C64
DF7
F5C
FE1
F0A
D86
21E
46E
F2F
C1E
F06
09A
0A8
05C
FA2
195
2EF
34C
299
D2D
C26
1DB
0E3
D2B
E44
031
2CB
151
E0B
DBE
D00
DF5
105
EFE
CAB
13E
4C6
35F
FDD
E89
0B7
15F
F0F
FC0
F9E
FD6
3BE
3CF
EB6
CF1
EAB
FE5
EA7
B7C
DDD
140
149
1B6
156
D90
EBD
1CF
FCB
DFE
E28
28D
549
1EE
FA7
13A
04E
F56
FD9
CF3
C7B
071
2E5
18C
D71
D8A
1E2
FFB
BDB
DC9
F06
085
3F8
32D
0A5
FBB
196
355
F5C
B57
09D
339
158
0AD
01F
F73
069
FE4
DC6
BC9
BE7
1DB
37B
E11
EC7
255
191
FF0
E46
D99
FBE
161
324
254
EC4
0FE
4A9
020
C1A
DA0
F28
09F
FF4
F37
03E
FEA
117
14A
C7A
A62
FE5
20F
057
F6E
046
3BC
2E2
019
FB9
E2A
E3C
2AC
1E7
DE4
FE1
31D
29B
EF5
B3C
D6F
F46
E88
FE4
F7F
EA4
252
3E2
057
CA7
DD6
1E0
1F3
E6E
F79
34C
230
2C1
17C
D56
D1C
015
07D
E26
C81
002
439
137
D55
F01
DF7
E59
075
ED1
E82
12E
41C
475
FE4
D40
1BD
1A4
EB0
F20
F46
0A0
2FB
227
FEA
D2A
D2A
113
F0A
A58
E19
1ED
214
15B
002
F41
004
062
08D
EDF
D66
2FA
60C
157
F2F
085
120
01F
E03
CC2
E4A
EFD
248
270
D69
D6A
250
08C
D0D
C72
F31
2B5
2C8
13B
207
08B
171
34B
EFA
B9D
F02
279
27A
F95
E95
171
0E9
DC5
E05
C18
C62
199
270
F47
ECE
12F
3CB
103
C75
EA7
114
026
2B5
2B2
F7F
143
341
117
CAD
B33
F4C
1E8
E57
E5A
0CD
060
151
093
CEA
C28
ECD
27E
21E
E75
0ED
57B
30C
F98
F42
DE9
F50
1B8
FED
F88
F28
1F8
417
EA3
AB2
DF3
EF2
E92
ED8
F29
002
253
2BB
1AE
E02
D23
294
25D
DF0
FA7
2A2
31A
31C
FE6
E55
E1F
E4B
083
EF3
BB6
FD4
467
0F9
DF0
D62
F5B
0AD
E3F
E81
090
047
45B
530
FCF
DCF
173
154
EFE
D2B
E73
25A
1F4
133
04C
CCF
D72
160
E36
B54
DB6
236
40B
0F2
EE9
168
198
F6A
10E
EC6
DFA
2B4
4D9
198
ED8
F4C
287
034
BCC
CB8
E57
F7C
1DC
18C
DC7
EF9
18A
15E
E49
AF4
007
3DD
1B6
135
225
118
1DC
1D2
E69
CF6
DCE
21D
350
E4D
E47
278
0A6
EC8
DB2
CA6
D93
0A6
171
0C4
F23
151
4C0
0F9
C23
F2A
085
17E
182
05F
126
170
1E4
210
CBF
A3B
FCE
18A
DF2
E71
03C
1F6
219
EC1
E86
D9E
E54
259
1E6
E55
110
542
367
017
DC2
EFE
0DA
F66
FBC
FA5
E4E
258
397
E5D
B71
DF4
010
FB8
D59
EA2
283
1E1
250
1F9
E01
E22
1B6
138
E25
E43
1E0
57F
169
E47
FD8
E7E
E69
FBC
D1D
C1A
070
30D
2AE
E1F
D0D
171
13F
DCB
EBA
04F
0DD
490
39F
052
EA3
05B
241
F60
B28
EC0
282
151
028
F93
E67
F3B
FF6
E1A
C5A
C3F
1E3
4AD
024
EE5
26D
18A
0AF
F43
E1B
F19
14E
38B
257
DBC
F73
351
025
B3B
C57
E4E
063
0AF
F75
FFD
FDD
137
292
DB7
B41
10B
31D
198
054
0C2
324
2DB
022
F3B
CCA
D2C
1FE
1A3
CDC
E91
18A
1F7
EC5
B89
D5A
F14
F47
150
0CB
ED3
2B9
53A
0DE
D4E
DCF
129
212
ED6
F92
20C
18E
204
163
C1C
BFD
F23
FE4
E3A
D18
046
466
166
E9C
F67
E47
F9C
200
058
E86
0A7
45F
4A6
F9F
CB2
0E7
065
DFD
E9B
EA9
F05
253
1CA
EF4
CE3
D53
178
F4C
B67
EE3
2B7
26D
2C0
174
FAB
064
0C3
116
DE9
CEA
24A
52F
0DF
ECB
FFF
FBE
F44
D9A
C83
D7E
F1C
268
2DE
D92
E3F
2CF
0A0
DED
D6E
FA0
299
2F9
256
187
F72
08D
2D7
DCA
A8A
EDF
148
12A
FA0
EC3
06A
059
EE4
EA7
C7E
C5E
2CA
370
FEB
FFE
27A
3CD
0F7
D3E
E3E
FD3
091
2BC
138
E1A
10C
2E3
05C
BEF
B14
EF8
0C7
E0E
F19
0A2
05D
230
218
D99
D12
037
30F
171
E30
16B
573
233
FCF
F24
CA7
E6D
0E5
FEC
DC4
E4B
22D
3E4
EAF
BAD
FA3
FA8
F37
FA0
F8B
062
3BC
3C7
2BD
DFA
E1D
2D7
0F8
CFB
F4E
1B5
20A
228
FBC
DDA
D7F
EA2
079
D36
ADF
156
448
0EC
FDB
FAE
FFE
14B
F18
F53
F8D
018
47F
48A
E7F
ED7
1C1
094
E36
C10
D99
0C7
08F
0EE
044
CD9
F29
224
E3C
BB5
E82
241
378
0F5
03B
29E
17A
109
0E1
D18
D05
235
372
01F
E5C
FC2
2A7
F1E
BD8
D37
DA9
EE3
2AF
11F
E3C
101
326
26C
E2D
C53
0D2
2C0
07D
1A0
173
0B8
2EE
23B
D9E
B62
D6C
193
05E
C81
F8F
2E2
0A3
FD3
E39
C23
E9E
14A
0E6
017
EC7
3B6
650
034
DCB
FB5
FA2
FD5
072
EDE
014
175
27E
174
BAB
BC4
0AE
F23
CE4
E85
0E2
2C6
2C2
058
F66
EB7
FEF
2FC
FB9
CB6
21F
4A8
2E5
097
EDF
F37
FD3
E16
E7E
D10
DDC
311
33D
E14
D59
05D
057
EA4
CE9
EE8
24A
254
418
219
E2A
148
352
F20
C40
D45
185
3E1
F96
F4D
0CA
EE0
FF5
F2A
B47
BB3
0C3
333
132
EB1
0A5
3DB
121
E09
F67
E36
0A5
427
20B
FB5
FCF
2DA
22B
D11
AB4
EC9
038
EB6
07A
F71
F8F
18E
170
E5B
BCF
DC5
2A0
21E
E59
114
3B4
31E
20C
F83
D71
EA8
08B
1D1
F55
CE7
238
3C8
EB1
C91
D59
E22
FCE
F45
EDA
034
0F6
474
399
D0E
DBC
208
129
F8D
F79
0FB
3DD
2B3
0F5
F61
CDB
E8E
175
DA7
B3E
046
234
22B
F92
DD4
F5D
FB7
EF7
062
E0E
F31
505
50E
021
FAE
0E5
237
F7C
CC7
EBC
0C6
0DD
34D
075
C78
F11
0E5
E82
C0A
BC2
133
3AE
029
115
15E
FBE
188
182
DFB
DC0
138
49E
276
E6E
082
2A3
F71
D9B
D8D
BFC
ED4
1DA
0A4
EFB
E93
1E4
2D1
D01
B9E
F29
0FA
10B
234
0F7
1A7
2EF
2A8
019
C67
D1C
276
16C
D14
F9A
132
122
059
DF7
C83
DB1
F02
1C4
F2E
DA8
324
516
0CD
F13
ED9
FF2
12D
0A6
0AF
04B
0AB
48E
29E
C2C
C63
F9D
F61
DBB
CFA
F33
1BF
17F
0DF
F57
CC2
F85
282
ED4
DB1
0AC
417
426
101
F8A
121
F66
F66
009
CD4
DC4
2AD
2BA
F66
D27
F0D
0D0
DEB
BC5
E26
FCD
13A
401
140
ECD
0F7
2A1
141
D50
D0B
28C
3B0
05C
098
058
F25
0DE
F62
C30
B73
EDB
2A3
13A
CA8
FE5
24E
012
F1E
E70
D1F
FF2
2C9
2A4
0A1
FDA
396
484
DCF
BF9
F7D
01B
098
FE2
EEF
031
0BB
172
F4D
A6F
BFA
188
073
E05
FF0
234
382
28A
F90
F5B
E38
020
2A4
F6E
DC8
34F
4D6
128
DEC
D31
EF0
F01
D93
EFB
E6A
F12
439
2B2
D14
DBC
0A7
111
F1A
DF8
156
3F8
280
357
115
DA2
025
1CF
E9F
C5E
DEF
281
296
EC3
E24
FE9
E69
F10
EB1
BFC
E00
2D3
463
195
E50
124
3BF
FF2
D49
F6D
FFC
1B0
3DF
0DF
EE0
FBC
126
097
B4B
A83
04A
12D
F56
075
FF9
0A3
19E
05B
E3F
CEF
F42
49C
240
E8E
1D7
437
151
FD4
D85
D23
F41
026
140
E72
DAE
2AE
294
D25
BFE
E46
005
07F
EEB
FD4
22A
229
398
159
C17
E3C
2E9
102
EF7
F7B
1BA
3B2
0FF
EDD
E07
C52
E84
0CF
D56
C8F
14B
3B1
1C9
E33
E64
191
028
EEE
00A
F99
0DE
58F
388
EFB
EAF
08E
20C
E32
BF1
FD0
17A
0AA
19C
F6F
D01
FCB
058
E55
BDE
D62
37C
3E8
F8D
0A3
264
0D1
0CB
FF9
D42
F0E
1B5
39A
15C
D2C
0BB
35A
DEF
B5D
C98
DC3
089
12B
000
F3B
007
2A3
279
C1D
CA9
1E4
1EA
0DD
159
164
25E
2E1
0A6
EA8
BD4
DF9
29C
F67
CDA
01D
2A8
191
EBB
C9A
DB3
EFF
FE6
1A3
F64
F3B
4C1
4AA
F83
DC4
F48
1B5
0E3
E82
016
1B3
0D9
334
FF2
BC6
D50
0AA
F33
C87
C80
13A
3B1
099
FD5
02A
E25
091
17B
E02
E0F
206
50C
396
EDF
F39
267
F9A
D84
E12
D52
EFA
310
179
E4D
E13
023
222
DA2
ADA
FFE
11E
180
26E
122
07B
22B
1DE
02C
D14
D7B
35F
2BA
E75
FDB
1E2
0B8
FCE
CED
BF3
D67
F5F
262
003
D16
25B
460
07F
DD8
DCA
FB1
184
0EB
122
188
163
409
2DE
C05
C37
05D
070
EF6
D5C
FBE
211
138
04E
EED
B84
E61
21A
EEC
D4E
07F
42C
4AC
064
DFE
11E
048
F42
081
E5A
E94
373
32C
F74
CCF
DE8
0A9
E3A
B0B
EBA
FE9
0D1
2D3
13C
E3A
FAD
199
10B
DAE
C70
287
4C0
14E
0FF
0E4
FFE
091
F27
C95
C77
F12
2AB
19E
CA3
EDF
2C2
F84
D1C
D9F
D8F
0A7
21C
299
18D
FDE
2E0
497
E29
BF2
076
1B6
108
052
FAB
13E
14E
0A0
ECD
AC8
C15
16E
081
D3F
F51
242
325
137
E36
F4F
F32
003
2C9
065
EC3
336
53B
0D7
DD7
D0C
00C
044
D3A
E5F
F72
FBB
310
179
C9D
CCE
00A
0D0
E74
CB5
13B
4A0
1E8
1D1
0EC
EDA
065
206
E55
D08
F59
38E
3C3
E46
D75
0ED
EE0
E22
DA6
C86
E9C
254
288
124
E4C
079
3F1
FD8
C57
F6D
117
208
272
0C6
09B
0E1
1A4
0C2
BC3
AD1
13B
22B
E4D
F31
060
193
10F
E37
D36
D30
F38
371
1F7
E05
1D5
510
253
EFE
DA6
F46
14C
FA9
079
087
F4C
29E
2D4
D21
B27
E32
032
F60
D7D
F00
27D
1BD
13C
0B3
D46
EDE
267
096
DDE
F89
350
544
106
DFB
046
FC7
E7B
FA6
D3B
D10
1DB
2A7
0CF
D98
D76
1E1
FFD
C6F
E86
064
185
3C4
2B6
F7E
078
130
1B5
E45
B8C
0D6
40C
04A
FFE
FEA
F0D
091
EB3
C96
BAC
D15
266
2A0
E6C
F26
37F
24A
FE8
DCB
EA8
0E5
151
1C5
19C
F45
25C
457
FDC
A94
D85
FBD
041
E9F
E08
109
0B9
095
10E
C9E
B9F
193
1A6
ED2
F28
21C
5AA
2F4
F1D
FBA
F32
F1E
189
FBE
D5A
117
3A1
23A
E16
BEC
F84
FFD
CA3
D62
FB8
FDE
2F8
30D
ECE
E86
019
24E
FEE
C67
F6F
48F
28B
169
16D
F51
016
0B8
E1F
C74
CA3
132
3ED
F84
D06
101
109
EE2
E0F
CB4
F00
1B0
295
2AC
F2F
057
50A
1F8
CAD
DC0
004
104
11E
F8C
03A
0A6
078
0DF
CB7
9C9
EE2
219
F2C
E79
0AC
319
301
F37
F19
EE2
E72
24A
1EC
DCA
0CC
4BC
3EE
F83
C6D
EDD
0C2
DDA
DB3
F22
E79
137
3DE
F83
CA8
E5A
087
0C9
CE7
DBA
3A1
36E
27E
25D
F6A
FB3
1CB
09C
E35
CF6
01E
4F4
17B
D70
F7B
019
EA7
E48
CC6
CC6
039
258
2E7
EF0
E15
385
312
CF7
D48
F8D
1C1
2CB
16D
0B4
0D0
061
1B0
F22
A06
DA7
22A
022
E55
EB6
0CD
204
F5C
D77
D94
CD9
0E9
35A
F3D
F04
38F
413
1F7
DA8
D66
0DD
02C
F1D
07F
F12
07D
429
049
C58
CA8
F27
056
D49
C57
12A
2DC
1CB
244
FAA
DCA
0D8
1B9
FA4
DC6
03B
53E
3B8
EA6
F7B
0B0
F0A
F21
E02
C80
EC7
1EC
2AE
FB9
C2A
052
242
DD9
C10
F07
09B
2CD
283
12F
129
14B
29E
11C
BB1
CD1
269
2B3
FCE
FCA
027
162
053
D58
CED
B7B
EA6
327
038
DD3
14B
418
181
EA9
CCD
05C
137
0CE
220
0DD
012
3FE
2A2
DEB
C70
E99
0E2
EF2
C74
F6D
21D
09C
1BA
EF6
C23
EAD
138
0A0
E04
EE9
482
5FA
026
F8C
11A
FD6
FF1
FC8
D6F
E8E
1D1
331
182
C8F
DDB
176
E90
AEC
D76
F4F
1C2
28E
12F
062
F7A
124
2FF
DA9
C44
22C
43E
1CB
0F5
001
15A
11C
EA4
D91
C1E
D06
28D
162
CD5
ED0
27D
0D6
E8D
C17
E3C
065
087
223
187
FB3
371
4D7
F90
CAD
E23
19C
154
E3B
F27
262
17E
076
00C
B7F
BF4
01A
FE7
E56
D1A
1D1
509
171
E24
FDB
FCF
000
188
F4E
F3F
22F
4C9
387
E70
CBE
208
090
C25
D54
EBE
00A
207
093
F23
E42
F0E
175
ECE
A69
F24
3FE
23D
1A4
0C9
0E9
1B6
04F
F3D
D49
D5F
235
43E
F20
E4E
1C8
130
E7C
BCA
C64
FB6
FBA
079
113
E74
0F8
496
0C0
CBD
DC6
0E5
2EB
08A
F4F
238
278
15A
167
D99
B7D
FAC
184
EA6
CE5
F4F
360
1AD
D10
E1E
EFC
E57
07E
FF0
E23
13B
415
4AD
076
CEC
07E
299
E6B
DCE
F88
051
2D6
200
F63
DC5
E0B
02D
F76
AD7
CEC
344
261
0A8
067
03B
0FB
03D
F7C
E98
E5A
1B4
5E2
1BB
EBF
192
28B
04F
D70
C32
EAD
033
02F
0FB
EB5
E0C
281
14C
B97
B9E
F7E
242
164
F64
21E
364
21A
234
FA4
C32
F50
24D
0D7
E7E
F02
301
372
E2A
C77
E93
D84
F59
006
D5B
F05
261
379
190
C99
E97
307
FF5
E06
082
197
34B
3F7
148
ED6
DE7
07E
0F2
CA8
B9D
1A5
302
02E
F30
E95
F52
FB1
ECC
DA7
D63
F5B
52E
39A
E79
0F6
39A
1D3
F06
D23
F03
1BD
0AE
24E
059
DC9
14A
23E
CDB
AC9
D06
0E0
15B
E95
F94
280
10E
121
097
C3D
DFF
24C
2B0
03E
FD1
2B0
569
0B9
D57
EE8
E98
E60
0A1
E4B
DDC
0A9
2C8
14F
C90
BE9
0D5
0C6
D0A
EC2
107
23E
401
240
F7C
F14
FE8
284
F4C
BD6
093
477
1D2
F77
E8D
EB5
F4C
E37
D56
D3F
D44
27A
3D5
EBF
E57
201
23C
F2A
D2A
E76
209
267
2C4
269
F90
040
338
F6F
B4F
CCC
004
1D8
F6D
E14
10B
102
FA6
FBA
C01
BDF
0C9
240
016
F35
15E
528
2D8
DB0
EEC
045
FBC
12E
05E
F1F
138
2D6
267
E30
A97
F15
127
CBE
D02
02C
0E6
26F
1F9
F48
E59
ED3
181
15C
CFA
F14
550
431
122
03F
FC7
092
F6F
E40
E40
E16
09D
44B
F7A
C1A
FCB
0F1
E88
C57
CBC
067
219
1F7
2D2
086
FD1
2E5
20C
CE4
D3E
10F
377
152
E37
0F2
24F
F7F
E95
D49
B37
E3C
18D
FED
E5C
F00
34D
338
DCA
CD9
FA6
005
08A
15C
01D
19A
3D3
3F9
092
C2F
DE9
281
F3E
C6E
F5A
11B
1C7
156
E6A
D6A
DC6
ED2
0A0
CE7
D03
388
4F2
10F
039
011
0CA
144
EEE
F5B
FE1
00E
472
362
D4A
E7F
17B
FE9
C85
BAC
E70
174
03D
05D
099
EFF
098
1C1
D69
BD5
FDD
361
341
002
01B
3DD
1F7
F7C
F2D
CA7
DC5
1AF
131
EC0
E5A
12F
2D6
E67
A90
DF7
00B
F59
090
017
013
307
35E
14F
D5F
D31
21F
27B
DD3
F15
267
2F9
1BE
F9C
D84
E20
E2B
FCD
E46
B35
042
45A
16B
E5D
E8C
00C
0AA
E97
E8B
FAC
0C8
3A3
4CE
016
E59
236
1A7
E78
BA6
E66
28C
170
FC3
09D
E94
ED1
103
DE1
AC7
DEB
190
2FC
067
EDD
2CB
35A
FE7
FA2
E93
E8B
18E
2DA
0A3
F58
0D8
38B
102
B31
C47
048
F21
F60
F73
F49
165
1D1
078
E53
BEF
F6B
339
F37
E37
294
3D1
388
109
EDA
F6D
F83
FE3
033
D39
E4F
464
360
DAB
D5A
EBC
FEF
E6F
C68
EC2
031
14B
44A
166
DB3
10A
2D5
FFA
D4A
E00
2D8
3E7
0A6
0F7
103
F4B
07D
005
B35
BEC
058
293
088
D01
FB2
2F6
F99
D24
D64
E25
059
2D6
1B0
068
0CC
378
39D
D9D
B55
0F1
16A
F84
F80
FC8
14D
1D2
051
E34
B97
C99
188
051
C69
F92
3F0
2FF
0F4
E93
F79
042
FF0
0F4
065
F55
39F
59F
FC7
D6D
EAE
088
FF9
C39
D52
0D2
061
144
157
CED
E22
1AC
FC2
D50
C9B
136
511
21F
FC3
1D1
137
09D
110
E2D
CD0
03E
306
242
EC2
DBA
264
0F8
BB8
C1F
DF9
F05
19E
0FA
F8E
026
1B1
38D
FB0
ACA
F0F
37D
111
060
13B
1E8
386
0FE
EFC
D87
C9A
075
1EB
CBB
D28
2A6
2DF
FF4
D20
D53
F92
FBE
F08
053
F2C
1B7
5ED
24F
E3C
EEB
125
1AD
E48
D20
119
28E
16C
193
ED0
C8B
F67
FC5
CA2
B94
EAF
35A
305
E94
FCD
1A8
001
FE0
F08
DBB
08B
332
38B
184
E93
1E3
419
E1E
BF0
E51
FDF
082
0AB
EFD
F96
012
11B
FB2
AA5
B90
1EB
1A5
EF9
FE7
1FE
32D
1EE
F78
EB8
E6F
F8E
334
FCF
D85
245
474
12E
D4C
CFD
ED0
FD2
DCA
E7A
F6C
F68
302
31D
DB5
CDB
045
1E7
FBF
D46
093
45D
2BB
197
0E2
E27
FC6
149
E4D
C27
E2E
254
3A3
EB4
D13
0AB
009
E2F
DC8
D4B
EEE
200
341
1B1
F6C
049
437
14F
C05
E72
1D3
211
1F6
06E
012
14B
0CA
FFC
C8B
A2B
F9F
284
E89
E4C
04B
213
24D
E57
DBF
ECA
F17
214
26E
ED0
0ED
4E6
3A3
EF3
CE1
EF3
178
EDD
D48
019
04B
104
280
E4E
B91
E28
013
F2F
C5A
DCB
390
40E
076
0D9
03B
F5F
161
066
E29
EE8
218
582
1EA
CD6
FD5
1DE
E9E
CDA
D30
DD3
10B
17A
0E3
EA5
E7D
13A
1DC
C01
C0B
17B
32F
204
12A
133
2C0
1D5
08A
F12
C30
E77
388
155
D90
F91
214
1A1
DB2
B68
DBB
E81
E83
102
000
EE5
3DC
3DF
FAB
CE3
EDC
1E3
1C1
E6E
041
35C
203
26C
0D6
C99
D99
000
00A
D7D
C68
0A9
498
FBA
DEB
F0C
EC2
EB9
F9D
E49
EF9
1EE
48A
3E2
F16
E94
3A4
17A
D8D
E19
F72
1BE
2A3
0F4
FAB
E38
F26
109
D93
989
EF1
2F7
0EE
FE0
FE0
1B8
1FA
F47
F47
E7C
DCD
2B4
478
F8A
000
349
314
048
C22
CC0
05B
F63
F97
033
EAF
026
2CD
F74
BC6
C60
03B
235
E91
E2A
381
3D0
1E6
16B
EE9
DF3
09C
14E
FB7
E1A
FFC
502
28D
CD0
DF6
F54
E8F
E74
D4E
E02
FED
222
317
039
C85
132
337
E51
D1B
066
31D
415
224
0AF
11B
FFC
0C4
015
B59
CB2
2A8
20A
F2D
E5C
FF4
127
EA5
C99
DCB
E44
053
3C7
142
EB7
219
3B8
1A9
DB2
CDB
15E
257
006
0C3
11E
07B
2A3
100
C36
B92
E40
16F
FA9
C8E
076
3DC
0DC
F54
EEB
D26
FD8
104
064
F9B
FEB
44F
5A7
F69
CF1
08D
0CD
EC7
E49
E45
05E
21B
1B9
FB9
C04
D16
171
F3C
AF8
E36
1E8
37B
21D
FB8
096
136
FDA
0C2
E73
D0D
338
4D5
0B9
F5D
009
1EA
01C
BDB
C6E
EBA
F4C
16E
178
DBB
F0B
288
0FF
D7B
B69
F5F
3CA
0B7
00A
259
25A
21A
2C9
E74
CD0
ED5
18E
1C6
D84
E4C
364
241
D8E
D9E
CFA
DB8
FB6
F52
EEA
FDF
1EC
471
0F8
C33
F4C
290
046
F3D
F96
1F6
3A4
2B3
0B8
EF1
CB2
070
0B7
B8C
BEC
160
2F1
0F6
E63
DFF
027
F37
EE0
EEA
D32
017
592
35C
F8F
06B
255
295
E8F
C79
06B
170
0D9
236
FD3
DE6
133
0BC
D31
A7C
D0B
1CF
161
DDD
FF0
2B0
10E
0B0
F5D
CE8
F0B
24E
322
0BC
F4D
315
540
F61
C83
E7B
E87
F94
FD7
ECE
FAD
0E9
264
0FD
B6F
BB8
0C0
086
E03
EAE
1A5
3F0
2FD
0C9
F82
EC7
F75
25B
FDE
CC2
18F
46C
21C
F38
D96
F7A
FCE
D5A
DE6
DF7
E6E
2E0
37E
DE7
DA2
092
195
FB1
CBE
F31
3F4
2EC
1CD
21D
FE6
0B0
1F2
F33
C28
D15
16B
374
F27
D54
151
14A
DE4
DBE
BFE
D6A
071
1CB
0F4
FA4
085
4C7
21A
C8F
DC8
102
142
0F4
08D
08A
278
230
14B
DF4
A67
F6B
1DF
D80
CDB
01A
1E1
232
F7D
D88
E66
E6F
087
186
DC8
00D
5A5
400
020
E84
FC4
192
F9D
D12
F3E
084
131
382
F86
C67
E5C
082
E8D
BB8
C35
200
3A1
07E
0DF
0DE
FAC
156
08F
D8C
E78
1AE
522
328
E68
07E
309
EDC
CDB
D0E
D7A
031
1AA
043
ECE
E70
167
22F
CC2
AA9
FB7
1ED
0AA
117
106
2DC
286
16F
FFC
CAC
E34
3C2
1C9
DC8
003
286
247
F1F
C2D
D53
EC2
DFA
062
F58
DB9
2C4
45C
FBA
D4B
E84
13E
135
E77
F93
2F1
2FB
34A
244
DC6
D5A
0A7
FF5
D16
C60
06C
420
038
D88
FC8
E9A
DCC
F26
D4E
D5C
0CA
3F2
3A8
F90
EE8
2D1
209
D80
E60
026
088
31E
1CD
FD3
EE1
FBD
124
E05
9D7
DC5
26F
027
EE0
FD8
023
1A0
FF5
E80
D9B
DA7
17C
481
FE8
EEF
3C8
3E7
066
DC3
D32
F9E
008
F5E
060
E83
FFD
32F
01E
B06
C67
F35
0CA
EEB
D9A
1A7
393
1A5
22E
F7B
CC8
0F8
286
F53
E5D
0F9
48F
3A1
E25
DC6
022
E53
ECF
E97
CBA
F7D
281
28C
F01
CBE
F64
288
E0E
C65
034
222
2D3
376
0EE
048
0E1
117
068
C45
C7D
2EE
330
F27
F04
047
04C
FA6
CF5
CAE
D9A
F21
2F6
167
D73
138
3F0
05D
DAE
D93
0D9
2E5
167
197
1C5
022
2E0
298
CE1
B90
FAB
10C
FED
D73
F50
2D4
0FC
F05
E75
C65
E1F
1C7
091
E2A
09E
415
505
038
D2F
062
0D9
F0E
059
01F
FF8
2E0
326
F62
CC1
CF3
054
F96
B61
D34
1E8
15D
13C
FE6
E7C
F3E
082
095
ED4
D86
235
651
1E6
F32
0FA
192
FEE
DF1
D0A
E0B
F71
1CC
25D
DC4
D20
208
054
BD9
BE2
EAD
242
266
058
18B
1A9
0A1
220
FBF
BAF
F70
3C7
256
04C
F93
277
26E
DAC
CFF
DBC
C89
028
133
E5E
EAA
1AD
2A4
038
BEB
D98
1C0
06B
FB0
176
19C
269
448
133
DC6
D71
024
204
E22
CD8
1E3
2FB
015
F07
DB1
D24
EF8
F8C
E9E
D89
FCF
4D4
35E
D7B
F3C
202
0B6
F8B
F28
FAD
265
334
32B
0CC
D2D
FD4
24A
DB2
B44
EFF
162
1D0
FC9
E63
FBB
F64
F8E
F97
C9A
DBE
3B8
3D5
0B1
FEA
20A
37D
0AB
D01
EE5
FAD
016
301
0C1
E11
0E1
1F3
F88
B3E
AFC
FC2
0ED
ED0
F9B
0DF
0FB
2A1
173
D1C
D54
086
265
18E
E2C
15D
5BC
1B8
EF2
F04
CF3
F48
030
F3C
E48
F21
259
306
DCD
AE1
F70
FDD
E34
ED1
F6D
19C
343
243
11D
E10
E77
2F7
0D4
C28
F4E
353
335
158
F1F
EAD
F8D
E4E
E63
D9A
BBB
0B9
47B
00A
DBA
F5A
113
040
D63
D8E
124
1A3
31E
3D1
F44
F84
2F5
12F
D75
C65
F5B
330
115
E80
041
079
F29
076
CE8
B11
ED9
214
178
F07
EF5
3D1
387
E6B
E46
F75
F5A
282
259
FD2
079
201
380
03C
A52
CD3
152
F08
E4D
FA2
00A
156
184
F21
D28
C96
013
320
E7D
DF8
3CD
4AC
21D
FF4
ED3
02E
0BA
FCB
FC7
EE5
022
4D9
1BE
B9F
D2C
002
F0F
D58
C6A
F61
193
109
210
034
D50
0FA
2AA
E5D
D02
0AB
3E4
454
033
000
1BB
F92
FB4
F50
BC5
DCF
2A7
27A
F05
D61
F98
21D
E1D
BA0
EDD
F69
0C3
398
120
F90
1F8
337
125
D6F
CB9
223
316
FE7
0FF
157
105
15B
F13
C3A
C08
E57
129
066
CBC
031
3B7
FDD
DBE
DCB
E69
074
1F1
0D6
093
0CD
41A
4BF
E2C
C4E
0AB
0E0
EFE
EB7
F83
21E
1DB
011
EB0
BAA
C57
152
F1F
C15
FB5
371
39D
135
E82
FA5
04F
F80
0F2
F31
E63
3A6
57E
0C9
E78
EC1
0F2
F61
C21
CFF
078
0E3
198
15A
DA3
E58
14E
FDF
CED
C39
098
4FA
217
072
213
13D
08C
148
DC7
D26
006
326
2F1
EC5
E33
254
049
BFB
C9B
D22
E67
1C6
111
F86
F59
13B
352
F2A
AEE
F11
35D
1A3
129
190
224
2C8
192
EEF
DBC
C12
0B7
259
DA5
D3B
1EC
249
FF7
D4B
CB5
E80
F7F
FC0
086
ED0
133
603
2B8
D4B
E9C
0B6
1A1
FCA
E6B
1BB
302
1B9
202
EA4
B6E
FA3
09F
D1C
BEA
F00
30D
267
E03
ED5
FC5
ED1
001
FA4
DC8
04C
4D9
421
0C4
EB5
10B
28B
E87
CBE
F69
FB5
15E
345
F62
DA9
F25
089
F1D
AE1
BF7
2D8
2A3
FC1
0DD
12E
05F
1BC
FB5
D6B
E5C
164
513
24F
DF8
1AD
31E
F13
D7A
D34
D20
FE6
113
0C6
F72
E9C
210
241
B98
BBC
036
110
0F1
09B
14B
2B0
282
1CB
047
C7A
E7F
453
077
E32
043
26B
268
F5F
C92
D3D
E32
E8D
0BF
EB5
D32
370
3DA
F5C
D07
E79
161
11C
E2F
0CA
27A
1FF
429
215
D5D
E12
14E
04A
DDF
C8A
135
3C1
044
E2A
F00
D8A
EF0
FE3
D30
CFB
19A
416
398
E82
E98
2FF
0EE
E3D
F78
F4B
145
414
2DE
FD6
E69
03E
1E0
D66
9BB
E9F
1C6
03C
053
FC7
F58
07D
018
EF9
D2B
DA3
331
497
F61
009
31A
234
0A2
DAF
D5F
F88
084
1D8
11E
E47
FE2
3A4
E99
B0D
CB8
F58
09F
FB3
F73
170
1E1
21C
2F5
DFA
BE6
156
2EC
FEF
F77
1B3
47F
273
ED6
E7A
DD1
DC9
12D
FC2
C90
FA2
318
21E
E42
C09
EDA
0C0
E60
F07
0B8
133
38E
49F
FD5
DD7
F9B
1E9
0FC
CF0
ECA
455
2C5
094
FDA
DA5
DEC
F64
E98
D2B
CD1
0CA
4E7
04B
D07
08C
122
F34
F66
E89
F68
287
3A9
33F
F2F
E79
30E
10D
BCB
CF5
0AB
102
16B
FAF
EDA
F1B
F40
FFD
DB2
A43
EAB
439
141
F3C
124
269
231
012
E07
EDB
F39
216
403
FDF
E6C
30F
2A8
DAB
BF5
C98
FDA
036
F28
024
F6C
FEF
337
01C
B08
DFA
173
208
074
F8F
2F3
402
19C
070
EFB
D4B
09F
22F
EBE
DC8
0D7
36E
15E
C8B
C8F
F67
E54
EB1
FDB
E4F
074
467
269
E67
D14
011
2AE
F5A
DD1
1E2
39B
22F
29A
F84
DCE
F1C
01F
F74
C59
D3D
382
294
DA0
E80
ED3
E8A
FBB
E49
E2E
FF3
230
516
1B3
D62
14C
3B8
FC6
DD4
F17
0E0
24A
27F
078
F4C
E7C
0BF
054
A95
B0E
154
20D
047
FB5
F87
16C
0C5
F00
F22
CF0
053
542
27B
EF2
123
3E2
1E2
E08
C42
EBF
041
04F
10F
FC4
D6E
192
1B8
D08
AED
E16
0E2
13B
F2B
063
2F6
1C4
228
061
C56
EB8
2DC
202
028
F9F
2C6
427
FBA
C88
E77
DAD
EC6
122
E0F
E39
175
2EE
12E
BE3
C28
13D
0F2
E55
08F
161
187
415
245
E88
E5F
045
253
F3B
C40
151
431
0BA
F82
E8E
D0A
E94
FA4
DC3
DF3
EAE
37C
417
E12
E1A
18B
08F
F56
F3F
F5E
18C
327
340
162
DA1
F14
2A7
E81
B23
E56
12D
183
093
EBB
EF4
F11
F2C
F8A
CCA
C54
30D
49D
078
013
15C
2A9
1B3
E1A
EB8
F92
068
3BD
229
DA9
FA7
2A2
049
BE4
B1A
EA0
0F0
FF0
FEF
0E2
F9F
18E
1E3
D3C
C0E
F61
2BF
262
FB2
101
436
257
FB1
F6B
C9C
E11
219
120
E37
EBA
1B1
36F
E92
ABC
E47
FA1
E8F
043
FC5
F4B
27C
3C2
0A1
E58
D33
21D
248
E24
FF1
365
2C3
237
097
CF1
D2A
F8C
078
E66
C08
01C
4AC
03E
D11
EE6
EB1
F6A
02A
EC3
F2F
19C
3C0
4D4
FB1
D2C
22A
16F
E79
E46
F9D
18F
2B9
18F
FB5
DD1
DBB
115
E81
A50
E4D
2A2
220
0A9
F55
028
16F
01D
FFA
EAF
E3B
307
5D2
056
EBB
142
23C
043
CB8
D57
FF2
009
16D
16B
D6B
EC6
24A
F08
BFC
C5F
046
31D
154
04B
1C2
178
150
1BE
E4A
C6B
0EA
370
18A
F26
FC9
332
15B
D05
CFB
D0A
D22
0D7
120
DA5
F0C
223
216
EBF
BAF
ED2
269
096
FF8
1A7
0AB
378
380
FC4
CF2
D78
128
23F
D82
E04
284
21C
03B
E8E
C80
D75
FEA
01A
F6B
D96
129
603
19E
CD9
F37
092
03F
07C
FD0
033
29B
362
30F
E8C
B7F
093
134
CC3
D16
037
189
24F
FE5
EA9
E77
E1F
0B1
052
C17
F4C
5EA
364
107
FDC
09D
1D8
FC2
E15
F22
EED
246
4C2
F7A
C9D
FDE
03D
E69
BA7
C43
0B6
172
139
1D0
E8C
EF5
30E
0E9
C81
E26
237
48D
266
00C
161
259
FBF
039
D80
B7E
FDC
325
085
DC0
E83
21C
124
C2A
BCD
EC5
F62
19D
2F2
FF7
FC4
3AB
2B1
F08
C71
ED8
383
163
FF1
1D6
0DB
181
1BC
DE8
B61
CD3
06B
1D9
E2F
D6F
2B3
245
EFB
E4C
D98
E63
169
1BD
0A4
05E
1FD
52F
223
C8E
E6D
104
F92
EED
F57
F2B
185
1C6
057
CDA
AE1
F20
199
CEF
CF1
1CC
2F6
23C
0A5
ED0
F3C
062
0E3
179
DBE
071
638
37B
EB7
E98
FA2
F8C
EE3
D07
E7A
F36
101
315
F85
B49
FC6
132
E84
D3B
E50
258
397
1C8
1B1
01E
EBC
1B1
12F
CA3
E42
290
3A5
12D
E19
F51
0A1
E58
DD1
D85
BE3
FB9
418
0F2
E53
FFC
224
181
D8A
D25
14E
1CD
299
39B
037
FD5
26E
148
DB6
B8E
E46
2C4
188
DB7
FEE
0EC
F34
00A
D9C
B4B
E13
1E0
23F
00A
EB7
36B
416
F4B
EAC
F7D
F01
219
274
047
F7F
143
30A
090
A75
C40
0FB
F96
E9A
FCA
F66
10B
1AF
FF0
D6F
C35
007
368
F68
E8B
350
435
266
014
E53
E72
FD2
09E
0F2
E37
F2A
3F9
270
C6E
C95
E68
F17
F25
E24
F59
12B
217
3A5
06E
BE7
FE0
307
FB2
E46
048
2DC
3FF
17D
FCD
EF0
D8F
FE0
02D
C37
CD1
285
2F7
03A
DAE
E43
070
EEB
DB7
F0C
E8B
1C9
5F8
294
E81
02F
215
194
D94
CE3
12D
242
177
259
EF7
D6B
09B
031
C2E
AE1
EA3
32E
262
E46
FED
12A
F5C
055
F9B
CCA
FD9
44D
3A4
122
EEB
237
382
DFD
CD0
EE3
ECA
0B0
240
F8D
E44
FC0
157
F41
AD3
BFB
18A
179
02B
194
140
149
2B4
0B2
DEC
D79
0CA
455
0B6
DDE
1A5
3A0
FB4
E41
CCE
C75
F29
01E
033
E76
EE5
33F
2F7
C5C
CE3
FD1
0D7
0FD
0A0
065
27B
2CE
368
067
B94
EFF
2D0
F7B
D9B
FE5
180
211
FBB
D87
D15
CC9
F40
16C
DA6
D94
3C6
3CC
0BE
E9B
EA5
116
07E
F96
08A
FD7
1B7
570
1E2
C97
E09
06C
FF4
D50
CB9
03C
1ED
0B8
0D7
E8D
C32
FD7
118
E1F
D3A
0B8
4A8
3A5
05C
F42
16A
FD5
FC1
FE7
D66
F7D
419
301
F8D
D45
F13
174
D18
B3A
E19
F33
16E
331
FD9
E0C
072
209
02D
CC2
E1A
367
3DD
0E8
18C
12C
03F
184
FB4
C56
C90
FE7
2E1
11E
CF0
FEF
1D4
EC4
E15
D36
CC6
0C4
25E
1BE
029
FA0
374
389
D0E
CDF
0DA
13E
1CE
1FB
013
08E
175
14C
EE3
A59
CAA
1D4
093
D83
FCA
175
1FF
06F
DFB
DF3
E27
0BB
382
05E
EB2
3E2
522
022
DF1
E3A
FE6
09C
F6F
F80
F5C
FC8
352
103
AC7
C1A
FEB
FAF
E9F
DE7
0EA
35D
1B7
154
FFB
C9F
0AD
36B
F3B
E9C
116
46A
3A3
F4C
E25
F29
E62
EAF
F89
C6F
E82
388
2C2
ED2
CB0
EA1
177
F20
D86
00C
19C
241
479
144
E0B
FC1
224
099
D2F
D8C
270
387
010
FC9
F5F
D50
FEA
F4B
C31
C9F
0A7
3EF
238
D8B
FE6
22F
F94
F0A
F63
E9B
18F
416
3C4
005
EB7
154
280
CAD
ADD
F4F
088
11E
0EC
F09
EE1
051
055
EB2
B4C
D56
456
30B
F63
113
281
20B
130
EC9
DAF
EDC
163
3D9
0A0
D3D
1CF
2F9
DFF
C4F
CAD
DDD
01F
FFF
F6F
FB3
F9E
330
254
B8F
C56
157
266
14D
052
12A
399
217
097
F29
BB2
ED1
2D1
FF4
D1F
01C
222
1E9
E01
C61
DB1
E97
F7C
18F
EA0
F19
4C2
45E
F82
DAF
EC3
1E2
14F
EE2
126
1A4
181
3F1
051
B83
D7A
039
F82
D1A
C7B
153
337
FDA
F49
EC8
D34
F8A
156
E96
EF8
25E
548
397
EC1
EDD
1FC
FB1
EC5
F9F
E21
0D6
385
1BD
E02
C62
E68
189
D51
B47
FAE
1E6
1A3
293
003
E8A
061
19D
07E
D95
E6C
448
442
FF8
084
0B6
F6F
FE1
DD2
C5B
DCA
044
334
067
CCA
F7F
253
E95
D42
DF1
F57
20A
33F
250
07B
F66
2D6
2D1
C5B
C79
132
237
152
FC5
F92
074
023
F0D
DCC
AB4
D5C
32A
103
E55
05B
269
22A
F4B
D2A
ED8
009
195
3BE
0F8
ED6
36C
412
F17
C4F
CC9
03C
0A7
EA2
FED
05A
F0D
267
01F
A4E
C7A
0EB
1BA
FDF
ECC
24C
527
164
052
EFE
D8E
078
313
044
E99
195
3B7
29D
CCC
BEC
F54
E27
E4A
FF2
E17
F12
367
22B
E81
C35
EB8
299
FAF
D75
174
2C1
341
3B9
04B
D4B
F0B
105
090
D84
D01
2E7
387
E4D
E34
DF2
E4E
F77
F19
D80
ECE
14C
530
2D8
D53
F7A
2F0
014
F01
F51
FEE
27A
3B4
24A
FCB
D31
FD2
1DF
C27
AC9
FAF
201
199
038
EA8
F82
F8A
FB1
F8A
C77
E59
568
484
F75
08A
1A1
177
000
D53
E54
F61
0F7
409
029
CB0
0B8
245
DFA
B5E
C9F
FD1
1C6
06A
0CF
0C7
F5F
24F
1CA
CAB
D0F
1D0
3A2
1BD
F8E
135
341
032
EF3
E41
BE6
E7C
2BA
04B
D33
EFE
26F
20F
DBC
C1D
F49
FEB
111
2B6
084
013
3C2
37F
FE0
D09
DD0
2D1
127
E23
098
1C1
082
136
EC7
B3F
C4A
F6D
0D5
EB6
D0D
26D
41A
02E
EB7
ED7
E44
0A9
1F8
070
FFE
1A9
51C
3B3
D3A
D2C
101
F9D
E41
E8C
E7F
094
1E8
0F8
F05
BC4
E4F
1E8
E88
C4C
0D6
375
318
253
FF4
F8C
F96
0BF
178
DFE
DBC
40E
428
FBC
E2E
F18
F8E
EC1
CD9
DBB
ED5
FD2
42C
158
C9F
F5C
1F5
F92
E25
D78
158
3A4
296
222
134
E1E
129
295
C92
BBC
042
2ED
193
E97
EAD
083
ECC
E09
E8D
C07
E66
3E9
372
FCB
F5C
1EA
317
F5B
D4B
F8B
FFC
132
35E
0D2
E7C
11F
20B
F6E
AFF
BA5
0E3
146
EC3
065
0DF
F97
165
FFD
C65
CF7
065
3AB
270
EC1
1F5
4F3
13E
F74
E7A
D23
FA7
172
04E
E60
EDF
22F
2B3
C0F
B05
F13
F68
F93
FD3
F94
12E
29F
290
0B5
CD1
E0C
3FE
173
E5A
0D2
286
2EC
15F
E67
D1A
D36
ECE
135
DC6
C2A
19D
411
F63
E4B
D81
EFD
065
FA3
04E
060
111
542
3F8
DBB
E39
17F
0B7
F31
D99
F82
299
1A4
0C7
F3D
BD6
E26
130
D66
BA0
F03
270
399
031
F08
0F6
FA1
074
11D
E43
E6B
404
4A0
0DF
E8D
EC3
1AB
F30
BAE
E25
EFC
059
2ED
117
D26
F25
07B
033
C7C
B52
1A1
3E1
180
207
0F9
055
1CB
176
E1B
CF9
F6E
3B6
2ED
DA4
F02
1D2
F32
E27
D10
BF0
E9D
198
1F4
022
E18
159
423
E9D
C6E
FB1
0D2
1CD
287
0E4
15A
1C5
22B
096
B8B
B4B
158
126
E14
EC0
035
144
121
E1E
D1E
CBF
EF8
386
0F8
DD1
239
4E5
23A
F91
DD3
F89
0CF
069
135
FFF
EB5
34E
331
D2D
B50
E24
FD4
F3C
D57
F2E
1EB
156
22B
090
C09
E45
24F
0BD
ECC
FB3
30B
558
10F
EC6
F66
E0E
EC6
046
DD6
C9D
149
35E
0FE
CE7
D10
0C3
F79
CFC
F0C
F7C
118
480
2A1
FAA
EC5
0E2
281
F31
C18
033
3C3
235
162
FD9
DE0
F3C
FF1
E3D
BC1
CE5
2BE
3EA
EC8
EBE
16A
045
FFF
EB8
E0A
F7D
291
46C
2C4
E75
05D
3D5
F8D
BE8
DB5
EF5
0F6
172
F78
F4E
E28
068
133
C1F
A80
0D8
2DC
170
0AC
03C
25D
20C
073
F24
DB2
E65
3BF
31E
E25
FB1
2CA
1A4
E83
B6A
D5E
F89
ED9
0E8
0A2
DA9
127
3B6
EFB
BD4
D99
156
257
F87
02A
33B
219
2F6
1B0
CE1
C56
063
159
F60
D30
02B
3A5
076
DD4
DA4
CE1
E1F
119
F70
DE1
074
37B
44C
F55
CE8
0CE
156
F46
0AE
01C
08E
38A
2FE
EC4
C0B
CF8
144
F56
B48
E02
16C
189
19F
F7B
DAE
EB5
030
0FA
ECD
E0A
2DF
639
16F
F88
054
035
0B1
EF4
D9C
E8F
F91
284
317
D4A
CC2
176
F59
C75
CD8
EFF
1F4
290
1ED
176
EFC
00C
371
F4B
BAD
FED
37D
383
14D
F36
10D
04E
F31
EDC
C2E
B9C
1A4
2C6
F2D
E0B
FFB
257
044
C76
D9A
082
0A5
3AF
2DE
F9C
131
3FF
1BC
DD4
C24
FA7
2CC
F98
F5A
022
F58
098
077
C6A
AE6
E02
185
1F3
E33
F31
43C
23C
F8D
F95
DAD
F26
2A6
239
072
F8D
1C7
4C8
FE0
AF6
DDB
F54
ED4
F83
E42
F4C
181
1A5
10D
CEE
B95
171
28B
EBF
F88
25D
40B
36E
0CE
EE8
F2E
EE1
15A
0A0
BED
FE1
452
192
E20
D2C
E33
F58
DFF
E3F
F13
F40
2CA
53B
FDF
D52
08F
179
04F
D89
EFA
2BC
250
1F4
247
EA6
D92
181
F7B
BF3
C52
038
332
11A
DDE
FB9
FCB
E60
024
E8B
D5F
182
47A
35C
047
F01
2DE
24C
D5F
DA7
F46
F54
1F9
21F
EB0
E85
FD7
13B
E7A
9CF
CB7
27D
0F2
046
198
01A
1F2
1D1
F6F
D7C
DB4
1A3
50E
060
E93
2EA
2C1
051
DCD
C2E
D6E
F1A
0D5
0C2
DCB
EC7
3A1
187
BE1
CCF
F70
0CE
10D
02E
14B
22D
28E
38F
FD5
B8C
F60
289
FE1
E8A
F3A
217
293
F4E
DD4
CDB
C31
002
0C7
D60
EAA
2E2
3E3
161
D8E
E95
17A
FF5
047
0DD
F27
1E4
56E
1FC
D41
CFB
FE7
108
C9D
BB2
0B9
138
0B7
198
E7E
D3D
F60
11C
F37
CF1
F76
563
42C
01A
0B5
10F
014
0BA
F72
D7D
EE4
200
3BE
047
C03
F9D
1B5
DB6
C95
D87
EB3
1D0
261
15D
FC9
F3A
2BE
2B7
C95
CEA
21D
311
24E
107
05A
0F8
018
FA7
DFA
AD7
DA8
37F
0BD
D99
FCF
13A
113
E7C
D3B
E8D
F59
12B
3E7
0E2
EFB
3DA
3E0
FCA
CDE
DB5
1A6
15F
EBC
0D3
082
FE3
238
FA7
A5A
C19
F97
185
F2C
E04
1B3
3C5
103
067
F69
D50
0A3
220
11A
F8E
14A
407
3E6
DB0
C57
F81
E35
EAD
EDC
E42
FB0
21E
255
F6E
BDC
E22
2AF
FB6
D40
0FE
320
391
3DA
04D
EC7
F70
063
13D
D91
C60
287
409
FFB
E30
DF5
EF1
F93
DE9
DA8
DF8
FA6
443
34D
DC6
F55
261
162
ED9
D9A
FE5
2F5
27A
297
19B
D59
FDE
1A3
D3A
ACE
D70
169
210
EF2
EC1
0F5
F7F
F52
F8C
CA8
D65
2FA
3BF
1BA
FA8
1B8
486
0E8
D3B
E45
EAC
FB8
2D4
094
E14
FF6
15C
0DA
BD6
A55
F6F
140
F22
041
0DD
0E7
35A
237
EE5
D34
E8C
34C
2EC
DEC
094
3EC
1F2
04D
E34
CBC
DF7
F83
017
EF9
D14
131
46E
F18
C9B
DD2
F87
0B8
F64
00D
1B6
29E
3D6
3FC
DB5
CD9
1BD
150
E49
E02
FC5
30F
1BA
EF3
EFC
D12
D8F
10F
E9D
B84
01A
3BE
39D
07C
E0D
0D9
19F
F1E
FA0
FB9
F3E
3D4
49A
058
DFE
EC1
16D
FDB
AD0
D1A
081
072
191
0FB
E0B
EEF
0E3
069
D84
BE3
116
575
22C
016
1E1
155
083
052
DBE
D70
F06
20A
2F8
E3A
DB6
2AE
0FE
CBF
CC0
CDB
EFF
193
12B
0F3
02B
0F6
493
063
BCD
F02
266
194
09E
F99
14F
283
047
FE2
D21
B04
F73
242
DD0
D5B
09D
300
1D5
DDA
D8C
F86
F1B
171
1EF
ECB
13A
56B
3D1
F48
CA8
F34
1C3
EDD
D86
00A
042
11A
290
E6C
BF3
DEA
FE9
FD1
CEB
D9E
3D6
408
11D
152
F3F
F93
135
0A0
EC2
EE9
186
55A
1C2
CC0
F55
0A2
DF5
DCC
D25
DB1
010
217
232
F07
CE1
122
215
D3B
D33
080
28E
3AC
25B
112
0AC
FC8
159
FE7
AC6
D75
307
197
F52
ED0
FD6
1AB
E71
CC5
DA9
D61
FE4
3BB
0B2
EB8
224
3F6
20D
D74
CFC
144
19E
054
196
05E
FCF
253
11D
C51
B47
DAB
206
00B
D16
014
2AA
132
10B
ED7
CA5
F91
19E
1E1
FF6
F38
446
556
FD1
DA4
F65
E6B
F9A
FD0
DEE
EBB
07F
3B8
128
B52
C79
13F
FBA
D53
F0E
0A0
33C
36E
175
00F
E7B
020
2D6
EF9
C50
141
3BC
22E
F59
DBA
EDD
EC4
E01
E73
C68
D2C
329
3FE
F19
EB0
040
1DA
FC4
D4A
F27
1FB
218
3D4
2A1
E56
029
217
F37
C65
B9D
FA2
2C2
F53
EDC
068
F11
F8C
0A1
C14
C56
00F
2EE
2BD
F0E
055
51A
239
F20
E81
E13
F66
23A
140
FC2
EE8
11B
343
E19
9C0
E1F
FDC
F45
FD6
FD8
08C
222
23B
110
D87
CD2
2B5
314
ECA
FAD
2D9
37B
210
EA8
D99
E99
E3F
051
F5E
C22
02A
3DA
119
DE9
CF4
E9A
07B
EA1
EAC
09A
0E0
3A1
512
FFE
D5D
039
1EB
004
CB6
E11
338
231
02A
FFC
DF6
DA9
048
EC7
C4E
D59
0D1
457
13F
DFE
11E
1A2
F5F
010
E9D
EA0
228
43C
27F
F7D
E2E
231
17C
BE6
B96
E71
002
0C4
060
F00
009
018
157
F3D
A7B
E66
3C8
25C
042
11A
1E9
359
114
E51
E12
D32
0A6
372
EAE
D7F
188
298
F7E
C1A
B6B
F55
F9E
F60
138
FD8
0E2
4F9
25D
DCC
D70
FE6
287
033
ECC
25E
341
132
1BF
E58
BBF
E77
033
EBD
CCC
DD1
34D
41C
E6B
DE9
F5E
ED7
044
FF0
EC5
040
372
51A
344
D72
F0D
299
F5D
D48
E3D
F60
199
2C4
FD4
E7C
D16
F09
13F
C14
B26
15A
344
23D
146
01E
184
15B
00D
FF7
D92
E9A
488
33B
EE3
E9E
122
0F7
E58
B51
D7A
F26
FBD
21B
06F
DB0
17F
381
FB4
CA9
D37
13C
322
07D
115
2BA
0FA
1EE
174
C6A
C3C
F4E
1A0
010
D78
FBB
381
000
DBF
E07
D43
F0B
0F8
047
FD0
052
400
511
F6C
C99
09D
151
F8A
F8F
F70
12C
2A3
209
FE7
C38
BC0
0A0
00C
BE7
DAA
1B2
252
216
F69
F25
FB1
FB6
1AA
FD8
CB4
21A
5C0
271
FA2
EFD
0A6
03F
D8F
CE2
EDC
F01
207
369
DF3
D0A
05C
086
E4C
BF9
E1D
363
21C
162
236
056
0CB
2C9
F37
CFD
D6A
1B1
44E
FC1
DE1
1A0
178
E9E
E3E
C8C
C60
FAA
1A4
116
F3D
FB3
4C5
227
CDF
E19
0E9
0A6
1CD
0E8
0FB
18A
260
230
EE0
9F8
E2C
1B4
E51
D80
F2F
158
221
014
E15
D9A
DA5
005
285
DEF
EE0
473
4E9
1D5
E8C
EEC
10C
FB9
EA4
FDB
E89
064
47B
123
BAA
D0E
F18
064
D4E
C40
0D6
258
1ED
2DF
078
E45
133
1ED
F90
DAF
F80
44F
454
F23
FC5
031
F33
F30
DB0
BCE
DEA
10B
29E
035
D2D
022
30D
E87
CC6
E7C
071
266
2B7
143
124
0B0
2AA
25F
C17
B89
0F1
17D
FC0
F1E
F55
14A
06F
E94
E01
BAF
DE1
332
1A1
E08
12E
40F
377
FEE
D54
F4B
0C1
FE3
16F
02D
EDB
285
3A4
F31
BA5
C6E
01B
008
CDA
EAB
158
0CF
24B
14A
D6F
E4D
0BC
1AF
FDA
DD6
23D
642
21A
FD3
025
EAE
F6B
005
D69
D49
F04
255
350
DB9
C38
108
049
D2C
DD6
EB9
162
337
38E
1E2
F7F
012
3DF
06D
BBF
E6D
232
270
14C
ED9
003
02C
EC1
EFF
C68
AB9
0BB
358
04A
EA9
08F
2F1
235
DE9
E21
FCC
F91
292
34C
FD7
053
3BA
2B8
DAF
B20
DE5
128
F20
E3B
048
FD0
0E2
1DD
E83
C16
D9C
0E4
261
EED
EC5
452
45F
116
01E
E3B
EBF
0AD
FF0
F49
E82
06B
4D1
183
BD8
DBE
F5B
ED7
E90
DC7
F24
207
25F
379
FA4
D2E
120
314
E4C
D70
037
343
3F0
0CF
FA8
FF2
EA7
FE1
F51
AC4
CA0
2C6
269
FE3
E48
020
20C
EE5
D6E
F27
EB9
148
476
144
F54
0E9
32E
195
CA0
B5C
105
1A6
FD4
04E
F69
F7E
157
021
CDE
B21
E1B
2D2
132
DE7
10D
409
1FE
126
F0B
DAC
F9C
172
285
007
EA2
392
45D
E48
BF7
E01
F34
F60
E16
E40
06F
130
2CA
1E1
C5A
D5F
24E
179
E8C
EF5
244
471
2CB
018
01F
DE9
F1B
102
DB5
B83
FAF
371
1E3
E4C
CF2
07A
FA9
D57
EE5
E25
F6F
3D9
42F
0AF
EED
0FC
32E
FE4
BCA
F17
1F1
175
18D
069
EC0
FFF
0BE
EC5
BCA
B18
014
33D
F31
EB9
1D3
18F
153
FFB
D89
E47
034
2FA
321
F18
04C
4FA
226
D45
C85
DA8
FD5
FB2
ED8
F9E
F4A
0CE
33B
E73
AF7
EA9
13A
095
ED0
FCB
3B8
3EF
16F
103
EA6
D8D
160
13C
DA3
DF9
1B9
3BE
115
C6B
DEA
01A
DA7
ED5
E70
D40
13E
463
290
F74
E4E
1DE
29B
E45
D3C
150
220
26F
257
F4D
E86
F81
FF0
E72
A77
CA5
2AA
231
E40
FF6
097
098
FEB
E6A
E14
E72
191
4AD
205
EA6
25C
43C
FB0
D22
D0D
F97
0EC
064
069
F57
EC7
208
105
B58
B6C
F69
13F
0C9
E95
192
3AD
1E1
174
037
CB6
F3E
28E
0CA
E5A
FD6
36E
422
E97
C59
EE7
DF0
E6E
FDC
DCC
F02
237
307
101
D38
E48
2D8
03E
D07
01D
20B
2C5
439
165
ED4
EC0
F8F
101
D0F
AE2
0DF
35F
066
ED2
EDC
F6F
022
E8D
DAA
E15
ED0
46F
4A1
EC2
FE4
379
1EF
F7A
D26
E58
10B
10C
1DB
130
DD9
03A
294
E22
AC2
C80
049
217
F3C
EE0
27E
1A0
108
14F
D00
D72
1BD
323
0EC
EEB
130
4C9
17D
CE9
E48
DE0
DE5
015
F4B
DFF
FEA
21B
25F
E94
ACE
F7F
1A6
E97
F3A
0CD
239
417
2E9
01A
EA0
E5C
1C0
0CA
BFF
E55
331
2B5
035
EC1
D99
F3A
E7D
E5C
DD9
C9C
102
545
181
E42
0B2
1FB
11C
E45
DA8
111
1AD
228
337
F3B
DBE
1AB
0D5
BD1
B1A
E09
22E
12B
E89
056
0F0
012
136
F27
BE8
F15
30A
398
09B
F8F
350
43A
F12
DBF
E19
D8F
03C
151
F25
ECA
090
2BF
0DA
ACB
C34
0C0
002
E94
FD6
0F0
2F5
384
16A
F59
D82
FED
2C7
F10
D3D
1D9
379
20B
F64
D9B
E0A
E23
E2A
F55
CB0
DD7
3C9
41F
F0C
E17
072
15D
FAB
DA8
FA5
184
25D
40B
28A
DB9
FD7
267
F56
BD5
C29
082
2E4
FA4
F47
04E
F08
030
05B
C32
CB7
0D7
3F0
2B7
EFD
0EA
4C0
1B4
EA7
E5B
DD3
FBE
203
0B9
F46
EAE
10A
2AA
D49
9E2
ED2
04A
F60
FF6
F85
189
2D1
20A
0C5
D82
D69
2C7
2AE
DD1
FEF
2D6
387
191
E2D
DF9
E25
DB8
02B
F56
C0D
0F7
489
0E9
D6E
DB1
047
0D7
E5A
EE7
192
13B
441
434
F04
E69
140
127
E9A
BB6
E8D
33F
163
F4A
018
E4A
EEA
046
E13
BB6
DE3
246
39C
052
EEC
2FA
307
F3A
EFA
E34
EC6
228
2A5
0F0
ECB
F4B
2D3
045
A06
C09
F8E
FA4
017
F73
FBB
107
189
1CE
EAF
BBB
FE2
40C
02D
F48
19F
3F2
308
FC7
E3D
E9B
DBE
03D
0A2
D19
E40
3EA
2CA
E7F
C5B
D2D
0DE
ED1
DD4
08E
0D9
26A
50D
165
DAE
FD8
19C
10E
D8B
CFA
21D
361
07B
FF8
EA9
D86
F91
F5B
C8B
C18
FB1
3F0
2A9
DA4
01F
295
050
F24
E80
E49
111
385
2F8
0F0
E9D
1AD
317
CF0
B12
E85
F41
0AA
03D
F2B
001
070
0CD
000
B51
C96
306
248
F75
054
2C3
3C4
231
EE6
EC7
E0D
F3F
23E
FCC
D61
195
3AF
0BA
CC4
BA8
F07
FEF
D6B
F58
06B
075
419
36B
EA2
E02
08F
1F8
0B4
CFA
0C0
460
1FD
10F
FA9
D2E
E78
03F
E2E
C70
D43
259
3BF
EE6
DB3
0C1
FFD
EBE
EE3
DF7
030
302
3D9
2D2
F0E
007
39A
FFD
BA0
CE8
FEA
09A
0CF
FCF
F95
F68
F8C
041
CD0
9EC
FF8
36E
07E
001
11B
330
2E5
00C
EA7
E71
EAB
27A
244
DFB
F9D
3B5
1DF
E0D
AF2
D6D
021
E27
E79
FFB
F06
202
42E
FC7
CFD
E5B
1AA
25B
E8D
F32
41B
3E0
16F
147
DF5
D66
FE9
FDB
D75
D64
004
446
0B0
CD8
EA9
011
EDF
F93
E49
E0B
173
424
3FB
075
E55
24C
2B8
D34
D51
FB3
0E6
226
11B
F86
F89
EF1
FF5
E78
9E1
CE2
301
14A
FB3
FF7
0EC
33B
05A
ECE
F06
E0E
198
4A6
034
ED7
272
2F4
088
CE4
C17
F4C
F3C
EA4
001
EC7
F71
307
13D
CA3
CB5
FD0
208
FE6
DD8
22C
41B
255
2AC
F81
D2B
F52
116
F69
CED
EA0
391
388
D77
D86
F5A
E26
E6F
E9E
D99
FFB
2A8
43A
1A7
D65
045
356
FE1
D58
F59
102
26E
270
08F
F9D
EB2
F91
04A
B3E
A7F
0EA
2F1
00B
F3B
055
194
176
EFE
E1A
D98
F32
465
31F
EE1
160
38E
252
E6E
BF0
E80
0A7
F3D
038
FC1
E88
1DB
234
D74
B1D
E0A
0C3
109
E7B
00D
3EA
281
22F
0B1
D3D
E73
171
11F
EDE
E08
1E1
4CC
FC7
C91
EC7
E69
DDB
F84
DCA
E81
140
39A
343
E14
D82
2D1
1B9
D9D
F6F
135
20F
3BD
1BC
FB0
EC5
F3B
18E
DA7
9E5
E6C
363
085
F1B
F62
FDE
104
EDA
E10
DBB
D98
310
546
023
FC5
2D4
343
073
D45
D72
0ED
0F3
140
13D
E48
F87
2EE
EF4
AFE
BFF
FA1
1DF
F6A
EF1
288
2BC
186
196
E52
C9C
100
2C9
065
F12
0DE
4FD
294
D79
DF0
E80
E10
FCF
F65
D8B
FD6
202
2A8
EE5
B9B
FFE
24C
E7F
E46
0B9
1FB
3CD
2F4
06D
F70
EA8
1AC
08A
B4D
D3A
2EB
289
F7D
E84
EC7
F66
F71
DE7
D8E
D23
0B5
555
1A0
E67
16D
32D
101
E1B
DAD
0B8
1FB
1A9
24F
FC2
E92
29B
102
B56
B3A
E21
118
0A8
DFB
078
205
087
147
F33
BCB
F47
375
1F2
FE4
00C
3E5
42E
F3A
D50
F41
E19
F7A
079
DE5
E5A
1B8
302
F90
BA7
D3A
1A1
F8E
D9E
058
132
291
417
1C3
F2D
EA9
118
23E
D9A
C84
296
432
0AF
F66
E31
E90
F66
E59
D5E
CB4
E7C
428
305
DF9
F77
240
121
F42
DE4
FA2
241
25B
328
195
E18
196
2C3
DAA
B4C
DB2
06A
131
EDE
F1D
130
04A
07F
FC9
BAF
CE3
274
2CC
05C
FD4
288
4D4
132
D86
F00
F15
ECC
1D6
F56
E15
16D
339
0E7
C72
B30
01D
FBC
CEF
F01
0D7
177
3F9
1FC
EFB
E84
00B
22D
107
CA7
132
4F1
227
0A6
F2D
E2D
F68
F66
DFD
D44
D87
252
400
EA3
D6C
147
05A
ECB
E03
E0B
124
2EE
393
2D2
ECC
FF5
395
FDE
BA1
D66
0C3
1F8
02D
F14
016
089
F6E
FF1
CB0
ADE
131
356
084
F8A
13A
38E
271
E52
E86
F80
F68
2AA
24A
E98
067
35A
203
D67
ACF
DDD
0C3
E2D
E2C
06A
FC8
1ED
2A5
E99
CF2
EF1
1A7
16B
E31
FC0
512
3F2
060
09D
DEE
EA7
071
F0B
DA4
DEA
107
47F
04D
C11
F83
02D
E0A
DDB
E57
F69
27E
354
2BB
F95
EB2
2B4
200
C6F
DDA
1A1
23A
25D
053
F1F
FB2
F19
FCA
D65
A7C
EAE
420
137
E4B
077
1EA
1D3
EF4
DFE
F2F
FFB
259
423
F88
F33
3A4
2C3
E73
C10
CF9
0D2
F91
E05
02F
03C
079
22E
EFE
B0A
D60
15A
1AF
EE7
EE0
39D
477
13C
059
F2B
DA7
06A
121
E66
E57
109
3EC
1B9
BE3
D4A
FCA
E35
DD7
E76
E6C
109
3D9
22C
FB0
DBE
0FD
33F
E42
D25
1C3
2F5
24F
1A6
FCE
F49
FB0
FA3
E8C
AFE
D27
348
1C8
E31
F9C
088
0EE
F74
D5F
E35
F83
1D6
467
17C
EA4
345
411
F28
D18
D7A
077
15E
F8F
FC7
05B
F6F
179
012
AAB
B9C
0A5
0E3
FDD
E8C
186
48E
166
FB1
FF7
D67
041
347
025
EA3
143
42E
305
D97
BB4
F70
EB2
DF2
F54
E12
FC4
360
281
E38
CE2
EFB
269
FB0
CC0
0DD
412
2F6
31D
0FD
E81
FFE
0FD
FAF
C57
D34
2B4
397
E60
E09
FDC
F73
F73
E18
CF7
EFA
126
442
2EB
DF7
0AF
4CB
046
D0D
DE9
03B
21B
1C2
037
090
030
0B3
127
B88
A12
01E
181
F63
EE3
033
24F
1BC
F36
EC4
DE1
E99
3DD
1EF
E89
1AB
470
2C4
F09
C3D
E8F
01D
E87
F57
003
E55
1E5
2EE
DCC
BB0
DB1
123
067
D21
F92
39B
2A4
276
158
E1C
F0B
1B1
06B
E22
DD9
23E
501
04D
D7A
F70
F41
E86
E67
CC0
CF1
15A
344
20D
DA1
E06
3AD
0C8
D12
E83
0C9
243
3B7
242
051
FEE
12E
1CD
D18
9BB
F74
2BA
FD6
F09
F89
068
169
F0F
D56
CA6
E23
2D0
3BC
EE3
FF1
4CF
39A
FE7
DC2
E3C
0B8
059
036
0B9
EA6
118
361
E92
A9F
D27
F88
025
E29
E93
247
2F5
186
181
E0A
DBC
210
208
EBE
F0D
249
4D9
1FE
DBD
EF3
F6E
D9F
FBB
E1C
C69
0C8
367
195
DD5
CAB
0CA
148
D3E
D88
145
174
3D1
3C1
001
F80
110
1D6
F1D
BB9
EA7
414
1CE
EEB
FF2
F38
F6E
F70
D2E
C15
DC7
189
472
FC7
E8A
386
2EE
F5E
E2A
ED8
04A
1C9
218
147
FF7
083
3DB
004
A00
CC1
07B
FBC
EF7
EBE
012
1CF
0C8
015
E5D
C5E
094
35C
F0B
F8A
353
47B
2CA
F24
E85
FCC
EAD
007
064
D64
F68
412
125
D32
C9C
EF8
FD6
DD2
D63
073
159
273
3FB
009
DB8
0E3
247
FB4
D72
EDB
46A
369
FC3
07E
FB0
DDB
FF1
E45
B4E
D5C
1A5
30A
017
D6A
0BC
270
E57
DE6
EE0
ECC
267
40B
18F
02A
147
2BE
187
B1B
C10
159
081
FB0
02A
F73
0B3
0D1
F3B
C97
B8D
F07
389
025
E04
2A7
3B8
229
03F
E13
E8A
073
18D
1CF
EFC
F0C
44C
2F8
CD6
C3C
E94
FBB
EEF
DB2
F97
0AB
165
32C
00C
BFF
F25
314
FF7
E66
018
3A8
49A
187
F81
FE3
DF7
FFC
080
C06
D32
2D1
2F0
FA5
D06
E40
122
E7C
D04
ECA
EFF
17A
4DA
1E3
ED3
0F0
28A
116
D1D
CA5
228
264
067
0D3
FEF
EB4
118
F28
BFA
B7D
EE1
2D1
154
DAF
091
2F0
06F
F6C
E19
D47
09E
2E3
218
09B
FF8
3D6
417
D92
C21
EC2
FC2
F66
FB9
EFB
FEC
17A
171
F1B
AD4
CBE
2B7
05A
DC3
0AE
36F
34B
205
FD2
EB0
EB9
073
216
E96
D46
312
419
F80
D88
D91
EB7
F04
CF9
E1F
EB6
025
425
21F
D52
F06
213
0BE
E46
DAB
182
45A
29B
1BA
075
E77
087
12C
C40
B8B
FAC
274
190
E05
DF5
132
FAF
DDD
EAB
C86
F95
3D6
327
FF4
02E
2EE
3A6
EEF
B6F
FB2
0F4
066
186
03C
ECD
118
137
E08
AE3
BCB
173
187
D5E
FC4
284
16D
15A
F4B
D58
F76
179
2B8
109
E56
2C7
523
03E
D05
E6E
DF2
F96
F85
E0E
F9E
02E
24C
1FE
C46
BF4
14E
055
DA3
F0C
125
3A6
3E1
187
039
E84
F63
268
E95
B9A
15B
412
1FF
F63
DC0
ED8
F1E
D5B
D75
D70
DDB
33C
3E4
EA8
ED9
210
1EC
F7A
CCF
F17
28D
24C
2B9
200
E8E
0CD
237
EAB
B0A
CF3
0CD
175
F0D
E8F
171
0B3
F93
FEE
C64
D49
29B
35D
0CA
FBF
1E6
4CC
0EB
CDC
EDC
F3D
FB9
1DE
04D
E9F
0A1
21E
0AE
BB7
AA5
FD0
0EE
D75
F56
10E
1C3
32C
155
DEB
E15
FBA
291
102
DC6
18A
5A9
277
F18
F13
D92
F12
F4D
E29
DE2
E96
215
3A3
DBE
BF0
07C
07B
E2E
E99
F16
1BD
3A1
361
15D
EB4
F27
2A1
FB7
B88
F37
267
258
0E0
EA8
F64
F96
ECF
EF6
C5B
BBE
1C0
462
FC2
F1C
0F5
291
120
D42
E18
0FB
18B
334
2E4
F1A
072
345
01D
BC7
BC1
F24
18E
F13
EB6
064
069
05E
18F
D00
B78
005
2C4
11D
F54
0DD
4E0
33B
EC1
F2B
E9C
EE4
1A0
0BD
DDD
FDB
245
265
E3D
AFB
E90
05D
DBE
E75
02C
06F
326
36F
041
DFE
E9A
28E
1BD
D44
FBF
467
2DE
12C
069
E06
EC2
F5C
ED3
D54
C7B
0EE
42A
F96
CAB
FE3
0AE
ED2
E64
E04
032
2A1
3A1
35F
F29
EEB
372
198
C2C
D4A
092
1EE
1AD
F6D
F93
FD4
EBA
FD6
CCE
A2F
F98
377
110
F5F
0C2
2BC
2C5
EFA
E49
F43
F38
2B2
3BA
F57
FA6
335
241
E2D
B57
DA7
0BD
F77
EA6
03D
F48
097
305
E0A
B6B
E48
190
196
F54
F7A
434
3DA
0B3
086
E74
E34
157
0DD
DF9
EAC
1E3
402
064
B72
DC8
FA1
DB1
E8A
F57
EE4
258
418
14D
ED3
D3E
19C
294
D84
E53
2A1
2C9
2A0
182
E7B
E7B
FC2
F1D
D7F
B92
EF1
4DC
136
DB2
F51
06F
F9C
EAE
D28
E50
0C3
2AC
452
045
EB2
340
272
DB2
D97
EE4
121
23F
036
F70
FB4
F14
19B
E24
98C
D03
213
121
F71
003
1CD
2C7
07E
E81
EB6
E15
211
462
FC5
F70
31E
301
03A
C3B
C66
FAE
F11
ED8
078
EDC
064
364
034
C35
D0E
FF5
1F2
F91
E70
2BC
402
23A
221
EBA
D21
078
168
F0D
DCD
036
3FC
286
CAB
D2D
F47
DD8
EBD
F29
D40
043
3B0
2E7
FE8
CF3
087
2E7
E3C
D9F
145
268
359
2DB
FA0
E98
015
053
EFB
ADF
CEA
2AE
227
E59
FA6
FC7
F3D
018
DAB
D21
E9C
1B7
4AE
197
E74
2B2
387
F9D
DD6
DDD
003
1B0
108
0C5
F85
E90
258
01B
A43
BA8
013
091
03B
F17
13E
29A
168
00E
EB6
CE9
050
405
067
F26
212
3F4
25C
DE7
C9C
F0F
EDA
F41
081
E40
E8B
3B2
192
CC4
C1C
E6F
177
FF4
E5E
1A8
32E
29E
396
059
D14
FCB
217
07D
DFF
EE2
381
413
E1E
E17
EAA
D2F
EAC
F0D
C7A
E52
28D
3A0
0F5
D58
F4A
2E7
F3E
DC1
044
0DC
2F2
46F
172
F39
F2C
11F
119
B8E
B94
1CC
2AF
F61
015
F15
EFB
FFE
E9B
CFC
CE8
FD9
547
2E6
E59
19B
3C7
11A
F2D
D4D
E74
121
21E
21B
FB6
E55
1F3
211
BC5
AB5
F42
035
043
F86
FA0
168
12E
16D
FB1
BD4
ECF
3E1
228
EFC
174
3BB
30E
FF3
D5F
EBC
E6E
F59
118
E57
DB1
2FE
2D1
E66
C24
CEE
08E
01C
DC8
044
1C9
1C3
45D
189
D0E
E85
206
135
EF7
DB8
2AE
445
045
EF4
EAC
CE3
EDE
F64
CA1
CCD
109
3D3
223
D5C
ECA
239
026
E79
F6F
F57
1CB
4FF
2D1
FD7
EE5
11A
27D
D3D
AFC
002
1E6
082
07F
ECD
E54
F9D
FB4
DD0
BD9
E21
3CC
3D1
EBF
05F
2BA
1DA
044
E04
E38
029
25B
35E
094
E0F
1AA
308
DD5
AE0
DB4
F59
045
FF1
F5B
06B
085
151
109
C2B
C7F
2F0
295
FBC
089
238
3DB
1C9
E5D
E8C
DCF
F48
2AE
FB0
CDF
144
384
04E
CCB
BC6
EF5
044
E4F
F99
091
0A7
46B
374
DAB
D5D
125
20B
FBD
DB0
0BC
47A
229
067
F9B
CE5
E7E
0A3
DC9
C65
EAC
2D7
34B
E6C
D83
056
FF7
E7D
FCA
E9A
077
448
471
0F7
E88
FC4
30A
F64
B2C
EDD
194
10C
200
F89
E0F
EEC
FE0
EBD
BE9
BC8
1EA
403
FE7
FE8
1C9
10C
103
F7B
E3E
EA9
184
418
325
E44
032
420
FB1
BCA
CF0
E3F
04A
06A
F5A
015
EFE
13E
228
C9F
B28
062
2D4
0B4
075
0BE
3AF
26D
013
F81
DB2
E11
2EC
12D
D3D
FFD
32A
1AF
E27
B27
D9C
F65
EBD
FC9
FF9
EF0
31E
43F
F4E
CE7
F4C
239
199
E78
FD7
407
2A5
1D0
0DA
D18
DB3
11B
F43
CC0
D2E
105
3E8
FB5
CC7
F51
F1E
E2B
008
E49
E99
300
4D4
291
ED6
E39
2C8
11E
CD7
E61
0B8
0F6
2BB
10D
E74
E5E
FA8
03F
D55
A32
F60
425
094
FC2
0A1
06C
150
016
DF5
E69
F9C
380
4A3
FA5
EE9
36C
183
D88
D07
D12
00B
0DC
03D
FDC
E70
FB8
2D7
DF3
A26
E17
26D
1D8
0A8
048
291
30F
0FE
00D
DFD
CD7
29E
3A3
E9E
F5C
232
300
04E
C8A
CA8
EDD
E6A
F95
FE7
D76
13D
45B
04B
CF1
D36
081
273
F2E
F63
330
291
352
2A6
E22
CC1
01D
0C9
F07
CBA
F60
3A6
1B7
DB3
E24
E89
DC6
01B
F27
D2A
0A9
416
44E
022
D7A
157
265
E27
ED1
065
121
386
2B6
FAC
E1F
E29
0EC
F78
A41
D70
2D2
176
FEC
FAB
EA2
FCB
FF7
F22
E78
E01
257
615
14B
E6C
22A
285
FF1
E22
D19
F0F
12D
19F
145
E7D
E2A
23D
FFE
A9F
BF6
FAF
1EF
155
FD3
0FE
1C5
133
172
EA0
C68
0F2
481
0FF
F95
0E2
2FC
239
DFE
C5A
DD1
E0F
06D
13C
D93
EE9
2FB
23E
E16
B60
E36
1F1
0A8
F6E
1AD
1D7
2EA
400
F9F
C9D
F58
19C
0F3
E5A
EA0
351
32B
EA6
E3A
D1D
C98
F93
FF8
DA4
ED2
1DC
4A3
14D
C6A
F5E
21A
FAF
F88
010
05E
2E5
3F2
1D1
ED8
D58
0A9
158
BE3
C03
119
1DB
0F6
FD9
E68
E52
F87
F59
EB0
CBA
FFB
572
358
EC7
075
20E
16E
F2C
DAB
F16
0E3
23C
358
F6E
CCA
09F
14D
C98
B25
E04
10F
1EE
019
025
0CD
FF7
149
060
B6E
EAA
41F
358
0A8
FB3
232
2E5
FA5
D5C
E20
D49
FF5
331
F69
DCA
101
20D
F78
BA1
B3F
0EE
0EA
FD3
1A0
0D6
0C9
42A
15A
D3E
D80
087
328
10D
DDF
228
3BF
0A9
F5F
D53
BCD
EC6
066
EFC
D33
F34
369
35F
D34
D03
09D
020
042
01B
FCF
22E
40C
35F
0BA
CA9
EB0
2D2
EE7
C7C
012
1BF
1BB
148
DF7
D9B
DE9
F56
FF3
CE5
D60
3B8
467
029
F4F
042
169
0A4
E7D
F4F
09F
15A
4B6
1F2
D36
F16
21A
F35
C39
BE6
F9F
220
0A1
055
094
E72
08C
12D
C5A
C2F
19D
3F8
34D
FDB
09E
30F
124
EE9
F07
D2E
EFE
3EA
1FF
E35
F0B
0C9
14A
D17
9EE
E3E
076
FF1
134
00A
F67
239
253
F36
CBD
E5A
336
2F3
F81
071
36B
19A
0E8
ECE
C06
DAB
0A8
0BA
F1A
D26
14C
430
E7C
BEA
E23
EB8
FBB
13C
01A
0D7
22A
3A4
319
D28
CE4
21C
20F
E95
F0C
17D
24E
1E7
F33
D8B
CBD
D43
12C
ED8
B79
0B8
481
18C
F08
DA2
FCD
138
FD2
013
041
FAF
481
541
EEB
D75
0CE
0C6
EA1
C56
EA9
254
119
048
FCB
D28
DDF
0E4
EA8
C00
DF9
28B
467
119
F92
1EE
173
FAA
042
E28
DE6
2F4
3CD
165
EA7
ECC
20A
FB9
B08
CA4
FA5
FB8
123
066
DF2
F9F
177
074
D4B
BAE
11E
4B2
143
060
217
1C0
1C5
0CE
DC1
D56
EE1
24F
223
D53
E8F
2E9
0EE
CB9
C92
D0E
F7C
0D9
0CA
0AE
FF7
197
448
FB8
B5D
F7D
300
14C
FEC
FEA
290
2FE
0F3
F7D
D15
C24
081
16C
D08
E1A
24B
2CC
01C
CA1
D37
FDF
F1A
FE5
10B
F19
299
5CD
1FC
E1F
E79
0BC
17E
EAB
DA7
1C9
202
18C
1DD
D57
BD9
F55
FCA
DF9
C54
F40
444
307
E98
FAD
070
F46
0FC
FAA
E4B
0DF
483
4C2
0BE
D72
10E
233
D3A
CA3
E4E
FC4
1D1
1A9
F42
EAE
DF5
03A
F89
AC6
CEB
300
292
141
0BC
087
142
17B
F32
E77
D65
166
521
10A
E42
0C9
23B
F1A
D16
BB2
EE8
FEF
0BA
170
F04
E89
344
1AB
C65
CD5
030
289
253
FDD
18E
316
11A
188
F34
B63
EF5
2CA
097
EA6
EA5
198
232
D87
BD3
E3A
DF0
F88
1A8
F3C
F9E
37D
375
058
CAE
E16
2A5
1BC
F2F
188
240
206
2D0
F9B
BCF
D18
FC7
0A6
D9B
C6B
1C4
34E
F49
E85
DF2
DEF
012
09B
F50
FBF
159
59A
410
D4E
EAF
20E
013
ED9
EF0
F9C
1D6
2A0
0DD
ED2
C74
E5D
1B7
D0D
AF5
FDC
2AB
236
0D6
ED0
FF4
05B
FFE
0C1
D69
ECF
521
494
FC2
F62
0E1
181
ED5
C4C
DF8
039
061
22A
0AC
C9A
F4E
1AA
E8F
BC1
C76
0ED
3D6
050
114
1FD
09D
179
185
D2D
D08
118
38B
1DE
EC9
FBE
348
FF5
C0E
D6D
CF1
E60
1C0
056
F26
F85
210
2DD
DF7
ACC
03F
21C
098
198
19B
170
39D
1C6
F67
CC0
DA6
264
27E
CFB
EFB
318
135
F14
D0F
C5F
E64
F9C
033
022
E17
23A
4E5
052
D2F
F52
0F9
13B
010
FD5
211
25E
242
23A
C8C
BBD
07F
06C
C98
D28
041
34D
14B
E2A
E8B
E26
E80
13C
FC9
D21
1DF
501
3B3
005
DDD
161
22E
E68
E77
00B
FC8
29C
2EA
E7C
CF0
F67
06F
E88
AB0
DA2
2CE
211
031
0CC
F0C
04B
1BF
F85
DD0
EB7
2A9
58E
165
E73
209
217
EA2
E33
D3F
E5C
0F4
1B4
10F
DE9
D65
24F
04C
ABE
C85
081
1B6
1C0
0D7
0B9
1F4
153
176
EFD
BBD
008
46E
0FC
F36
0BF
23A
12F
DB5
CB7
D46
DA1
05E
1EF
DBB
E4B
2FE
2F0
EE7
C76
DF9
1E7
15D
FC0
232
1AC
1B3
3F0
0A3
BFE
E5C
0F8
151
E13
DA6
1A0
2B1
F35
EC6
D4E
C30
FD0
0D0
E74
E7D
129
4D7
2E8
D4F
EAA
18E
00E
FF1
0A5
FFE
28A
3C1
21E
EB3
C0D
EDD
229
D18
BA9
FEB
1B3
198
063
E21
DEC
F54
F72
028
D43
EC0
4DF
53F
FC4
02A
0C0
0E1
03A
DD5
EC4
041
168
3C0
0E9
BF5
ECF
1D7
D8E
B67
CB2
05B
27F
0CF
044
0CE
F2F
107
134
D0D
DA5
273
447
301
FAE
0C9
31C
087
E26
E68
D7D
E7C
297
155
DDC
EC4
14B
196
CF8
AAD
F0A
158
0B5
1EF
1BA
0A2
342
2B1
F27
CC0
E61
2EB
341
E96
FE1
31F
0F5
006
DC5
BEB
D60
F44
113
FC8
D55
11C
420
F4E
C6B
E6E
FB8
0F6
139
08A
132
24B
318
3AC
DCA
C6C
172
195
E2A
E8D
020
229
1DA
F00
E1E
C32
D79
191
EF3
CA5
0A7
427
309
F5A
E6F
FF9
17F
F35
009
087
FA2
3C4
4B4
F5F
D3C
EC2
06E
F3E
B67
D24
226
12B
0B7
05D
D80
E38
0E6
F48
D48
D70
222
5B1
1C8
EFD
1D6
143
FE0
010
E1F
E9E
15B
34D
202
E34
D63
1D2
090
BA3
BF7
ED5
094
1A3
15A
F98
FF3
0C1
1BB
F97
B87
F77
4E9
286
067
0E7
1D6
24A
F91
DD3
D90
D1C
099
2FE
E45
DA9
16E
1D4
EB2
B9F
C89
00B
080
004
18A
0BD
0A7
45C
136
CCB
D95
113
2F9
0C1
E6E
200
31E
05B
04D
DC1
B8C
E77
105
EE4
D67
F25
391
270
D5E
D86
FE2
FB7
0DB
137
F8D
1AA
40C
3D5
0C0
C42
EB8
2EA
ECD
D4C
017
13D
1CB
164
E69
CD1
D21
F6C
070
CE8
CDC
34F
440
08A
F5C
F9A
01F
0D4
F7E
FEB
040
14B
542
2D6
D0F
EB4
125
F72
D46
CAB
F45
1AD
072
09C
F98
CE8
F9D
17B
D36
C58
046
328
390
023
FE0
2D4
101
FD1
FEF
CCA
E93
375
30E
F82
E67
FFF
228
E38
A96
DAA
F8F
00D
1B7
019
EEF
0D6
234
09D
CD3
C6D
23B
449
064
0BC
29A
16D
1B3
FC0
CFF
D29
F42
208
0F1
CDA
FA6
345
007
CE6
CA3
D51
F93
0FB
FF6
09F
098
2E1
4C0
E61
BA8
008
268
0FC
FA8
023
30E
272
0D2
FE5
C0E
BC2
10E
071
C27
E6C
1B5
2BC
092
D47
E55
007
F1E
084
029
EA9
32C
5C8
1EA
EE4
E20
148
181
D4C
DB8
163
086
20A
19C
D44
C81
F1A
FF3
DEC
B58
E91
43C
2A9
F44
01A
FAA
011
113
F46
E4B
06E
342
51B
033
D58
151
1D4
D9F
CBC
D03
FCA
1AA
1C1
04A
DFE
E2A
181
07C
B01
D2A
221
2B7
25D
09F
0CA
20A
109
031
E9C
C5F
0A0
4F4
11A
E47
01C
16F
0F8
CBF
B5F
E10
EB2
03E
1F1
F1D
E81
303
20F
DFB
BD1
E5E
2DE
1FC
FC2
20E
242
213
314
FE4
BDD
E34
11C
1CA
E9E
D95
1DC
319
E4C
D17
D1E
CDF
F71
101
F9A
F46
158
457
367
CB6
DF1
22F
071
F7A
031
0AD
2C4
325
138
E3A
BD0
E66
19B
E0D
B92
FAA
27C
1F5
FF2
DF8
EA3
F0A
F86
097
E63
E65
4EC
521
08B
F00
0B1
186
019
D3F
EB4
0B0
147
2D3
155
C47
E63
09D
EDE
BC7
BEC
07D
371
0D4
FF2
10B
F14
089
16C
DDD
D72
1A2
47E
3EB
F94
F14
2D2
07D
D5C
D8F
D5E
EE7
217
130
F51
E1D
036
216
E29
9BB
EA2
1E3
09C
243
10B
183
29C
1F3
008
D5C
CF1
20B
3C4
F1E
F67
224
198
FE8
D56
C3E
E10
EB4
0CE
0B6
D38
FF0
4A0
0E6
CFD
D54
F6C
195
07F
F93
23F
218
326
373
ECF
B7B
FA9
17E
F50
DCC
ED4
2EC
1CC
EA1
E51
D70
D10
069
01B
D98
F78
2F5
535
176
D63
FAF
19E
FB6
FE8
07C
FAF
2C1
47A
12B
E58
CE6
0C7
083
B32
C3A
181
1CC
160
058
E2A
E7D
F60
061
F05
CC1
FD2
652
3CE
F92
090
127
126
013
DD3
E4D
06C
185
41D
FE2
C8A
09B
180
D0E
B97
D0E
0A2
1B9
066
0A9
0D8
F17
260
0F4
BCE
E09
2D4
3F8
25F
FC2
138
35D
FE3
E8C
E1F
C65
F6B
315
FF5
E0C
F15
226
1D5
C32
B2A
FF4
FD7
037
18F
031
0EC
3B9
325
FEF
C63
E33
320
1B8
E65
0E1
293
19B
0B3
E05
C26
D17
EEE
130
E92
C7D
1EC
453
F3F
D39
ED6
F79
0B4
034
FC2
0DE
1D2
47D
413
D15
D7F
176
0E9
E53
D9C
FAB
299
1C8
FAB
F2A
C43
DE9
173
E7A
B89
FA6
3EA
377
057
E7A
158
10B
EC1
0AB
EA1
F0B
41B
4BE
0D9
DE2
F5A
1CF
FC6
AEB
D2F
03C
020
1F9
0B9
D8F
EF4
0B7
FFA
D5E
BAD
0E7
526
14A
053
275
172
10F
033
DA0
DB6
F7A
297
323
E40
EA4
2D9
0B1
CA0
BC6
CE2
F10
0E0
0A8
076
EFB
084
335
F8D
AD8
ED7
232
1D3
12C
0C5
2CF
394
0D3
027
DF5
BC4
01B
233
DE6
E32
124
2C4
09B
CCE
CE3
EBA
E4E
08E
0CD
E29
0D4
4FC
328
E92
D41
FBD
2D3
F93
E83
1C0
1A3
1F1
2E3
EDC
BFE
DBC
FE0
00F
C1B
CEE
30E
2CA
EFB
F60
EEC
E69
05F
03D
EED
F66
221
5E7
2D4
DA4
FC8
290
F49
E81
E1E
F17
198
1E0
0C1
E73
CA7
04B
126
B99
B86
047
200
28F
097
FFA
149
07B
0A3
075
CC7
F47
4E3
33B
012
F91
0F8
208
EFD
BB2
DEB
E32
F9D
26B
FA8
D86
08C
211
F36
BC5
C18
15F
28A
007
18B
227
11A
38E
17F
D02
D2C
FF3
2F1
148
DE7
050
392
069
E11
D5C
C3C
E15
09D
FD6
EE9
F00
350
40F
E6A
C44
009
0B0
045
0C5
068
1D8
3C9
2CA
174
CEA
C82
191
04D
C65
E3B
0C7
26B
0BE
E24
D88
DA3
E0F
13B
EB6
CCA
1D7
581
2D2
F17
ED6
113
139
F3F
F3F
094
FE5
3C1
3B6
DBA
D19
FC2
069
DA8
B09
DEE
240
110
0A1
0D0
DFD
F52
1F5
EED
D27
E58
32C
587
15C
F16
2DA
19F
F98
F6E
D5A
D5B
11C
273
1B5
DE5
E12
2BD
021
B1F
C63
E9D
FF8
1AA
0FA
09C
0F7
1EB
28D
EFE
B31
008
416
115
003
186
232
2B7
FA0
DE4
CB3
C79
071
267
D63
DF1
227
219
FCD
CB6
D3D
01F
FAA
05F
18A
FFA
1D3
555
239
D3A
DEF
05B
1C3
E9C
DEF
182
26C
0BB
10C
D7A
B40
ED5
055
E5B
D23
F05
3F3
371
EA0
F11
056
F80
0D4
082
E82
020
3B9
46A
16F
D72
FE0
203
E2C
CAD
E33
F5D
19E
1E3
FB9
E40
DA9
015
0CD
BF7
BE3
22E
390
1F7
12D
04F
1D1
142
FF7
F60
D1F
F6B
520
307
DE4
FA9
128
01F
E1C
BAE
D7C
FBF
FF8
229
013
D73
135
2FE
E79
BEE
DBD
213
2CE
029
150
2BC
135
26A
137
BE0
CFD
0FC
1D0
FD0
D7B
05B
34F
FB5
D2F
D65
CB8
E47
15F
FE5
E9B
0DC
38F
3B7
EB5
CA5
14B
23D
F77
0DF
079
1BE
3C6
2AB
FB3
C0A
CC0
194
FD8
BE2
E36
1C6
1C1
128
E48
DF0
EAD
FBB
0DE
EFB
D5F
34C
663
1AC
F8E
FCA
15D
0B9
E70
EAC
FE7
02C
31E
2D7
D7C
CB0
06D
FD0
CEF
B96
E72
263
1AD
054
1A3
F01
FBC
297
F4C
CB8
FAB
3F2
468
157
F6D
287
17F
E9F
EBB
D28
CE1
14F
235
FDB
DC2
F0B
2CF
032
A78
D19
FF6
038
238
1E9
FEF
1F6
267
261
EDB
B5D
0A8
3F8
FD6
ED7
141
1FC
1AD
FA8
CCF
C2D
CD4
074
18B
CE6
DFD
3C3
2BA
EDE
DB2
DFB
03C
0F8
0E0
164
07C
279
583
1BD
C6D
E88
06E
0B2
E45
D70
0D4
24D
0E8
114
DF5
B7C
F96
0FD
D4E
CF9
066
45E
3A8
F41
F9F
0F1
FB2
030
00C
DF3
035
413
410
FF9
D1C
FCD
1A3
D78
C0B
E38
E57
0EC
22A
F89
DC9
F1D
13A
0B1
BF7
CC8
2D1
3B0
157
1E8
0FB
116
1DD
02D
E0F
C88
F50
42A
16A
D0D
016
1F7
06A
E09
C77
CEB
F4C
095
1BE
FB6
E0C
2D0
3D7
E31
CE9
F25
150
1F3
084
09B
247
1AB
256
102
B4F
C63
101
0C2
E27
D60
033
344
010
DA7
E32
CD5
F2E
265
F81
E31
210
527
3C8
EE2
D85
0FD
0CD
EFC
F93
F29
03D
387
26F
E89
C07
DBA
12E
E3F
B0D
EC5
245
1A4
215
034
E1C
FBE
0E7
0A3
E8B
DCE
34D
600
0F8
FF7
0AC
040
FB5
E27
DAD
E2E
00A
2AA
249
C97
D3F
26D
FAA
C43
C84
EF3
1C4
280
171
164
028
0DF
3DA
F26
BB8
010
356
282
05F
F8E
1C8
1D9
EF2
F0A
BF1
BA4
132
205
E40
E9C
108
31D
0B0
C31
E2B
F9F
FE1
252
206
FDF
226
4C6
243
E0E
C11
017
1CE
E58
E67
075
0C7
181
106
D7D
BEC
DAD
061
0AA
C51
EEB
4AA
2E4
042
FBE
EEA
FC4
15F
064
F69
F56
286
62A
0F4
C72
F42
059
E41
D2A
D44
F14
1B1
21C
1D4
DDE
C7F
19D
169
C51
D5F
109
34F
3BA
094
0A2
106
00C
131
FC7
B8F
F22
3EF
21B
EE4
DE5
060
0F8
D1B
C91
DAB
D23
132
34A
FA1
E7C
1A0
32A
0D5
C9A
D85
215
1E9
0FB
2A5
086
09D
358
09E
CBE
BD3
EB6
218
F5D
D2A
09A
1F7
02F
FBA
D74
C4F
F12
105
0F3
F37
F35
509
4F2
ECA
E15
F5F
FDE
0E2
072
F70
0A3
1CC
3C9
09B
A79
D28
089
E4A
CDD
E06
05E
258
246
06A
F41
DA0
FB7
28C
E22
DBC
33C
4CF
330
07B
F2D
0AA
F7E
E65
F12
CB3
E59
3E1
293
DBA
D45
F7D
08E
E49
BDC
F6F
083
18C
3DE
13C
EC1
16C
2AB
040
CE4
D53
29D
3C9
007
04B
12B
FDB
0C4
F26
BB5
BDE
FAD
25B
087
CFD
04D
3A5
FE8
E20
E1B
D61
000
32D
208
0E0
027
3D4
483
E02
B83
FB5
085
02E
FD2
EDD
087
15D
10D
F8B
B06
BE2
17C
0AB
D06
ECA
23A
346
299
FCA
EF7
F73
020
2C2
017
D88
29E
564
1C8
E8B
DB8
F2B
F7D
D50
DDB
EDC
EA5
310
34F
D30
D16
00B
0CE
F30
CA8
F99
3E5
2AB
25E
22B
F19
02C
26A
EF4
D29
E49
250
456
F9C
E0F
09B
FBA
E49
ECC
C1F
CDF
100
315
1D4
E7B
FC2
435
135
D25
E5C
FB5
0F9
377
27A
068
084
1F5
27A
DE1
A26
F10
1E6
F23
F69
FA8
05A
14A
000
DDB
C6F
D16
1DF
376
E6D
FC1
3EB
3DD
17B
E95
E5C
05C
028
117
100
D78
105
46A
FD5
C4E
CCD
EC0
FBB
DFD
D92
07F
0E5
213
352
E76
C8E
0FD
220
F9F
DF7
04F
4C2
43F
0BB
11B
EBE
E4A
108
F5B
BEC
E17
24B
399
FA4
CAE
F8F
0B5
D6D
DEB
DF3
DC9
26F
44D
217
F8B
021
2F7
248
CFD
D28
20C
1C3
1E4
211
F6B
FA0
0BA
064
D23
A30
DAE
391
061
E3F
07A
0F4
15E
07B
E1A
E0C
E7B
1F8
439
FBD
F4E
436
3AE
FF8
D9A
D0D
F95
091
FA8
FEF
F42
F49
334
FB5
AAD
C5E
FCF
02A
F25
E38
18E
31C
23F
1F9
FAE
C7C
126
2BC
F1D
E25
0AD
421
3A4
F24
DEE
EF5
DBF
F3A
F61
C6A
DFA
290
32C
F60
C81
F14
1EA
ECA
DF1
FEB
06A
378
4B5
1DE
F2A
FA1
1D6
140
CBE
C4B
199
2C7
00A
0A6
EB8
EA9
037
F0B
CF4
B7C
E3D
41B
229
E29
0E7
25B
15A
002
E0D
E22
04D
2A5
3E7
0BF
EA1
2AF
342
D9D
B7F
DF7
EF4
03F
FA1
F40
01B
FEC
1AE
13A
B71
CC8
174
157
FFC
F98
1B6
413
27E
087
FA7
D49
F59
2AC
F5E
DA3
0DF
385
1CD
E33
C5C
EEB
E9B
E6A
FA9
DCF
F09
465
387
F4F
D79
F56
2A2
005
D86
066
242
248
3EA
158
D44
ED9
0DE
FD7
CB5
C00
15F
358
F3F
F68
F91
E32
FB6
FB3
D42
DCD
0C3
488
3CD
ECD
048
397
0FE
EAA
E78
E00
0B6
2C6
1FC
062
E07
099
2C2
CD1
9F3
E5E
011
08A
0AF
F73
075
164
169
088
CB6
CA7
356
2F5
FAD
093
244
3A3
1B8
E10
E23
D01
E3B
1BF
FCA
C54
0BB
376
086
D78
C03
E9F
02A
EC1
080
049
01D
444
4D5
EEB
DBB
FE5
23D
09F
D96
F5E
2E5
1CD
0FF
063
C1E
DC3
0FE
E91
C50
CDE
104
458
007
DAF
07E
F86
F81
052
E4B
E4A
24E
498
39A
F82
E8F
31D
0C3
CA4
DF9
E8F
FB5
298
111
EB6
EB6
F8B
170
DC0
A35
ED9
237
14F
145
11C
0E3
295
16A
005
D80
D25
320
437
F4F
F84
2C9
20A
008
D39
C65
DE6
EF1
087
034
D78
061
48B
0AE
D2D
DB9
FB0
179
058
00D
1A5
14B
3A7
44C
E3B
C0D
0A2
15B
FF5
DA9
F17
2F4
223
F70
F41
C41
CCF
10B
F74
C5D
E75
30D
48C
1C0
E2B
08E
0D1
F3E
07D
F30
E91
2F5
492
1BE
EAB
E18
11F
01B
B8C
C61
F8A
FD5
1F8
126
E66
EDA
092
0D4
E8F
B0C
FA3
4E2
214
0CD
237
131
1AC
148
EC4
D54
DA7
19D
37D
E8B
E39
25B
11F
DB8
D34
C4D
E4F
041
0E0
127
EFA
0C7
4F1
1CC
C4F
E3D
109
139
14A
050
16E
230
27C
216
D85
A5E
F8C
17A
D6A
D5D
FE2
285
2B4
F39
E4E
E48
E3B
164
11A
CFF
003
528
3EC
0BE
E26
FE1
1C7
F5C
ED7
F3E
EE9
1F0
47A
FF1
CC9
E16
054
F92
BF7
CB6
0DF
192
187
20B
F1C
EDE
213
14F
EE5
D78
086
51C
2F4
EFB
108
0EE
FC8
00A
D64
B91
E50
149
1E9
F01
D87
22B
1EB
D5F
CD5
E10
F01
207
221
0F7
0A0
17E
4A6
12E
B2F
E30
214
099
00B
011
032
1A8
12A
F99
CB2
A7D
EF1
24E
E1B
DC2
1CB
33F
279
F97
E74
F07
FB1
129
1A2
E52
039
5D3
3F2
F3D
E10
EB2
019
F56
D30
EAC
EDE
102
3D3
FA4
B92
EAA
0ED
F86
D84
E04
2AE
3DB
1DE
1FB
053
EE5
270
188
D64
D53
15C
442
232
E28
F7C
081
E61
DFF
D78
BAB
F0A
32E
1DD
F00
EDD
1FF
292
DB1
D03
01A
09B
2A1
351
096
03B
1E2
281
FF8
AE5
C70
1DD
094
E3F
015
FF4
08F
13A
E99
C71
C4A
FDA
312
F89
E41
2F7
464
1CB
023
E7D
EE2
0CF
135
0B6
F3B
FA9
432
2B7
C4C
C6E
EE3
EFC
ECE
D51
ED5
0AD
1E8
305
017
BE5
FEE
30F
FA5
DBB
022
30E
48F
204
0DD
014
E68
011
095
BFA
C7F
20B
254
009
DE3
ED8
0AF
EDC
CDE
E02
D9B
06C
556
2C6
EE8
057
2D3
279
E49
CA5
0A6
1C7
157
2AC
FC4
E83
1C9
146
D57
A81
CEA
1B7
12E
DFD
049
191
0F7
121
F1E
C6F
EAC
16D
294
118
EC4
32B
57D
07B
E63
EA4
DFF
008
07F
EE4
E95
003
328
1CE
B47
BD7
04C
F4B
E82
F43
FBB
2B1
3A3
21E
04F
D47
FE1
395
F11
D66
12C
2E9
296
0E1
EB8
EC1
E75
EDA
F1B
C1D
BF5
32A
3C9
EF9
E8B
F85
107
00C
DC4
F78
FEA
11D
531
2A0
DF6
0F9
283
01A
CE7
BB7
FF3
24E
04D
05F
FFB
DE8
0BE
135
B61
B6F
F77
291
26D
F35
0F8
361
177
10D
005
CCC
F1D
349
24B
F53
F0D
196
3F2
E7D
BB7
DC3
DE1
F02
18A
EB1
E83
1D2
2E8
0F0
C34
CB9
1BC
0F1
E88
150
235
293
3F7
15D
E43
DA1
F65
201
F01
BE9
100
393
050
F77
E25
CEF
EF8
F6F
E1F
D8D
E9A
476
54D
F0E
EF0
1B8
135
F7B
E91
EFA
11D
285
3C5
19C
C8A
FA8
24A
DD1
AEF
D1D
FA6
1C1
0C9
F9E
056
F4C
0E4
164
C74
C20
24F
3EE
1EE
056
188
384
154
EA2
E41
CF2
E10
2EC
19F
D90
FAC
1E2
1A7
DDE
AE0
DF6
FAA
F79
10C
073
F44
3E3
438
FD0
CD0
EAF
1FE
204
E2A
03D
298
177
233
072
C51
C8F
F77
FB7
D9C
C72
0CA
507
042
E63
F22
E55
F99
0A4
ED4
F5E
1AB
52E
4B0
E95
E5D
255
039
DB3
E58
E23
038
2DE
1D2
ED4
CD8
E13
21B
DA7
A7B
EF4
23B
212
1B3
07A
05C
0D4
180
092
DAD
D3A
35D
4A6
047
001
118
117
0C1
D23
C42
D4C
EA3
22C
101
CE7
FE6
3B0
0CF
CF7
CDC
F5F
1DD
12B
17A
1F8
07C
2FD
40C
E4D
BD8
FB0
149
009
E6E
F58
25B
11A
FE7
EBD
B7B
CAF
117
003
DA5
F4F
2DA
4A9
120
DCF
090
01B
F97
1B0
F8C
EDA
2EA
4E9
1C1
DB7
D11
04D
F86
C03
D6C
F01
01C
288
1C4
DFE
DF7
009
11A
EC8
BE4
10A
4F2
29A
1AE
1A8
02A
070
102
E5B
CA5
DF9
274
3EF
E1C
D83
1E5
FFD
DBD
CE0
C36
E84
0D6
232
175
F17
0D7
4B4
067
CD1
EB4
0B5
1DB
1F5
0D6
10F
192
1AA
1AA
C77
A58
065
194
E17
E83
02C
1BD
1FC
EA7
E2D
D50
E25
26F
173
E03
147
54C
3D2
097
DC7
F24
0B9
F2E
003
F98
E58
26D
3B0
E67
C1A
E0F
FDD
FB6
BFD
DCA
1EA
223
2B3
228
E46
EDF
1EE
0D3
E0E
DF4
175
53A
1BE
ED9
0A9
F41
ECD
003
CCC
BAE
FA8
229
244
E15
DF8
248
104
D34
E0E
F14
F86
383
35F
0B8
09F
1E1
3E0
F45
ABC
EF5
1D3
01D
04D
026
F16
0EB
0BC
E7A
BB8
B43
0CA
292
DD6
F7F
2DF
2B0
1CE
FDB
E08
F56
0A5
278
17A
E7F
142
5BD
15F
CC2
DA0
E99
F78
E8F
DBC
F73
FF5
1CB
339
D9F
B3A
09D
137
EED
E39
FEC
38E
3A3
1B7
1CD
EFE
DEA
20A
067
BC4
E95
2D0
328
04B
D71
F25
FA6
DCC
E94
D6B
C73
1E4
492
0A7
EE7
FD1
235
14E
D74
E30
0FF
13E
345
2F6
F48
F90
1E8
076
CE4
AE8
E5A
255
F8F
E8D
0B7
FC4
036
154
E32
BF5
EDA
292
33A
F54
FF4
4F7
30C
F39
F43
DB3
E85
18C
188
FAA
E65
101
3AE
F40
AB2
D64
F7C
EB8
F47
EBB
FC0
28C
357
21E
E59
C58
1DA
2C6
E52
F27
260
395
2DF
099
E66
DC7
E34
FF1
F42
AD1
F5D
436
1AE
E9D
EC3
F91
0BA
F78
E4C
FA9
FE1
39A
586
035
E8C
21C
271
F1A
D46
DD0
17D
21B
0CB
0EC
E04
E1B
206
ECB
AD0
CB8
0BF
2C7
0E5
E8A
198
201
0B1
0A3
E89
CB7
1B2
3EA
15B
F69
022
307
1C0
C9F
C88
E28
DC9
05F
0D8
DED
F73
25C
1E1
E78
B1D
EBD
283
004
FA5
1B0
197
2E5
385
FAD
D4F
DEB
183
1E4
D5E
E33
320
232
F7A
EC6
CEB
D8E
F96
F5C
E7A
DC3
0D7
5B7
1E7
D8C
FC7
165
FF4
F64
F36
FD5
297
323
28F
EDD
D09
0EA
15C
C0A
C40
F9B
127
1C7
031
F1E
F2F
F1F
102
FB8
B59
F70
4F3
33C
073
0BC
1AB
268
F5A
DD2
E2E
DC9
160
3AA
F2F
D5A
11A
18A
E9B
BBF
C12
005
077
0D3
193
F6C
072
3FE
12F
D47
D68
0D2
3A9
0B9
F03
26E
2BF
0E6
07C
D56
B2F
EE8
11B
F42
D7D
ECA
330
274
CF1
DD3
F02
EFA
10F
0AC
ED6
125
420
449
0BC
C49
FFF
254
F14
E0F
F73
043
1F0
264
EE4
D28
D6E
FAB
020
BA3
CCE
318
358
155
0DE
FE2
008
124
040
F09
E52
0F7
61D
24E
E13
01A
155
F97
E06
C1F
DD9
F3B
176
1F0
E9A
D78
221
214
CA3
C45
F2E
1FF
2E5
154
1D0
1E9
176
2D5
FCA
AF0
DCB
297
0F0
F41
EE3
112
1D1
E89
D8B
D46
C4B
FBA
27D
F41
EE8
2CA
474
23D
DD0
D8C
149
0D0
023
166
002
0BB
469
19E
CE5
C1B
EAD
162
E14
C60
0A1
20C
0DB
16A
EAA
C51
006
115
FAA
E23
F94
520
531
FD2
010
0E2
F7F
07A
EBD
D64
ECC
224
381
014
C4B
F33
17C
D65
BD7
DE1
FA4
212
325
142
F97
00B
1E9
22D
CC8
CD5
2E8
336
107
0BA
FE1
10C
045
E86
D3E
B59
E29
306
05E
D12
04B
29A
0B8
E95
D2F
F1C
093
1B4
387
15D
F70
470
3D5
E50
C30
E1C
0DB
07C
E43
FA8
139
008
208
F4F
A1C
D3F
128
00E
E33
E8F
2B2
4B0
0EB
F5F
FFA
EAA
099
235
F07
EA2
2B1
473
1FB
CC9
CE4
0BA
E7C
D07
EBE
DF1
FA5
383
155
DA2
D64
031
201
E66
C78
1FD
3DC
2AC
2A3
095
F42
0CC
0D0
ED6
C45
D61
37B
31B
D93
EB9
07B
EE2
F08
D7E
C78
EDD
11C
355
163
E59
161
49F
F79
D71
EEB
068
274
1B9
0FF
08D
02B
1B2
11B
B01
A8C
087
0BF
F1E
F1B
024
214
109
EDD
E9A
D41
F26
3E6
193
E6E
228
485
34C
F5C
CFC
F9A
FBA
F16
084
EEE
E4E
2E9
24C
D55
BB5
D9C
08F
F4B
CF6
F95
2CC
242
34C
195
D2B
F50
264
0FB
E44
E9E
30B
524
03F
EAC
F56
E22
EB7
F54
C56
CC0
06A
2FD
1A4
D5B
E47
201
023
D08
F14
FCD
1D6
45A
2D4
075
FAD
153
242
DB1
AB5
FA1
29D
021
02D
FBD
F39
03A
F9D
E1A
BD4
D55
33A
3B6
EE9
051
31E
290
0BA
E39
E2C
005
14F
2A5
196
DCE
1AF
432
E9B
AFF
D07
EA1
060
F17
E7D
0BB
0DF
1EB
19F
CC0
C99
1B0
24B
FE1
FFF
210
4B0
2C2
F96
FCA
E28
E96
1B2
F68
C0B
FF0
349
207
E3E
BF9
FAF
F92
DC1
F25
F81
FDD
46E
444
F8F
E82
FF8
282
087
CCD
F89
39C
22B
182
0EF
D5B
ED1
054
E4C
BFB
BEE
10A
41A
FC1
EAE
0DD
0F2
022
FB4
D65
EEA
1E6
420
2E5
ED4
F69
3BF
0CF
C51
DC2
ED6
096
18B
FA4
F3F
F32
FD2
13A
CE1
A01
F8D
290
07F
015
114
2A4
2B5
072
F85
E36
E32
2BD
2E5
E3E
F54
33A
24A
EFF
C33
CB5
EF3
EDB
F98
00C
E7C
15D
47D
FC5
CD8
E8A
14F
1C9
EE5
F28
2EE
325
23C
245
DED
CC7
108
080
D9A
CA1
039
407
0F9
D42
E9B
EA3
E21
FCD
EB3
CCA
16A
4D9
373
091
E03
21B
269
E0C
DFE
074
0CE
2B4
2CA
F39
DF3
E91
0C5
EA8
A4D
D56
2E8
10D
FD5
047
020
07D
190
F7B
E05
E0F
234
513
0C0
E3B
351
24E
F8A
DF2
C98
E99
0A8
105
107
E3A
F01
362
074
AD7
C9D
FC2
10F
15F
FDD
153
2A7
1FF
220
EBC
C17
047
39F
FE5
E96
013
2D4
2A9
DBF
D04
E0C
D29
FF1
01A
D34
EED
402
331
F86
CDA
EB0
1B4
FD5
F81
168
111
2BB
4B7
08A
C92
E81
0EB
01B
C23
CA4
27F
22E
FC4
FE4
E47
DD6
FEC
F6A
D8F
DD1
160
5AA
2F5
EAF
0D7
2D6
FEC
ED0
E91
E5E
1BC
307
194
F2B
D05
09B
15F
B7F
B25
F5F
064
168
0BB
FF9
0A9
0E3
16B
FEE
BBE
EBA
4BB
2DF
FAD
106
253
23F
FB6
D4E
D3B
D75
F5E
25D
F0A
D15
177
2DD
EF7
C44
C9B
00A
122
04B
1D1
162
19E
425
24F
C78
D51
0F4
1CF
FC4
E14
0FD
379
FF7
EED
E12
B57
ED6
110
E42
D33
0B3
3CC
342
E26
DDF
16F
F9A
FAB
108
F7A
139
477
2F3
F72
CD0
E98
1C1
D8D
B2F
EDA
1B3
13A
17C
F70
D70
F25
00A
FA7
D1E
CE0
455
54D
067
04C
179
13C
0BF
E7D
DFF
EDA
100
3B3
197
CFC
EC6
21C
E5C
BF5
CAA
EE3
147
12B
0BD
0C6
F9F
213
2B4
CCD
BF5
1CD
3BE
21D
071
053
307
162
E97
E86
C1B
D4B
244
113
D20
F6B
202
274
DB1
B98
E90
0D6
FC4
212
151
01E
3A6
498
FDC
CBD
E69
1A3
190
DBE
F62
241
11D
0BA
F8D
BBD
CC8
FE2
FFA
EC7
D21
17C
5BB
08E
E7E
077
F8C
FF7
0C7
F53
F13
23D
475
39C
DA9
CC1
0D3
04B
C2A
D53
EC9
086
241
09F
F04
E59
EC2
220
F19
B49
061
46D
366
173
03B
0F9
186
F69
EBB
E20
D86
2BB
437
F04
DA1
0A3
106
E15
B85
C61
FE9
0B2
189
232
F14
0F3
441
0CF
C4D
E69
16C
376
15F
F73
1DD
214
FB9
05E
CD2
B2C
FE5
192
F41
E1A
F28
395
18C
C6B
DB4
F80
F45
1DF
1AB
F6D
1D3
406
33E
EE2
BA6
FBC
270
E72
E65
083
0FE
19B
0EB
DD1
CAD
D2F
013
0E6
C51
E60
512
346
083
F43
F55
051
0A9
FD1
FBF
F80
21D
56B
138
BFD
FB4
0CE
E87
D00
CD7
FD3
1CA
16B
113
EA9
D3F
16F
156
CCB
D93
1E8
483
2E8
004
081
1BC
FF1
FFE
EE8
BC3
F8D
3D7
17F
E33
E1B
0CD
0E2
C50
BC3
F00
024
170
34B
FF3
F76
2D4
29D
F29
C93
E74
3B3
263
F0F
127
203
05F
16E
E40
B11
D24
FF8
193
F2D
D3D
246
3B2
ECD
D71
EB2
E88
0F6
1D2
128
0F4
1C4
460
2DB
C47
D1B
1A8
001
E87
EE7
006
18D
189
F23
DBB
B68
E93
1DA
EA4
D1D
18F
482
374
032
E8D
FDA
05E
FBE
129
ED9
F2A
507
3A1
E38
D86
EA5
01B
E00
BE5
E18
11A
0FA
26C
060
CC1
F8A
1BD
F75
D63
DC1
3A1
553
0DF
F96
190
F74
FC2
FBF
CDE
D5E
13E
2E2
0C2
CCF
E94
239
EF2
B85
D6F
E7E
084
31A
14F
020
11C
28D
307
E2C
B69
149
3B4
00F
08A
0D2
0B2
112
EBA
D18
BBB
D4D
1C6
18C
D4E
F7F
374
1C9
E9A
D96
EB6
118
140
1D2
226
045
2DB
528
F3F
BC4
F0B
09A
07D
E39
EDA
1CC
166
01B
037
BC1
C11
153
0FC
E00
F5A
226
566
235
E21
FA1
0DF
F46
0E7
FD3
E32
20E
462
15B
D0A
C31
013
017
B9C
D03
02F
0CE
26D
210
E91
DFB
048
14D
FF2
C83
035
5A1
2E2
011
045
039
023
014
D9B
D0C
E0F
21A
3C9
E8F
C58
0F1
106
CCC
CEC
D86
0FB
2FE
1CC
1A3
053
08E
3A8
12E
B95
E09
29A
26E
0D1
F0C
056
126
F29
E48
CD6
B5C
F8A
288
F23
DEE
134
367
161
D66
CE8
0D0
0C4
157
2BB
015
0FC
44A
1D0
D78
BE6
E5C
1B5
F15
CC3
0B5
159
015
0D6
DE5
BBB
F45
12C
0B2
EC0
F93
4FE
483
ED3
EA6
055
FAB
0CD
039
F0C
053
1D7
335
028
AEC
E1F
0AC
E2B
C56
EA1
09A
2C6
21C
035
F35
E1E
0A7
241
DEF
D4A
397
538
1BB
FB8
F3F
0AB
FAC
D60
E4B
D8F
F06
3A6
18A
C91
E4A
15E
05B
D1F
C8B
036
2FD
191
2D4
19B
EF0
23E
2EA
DFC
C35
F6C
2E5
298
EA1
EFA
1B0
FC1
E46
DB7
BB5
D4D
1B0
149
F9B
EFC
179
446
F31
C4E
FA8
0CA
16D
292
0D3
0A9
259
272
06A
B72
B59
162
187
D91
F2A
137
14F
147
E86
CD4
DC3
F56
1F4
105
DBF
257
64A
20B
E55
EA6
FDA
0B7
FAE
EA4
08C
047
206
294
C6A
B05
FED
059
E40
D64
F62
37A
2AC
0F9
097
E87
EB2
28B
05E
D75
0D6
449
4CF
064
D25
FFD
0A7
DD5
E34
E01
DB0
1C3
332
F37
D6E
E7D
169
065
B50
DCA
38A
2DE
2B6
1F6
FC4
0DC
1C2
028
E03
C8D
10F
4C8
061
D96
05E
0FF
F1E
DD1
BF5
D19
FF8
1EC
257
F09
F48
48D
2D3
CFD
DC1
061
27A
228
0C5
14C
1A1
081
1C8
E35
9E5
E04
202
FDF
E4F
F5C
1FE
25F
E98
D5D
EEF
E8E
0C7
2ED
F79
02B
457
435
088
CB4
DF3
211
061
E55
085
04D
092
285
F06
BB7
C9D
FB2
138
E20
CF0
266
48D
104
060
FAF
EBD
13D
164
F4F
EEB
0E5
55C
332
CF1
D90
0F6
ED9
D7F
DA6
E08
137
20D
1B5
F74
CC0
FD9
27F
DD9
CA6
126
3F8
3BC
165
FF2
150
08A
FB1
F9A
CD7
D48
36C
3A1
E99
E06
FBB
096
E59
B8A
D9F
FEE
068
326
1F3
E47
168
34E
038
D12
DEC
1D5
411
032
061
1CB
077
060
FC9
B54
C19
FFE
1E3
FFE
D72
FE4
3DB
0D5
CE5
E58
E91
03B
304
17D
082
1B7
38B
3ED
E35
B4E
066
1CD
ED5
F39
014
0A4
228
FFE
D9C
BD3
D1E
17F
123
C76
FF5
4E0
35F
0CE
EA6
EEA
0D8
FFE
076
051
F6D
284
4E6
F5A
BDF
E64
FF9
EB6
C70
D43
16B
1B8
0B8
14B
D80
D4A
1AB
120
D46
E57
241
55E
2E1
E4F
0B1
0D4
EF4
F19
E0D
CDD
0A5
3A0
094
DFD
CF4
0CC
0FD
B70
C4C
052
149
259
303
00B
044
1A2
1B3
F68
BE6
F31
4E7
273
EA0
080
0A0
FE8
EC4
C88
C63
DC5
0B6
2EF
F1D
D43
250
2DD
E41
CF3
E4D
0E3
252
124
1BB
1C3
16C
385
06A
AC3
D13
135
12C
F15
E57
0B9
2C9
F2F
E27
D92
C86
F36
2D2
F66
E79
226
467
2D2
E2E
D6B
187
0FD
F62
12D
FA7
063
304
161
D73
BF6
E14
102
E8A
B96
049
37B
10E
122
EFF
D6B
041
167
FCD
F51
F45
4BA
53F
F37
E12
05F
FD6
EF8
DBF
DB1
026
1C0
1E8
090
C03
DCE
235
EAA
B98
E7D
1B3
372
239
0CD
0FF
06E
082
111
D89
CA9
321
3EF
0DF
E91
EF1
0F5
F9F
B67
C73
E12
E84
21F
21A
E31
FC5
270
11D
D92
C1F
0A0
3EC
1A6
0F6
213
093
187
1CA
D55
BF0
DE6
1FD
1CA
DBE
DD8
330
0B9
DCB
D6A
D5F
E93
1CB
154
048
0B6
2C7
4E3
01C
B7E
F53
1EB
FCD
FBC
FEA
0A6
1D5
09A
F1F
C4E
B11
087
1BB
CEC
DE4
2A0
371
153
E40
E53
09E
FE3
0A6
107
F6A
1E0
59F
1E4
DBA
E09
FD3
0AD
DA2
C79
090
0DC
145
1CD
E14
BF7
FFC
0FB
ED1
D2D
FDB
550
3C1
F2A
0AA
124
F9B
0BC
F34
CAC
033
326
346
FDD
C74
FA3
135
C90
B5C
E18
FD5
23B
29B
FB6
FED
003
1F5
0E6
C82
DB0
41F
3AD
090
0A2
0D9
168
FFB
D9F
D27
CED
FB0
319
016
D05
0C0
2B0
F16
CC3
CAD
FE0
1CB
12C
20C
1AF
07F
39D
2FE
D22
C82
079
264
099
E39
014
2AE
039
EA4
E06
B42
D65
1C7
016
E23
03F
34A
411
F63
C8E
055
11C
03B
1A9
079
131
378
354
F94
C08
CBE
1D1
FC2
BED
E94
21F
170
118
F18
D01
E43
FFD
0CB
F4D
E31
332
656
16B
E84
04B
09E
008
EE1
E80
F86
0BE
25C
221
C65
C70
120
F80
C13
C72
FEA
309
2A1
043
09D
027
033
22B
F17
C7B
0C6
4A1
322
FC1
E98
134
0C3
CAA
CD4
DE9
E73
218
2B2
EBD
E75
106
19E
EEB
B64
E52
37E
218
134
269
0B2
196
20B
F4C
CBA
D84
119
35A
F24
DCA
239
198
E83
D40
C36
D76
040
147
0B9
F5B
0C9
517
210
C2B
E56
191
163
0D2
05D
11B
216
1C6
0A8
D9C
A8A
E91
20F
DE5
C6A
0C6
2A1
206
E87
D85
F6D
EB9
083
16E
F0C
0CC
5D6
436
FC7
DA9
FB3
188
EE4
D0A
F93
126
161
234
EFE
BC1
E26
055
F45
C95
D6C
339
473
01D
02E
059
02E
149
082
E14
F96
28B
4D5
202
CEB
F51
238
DF2
C09
D7B
EDB
119
212
052
F87
EAB
0B8
1ED
CB9
C82
252
433
1F8
106
0F4
221
142
F05
E0B
CD1
E31
369
225
DB2
EDB
128
0E9
D94
B7A
E39
117
043
188
15F
F50
29F
41A
ED8
CB5
EF7
234
2F1
F0B
F91
2D8
178
F82
F34
B9C
C83
098
0C0
E5D
E0C
187
46D
005
C1C
EB0
025
025
1D1
083
05C
2E9
3ED
26D
DCA
C53
0D8
17C
D35
DEB
116
159
141
F45
D23
DCE
E5F
06E
F83
C94
0D3
622
307
F64
FAA
043
16D
FA0
E6D
00F
0BC
306
437
E5C
C52
FF6
068
D30
BEB
DE3
224
241
04E
076
EF3
EDC
227
042
CF6
F42
379
4C1
1BB
E6A
18B
283
EA4
DF8
E00
DB1
102
2F5
FAF
DDF
EDB
134
063
AB7
C08
13B
16A
112
1FB
088
1C6
2C3
084
E93
C79
037
4A2
142
DCA
122
22F
002
E08
C1D
C4E
EFA
002
120
EA8
E71
3C0
351
CE3
CB1
FE3
15E
195
07D
10F
2B4
26C
24E
FC6
B40
E30
1AA
F9B
D9C
F26
1A1
2D9
F49
CF2
E64
D96
F38
16B
EB0
EDB
3EB
4D1
198
DD8
ED8
1DA
0A7
DF6
00E
0A4
13D
31F
115
D19
D2E
F64
FEE
D2C
B49
168
403
10A
03B
010
F13
0B5
078
E67
ED4
0BA
536
485
EB1
EB1
252
F7B
D11
D45
E27
099
1DB
0C3
FBE
D6E
F47
224
D92
A3D
EE0
2EA
278
1BA
040
1F1
1C1
059
FEF
D6D
D88
362
38F
EE9
E8F
14C
175
F10
AF7
C93
FB0
ECF
18F
11F
E12
13F
41E
077
CFB
CFE
135
3B2
097
FD7
338
262
1A1
0D5
D0A
BAB
F70
0DF
FD5
D31
F0D
48D
14A
C52
DF0
E98
F0A
0D0
014
F93
1DC
37D
436
FE1
C33
06B
293
F3F
E8C
084
13A
2A7
0D5
E0F
CBF
C74
FCD
072
BFC
E28
3A4
31D
FF8
E79
F85
10F
016
F23
059
FC0
271
5BF
109
D2B
F4A
0E7
EC7
CA7
C44
0E0
194
007
104
EDA
D39
101
02B
C06
D0E
1C0
4B9
2E2
F52
126
2E1
03E
FD6
F11
D4D
012
34C
193
F2C
DFF
140
133
BDD
AE5
F14
FBF
108
22C
035
072
1E5
1AE
F95
C2C
E63
3F6
290
ED2
16F
25A
209
062
D9A
CCA
DA5
F8F
238
E54
C98
1EC
396
EC4
C08
DC4
FB8
161
011
0A4
1D2
204
3F9
2CA
C8B
D61
1AB
101
EDE
E0B
09A
31B
09E
E77
DFF
C12
E22
110
E8F
D2A
0E3
473
2FD
EB8
DD6
19C
0BF
EF7
053
FEF
0D8
480
381
EBE
D5B
EAF
0C7
E0D
AB6
EFA
2B1
126
088
F64
DC6
F79
067
F49
DB6
E29
40B
5CE
082
F3C
1E0
167
F65
EDA
D42
F95
150
278
147
CEF
E39
235
EA1
AC1
D18
029
19B
130
FE4
15C
1A0
132
1D0
DEF
BE8
15A
425
176
FCD
0E3
314
16D
CB2
C83
E04
DE7
17A
18E
D8A
F91
315
192
DCB
B96
EDC
268
FE4
05E
227
141
2FC
360
EC9
C9E
E77
170
166
D30
E27
338
20E
E80
E44
CB1
D25
FB8
027
E98
EEC
1E0
505
1C6
C9F
FDF
1F4
008
F4B
FAF
0E3
257
2A7
119
D88
C4A
FBF
0A9
BA3
C23
0CC
2B8
1A5
F9C
E4F
001
F7C
05F
FC3
D76
0C5
608
39B
F78
FC6
15E
11C
E3F
CB4
F31
FDC
14F
2F2
EF3
C8A
083
0AC
D7D
BEC
E2E
2A8
2B0
FB3
15D
1DB
089
1B8
FEB
CF1
ED6
2E4
40D
0E7
DE8
10D
32C
E09
C4D
D73
DB1
FF6
12C
F9E
ED4
00D
237
12A
BB7
CE9
222
1FB
06E
159
1DE
281
304
050
DFD
C6D
EB7
2B0
FD4
C9F
07E
323
04F
E12
C67
DB5
F5D
F61
06A
FD3
F8D
4DF
4EA
E74
D96
057
15C
094
EE8
010
264
1EA
149
F63
B8F
D56
140
E31
BF4
E49
225
343
FCA
E80
050
FCB
FB6
161
E7C
ECB
3E3
4BB
23F
E97
F03
262
01B
BA6
DFC
FB1
04F
2A2
082
D73
E09
075
067
CEB
B54
0EB
441
10D
090
16A
0E2
132
0F4
DBB
DCE
F88
3CD
39B
EA3
ED5
2C5
04A
D1E
C2D
CC5
F42
163
0FE
03A
F02
08A
405
EB6
AF9
FDD
263
1DB
14C
0D3
261
2E3
0C4
008
C5A
BD3
16C
206
D8B
E68
14F
24F
057
C84
D45
F81
EDB
154
105
EEA
293
58E
21C
E7E
D77
10E
247
EF1
F23
1D8
1BE
22E
1A4
CC3
C0E
F14
FAE
E6A
C42
F7A
432
264
E46
FD0
F7B
F4C
0E6
F6A
EB1
07A
430
4AD
019
D28
122
161
D8C
CF6
E97
FD4
1CD
185
F89
E2C
E18
117
03E
AFA
D90
324
2BC
1EF
0D7
0AE
215
0DF
F32
EC5
D66
124
4ED
042
DD3
026
14D
F2B
BC9
BAC
E59
003
104
192
F4F
F0A
34C
221
D72
CE0
03F
327
254
FB2
1F5
2FB
132
125
E25
B61
E6D
13B
005
DF2
E7A
23B
23D
DB7
D03
F15
E59
09A
1AC
FAB
0AD
392
456
0F9
C60
E81
248
017
E92
08C
0E2
1E8
264
F0E
C40
C97
F5C
0DF
CB8
C18
263
492
0A2
017
ED5
F9D
083
04D
F9C
F2D
149
593
344
D70
E77
199
F73
D9A
C60
F0B
130
10A
0BE
F47
CC3
FDC
236
CD3
C2C
FEB
35C
401
121
072
242
0D0
094
001
C40
E12
354
2B8
F31
E76
072
1FD
E6A
B74
D55
EF2
FE9
226
0E7
E68
194
2FF
077
CF3
D83
22A
35D
02B
11B
20A
10B
229
073
C49
CA8
F22
15E
003
CB8
027
3E2
04F
D55
DDC
D9F
FF5
13A
0A1
002
120
3F5
4F8
E40
C61
0C7
109
F12
F16
F9A
116
274
110
EF9
BE2
CC8
124
FD2
BED
F74
27C
2E2
102
EFF
FCF
01F
FDB
115
F3F
E1D
3C6
5A3
106
E49
F62
092
FC9
BF3
D46
FEE
FF7
24E
1E6
CEC
E81
1BE
FFD
D34
C99
0D9
49F
256
068
20A
036
0EB
1CC
DDC
C0C
06F
2F4
1E7
E6E
E57
1F1
0A0
C7D
C9F
D43
EAC
20B
22C
F59
05D
1F8
3B5
FDF
B6B
F65
30F
15C
0F1
165
0E0
21C
1A9
EC1
C5A
B80
006
204
D16
DB3
23E
243
05C
E9E
CE5
F1A
FE5
167
136
F2C
1C7
698
217
DB1
EEB
F9E
05D
F19
E1D
08E
136
18A
1FE
D32
AB9
FC3
07A
D7A
D02
FF3
372
388
FD1
006
017
F49
18A
081
D20
048
49A
39D
FF6
D91
FE8
117
D74
CC2
E58
DD9
177
2F3
F96
D99
FFE
1B0
014
C19
DD1
368
313
1D8
24E
0B2
096
257
027
D17
CE6
019
3F4
046
D2C
0F8
13C
E7C
E1C
C9B
CE3
012
1D8
1F3
F57
FCB
434
32B
D3E
D43
089
142
212
14C
0CD
1E5
13F
19A
E9B
9A9
D5E
232
F01
D9E
F96
154
224
033
E60
E09
DEE
109
2C5
EE2
EAE
45F
4CD
0FC
E58
E20
092
FDC
E9F
FE3
EBE
070
3A3
05E
B9D
D3D
FD9
FC1
D9C
D2B
17E
41B
1C0
22F
075
E76
148
1F2
E8A
D90
0BE
48C
30B
E58
E7D
0D9
EBB
E41
DDA
C12
F22
2DE
225
F67
D33
0EC
2CB
D7F
C74
013
18F
26E
399
10F
08C
1CB
207
015
BA4
C94
29F
196
E31
F4C
023
FF6
01F
D96
C0D
CAD
FBF
39E
0C9
D96
240
4DC
0BD
E81
DF4
FA7
1D7
0F9
117
02D
FCD
39E
1FD
B9F
B4E
F80
04D
EF3
DB9
F5B
266
183
0B6
F72
C25
F00
32B
06D
E1D
13C
4B7
44C
09A
E04
F95
F80
F33
018
D9C
E36
2E2
30D
EC6
C6E
DE3
124
F04
C2B
F33
141
1AC
472
1D8
E47
FDC
1AF
112
DF3
CBA
268
4BF
052
FD8
FF5
EB2
FCB
F3D
C1B
C4C
F4D
311
297
D5F
F40
2EA
FED
DB8
E11
E79
198
364
27E
111
F53
21D
389
D4C
AF7
FAE
0E7
074
012
F3F
020
0F3
FAD
EC2
B5B
C40
295
245
E33
06F
30A
37A
198
E75
F31
F2B
022
27C
0E9
DC7
226
47F
F49
C6B
C60
F1E
00D
DB5
E4F
032
024
2AD
269
CE5
CF5
171
1B5
FAD
E27
167
503
22B
070
08E
E32
ECE
130
E07
C5B
F15
27E
300
E43
CAB
059
F7A
D83
E59
E46
F47
3FE
45F
126
EFB
027
380
076
BFD
EF4
289
1CF
244
0EF
E82
F49
026
EF9
C43
AE3
06F
3BE
FA0
EF6
109
144
102
F1B
D9C
EC7
09B
3C8
390
F17
0C7
44F
0ED
D11
CF4
E24
FD2
0E7
F80
F91
F47
08D
2A7
D21
A01
F14
187
069
F7F
058
375
36C
125
076
E53
E18
275
208
DF8
F45
2FC
31F
017
C28
D85
ED5
DC2
F50
ECB
D17
157
462
106
DF2
E1B
122
1A1
E3A
EEE
276
299
35F
2B0
E7A
DF2
136
012
DFA
BE6
F6B
3D1
0D0
E2B
026
EA2
EFB
01C
D78
CC9
FE5
39C
497
082
EAB
2E0
2F4
E8A
E95
EB8
FFA
277
20C
04C
E79
F84
217
ED8
98D
CF2
12E
FF3
04E
FCD
FD8
193
15E
0C3
DF3
C91
195
4B4
026
F5D
280
323
151
E7B
C9B
DCE
EBF
080
0FD
D07
EBA
40D
12E
C78
C94
EEF
082
F81
F7D
10F
17A
2DB
429
F93
C8D
0A2
204
005
E16
F1A
34A
2C1
F34
F1C
D7D
C97
FEE
F75
BD6
E77
274
3DE
0E2
DDB
FC4
1BC
F83
F69
FBD
E9D
294
551
1C3
E94
EF0
1A5
156
BD6
C67
074
054
105
1BF
E24
E6A
090
F95
D84
B77
F73
4B3
26E
F8F
1FA
19F
156
11A
EA3
D16
F6B
256
30B
F00
E16
27C
19D
D4A
C60
CEC
E5A
09A
04F
014
00E
0F4
3E5
0FD
B48
E67
223
169
0AB
0D5
221
376
243
080
DFD
B99
FB4
1D4
D15
D0B
171
285
18D
E01
D16
F2B
EDB
016
0B2
E33
0DD
636
382
EE1
F01
0A5
1D6
F75
D96
00F
0FD
1DA
2F7
EF7
BD6
F14
0A8
DD2
B99
D1F
286
2EB
000
112
068
F36
217
06A
C81
F1D
2D2
4BD
23F
EC0
0AC
2A1
E57
D9D
DB7
CDE
05B
2C9
01A
E33
EC4
1DC
194
BAE
C37
0A9
15D
196
241
07C
186
2EB
1DF
F0C
C0B
EA6
3CA
0F6
DFB
114
19F
0FB
F6A
CA0
C07
D5C
F96
11B
DBE
E1A
3FE
44B
F7B
E02
F13
FFA
16E
047
0B9
0DF
215
4ED
15A
BD2
DED
0F3
F07
D88
D5B
FFA
259
10B
FF0
E8D
C6B
FD6
1F7
D4F
CF7
206
442
34C
FA0
FC9
195
FBF
F8F
FFC
CD3
F22
416
2A2
E72
DBA
F83
15D
D69
B33
E5A
FB6
0FD
33B
00B
E6D
1A5
264
FE2
C43
D98
317
390
078
1A1
162
034
176
F36
B8D
C70
FBF
245
009
CD6
09E
2C0
EBD
E2B
E4E
D24
078
22F
0F6
004
0D6
49C
3D8
D73
D12
08B
028
FF6
FF2
F4D
0AF
238
13C
EB1
A9B
D36
1A5
E92
C48
030
206
249
1F1
EE7
EC8
F2E
055
22E
E85
E50
449
496
0BA
EC7
E7D
F7D
F69
D7B
DC3
E23
FDB
3E9
163
BD8
E4A
15F
FC2
D7C
D6E
06D
31D
26B
31F
17E
E82
1F4
2C9
D47
C2E
FA4
2A6
1EE
EBC
F4D
0ED
F71
E6A
E31
AD1
D73
28E
1D4
F70
F5E
1CB
3B7
F89
D27
F85
002
154
3B9
103
FA8
2A7
320
086
BAC
BBE
0A6
030
D74
FBD
02C
035
21D
054
CAD
C7A
F61
289
00C
D9C
2EE
528
223
110
F4E
E08
029
106
FEA
E95
EE8
361
398
D23
C81
F5F
E7E
E33
DDC
DE0
050
232
387
196
CED
F5B
32A
FA6
D6B
034
23D
3C7
237
09D
020
E7A
FB8
0AF
B6D
B34
163
2F5
006
E86
F0E
108
FDB
DA5
E72
DEA
F96
48D
319
F05
0FC
38E
276
E4B
C33
FA2
160
09A
1D5
04A
DE8
165
21B
C6A
ACC
D62
111
113
E4D
FFC
27B
0F2
1C4
069
CCF
E2F
280
263
02B
F68
2BA
56D
002
DE1
EC2
D51
ED1
0A6
DFC
D66
0EC
2AE
199
D10
C1D
10A
086
DF9
FCD
0AB
1E8
460
2D4
019
EBC
FA3
25F
F12
BE0
073
358
17A
0BB
E7F
DA9
F4E
EEC
E2F
C82
D32
341
461
EFA
F3A
1C1
17F
04A
E85
E80
032
212
44B
26D
DF1
04E
3C5
EF7
BCF
C8B
ED2
16B
06F
F46
02A
EB6
0AB
173
C06
B03
102
28D
105
FBE
145
3CF
245
027
FD3
D0E
E2F
2D7
186
D80
FB1
247
248
E14
B6E
DD3
E76
EA3
0B4
F07
E0A
31C
416
01B
D14
E8D
20C
1E7
E4F
053
28D
235
31E
1F1
CEA
D0C
FE7
FDA
D82
BB2
022
3B3
07E
EE0
F39
DD4
F70
033
E55
DC5
087
4E6
4C6
F45
EE5
2BC
112
E74
EE2
E44
004
279
1F5
03C
DDF
EDA
25C
D66
9A1
E2D
0AD
111
183
FF5
016
13A
127
0E2
D50
C66
2FE
459
004
FCE
22A
250
11A
E4E
D14
D55
E34
1D0
081
C44
FEF
356
09D
D42
C93
E51
0D2
025
098
177
065
39A
465
EB6
CAA
FE8
160
015
E61
F37
29F
19A
0B0
F5B
BF4
C3F
097
F31
C3B
E61
1B1
47D
132
DEC
09C
FB9
F71
1C8
F75
E09
319
4DB
27B
EEA
E4C
185
033
C30
DAF
F19
FB0
269
1BF
DDF
E24
FE5
169
E2A
ACC
F91
430
1D0
156
205
078
1ED
1BB
EC3
D2C
DF7
2DA
380
EE3
EB8
253
047
ED9
DB3
B95
E09
03F
11F
0E7
E50
115
47C
071
CA0
ECE
00C
178
195
0A6
130
196
2E3
256
D36
AC9
044
130
DEE
E20
F95
20B
1C2
EDF
E49
CA3
E0B
1B9
0A7
C7A
0AE
54B
40E
0A4
E86
010
128
F43
038
F3C
DF6
283
4AF
F1E
CBE
E39
03E
EEE
BCF
CF6
147
133
2A1
241
E06
F0C
219
0DB
D8C
D53
17C
508
232
FEA
15F
02C
013
0F8
D22
BD0
F17
20E
23E
E34
E4F
292
06A
D13
D39
D4D
ED9
285
2CE
05C
05A
235
47B
0AB
B6B
EDC
206
0CA
113
045
F2C
146
17E
F86
BF0
A90
087
158
D9D
E8B
213
1DE
1F5
002
E22
ED0
F88
260
1BE
D93
160
5CE
2E3
EEB
E64
EBA
F97
E9D
DBD
E9A
F61
18A
3F1
DE0
B92
FBA
04F
E2D
D7B
EE5
241
38C
26C
256
F1B
E76
2F2
08F
C61
E59
1F8
376
16F
E61
FEE
019
E32
F29
CC5
B04
084
386
0B8
ED5
F73
267
1AC
D5F
E0E
FAD
032
34F
3A2
FDE
061
272
280
EC5
B64
D9A
21E
F6C
F02
01E
F20
0C0
185
DA4
BCE
CDA
117
24D
EBD
F2F
3C4
39C
121
03A
E5A
F14
0F5
1B0
01B
E75
0DA
502
0F1
C1D
DBE
EC7
E69
EB8
E17
EE1
126
276
31E
EC0
C2B
130
258
E3F
ED7
083
29B
40F
267
058
F21
E65
127
FEC
B09
DC7
2E6
231
FFD
E5C
EF1
FC4
E50
E1A
E20
D6D
17A
578
11B
F21
191
336
193
DD6
D78
07C
11A
244
285
F18
EEE
266
0AE
C2E
B87
DE0
146
FFA
E95
117
142
056
259
ED0
BA9
F65
346
252
00F
FB0
40D
45C
F84
F08
DE6
D73
057
0A5
E37
E42
13B
335
08B
AFF
D0A
029
EFE
F4A
025
FDC
2E3
483
26A
EFA
DA3
0C6
324
E68
DD0
1EA
252
253
0F2
E4E
D94
ECA
F58
EAD
B61
DAD
3E8
29A
EC1
013
FB8
036
02C
EA0
EDC
FA9
2B3
5D6
199
E22
22C
2A0
EFA
D18
D14
F61
157
0FF
0BD
F18
DF8
16C
065
AB7
C19
FE3
243
170
FA7
129
2EA
102
14D
F5B
C7D
FF1
3B7
144
F6D
03C
297
28D
E72
CBB
DF5
D33
FBB
111
DFF
E79
24C
27E
009
C1B
DBD
1B7
04A
F42
145
147
2F2
49A
158
DAF
DA1
016
170
DB3
CB9
13C
2D8
009
FF4
DA3
C88
EEC
FF0
E3A
D37
F7E
4F7
33B
E7F
F9F
19E
02B
036
F33
E4D
0A6
2EE
3F9
0D0
CC2
06F
1FA
D77
B86
E3E
F4B
176
131
FFE
F33
E72
1D7
12A
B55
CBC
27C
337
18C
0FC
12D
25E
196
F92
EA8
C58
F51
3FC
03F
DD3
039
1AD
130
D96
B9F
DEB
EF7
F75
197
FA5
F39
3A3
3CB
EEB
D35
EEA
238
1ED
EBC
168
26F
19B
2E2
004
BA3
CF8
060
FF8
D8D
D2B
166
3A4
FD7
FBD
EFE
D08
FAF
179
F00
EB4
1C2
4F3
443
E83
EF8
23C
F7D
ED3
ECE
E43
03C
31B
1E0
EFD
C5F
EFF
17B
CC9
B02
EEA
113
1B5
1DC
042
FD5
0D0
152
0E9
CE1
D44
40B
46D
09A
044
0F7
11D
04F
E02
D22
CBA
EE5
2C4
0D6
C51
02B
2E1
01C
D51
C5D
E7F
135
18C
1C7
126
FE4
3E8
41B
DF7
CF1
FB2
1AC
13B
EFC
023
227
0A5
105
F09
AAC
C80
175
F97
D9A
ECF
1F5
421
0BA
E55
F90
F00
01F
281
FB7
EBE
33D
491
260
DB8
D50
13B
FED
D19
ED9
E8B
F65
278
193
DD8
D37
F27
1B0
E06
C0A
068
392
27A
27B
178
FDE
0DD
1AE
FB0
D86
D3E
379
460
F53
E4D
0F1
FB9
F03
E00
C06
DF7
FDE
238
163
D4F
018
440
03D
CD2
E7E
FA7
25E
282
12A
1AA
0F0
27E
309
D18
B2C
FEF
151
F61
E7C
EF5
183
140
F5C
EBD
BFC
D18
252
0E5
D8E
06A
3DE
43E
1A7
DAF
F51
030
F88
168
FDE
E62
291
3EF
062
CD6
D01
FC2
FB4
CB8
D99
034
03E
298
252
DAB
D57
0D6
149
F4D
CE4
0F9
56F
293
11D
126
EEE
FCD
12E
E60
C6A
E15
26A
39B
ED4
CB5
0F4
00D
DEF
DEC
D26
E7E
281
32A
216
EFF
085
454
0B2
C2A
E54
0C7
1C7
265
054
082
0B9
0D1
0D9
D1B
9C2
F5F
240
F10
E8C
027
13C
1C5
F55
DBA
DDB
E29
2D4
2C3
ECC
05E
4AA
390
031
D60
DD0
08F
F1A
FAC
006
E47
106
3DD
EE7
B41
CB2
FAE
057
D7D
E47
200
2D0
214
217
E47
D3F
1C6
214
F05
E0C
0DD
55B
330
E7D
FDE
EEF
E15
03C
DB0
C0C
ED5
248
2D8
F3D
CDC
0EE
130
DAF
E8F
F31
FD3
33B
431
1AD
F99
054
2B3
165
B83
D8B
214
18A
068
064
ED7
F76
032
EF0
C7B
AAA
F90
3D7
023
E27
178
283
1AF
FA5
DB9
F0A
00C
276
365
FE1
FB0
449
31E
DF7
C26
CD0
F99
FAB
EAC
F70
FB7
038
337
F9A
B09
DE9
0FE
124
F3C
F0B
302
442
19B
19D
F32
D3C
09A
1F9
E3C
DDC
1A2
3B6
27F
DD5
D76
F19
D62
EA2
EA7
D32
FB2
3D3
2DD
F7E
DA6
086
2B8
E64
D80
135
18B
2C4
40E
094
E6A
022
10C
FEB
B44
BD9
26A
259
F28
FFB
F66
F0C
045
E5B
D32
D1C
0B8
53A
222
E99
1E6
356
0F7
F04
DEA
EB8
0CB
1FA
25B
FDC
E68
230
221
C0A
B0B
E1D
FE3
0AF
F88
FD4
145
14B
1EB
0C2
BAF
E7F
2D8
1EE
FF3
0A4
27C
47B
177
F04
E95
D20
EC2
14F
E2A
D3C
135
39D
11A
CDC
C33
F93
F42
E12
F88
F79
0A2
4F3
2ED
EDB
E72
031
275
F8F
D40
0EF
2F4
1F9
223
FD3
D35
EA0
FEB
E97
C13
C4B
261
3EC
F00
EDB
049
F99
FB7
F8A
E1F
F6B
1CB
516
353
E9C
03D
3EC
041
CAD
DBF
E80
110
172
0F3
FB4
DE6
06C
1DD
C5E
A03
F32
17A
103
07D
0A1
28B
1F2
0B2
038
CF6
E12
380
31F
F14
030
25A
338
FDD
C34
D4A
E2C
E9B
111
F8B
D37
0EC
38B
078
CB9
C4B
068
185
EE6
017
244
1EB
3F5
31D
E60
D54
05E
1CE
FB3
C90
F7C
416
11E
F8A
EA0
C7E
DEF
FBF
EBF
D62
E11
295
51B
015
D47
0CB
108
F95
F43
EC5
01E
2F4
3FF
293
E86
E06
27D
FF6
AD9
D1E
F77
107
20F
02F
F45
ECD
F86
109
E08
B01
FF9
46D
204
0FC
09E
1F4
259
FE8
EBF
E5D
E3D
270
3DE
E62
E8F
1E2
1B1
E9C
B38
BCA
F95
F66
035
0D5
E9B
0A0
414
089
C97
DB0
126
2C7
0A8
F7D
319
2E0
188
1D3
DD9
BB3
FC3
126
F85
D63
EE4
416
231
CC8
DF8
E12
DB2
002
01F
E50
090
38E
502
13C
CDD
FE4
2AC
F7C
E9A
FF8
057
2BA
2D4
07E
DD1
CAA
00C
091
B32
C3B
14F
266
1B2
029
EC9
F91
FD2
008
FAE
CE7
0A3
61E
326
F7C
03C
199
146
E82
D0A
EB3
F7E
152
38D
F5C
D02
108
0FF
D72
B1B
CC4
163
26C
F9E
12E
13A
10B
2A3
106
C56
E3F
1F3
344
0DC
E89
206
380
FA8
E2B
DCD
B94
F15
1AA
FB2
E0B
FC5
2ED
2E1
CD1
BF7
FDA
FCD
095
143
02A
1CF
3D0
380
083
CBB
E97
2C6
FA2
D4E
048
137
18A
164
E6B
CF2
CDF
EFF
0BC
D48
CC4
361
496
0E6
F51
F0D
FDB
0D6
FB0
FA5
FAA
0AD
534
3EA
D19
E8F
15C
FEA
DE7
BF3
E51
129
0B7
0E3
001
D2A
F76
1E8
E16
C2D
EA5
2B5
47C
0F1
030
2C0
11E
0C6
0C0
CBD
D98
284
357
0AF
E50
FC7
292
F5D
B3F
D14
DA5
F2E
214
0D1
ED7
043
266
294
DAE
BB1
0CE
36B
077
150
181
1B3
2B6
1C2
E29
C6F
CFE
22B
13B
CA9
EDB
289
115
F4C
DBF
C8D
E7F
FA5
0E3
019
E53
2B4
619
103
D66
F7E
0CE
0AD
FDD
F46
14D
12D
2B7
2D2
C8C
B64
053
FF8
D1D
C6B
F51
292
1EB
F7B
FFC
E78
EB0
1D2
06E
CB2
049
489
49C
134
ECE
18A
16C
E50
EBF
E80
DF5
247
3B1
F8C
DBF
E5F
16F
FCF
AD3
C8F
13E
114
1ED
21B
003
066
281
10E
E6D
C1F
09B
506
1C4
F57
17F
141
0B9
F15
CD6
C25
DB2
0D6
235
DEB
DB4
31D
23A
DE5
CE5
DC3
020
150
12E
14B
0FB
1C5
526
10E
B9B
E5C
1B2
0B6
FA1
EEE
141
289
045
F62
D39
AF1
EC7
1A1
DF3
DA0
080
3B7
2BF
E71
DE3
0C2
F31
04D
187
EB6
123
4F2
417
079
CF2
EC3
1E8
E49
C1B
FB5
036
109
2BE
F23
CCF
DE4
076
047
CF3
D05
354
435
172
0FF
060
02B
18B
00E
E44
E02
05F
4EC
2B1
D5E
F6D
19A
ED7
D87
C99
D79
FFE
124
1C8
055
DB8
1A5
320
DDA
C2F
FFB
203
369
18C
0D9
1CA
14A
180
060
B84
CB6
21F
1ED
F1F
ED2
08F
266
F43
C22
D95
D7E
F16
2D5
09A
E70
23A
46A
2A0
E4F
CC2
172
224
F96
163
0BD
084
341
230
DCD
C29
DDF
0E5
F8B
B77
F4F
318
0F8
05A
F3A
D07
EC4
0B1
0A9
FC8
F2B
398
666
0BC
E2F
065
04C
001
F95
DE7
F5E
114
330
226
CD6
C15
126
FCF
C78
D58
F68
286
277
0A1
079
F47
F8C
258
EF9
C10
0EC
47B
34E
0F6
F1B
0E7
08F
E44
DBA
D4B
CA0
1A0
362
E83
DDD
00C
1A4
F45
AFA
D33
14F
111
2DD
288
FA9
12E
3BE
128
D2F
CC6
070
3B5
FF5
EB5
1EC
157
01F
FCC
CBF
B32
E10
10D
18D
E3C
EAB
3F7
2AA
DB6
E04
EDB
031
1F3
142
0C8
130
25C
4D6
0AC
B1A
E0B
188
F32
E4D
EA7
014
228
076
F7A
D6B
B8A
FFD
1E9
DA1
DB7
29F
437
2D9
FC4
F1D
091
FF0
01A
109
DD9
068
58D
354
E78
D8A
F17
03C
DB7
C13
EE3
FFE
0E2
30B
F58
D43
023
178
FA8
D21
DC5
3A4
4E8
0F6
150
115
014
157
FD3
D09
D63
0F3
429
1A4
CF9
EFA
1FA
E97
D0C
D65
D62
02F
22C
162
FBA
ED0
274
383
D82
C59
0C9
216
21F
1D1
0B1
1E2
154
07E
F61
AF1
C41
219
0F8
DCF
F1B
13F
22F
F93
D23
DD4
E3A
FED
2AA
0F7
E79
32B
52B
16E
E39
DA4
08E
1D7
EC2
058
109
079
2B3
1BF
C1B
BAB
F16
01A
EFB
C51
FA8
3C7
1D6
001
FEF
D8B
F37
1F9
055
E88
00A
362
57F
021
D23
069
015
E7B
EAB
DBE
EC0
1D7
242
0AB
CA6
C9B
184
F4F
B9B
E48
168
2D7
30D
0D1
02C
066
056
283
F18
BAE
11B
4C3
200
F66
F86
FE9
048
D89
C78
D70
DDF
239
349
E89
DBB
156
1A2
EC6
C67
E62
259
159
1E4
2C6
03E
183
3BD
06B
C38
D73
0DF
31A
FA3
DC9
136
16D
F2E
EC2
C85
BD9
00D
1B6
046
E80
03E
483
2EA
D28
E42
034
032
1CA
16C
048
154
2F0
2DB
F6F
ACD
DDE
1BF
E19
D55
F66
08A
18B
0C4
E36
D0D
D53
022
200
DBF
E6E
461
48C
17A
FB1
ECA
08E
06D
FA6
02A
ED0
0AB
502
1D2
C74
D72
FAC
F52
D60
BEC
FDB
1D1
17F
267
FFB
D54
0D1
1B3
EDB
D95
FFC
3FE
47A
01A
013
170
F53
01A
EE2
BD6
DCF
228
29B
FEA
CDE
EFD
248
E60
BB8
DF9
F06
17E
3A3
129
FEA
0C4
260
287
D21
C28
25D
328
0D3
0DF
0B9
0FF
15C
F9A
C7C
B83
D61
286
155
CD4
F5E
29E
117
ECE
D18
E14
02A
17C
276
15A
F68
3A6
4A3
F12
C2B
E9B
0C1
160
E8B
F81
197
0C3
111
022
B41
B85
029
047
E82
DF6
12C
48A
182
EC6
F71
EBC
FB0
1B0
06D
EB9
16D
3FA
33E
E5D
C61
FCC
060
D50
E27
F36
F73
292
231
E67
C81
E28
1C0
FCE
BF2
F71
41E
34F
1F9
0E6
FBC
0AB
093
FCE
E69
DB6
245
5D4
029
D25
F9D
FEF
ECF
D5B
C2E
E9B
00B
1AF
269
EA9
E19
28D
194
CE1
D2E
053
3A4
323
108
1EF
0ED
03A
1BC
ED5
B1F
EAB
287
15B
E9E
E23
16A
179
DCA
CC9
D93
DC4
1AA
326
008
F41
24F
3AB
169
C93
DCC
28B
0D2
0F4
15E
0A2
14E
296
01E
C36
B21
ED1
236
E99
CBF
0F9
261
0A6
FF8
D79
DAA
F5A
0F5
1D2
F3E
FC1
58C
501
E95
DF5
F5D
024
050
EC3
F74
0B7
156
33B
FF7
A75
D5C
07F
EB8
D1C
E85
199
392
144
07C
FF1
E7B
0E9
249
E09
EA5
2F0
48C
274
ECE
E9A
0E7
F63
D68
E9C
DCB
F40
3BB
1A9
D8E
D92
F27
106
DCD
B7D
095
295
220
31D
0F1
FBB
14E
1D6
F81
D34
DC2
371
3AF
EC9
F44
127
FF8
F1A
D84
BBE
D96
02F
2C8
0A6
D92
FF0
42A
008
C76
EF3
00F
25C
297
136
1FC
13C
2A6
295
CC4
B18
0A8
232
FD4
EB3
F4E
1B9
11F
E27
DDB
C28
CBF
219
1F3
E48
055
3D7
3E3
030
CDA
F51
1B2
03D
168
104
FC4
275
3BA
F56
BB0
C8F
FF5
02D
C9A
DFC
1A6
1B0
0D1
065
CEF
D62
03D
113
FB1
E56
133
686
2C3
EDA
FEB
FDD
F44
0D9
E91
EF2
080
297
34F
E26
B32
FAF
0E3
C94
C43
EF1
114
2A8
1BB
04C
ECC
EE5
220
0EF
C04
F56
468
3B9
1B8
F92
FE9
125
E8B
DF0
D90
C72
087
3F3
F82
D27
F6C
0D4
FA6
CB1
C2E
085
169
1ED
340
022
F7D
364
26A
DC9
CA1
FCD
3DD
194
EC2
0C0
154
F6D
FEB
D02
AFE
DFA
15F
174
F43
DC9
226
393
E00
CA1
F55
F60
184
2BE
08B
0D2
288
3C3
199
B7D
C71
1A5
0D5
E7F
F8B
051
135
112
EB2
D27
BDE
E71
252
EBB
CF3
289
475
25E
F4F
DFC
F83
0E4
02C
144
FD0
F94
4D9
3BA
DBA
CED
EC5
06F
E2C
C80
E6A
13E
069
1D0
FBA
BEC
E68
15A
F88
E1A
E8F
391
54A
168
FB7
14A
FC4
FA5
09C
DAF
E11
1E9
37D
161
CD7
D5D
0D3
F1D
B79
D44
F48
09F
360
1B8
F01
F1E
0CD
25F
E9C
BF6
16B
4D1
22F
147
095
03F
099
FAF
DF3
C86
D61
2A9
2D5
D97
DEE
183
09A
E70
C6E
D2D
FFC
11B
1FD
244
F30
14B
4C2
FF4
C6A
E5D
138
271
08F
F22
14F
0E2
046
068
C37
AC5
FB6
150
F15
DAD
FE5
345
1C7
D47
E15
EE2
F65
281
22E
F4A
171
3F3
320
F55
BCC
F27
204
E9B
EA0
02D
032
15C
1B3
DAD
C12
D03
094
0F2
C8E
E47
42E
372
07A
03A
F17
FBA
132
00B
FE8
ED2
21C
5C4
173
C4F
EFF
009
EF4
DE4
D0D
F39
0E4
1F8
197
DFE
C38
0D0
191
D27
D1E
158
3CF
3A2
0C5
022
0F1
FA7
08B
FF9
C60
F19
414
2CF
F29
DCE
FA1
0C2
D84
BA1
E62
EAB
0DB
376
FF6
E0E
13A
280
030
C9E
DAD
361
32B
0A1
1C4
19F
053
1C6
FA8
C64
CB2
F77
31F
055
D32
061
24E
EEA
DC3
D19
D22
013
238
1ED
04F
FDA
39D
3F0
DB4
CB8
0FA
128
0A7
109
06D
174
1D5
11F
F60
B07
CA2
1F8
FE2
C96
FBC
1B2
29D
05F
DAE
E2A
EA2
FA7
2C3
017
EBE
420
52C
0A5
DF9
E0A
045
055
E25
F43
083
047
349
13F
BC5
C2C
F9B
06A
E0A
C2F
0E0
45F
1A9
032
03A
E47
034
21B
F41
E3D
05F
433
459
F08
D9C
0FC
F91
D7B
E56
D77
F0F
255
237
FAB
CC8
E3D
24A
F41
B28
F21
29C
2F4
2BF
121
FF7
14B
0B9
0E7
D61
CCC
253
50F
026
E9D
0BD
087
F5A
D26
C09
DF3
F88
26B
20A
DE3
ED2
3B0
0A9
D2E
D7E
004
31A
26D
0CF
208
12C
148
23B
DB1
B37
EF8
240
131
E18
ED8
1FC
158
D8F
D95
D13
D1A
14B
22F
F13
032
380
479
0F9
C4E
F1A
1DC
053
02E
14C
FDD
1CB
2E2
FC9
BC4
B34
FFA
159
CF5
CD2
207
269
074
008
D82
D94
008
149
143
E65
0EE
6B1
328
DD0
F3B
00E
002
046
E4A
F4A
040
216
320
E6F
AB3
F52
0E9
D6F
C6D
ECB
1C3
351
103
030
FD4
EFB
17F
16B
CEE
F1C
49E
463
137
DF7
F64
112
EC6
D4B
E57
D63
0C9
415
FFF
D2B
EED
0AA
FFF
C44
C82
191
23F
1C0
2BC
0B9
FC3
2E3
12F
D93
CBC
001
3FE
273
E2D
030
1EA
F57
E88
D12
C0B
F5B
1BA
177
F10
E18
237
38B
D91
C5A
FDA
0DD
1EB
27D
0E8
148
1DA
268
06D
B2F
C76
27E
0C5
DDD
F65
0C9
1D8
024
D65
CF4
D3E
F0F
2E7
016
D4C
2C9
518
1CB
E6C
E34
0AD
19C
FFF
0F5
0B7
021
395
234
CB1
BF9
F8E
048
E71
CA6
FC7
2E5
0F7
008
F29
CD2
F02
236
01E
DEF
0C2
4A1
4D3
03A
E68
0D1
015
EDB
FC6
E32
F0B
2DE
35F
F84
CC2
D13
17A
E88
AFC
E9D
186
1C1
2F6
0EA
EB7
FE6
0F4
156
E3B
CBD
2FF
585
16E
F99
0CB
055
F80
E30
CD6
DC2
F54
242
25F
D4B
D9C
1DF
FE4
D29
D30
F47
23E
2A7
1CA
1AA
019
0E2
31C
EC1
BA9
FE1
2D8
1CC
FF5
F07
117
0E1
E1A
E08
C08
C93
1A4
278
E4A
ED7
192
315
001
C58
E8B
17F
0A6
1C9
1D9
FA9
253
425
090
CE2
C9A
038
1BB
E47
DC0
1C1
10F
04A
FE8
C2C
BF7
FA4
14F
015
E03
0B2
595
2DA
E5A
F8F
F95
02A
155
088
FDB
0DE
30E
3A2
E7E
AFB
EFA
0EA
D69
D63
F58
06B
27B
0F4
F24
D95
DFB
13A
113
D1B
F2D
4FA
3E3
1C9
FE1
F38
12C
F7D
EA2
F13
E2B
15A
46E
FAA
C2F
E9E
08B
F18
C26
C68
FE8
1C9
1D1
2A4
ED3
EA2
23C
14A
D87
DF4
142
4B0
2E3
F32
11F
131
F2F
FA2
DDD
B4A
F28
297
0ED
E98
DE2
10F
1FE
C75
CA4
F70
F9B
246
32A
02E
FEB
2E9
304
FC4
BA0
E26
2F3
1E0
FC9
0ED
0DC
066
0F4
E08
BC0
CD4
03E
23B
EF0
D5D
2BB
3A1
F85
E1C
DC1
F37
150
148
138
133
178
42B
262
BA6
CFB
078
FFD
EE4
E2A
FC8
22D
0BE
003
DF7
B80
EAE
22A
F05
D95
178
46E
3E4
FEB
E54
06F
FBA
007
0DE
EB3
FB3
49F
309
E58
CE1
ECF
051
E61
BE8
F2B
0B9
08F
296
049
CFE
EDE
185
FD0
DEE
E6C
36C
558
10B
070
167
EF1
095
FBA
CD9
DC4
172
36A
143
CD6
DF9
203
E16
C30
DE4
E60
11A
2FA
154
004
F8A
1E2
318
DF4
C10
256
3A4
1AD
14D
08F
0CA
12D
F6B
D66
B72
D1D
2F3
1A0
CEB
F08
208
045
EAB
CF6
D29
0C8
114
2E4
11D
FB2
2AD
4DA
F3B
C37
F25
185
1C6
FB9
F9E
1B5
0EB
124
FAA
B14
BC0
0F1
076
E5D
E98
15C
39D
128
D57
F66
EAA
F9F
299
112
E62
265
51F
1D9
D94
C42
07B
05F
D48
EB5
009
016
27D
14E
C95
CA3
EFA
167
F60
CB0
0FC
4E2
2CD
083
113
EAF
FF4
148
F50
E5A
F9A
345
4F5
E3F
C96
07B
F25
D66
D39
D7B
F71
232
203
06C
E31
EAD
228
FFC
BC9
F07
319
333
2F8
0D4
081
0D9
010
00C
CFF
BB4
1A8
3CB
FB8
E0C
FA9
091
F9C
CEA
C44
EAA
FCB
277
305
EAD
087
410
192
DBB
D6D
073
311
1D7
062
180
0BD
0B6
20C
D29
A43
ED0
17D
051
E4F
EAB
300
183
DB5
E49
DD7
E01
2B6
28A
FAA
060
369
46D
0E5
BAA
EB1
1A8
F6C
FBA
002
FEA
169
294
EA3
C44
BA6
FD0
104
CE8
DF6
374
2E4
13B
061
DC9
EDB
162
166
104
EF8
18F
5F0
272
D42
E77
F2F
EAC
EE9
D84
E91
0E2
1A3
24A
DCA
BA9
064
184
D42
D83
090
307
3C3
14D
0A8
FFB
FDA
18C
056
BAE
F60
4D1
24B
F7B
E55
FB5
0B1
DAA
C3B
DB7
E62
17D
3C6
F88
D6A
188
1D5
F38
D64
E73
360
30B
17A
29D
069
FA9
23A
FB0
BAB
CD8
0AB
2C2
F74
D96
10B
1BC
E52
E9A
D8E
C9B
0AB
316
0D0
FA5
099
405
281
CE5
D75
198
0A9
0B6
1A8
FDA
10A
20B
072
D89
ABE
E42
1BE
EF9
CA1
0D2
1E3
14D
0E7
E03
D86
F74
132
1A6
F0C
F53
5AF
462
E91
DDB
F2E
F94
02F
E99
F10
02F
0ED
380
F49
ADB
DF7
135
ED5
D32
E64
1D2
36F
1BD
096
FC0
E76
175
2B0
D96
DF4
3AC
467
177
EAE
E4C
054
ED2
DD7
E1F
DDA
F4B
448
092
D97
ED8
146
0AC
DCD
CAB
112
355
218
2FA
0DF
F0F
1BB
18E
DF8
C3C
F14
343
2B6
E2F
F43
0FE
E96
E89
D7F
BB8
E4A
208
212
F5B
EAE
275
3B7
E05
CBA
029
079
1E4
29B
08A
06B
1C4
21C
FF0
AE4
C04
1B0
0DB
D81
012
05C
129
0AA
DD9
C87
D4A
FEC
2E7
02C
E8B
35F
572
0AB
E8F
E3E
FBB
0D1
0AF
FE7
003
036
3E8
1E2
B6F
B8F
FE3
F64
E31
D93
FBF
2D8
1D2
0A2
FDF
D02
EF7
359
FBA
DF2
1C0
46D
3C0
027
DFC
044
F9D
E79
F8F
DA7
DD9
33E
2C7
DEE
CB3
F25
142
EC8
BC4
EFF
24E
24E
3BC
23A
E6A
0DE
29F
FCD
D06
DA9
2B2
404
FD2
EF4
08C
EBC
F39
E49
B31
CA1
0AC
212
0EE
D7D
FCA
358
FFD
CC3
EAE
FB9
1AB
3B1
21F
0C6
0F2
243
202
C8C
B06
097
23A
F5B
F8E
F8A
05B
163
F72
CE3
BD9
D80
2C4
186
D63
117
4B3
23F
FE5
E81
EA1
0CF
16A
1AE
0BC
F2A
2C3
3AD
DB7
B56
E60
FB7
F22
DCB
EA0
114
145
17A
085
C57
D42
241
0B4
DEA
F9B
372
491
213
E61
FAD
F3D
F37
117
E59
D11
258
3C5
04A
CF2
CA0
FF5
F6A
C8D
E07
0C2
0BA
3B7
2C0
DD5
F05
176
1B0
ECC
D71
101
501
187
081
09B
E98
F6C
FF9
D15
BC2
EE9
293
2A3
DC6
DB2
220
02B
D36
E36
E8C
036
3F9
398
0C2
05C
140
3A1
EDA
B48
F71
277
0BE
054
FA2
F78
095
045
E28
B6C
BA8
125
29E
E1C
F47
2DC
2AA
10C
E65
DEC
FA0
13B
220
1E3
E90
1F6
569
FE4
BF9
D60
F02
010
EAD
E4B
094
05E
1A4
15A
CB6
AFE
0C0
1B2
EE5
E8A
1A4
50D
372
028
FB1
EDE
ECD
1B2
00C
C84
0D2
48F
210
E1F
C65
ED8
000
CD5
DA8
F1F
F04
33C
3EB
E70
DA5
006
1E1
035
D5D
F7D
495
339
183
140
ECF
F65
0D9
E8A
C61
D12
166
3CB
F50
CC5
060
045
E67
E4E
D25
E87
2E0
3D9
211
F7F
002
451
147
BCB
E40
16F
132
21E
0C9
F8A
FF5
081
FD8
C49
A86
F6B
2FA
F0D
E5C
14A
1B4
205
F47
DB7
EB7
FC0
273
298
EF8
08A
58F
234
D98
CDC
E40
046
FB2
EA1
F59
FAA
125
239
DE1
A70
ED2
162
FB1
E98
00B
3EB
3D3
115
040
EF5
EA4
245
17E
D97
F46
363
3F7
FE4
CE8
E0A
FAE
DCC
E49
EF9
DC0
1A5
45D
FF9
D0E
F01
12D
108
D7E
E3D
347
37A
31D
281
F24
EB6
1D4
002
CE1
C63
00F
425
0D4
D6C
F7F
F76
E22
EEF
D1B
CAA
0B0
32E
2D7
FC3
F9E
36D
2C3
D0F
DFD
053
0E4
288
200
00B
034
0AA
188
DAF
98D
DCD
2C3
02B
E6B
048
0E1
1E0
0D9
DF9
D91
E66
209
385
F72
F3B
406
3D1
F7D
DD2
D94
FDE
074
FC9
F9C
EFC
003
381
F4A
9E2
D1B
04D
013
F5F
EBD
1BF
3B0
213
191
F01
D1B
229
29D
E3F
EDE
23C
41F
23D
DDA
D98
EFE
D67
E60
EBF
CAF
FC1
41E
1E2
E47
DB4
FB8
1D4
E1C
D3B
19E
27D
315
39B
048
E39
0F4
18F
E50
C42
E75
30C
1C3
E24
FA2
FCD
E51
F8E
DCF
BB3
E8B
24E
40C
03E
E48
251
397
E98
DF7
FA0
FEF
263
29C
0CD
FFA
04C
20C
02C
A8E
C00
0DE
099
F2E
FD9
FB2
106
156
EF5
DB6
CFD
082
474
0A0
ECC
30E
428
194
ED6
D84
F03
037
04E
0E9
E3B
F56
38E
1BF
B58
C3A
EF5
010
F17
E05
068
266
1F7
272
FC2
C49
056
33E
F89
DCF
117
3AE
3A4
F62
E7E
F17
DFD
EDC
F73
C1D
DEF
2F1
28D
EDC
DBE
EEE
137
ED9
D91
FEF
0A7
2AA
4CF
173
E8C
088
24E
00D
C4A
CD7
269
26D
F78
009
F4E
E11
015
E7B
B20
CBE
0F6
3B7
1B0
DCB
0E5
371
FE2
E6A
EAE
E97
184
374
1E8
FDD
FCA
264
17C
B2C
B3C
009
032
F28
F87
FAF
035
23C
086
E9E
B8C
E99
3D9
132
EB1
20F
3DE
2E5
0DF
DD4
DEE
F71
02D
186
E5B
E3B
37D
366
D0E
C09
E01
F2A
F3F
E4D
F4E
11F
174
3DA
1AD
C88
EE3
308
0CC
E34
F55
29E
439
153
F7E
F56
D81
F62
06E
CB2
C4D
1F5
2E9
074
DDF
E69
11D
FC8
DB1
F35
F43
10F
52E
303
F0E
FF9
21A
1AB
E12
C5A
0B3
229
08D
0F5
FB6
E17
071
016
C05
B87
E79
2D1
210
E83
034
2F7
116
02D
F32
D45
009
359
2B8
0BB
F26
267
31A
DCA
B9F
E55
F3C
FB6
057
E78
FB3
1A7
1A0
F7B
BC7
CFD
2C0
15D
E88
107
2AE
312
1EF
FBA
E72
E8F
FBF
1D5
F50
D19
29F
3FE
F85
D60
D6A
E05
F3C
EEE
E92
F6A
107
418
30B
D33
E5D
1E2
0C4
EDA
EA7
0B1
414
2D1
0DE
013
D0C
F3F
15E
CF2
B22
F97
2C3
1F8
EE8
E24
0FB
FAE
E89
F54
D60
F06
4CF
432
004
FF4
1CC
34A
F1D
C64
F5C
127
0BA
1C0
02F
D85
099
177
DBA
AF6
C45
10C
26A
E93
FE0
288
12C
15B
03B
CFD
E49
1D6
2E9
0D2
EB9
20C
4A0
FFF
C86
DC5
D7C
F2A
029
E87
EBF
074
237
1E7
BF8
BBC
141
148
E6E
01A
1BC
2C2
41E
185
F75
E24
EF1
256
F92
C06
070
439
112
EE4
DAC
DBE
F39
EA6
E82
E1D
EB9
3E5
4B7
EDB
E90
117
12B
F9C
E02
F74
2BA
2C0
27B
18C
DF2
EDD
260
E6B
A9E
DB4
116
24E
02F
E64
051
FE4
F5A
015
CAD
CB9
305
456
0CB
010
18F
373
169
D11
E16
F74
FE3
281
13C
DB6
016
231
04C
C54
AE8
F45
1CC
E86
F8D
183
153
279
21F
DB5
CFA
036
286
1E9
DED
085
50E
204
EA3
DF9
C88
E6F
FCF
E92
DA9
EC6
251
3DA
E8A
B8C
05A
120
EDA
F4D
FDA
19B
412
37A
17C
E5C
EC6
27E
088
B68
F0F
296
218
0BD
E91
E6D
EB5
EBF
EA7
CFD
BBB
222
555
095
EF3
10D
245
111
E7F
DE6
0AF
0F3
379
34C
E3D
F0E
271
04F
B5C
BC8
E56
1D8
02E
F01
104
00B
FB7
159
D4A
B42
076
3B8
257
FF5
024
42A
2DC
EF6
EB8
DFE
E25
18B
198
E1F
F52
225
256
DD5
A6A
DF1
08D
E44
F68
0AD
FE8
325
3C1
061
DB1
E8A
1E8
260
DB6
F32
3BD
29E
0CB
FDA
D7A
DD2
F8E
E9F
DAA
CDD
05A
4D1
089
CB2
F65
08F
F89
F46
EBC
FBF
298
4EF
410
F67
E2F
2A4
156
C42
D05
FE2
191
197
07C
F2B
F14
EC9
07A
DA8
ABE
F3D
454
1A0
FB0
0AC
1F7
284
F91
E65
F62
F13
2A6
3F9
EE5
EBC
27B
22F
DA7
B6D
C9D
029
00A
F22
0CD
F88
072
31A
F8A
B60
E2A
180
279
FC0
FCF
3EB
400
0E6
078
E3E
CF0
05C
14E
DF2
DAB
0BE
3AD
114
BBD
D96
FB5
E02
ED5
F22
ECA
216
438
28B
F89
DAB
123
337
E21
D7D
19F
1F4
237
1B6
E98
DBB
F80
F64
E26
AE4
E05
423
1B2
ECC
015
09D
005
051
E0B
E0F
019
2AF
544
13E
E1A
2E9
317
E16
C6A
D96
F58
185
07A
FE1
F4E
ED3
16C
FEE
A6C
CDC
18C
1EE
089
FAB
25F
442
195
00A
EF7
CCF
0D0
36C
FA2
DFB
163
33F
0FC
CA2
BC3
F50
ED9
E84
09C
E68
FB4
43C
280
DC6
D5B
04D
249
FC3
E78
250
346
293
2F6
FDF
CB6
F6D
162
EEC
C7D
DD2
304
305
DB5
DEB
FB1
E0C
F2C
F3C
D2A
FDF
358
427
1FF
E3E
134
3FC
EF6
D16
F15
FEB
20F
24D
00E
EB0
ED4
0A4
F5C
AD0
B49
174
25E
F76
027
061
1BB
167
F10
E4E
DEC
075
50E
1D7
E64
1B5
3D5
184
DDE
CBF
E34
F81
F28
09D
EF2
E70
2EF
279
C5D
BE4
F31
13E
11A
F5D
120
3A3
2AF
2A8
0AC
C9C
EA0
27D
FE5
DDF
EFE
25E
3B8
F06
D28
EB6
DD2
E84
FC2
D87
DE5
33B
467
160
DFD
EF0
2B9
08E
D74
038
18E
1B3
441
150
E73
EB9
0BE
094
C7D
AAE
117
332
F9F
F74
FC7
F2D
0DB
FE0
D44
D52
093
421
391
F0D
0B1
486
103
E5B
DA5
D77
036
157
17B
F4D
E67
124
2DB
C97
A2F
E8C
060
04B
FC2
FE5
219
2C2
1BF
096
D1D
DA6
32F
1FC
E12
FFE
2D1
34A
0F8
D10
DC6
E45
E01
FE5
ED4
CE9
1FC
40A
065
D52
D8D
075
131
DAE
F56
21F
1D6
3E8
351
E53
E6B
153
0A8
E60
C58
FB1
3A0
0E0
E78
F98
DC6
EB5
01C
DBB
C5A
FBF
3BC
417
FAC
EEB
2D6
239
E47
E98
E96
F64
2D3
23D
03E
EBE
047
287
E13
972
E25
0F6
01A
040
FE2
FC9
109
14A
FE3
CE1
CB6
268
405
F24
01B
336
372
1B9
EB8
CC2
E86
F7F
070
07F
D17
FB1
48F
06A
C13
CA9
EB8
080
EC5
E90
15B
1AC
38C
41D
F79
CFE
1AE
20F
F12
DF6
010
3CE
29C
F55
F6D
E0A
D8D
04A
E84
B5A
EC1
30C
34A
024
D92
0DE
200
E8F
EEA
F4F
F1D
3AF
457
0CC
EE8
020
27C
FC0
ADA
CBF
13D
0B8
022
0E5
EAA
F7F
12B
EE9
C6F
C3A
047
400
064
F0A
34B
32A
140
05D
DD2
DC7
036
140
150
EAF
F0A
378
156
B7D
C3F
DF1
F3E
FC6
EC4
F79
111
1FC
354
FC8
C06
03C
326
FC3
F29
0BF
364
420
0FD
EE7
E77
D4D
FD7
036
BE5
D15
26A
2FF
FCC
DE0
E37
09F
EFE
DC8
FCC
F24
220
56C
266
EB8
F92
217
0F7
D22
C35
184
215
095
0C8
F0F
E5A
103
FA5
C1C
B93
F32
3DE
22D
E32
17A
34C
099
0B5
EB8
DC6
065
2E6
236
FA8
F10
2DF
2F6
D2B
BB7
E06
EAD
F69
FD4
EE7
0AF
19F
247
05E
B7A
D72
2C1
082
EE3
0F3
316
37D
234
F8B
E5B
DBC
F0A
1FF
DCD
C7D
205
386
021
D54
D36
F73
F2D
DB5
ED0
F03
071
525
32B
E3A
F2F
197
1A3
EFA
D42
0B8
309
192
186
061
D52
F8A
0C1
CB5
A8F
E37
254
2D5
F31
F1E
1E2
07B
FBA
F73
D9B
EB6
361
375
116
F93
233
45B
F2B
C22
E18
F4E
FCC
13D
F81
E80
065
122
02C
BB3
B80
13C
1F0
ED7
019
2A2
2B5
31F
084
E36
E23
F55
260
071
CBC
0FB
487
0FD
DC7
D05
DA2
F00
E81
E60
F00
F15
3C0
490
E7F
D2C
132
17F
FD3
E0E
F86
3A7
2B3
25F
164
DC2
EAE
19D
EB1
B5B
DA7
146
2EE
FF1
D95
FE2
00F
E9E
F70
DB5
D76
259
44F
1C0
FF4
07F
3C4
160
C8E
E0C
05C
01B
1BF
0C7
E42
FDD
1BE
094
C9E
A30
EC9
29B
F45
FB1
166
185
1F4
16A
EAF
D88
FD9
262
270
E25
F7A
489
27B
EAE
DC6
D3E
E14
F62
EB3
F04
ECF
0CB
420
FBD
AE2
F1D
12F
F95
EBF
F0C
21C
38D
2B1
220
EE8
D97
18A
177
C99
D26
118
2E6
139
DBA
ED8
F74
DDB
EE7
E22
C33
086
48C
270
F86
FDB
236
2C9
E50
D34
0DA
0C3
278
305
FDB
EDD
16B
0A4
DEB
AA8
CA9
1F5
0A2
EB2
0CE
0A4
119
1BE
EC6
D38
E90
1D1
39B
0AF
EAD
381
447
F5A
E39
E2B
E06
031
03B
F20
EA4
FB8
36E
1C7
AD6
C35
091
FFC
EE1
EE6
0F5
387
2B5
266
FFA
D92
085
303
E3E
CFE
0A3
328
29D
F92
DA6
F5B
E14
E73
F38
C0B
E08
3CD
323
F81
F44
0B6
28D
FA6
CFE
F91
144
24C
422
183
E54
112
1C9
F8E
BA5
BD8
0BF
200
E7E
F75
078
F68
0B5
FFB
C3E
D14
032
393
249
E66
1E8
518
111
EF7
E9D
DC7
FF8
17C
FD4
F18
F38
24C
2E7
C43
AB8
F14
FFB
E92
F85
F71
1CA
2D6
1F5
102
D11
E4A
351
138
DDA
052
322
42D
10D
E0C
E53
E39
E30
F84
DC8
C12
207
479
018
DD0
EC2
112
0AD
D4F
E85
127
183
486
32A
EAC
F49
25F
0D1
D8E
C02
FA1
320
025
FA5
03A
E9C
FEC
01B
CA2
B86
EC2
2B1
31C
F5E
F52
3BB
2B5
F3A
F6A
E30
FB6
2A3
1BC
081
F74
0E5
3C0
ECA
A10
D5C
039
F0E
F8A
EE3
F79
27F
21D
12D
D9D
C18
179
30B
E9F
F30
339
3F6
2DC
F0F
E6D
F0A
E5D
FC3
F59
BD1
F93
399
198
DBD
D39
F4F
076
E03
DC5
02D
102
2F1
4A6
070
E7A
1B3
1F1
001
CC1
E53
33C
26E
F80
0AE
F27
E43
069
DDE
B1D
CD2
0BE
39C
080
E09
1F4
313
F7B
EEB
ED7
EB5
217
324
1BD
F35
036
3C7
1E9
B2E
BDC
F6C
F9D
FC0
F1F
F65
0BF
162
10C
E4E
B17
ED5
3A2
095
E89
1C3
377
410
105
E77
F64
F26
FA1
1DC
E22
D69
350
31F
EE0
C74
D9D
FED
ED2
D1B
EEE
FEE
10C
4FC
1F1
DC0
F4C
210
0FD
E50
D67
206
4BA
0BB
0B3
FF2
D99
F91
FEE
C27
BE6
F35
2F8
224
DDC
EA2
24C
05B
EA6
E4F
DBF
06B
3A9
32E
157
F83
22A
494
E92
B01
EC6
035
041
0A0
F7D
F7F
094
077
FDF
BB3
BA0
1DB
1F2
E1D
029
2D1
3CA
26C
F63
F01
ED4
FD2
292
06F
D1B
12D
483
0D4
D18
CA2
E90
FDD
D78
E80
049
F92
30E
3C4
E56
CBD
06E
1CE
00C
D3D
012
49C
28D
15B
0BA
DC2
E75
118
E83
C09
CBF
18D
3BC
F60
D40
0AE
0DE
E79
E81
DD9
EDA
262
424
2CF
F85
054
412
189
BB3
D89
027
0E7
202
055
F3C
021
055
068
D02
984
EBC
329
FC6
EF8
0F3
261
2E2
FF9
E3C
EED
EC4
1FF
379
F01
F74
43E
2E9
ED7
C56
CF1
01D
E19
E41
FA4
F17
111
466
FFB
BB8
E1B
0ED
14E
E76
E68
312
432
1F7
205
F24
DD0
0AA
06E
D57
CE8
F6F
439
1B1
D2A
E7F
01D
E39
F1A
DC9
D29
0A9
30B
373
08F
E90
1AF
3AD
E3A
CF7
004
15B
243
1E5
FA7
FBD
FD7
0A8
F30
A68
B74
18D
1AE
EAA
F53
0EB
1CD
0B1
E56
E5B
DEE
F72
43B
17F
ED8
2F8
403
142
D82
C45
F8A
027
ECB
FF9
F44
EAE
2E2
19E
CD8
B9C
E60
102
FDB
D5D
0C8
3E5
220
213
07C
DC3
F3D
219
025
DFF
E74
2B8
47C
F4E
CF3
F93
EAA
DF9
EF0
D35
E89
18E
37B
261
DE9
F3C
32A
0A5
D48
F17
0B2
294
36A
1B6
055
FE9
FFB
16D
CCF
9EF
FC2
28F
013
F4C
F10
082
11D
E47
DF8
D84
DE6
382
364
F68
02B
426
380
FF1
C89
E15
123
FAF
0C5
0AE
E4C
096
300
ECC
B7C
C6F
010
192
E52
E7D
2A9
281
20A
1F4
E56
DE0
158
20D
017
E37
09D
5B1
289
D31
E46
E3E
E2F
F44
E0E
DB9
FA1
24F
328
F13
C02
0C6
233
E2E
DC3
FD2
1F6
3CC
2F1
13F
F80
F08
1BB
102
B5C
CE9
24D
231
FFB
E98
F17
082
EB9
E4A
DD9
C37
060
515
18D
F01
1FF
3C9
27F
E14
CA0
0C8
0C1
145
233
F9A
F25
279
164
CD3
ACD
D25
1F7
037
DCC
0F0
18E
173
229
F88
C96
F27
210
298
010
E94
41E
52B
F42
ECB
EB3
E01
FA3
F45
E4D
E5B
010
350
14B
BB4
CBD
0F6
FC6
E69
F1E
05C
3A0
377
262
06C
E8B
0CC
2BC
E5C
B89
081
339
25D
F98
DDF
F85
ED5
E14
F46
BE7
CC6
384
381
016
F45
0DA
29E
066
D14
F16
11F
17D
379
1C7
ECD
0E2
217
FEC
C1B
B20
F9D
1EE
E99
F4E
0FE
00F
143
080
D15
D03
F4D
2B4
296
E93
16D
57C
234
F39
E84
DAE
EF9
0BF
FE4
F3F
E7F
19E
392
DF1
AD5
E45
00D
F21
F13
E95
203
369
274
25D
E47
D74
26C
1B0
DF7
E75
209
3C0
248
E60
EA5
EE1
D5F
F6C
D9E
B78
02A
374
1B2
E9C
E38
13C
187
DFC
DC4
062
0F2
397
40A
003
F9E
166
17E
F2D
AA2
D63
25E
0C6
F36
037
F8C
F3C
09C
DF7
BDC
CBA
0CA
427
092
E5B
341
3A0
0D9
FAC
D9F
EC0
129
116
1B8
F1E
F5E
3A7
194
B49
BBF
EBE
005
FAF
EAB
FDB
19A
1FB
288
FBC
BE9
FCB
316
049
E72
0B2
40E
447
014
EA5
F1C
DBF
EFA
03B
C0F
D52
280
2E6
052
CB2
DE2
157
F62
D2E
F71
011
1C1
4E6
262
F32
FD2
11B
199
DF6
BE3
0DD
2DC
FE8
0E0
F96
E86
02E
FA3
D2D
B5E
D87
3EA
34B
E57
029
2D9
165
03B
E92
E06
031
17A
396
1AA
DAA
1CC
38B
EB2
B68
D17
ED9
096
F26
F08
054
031
1DF
194
C69
C11
15E
267
071
F9F
19F
4DC
2A8
F87
F72
DE9
E5F
224
FBA
D20
FF1
2A7
244
E9E
BCF
F7B
FF1
D87
F05
F05
F63
3E1
3E6
119
E2B
F01
2D3
15E
CCA
F2C
2A1
28D
21C
04A
DE8
EC7
F27
EDA
D68
AE2
07F
49B
0B6
EB5
0B8
0A4
0B9
F46
DCE
F46
08C
38A
46C
005
E7C
32B
1A4
D76
C08
DF9
11C
0F8
F89
0D7
EDD
F65
207
E6C
A75
DA0
1D2
272
044
FC4
34F
430
0A7
01D
E07
CEE
149
271
01E
E97
101
341
1C0
BCE
C36
F2D
E20
F11
F90
ED7
143
352
257
F97
C61
FC3
37E
F61
E87
1CF
2C4
309
1F6
F46
E4D
E27
FBB
FCA
B76
C94
328
35F
F31
DF3
E86
FD6
F8B
E9D
EF3
F89
1FC
5EA
2EF
DE1
029
256
0A5
DC0
C98
023
21B
119
165
FBE
D6C
047
087
BCD
B7F
EE3
260
2D2
F83
011
2FB
148
081
006
C8C
F1A
308
2AE
10C
EDA
1CA
3C3
E5B
BC9
E3D
E00
F4D
11D
EDB
E8F
0B7
27C
159
C06
B97
1E5
225
FD2
0AC
1CF
2C2
3C3
096
EBE
D43
E3C
203
04E
BD0
012
377
1B5
E6A
CD9
E1B
F1D
ECD
F7B
F32
E87
35B
589
015
E18
05C
1A6
053
E06
F27
1F9
1F5
27E
162
D60
D32
064
E92
C23
C28
049
34E
0D9
EBB
0F3
FE4
FD8
13F
E5E
D3F
16D
493
3EF
FE0
F33
33F
1A5
D05
DE3
DDE
ECA
17B
10A
F7B
E74
015
1EF
E9F
9C4
DFC
1F6
10B
0DD
130
163
286
1EE
05C
DF8
C53
194
38E
EE2
E4E
229
274
070
D81
C5A
D9E
E1F
FEB
0F8
DE9
FC3
50A
252
DC1
D9A
FD9
200
06C
ED6
1A6
232
295
417
F8F
B90
F15
0D9
F06
C58
D32
2A4
27C
EFB
F7E
E2C
D03
FFB
009
DD1
EBD
244
58D
262
DF2
02E
2E4
F9F
EBA
ECB
E72
15D
301
131
ED7
D08
00E
177
B83
B36
FAF
0F3
1EE
15C
016
0EB
0DE
14B
06C
C59
E74
431
2F9
024
FF4
13F
1DE
FA3
C68
D21
D36
F35
278
F53
CD9
196
2FA
FC7
CA0
C74
092
1D1
045
164
1CC
0E4
42A
2FA
D65
CC1
F7F
1B8
038
D7F
00A
2ED
047
ED5
E62
B76
E2A
0C5
F89
E74
F38
380
533
F8B
D89
0DC
07C
065
05A
F06
FCC
288
37E
14D
CD7
CFC
1A4
F01
B87
D97
FDF
172
220
008
F39
ED8
FA1
1D7
E87
CD6
1FA
4FB
305
0C8
051
147
107
E84
E80
D74
DCB
2E4
2EA
DD6
D88
08F
141
E28
BF1
D70
145
09F
1E5
1FE
F4F
0EA
411
0A8
D06
D88
101
389
01C
F29
246
12C
FEA
FBC
BBB
B98
F03
161
06D
DCB
F77
448
198
DAE
E20
F42
FFD
1DA
12E
037
0F4
323
453
F3B
AEB
F01
145
E8E
E18
EA9
0BD
22A
0FE
F10
CC9
C04
0B1
15B
D46
EB0
307
3F6
1ED
FA4
F19
0BC
FD6
09A
002
D82
0B2
4F0
16E
D41
DD7
F52
020
D23
BC8
F46
0AE
1B0
369
F64
DE0
139
22C
FA9
CFB
EFD
3D9
37C
0E2
193
0B7
FBC
11A
EE9
BD7
CE9
0E5
355
064
D19
07D
230
E82
D33
E0C
E3D
1D8
2FA
279
0AC
006
3F3
383
CF4
C83
11F
11A
0A0
06A
F8E
0A1
0B0
09C
E03
A24
D0D
2A2
053
DD9
FFD
298
332
100
E87
ECF
F09
09A
311
F88
E51
3A6
43E
04F
D5A
D06
02D
F74
DB6
F2A
F4F
F90
380
154
C4F
D48
018
1A3
EFE
D5F
1C6
44D
289
1CD
0B3
E5C
FF6
1A2
F04
CD3
E66
309
394
E10
D98
03A
EA4
E0F
E5D
CE4
F0B
23C
391
181
E42
FD1
3B3
006
D39
F13
12E
253
2C4
105
010
F86
000
0CE
C13
A33
FF1
2A4
0BA
EF6
FA7
0AF
130
EED
E5A
DB9
EBD
455
3DE
F6B
0A6
36E
2EA
F72
C79
EB0
0A0
FC5
0E5
04E
D95
152
2A1
E64
B44
C14
073
1B7
E5D
F62
288
248
24A
1B8
D78
DC2
159
26C
0AD
E4A
0C7
52C
189
D13
E4E
DD4
E15
061
E08
DA9
F9F
250
41C
EA9
BF3
0C5
162
F12
F84
FC9
212
42B
2D1
169
EA5
E0E
1C7
0BB
BDD
DEF
224
241
0A4
EE2
E59
F3E
EBF
F0F
E43
C01
106
585
175
F5E
04F
1F2
1BA
E9B
DAA
055
0B5
307
34E
F35
D84
143
0B3
CA4
A73
D7E
226
102
EFD
102
035
FFE
252
FC9
C0F
EA6
327
3FB
0F1
F3A
34D
3EC
F78
EBF
D7D
CE2
09A
179
FAA
E4A
F19
325
14B
AE6
C0F
F5C
FE2
0E1
0D9
056
22A
369
278
F83
C19
006
339
FFC
E51
0F3
227
244
04E
D93
D35
CCB
EF1
09B
CCC
D79
34D
3A5
03D
E1A
E9F
0B4
0C5
F06
112
05D
1B1
582
25C
CE8
E8E
093
030
D56
C4D
035
208
0D7
07C
F08
CDB
FC6
10B
DA2
C84
FCB
433
4E5
F8A
05B
1C0
FFE
05C
FAE
CCE
F7F
33C
32F
07E
D20
F96
201
D74
B46
DCE
F21
0FB
29A
01F
FD6
FE4
1EF
1C7
CD3
CA4
2A8
33B
144
15E
172
1A6
1AB
F78
DF3
C1F
DCB
294
0BC
CBA
FAB
275
10D
E92
C97
DA2
014
0DF
283
11E
F5D
36E
51A
F42
CD7
EE9
108
1B5
F5F
FF0
153
135
1DF
061
B25
BBB
04C
04B
E43
D2D
0C8
481
12C
F39
FA8
E8C
FD8
2A5
067
EC8
1C8
4BF
3D8
EF9
C32
FC7
006
DB1
E90
E1F
EFB
24C
242
F00
C8D
E20
1A0
F80
BEA
FAE
340
320
2F7
131
FB4
043
077
0EA
D9C
C73
216
4C9
FF4
E5E
F27
F99
EF0
D68
CAE
DDE
F31
36D
387
DFB
F26
324
156
E19
D88
01B
2B4
2A7
19F
17F
FB0
073
262
D9F
A39
DE6
19E
1A5
F00
DC9
132
0CA
F0A
EE3
C96
CF1
280
3A8
01E
FFA
229
41B
200
D4F
E19
FEF
F9B
195
098
E67
0B9
2A6
119
C4F
A48
E9B
1C0
EBD
EA2
167
12E
249
249
F38
D9B
F2E
298
255
E53
F7D
4E2
315
01A
EE3
D4B
E3E
F78
F0B
E4F
DEC
0C2
4D2
F84
B88
E9C
097
F5B
F09
F29
0F6
341
35B
308
F2C
D85
1EA
1C8
D3E
D89
042
2DE
22E
F6F
E78
EB6
D7A
023
E06
AEA
F31
460
2F2
017
F2C
0E8
22A
F35
E38
F3F
FD1
2E3
51B
008
E90
034
1AB
FC1
B8D
C1A
127
0C3
FF5
0C9
E32
E91
1BD
F78
C76
CCD
08E
486
202
EC0
27E
2EF
07E
0E3
DBC
D13
FE0
212
1BC
EAF
DC7
270
1CB
C52
BB0
DD9
EB6
069
109
F54
078
16A
39C
0B4
B66
E4F
332
129
FEE
10A
1FA
328
191
F64
D48
BB4
EFE
1E1
D62
C8D
185
317
0C1
E50
D25
F1A
F7E
013
211
F68
0D9
623
3B4
EE4
E37
000
126
F4D
D81
004
116
129
323
EF1
B9A
E47
08D
E7B
CCA
DF9
2DA
478
0CA
029
07F
F09
0EE
132
E0F
F3C
2A0
4B6
216
D91
EE6
1AE
E64
D5E
DF1
D79
FEC
2CB
0FB
E3F
D98
098
1F2
D2E
BC1
10D
28F
2A1
2D1
062
032
1A3
15A
FAF
C16
DFA
3F2
216
DC4
F45
0B3
017
F16
CEA
CCC
DBA
0D4
36A
0ED
D6C
20B
42E
FC7
DA7
E43
05E
292
1AF
190
13F
FCD
2AE
1A5
B5F
B75
F7A
0A5
FC0
DF4
F6A
1EB
03E
FBC
E2F
BAC
E7D
363
147
F13
139
38F
446
FBD
D63
F65
FA8
FC9
193
F0C
E55
223
2E0
F49
B81
CD0
079
F7E
D51
F7C
130
16E
361
1C1
DA1
E61
074
2B7
FC1
DE3
278
538
141
029
EFB
D93
F14
FAF
E2C
D57
E4F
346
28C
D36
D2B
095
005
EFF
EF1
E9B
115
384
3ED
1E2
E42
FD3
3A7
FF1
C25
F20
13D
285
173
F63
F22
E4C
EF8
003
B7F
B33
1AB
393
093
F25
00B
211
0BC
EC7
F5B
EDE
04F
456
3B0
E39
017
275
102
DEE
BB8
E4A
0CF
FCD
0BE
FB5
DC7
13F
1D2
DDB
BC8
E27
21B
33C
05B
07B
3DE
20F
14C
0F6
C9E
DA6
1F8
255
051
E56
0A3
36C
F3A
BE4
DA8
DEF
E8D
105
004
EAA
15C
292
2CE
DE1
C07
10E
243
FBD
0AC
1A2
20A
38C
1BB
E5F
C5C
DEF
134
FD6
BAB
F70
2E5
11D
F76
E20
D5A
EBC
000
06D
FC0
E60
405
65A
095
E0F
FD9
067
024
E67
EBC
111
12D
2BE
1D9
C47
C52
0F9
FC7
BF6
D0C
012
2D5
258
FE9
069
EA5
F41
27F
FA4
CC6
1CC
549
3A6
07F
F46
0EA
0C8
DEB
E5C
D33
D88
27F
2F4
ED3
D08
F59
166
F66
B68
E3E
1CA
18D
30D
226
F33
0E5
2C3
0CB
D63
C8F
120
3F1
011
EFE
122
FCB
F64
F98
BF5
C05
F07
1E4
1CC
DF3
F27
424
16E
DE1
E39
E7A
088
2B2
265
0FD
037
27F
3FC
E8E
A10
E8C
10E
F97
FA0
FB2
FBF
15A
078
EF9
BCC
BE8
130
266
DEB
FEB
35D
382
22C
F70
E1B
F48
FDA
22D
122
DB8
137
4CE
100
CCF
CAF
E1E
018
E85
E02
051
FB1
201
325
D87
C4E
056
186
013
E78
080
484
3E7
1A6
120
E3E
DD1
135
FAD
C01
E4C
20C
386
FEB
C34
EEB
F1C
DB9
F53
ED0
DA5
291
4A7
21A
F42
EBE
213
1AD
D98
E56
1A9
149
320
275
E42
DAA
F9D
FCC
D6C
A53
E9A
384
0F0
ED2
099
F4A
02A
0D2
E6F
E33
F69
36E
55F
0CA
ECD
26D
252
E91
E15
DC3
ED5
17F
194
053
E23
ED9
283
F37
9ED
CD7
094
182
194
084
09B
1E1
1A6
141
EAA
C03
114
486
039
F63
163
208
11F
DB9
CAD
CF6
E4F
0C9
1A4
CFD
EEA
32B
217
E18
C6D
E8F
17E
10D
064
20B
10B
298
4C9
FD3
C83
E47
15A
116
E8C
E0C
21E
1FB
F79
F61
CC4
BFF
01B
0DD
E79
E4D
120
4EE
26A
DE5
F00
055
F87
176
065
F0B
1E8
4BC
37E
E5C
BBE
F47
0EB
D3F
CE7
06F
FE1
215
18D
DF3
D21
E84
173
049
CCE
F2F
448
3E8
149
0EA
F62
02A
08D
F66
E60
DD2
1A6
4D2
021
BF6
FAA
FA4
E32
D77
CFB
E65
194
29B
261
EA9
E7D
327
225
D0D
DA0
130
34D
3AD
13B
05F
067
F7B
0AF
DD2
A41
E9F
385
12F
E89
EAB
053
0F6
E1D
D43
E25
E40
28D
438
00C
F39
302
31E
011
D13
DEE
14E
127
089
191
E9B
F55
289
ECC
AED
BF6
FB7
1DF
FC0
E3D
190
269
0DA
120
E07
C56
0C7
3BB
176
FDB
120
42A
2B3
D6A
D73
E51
E22
084
05D
DD6
F67
1E1
216
E21
A85
E2A
1AB
F12
ECC
144
122
334
3E6
03B
D89
E0E
1A7
256
DF7
E33
3AF
2C0
024
E9F
CCC
D4F
F28
F52
EF1
CD2
016
576
1AE
CFE
F00
096
FE8
04E
EEF
071
2C0
3DD
401
FB2
C7F
0E6
206
CB5
CED
FB9
161
244
04E
EDD
DEE
CFA
073
F87
AEB
EDE
410
3BD
0C5
FDC
033
206
FEC
F31
F02
EA2
26D
56B
091
DC2
030
0F2
FA7
BD4
C02
02F
0C8
102
1A9
E28
E7A
1DC
0F1
D06
D06
032
412
2E8
FE0
22A
208
047
10A
E6F
BA0
F87
321
1CE
F25
DB2
14B
1AC
C56
C4F
D8C
DF8
17A
2DE
FCF
FD2
1F0
344
083
BB1
E08
2A1
131
0FB
1DC
046
13D
268
F38
BEB
BA0
FC2
238
EA9
D6C
1E5
1F8
FAD
F0B
D03
D8C
05B
1EC
178
F11
0C3
5A6
321
D7E
E95
FEC
FF4
0AF
FC7
F77
05D
17A
270
E90
9F8
E5A
120
E58
DC8
FB8
15D
33D
15D
003
E90
E0A
19C
2A4
D99
F9A
4C9
495
105
EAB
DE9
FD0
EC8
E7F
ED5
D52
02F
443
0B8
CC3
E3A
FEA
FF2
DF2
D3D
148
21D
2F1
3F8
FB3
DF0
1D8
23B
E5F
DB2
FD6
387
2C1
F2B
F05
EDB
E1C
FC6
E3A
B0B
E7C
362
2BE
01E
D96
131
1D9
E68
E9E
F8F
FAC
2EE
520
114
F19
0D4
222
06E
B4B
CA4
179
0FE
022
096
E79
EEE
0E9
F23
C75
BE6
025
496
11F
E72
1E9
26E
10C
05A
E59
D87
0FA
2AA
2E1
F35
EC8
321
21E
C07
C6E
E2C
E53
0BD
05C
F24
F68
12C
22F
F74
B11
E9A
30E
105
027
164
262
3E5
1EF
FCC
DC2
CE4
0E2
27E
E1C
D7C
259
27D
F68
D14
C1B
E3D
F1C
FF8
0B4
ED8
09F
58F
250
D65
E16
069
1A0
050
EE8
1BB
255
222
2B5
E83
B11
F4D
109
DC0
C97
EB3
21F
21D
EF7
E69
ED4
D25
137
120
D46
F9E
426
4D0
159
E26
034
222
F3A
E24
FC4
EE9
178
3DC
FFB
C48
DD4
FCA
FEE
B82
C83
134
227
120
197
F0C
EB2
1FD
13B
E53
D63
10B
526
2C5
F07
0C0
123
F7A
F8E
DF1
BE7
EFA
292
1DD
E79
CA7
12B
195
D07
C93
F13
01A
2D2
33C
0C7
086
155
29F
0E8
B42
E07
3CF
1B9
035
0C1
FCB
088
FF8
E18
C49
B52
F9F
339
F0A
D90
1F4
2CF
07C
E96
D49
EB8
090
248
2FD
055
034
4AE
22C
C90
D53
F36
037
FF9
F27
FCE
080
048
16A
DBA
9BE
E76
20A
01B
EEB
09B
309
3A8
098
F06
F42
E6B
1B0
2B6
E17
EFA
383
3B5
022
C8C
CEE
FC3
EC0
E36
F5E
DDE
0CC
404
025
BCB
DA3
08F
1C5
F02
E68
2DA
3D1
261
2B4
F42
D25
0EA
15F
E42
CD5
FF9
38C
278
D79
EAE
F1B
D9C
EFD
EB5
C60
FF6
385
359
059
D76
0EF
28A
EFD
E12
0A4
0C0
32D
382
012
E24
F65
12E
FA3
B49
C28
26F
1BF
FE1
FE8
E66
F2E
0B8
EAF
D63
D01
140
5D6
265
E38
21B
2CC
054
F33
DE1
EEB
0C4
22D
215
F19
D63
1FA
0E6
BA3
BB8
EB2
050
130
FE6
009
0CB
08C
21D
FA8
B32
F40
4A6
214
029
17B
259
2BD
F98
DB1
D2F
CAB
055
27A
E10
DC1
1D8
243
E89
C21
C14
FFD
02F
FFD
132
07F
154
50C
1C1
C90
DC5
165
23D
027
F1A
1BF
2B3
09C
022
D9E
AFA
F03
0FC
E72
DC1
F47
396
2C1
DDC
E2A
00F
E9C
114
175
EBF
127
524
3F6
07A
D01
F6A
20A
EB1
D7E
090
010
180
2F2
E56
BFF
DAF
F87
FFA
C52
D28
391
360
093
0D1
F57
F89
12C
079
E18
EE8
1BF
5B7
27F
D54
F6B
0ED
E96
DC2
D75
E34
053
2A1
170
E3A
C2D
105
1C9
C7A
CE7
0C1
27B
32B
242
08C
0DD
0DA
17A
FA9
BB5
E32
42E
21E
F12
F39
FF7
FFE
E98
C65
CB8
D4C
136
3E4
FFA
DD7
1F9
330
F4D
DAC
D80
109
288
1BD
294
0A7
006
36B
0EF
B0D
CAF
060
115
04C
E97
074
1AA
F7E
F4A
D0C
B46
FFB
34D
0E2
F03
18B
398
36E
F08
D5C
079
F9D
142
233
EE3
FF3
3A1
20D
D7A
B32
D30
127
E60
D69
065
0F3
111
299
EFB
BE5
E8C
17A
1AF
F14
F1C
462
4AA
0B6
028
F37
E3D
0BB
08B
DA1
E41
137
349
0BB
B0B
D7D
032
DC3
E24
F0D
F39
24C
3E4
2A6
F4B
D57
11F
32C
E24
D7C
24E
330
291
1FC
F18
ED9
F50
F46
F30
B3F
E0D
3F5
24B
E10
E8F
F34
F79
ED5
DF6
E53
029
231
4D4
19F
D84
1E4
2D5
F1F
D62
ED4
148
2C3
13F
0DE
F3D
E06
100
FF2
A00
BC6
185
25D
0DF
F14
024
1CC
098
F43
F30
D3F
0E7
555
266
F2C
104
2A9
220
DA5
C03
F1A
F2B
FD4
137
EE2
E3D
222
123
C5E
B8A
E1D
1C8
15F
EB7
1A2
2AF
151
2D6
F68
BEC
F3B
274
210
F67
E69
2F5
351
E20
D27
E02
D00
F1C
09D
E3D
E64
0F8
363
164
BF4
D77
1B1
05B
FBC
174
0DD
2A1
3F7
220
E69
D45
FC1
291
E4A
C85
194
260
0D7
FD2
D9B
CC0
ECA
FA6
F19
D04
F35
540
418
E58
EAE
060
0B0
088
F7D
EE0
16C
312
42E
0A9
C5D
F61
20A
D59
C1E
E24
04E
1A8
0F2
F40
E76
E28
FF2
06D
C13
D45
35A
454
182
08C
069
21B
055
EB7
EE3
DF2
080
501
178
D76
F9A
0FA
F65
CA5
B40
EC1
11D
089
1F0
FF9
EBA
277
297
D7B
CA6
FE4
372
2C3
FB9
0D9
2F6
0D7
06E
F04
B49
DCF
203
113
EDF
E26
107
2A3
DEF
BD7
E1D
DFF
058
277
02D
FB7
315
3F8
13B
CD1
D4B
218
18C
EF8
0A4
148
15E
2C0
FD3
C1F
C26
EB0
15F
ED6
C64
16E
3DC
064
FAC
E60
DA8
FEE
16F
043
F89
0D2
53B
4B1
E00
DD6
10C
02C
F6A
ED5
E6E
117
1EF
220
FA8
B4D
D58
1CC
E28
BE2
FA8
276
2E7
1D2
FBC
F96
FD1
043
136
E14
DDC
41E
4C0
068
F2F
F63
021
F31
CDB
D71
E5A
FD4
343
165
C3A
E63
1C7
F15
D16
D26
04A
350
293
227
17C
F78
18D
25A
D40
CBB
039
2D7
21B
F0D
FA9
178
FCE
DF7
E50
B47
D53
2AE
1B9
E8B
F22
20D
2C2
ECB
C13
FC9
12A
148
2A5
148
FBF
2BB
331
F0D
BBC
CA1
1CD
1CB
E23
F6B
19C
FF3
0D4
EDD
B35
CAC
008
1CA
018
E37
298
5A4
0F6
E3E
EEE
EF4
042
160
060
FE2
152
332
2E9
C79
B2B
01D
FB2
D9E
E86
F54
114
25A
0D4
EDD
D60
E75
2F2
051
C8F
115
485
36C
1A2
FA5
F53
046
FD5
04A
E6A
D4A
2F1
479
E53
D27
F28
F60
F3F
C78
DF3
0E7
0FD
305
264
DA4
EE4
338
055
D88
EB8
20C
42F
235
0AF
0B7
FA9
F4A
0A3
CC2
B39
055
2DE
0F7
E69
E3B
1A2
046
CBC
DCA
E19
F6F
402
348
F3A
00C
265
2BA
F21
BB5
F2D
28D
0B9
14B
135
EBA
0C0
112
D93
B58
C7F
0DC
215
DED
EDB
2F5
14B
FAE
F6E
D27
E3F
226
28D
18D
F62
22C
5A1
0D8
C77
E74
F75
F82
075
F0B
F24
0E1
171
0B6
C2A
ADE
071
13D
D9D
E93
15B
2F9
36E
12D
F45
EDE
F70
287
0C8
D99
0CB
57F
2A8
F87
D7F
DF3
F0E
E68
E1A
EE7
E44
244
41F
E4A
C35
FE6
118
F67
D98
EFE
2EB
39E
205
25B
F68
EF6
252
053
C47
E20
1D0
33D
0A2
DC6
F80
FAA
E32
E89
CF5
BC5
102
3EA
178
EF6
003
2E9
1BE
D20
D8E
185
132
31A
33E
F9F
FBA
259
120
DD9
AD4
E62
313
018
E43
070
033
FEE
07C
D0B
C18
E91
267
353
FB0
F66
4E5
3F6
F24
EAB
EC5
F86
1C6
18B
01E
F38
127
30D
F6D
A34
D15
06C
EB8
E6B
EF4
012
17C
1E1
014
DE3
C61
101
373
F0D
F55
305
462
229
013
E14
EF0
F1C
FAD
FBD
DA2
F05
46A
11C
CA5
CCB
F13
F9E
E5E
D21
FE5
1D6
2BE
41D
085
D15
11E
29E
F2E
E02
F9E
3DB
434
02D
F92
F71
DAA
FFF
EDE
AFA
DC7
1D2
304
008
D2E
F43
1A8
E70
DB3
EEE
F47
1FB
509
1B4
F75
12E
27B
1E7
C81
C5F
1F1
1C8
04D
0EE
F9A
F26
039
F3F
C35
B77
E66
3A8
13D
DCC
09B
2DE
0D2
FB4
E45
DC2
0AF
250
2FD
08E
FC3
3DF
3DC
D51
BFA
E98
F5E
009
F7B
EF7
0A0
0CB
161
F41
A9D
CFE
252
078
DF9
043
29B
3C4
1B0
F7A
F26
EF0
046
292
F36
E25
2CC
41C
FD9
D4F
D42
F21
F7A
D4B
EC7
F31
F9D
3F3
1C5
CF9
DBE
0A8
0F9
F12
DAC
150
4A0
263
1B5
0DA
DDD
045
146
DE1
C52
F66
2F1
32A
E22
D3C
093
EE8
DF7
E78
D11
EE3
34E
359
066
E93
0E7
3CB
FC8
C0C
040
20E
1EF
322
142
F8A
093
129
F23
BFA
B20
0D3
2EA
EB6
EFB
107
051
FE6
EB8
CB3
E1F
043
31B
2CA
E97
136
5A5
13B
DFB
DE1
ED9
130
19E
037
065
FBE
197
249
C32
9F7
EEA
0DF
EE8
E8F
F8C
2BA
2C4
077
02D
E1E
E1A
2A3
1E8
E1E
0B7
430
3E3
074
D2E
E9C
03D
E06
FB2
EE0
DC1
1A8
3BE
F18
C03
D36
049
036
CD9
E89
259
243
295
303
E8E
EE7
1BF
135
EA5
DE2
172
52A
1CE
E03
F84
FA5
E6F
EDE
CB7
C00
F96
2E1
240
E75
D74
246
1AA
CD0
D88
038
122
3AC
2D0
0DD
0A2
13B
280
FDD
B10
E7E
34F
0D7
F14
FB0
FFB
0C3
F88
D1E
C70
C54
0CE
3C2
F4B
DFE
2FF
31C
05D
E12
E4C
038
16E
18E
1F5
016
0BA
4F1
0D7
B66
C86
003
04F
E87
DDF
070
1F7
02D
047
D9A
B5A
FBE
27A
F50
EB4
1A1
48B
407
F5F
E6B
0AD
FC4
077
0A9
DE2
FFE
3DC
268
F04
C1B
E28
104
D1A
C48
F4E
10E
151
31A
FD8
E0B
FB3
133
0F1
DB3
E73
44A
45C
095
108
0A1
FB2
064
E84
CB9
DCE
047
417
129
C9C
F84
1D5
E85
C81
DA1
E9A
1CC
22C
17F
0D2
FE4
287
305
D72
C81
141
2ED
17B
03D
07D
130
0D0
F61
DC8
B5D
CF0
2BA
060
CF9
F6E
293
268
EC3
C1B
EF8
0A3
028
274
136
F9A
3DB
4D8
FB8
C70
DE6
1BD
0E3
DE6
F56
1D7
08B
181
FAC
BF8
C62
02C
FFB
E2B
D93
17B
53E
136
E66
068
F94
04D
195
F50
ED4
223
427
35E
DEA
CE5
159
090
C27
DC7
ED9
014
299
07D
EBA
D8B
F05
206
F17
B47
065
480
281
180
09B
0C8
21E
049
EE3
D9B
DFB
2BC
440
E9D
DE4
1A3
089
E2A
BDC
C1D
FED
0C0
12B
14C
E66
03E
3FF
026
BA7
E6F
142
345
136
F58
2A1
265
11D
0FC
CF7
B6F
051
20E
F71
DAA
FC1
303
10D
C82
C98
ED0
E1F
0CB
0BF
ED2
0C0
40D
331
F82
CB5
00A
2C6
F3A
E3E
136
111
281
257
E78
C58
DF3
FF3
FBA
C6F
D11
380
280
F59
F75
E7C
F44
0D3
F58
EEC
FD9
2A7
5AC
246
D52
04B
236
F46
D8F
D83
FED
1E1
1B4
0DD
EB8
D59
08F
088
B17
B91
07C
2C5
1C8
FA6
065
241
071
F77
F7A
C7C
010
4A6
288
EE7
023
2B6
217
D71
B7A
E63
F33
F6D
0D7
EBF
DDA
218
1F2
E0A
B69
D13
243
219
EAF
17F
358
278
282
054
D11
ED1
162
1F6
F5D
D60
1E8
496
F44
CBE
DE9
DAD
E9C
F7A
DCD
EF1
0C2
3A0
2FA
D3A
D0C
21D
0F6
EDA
00B
156
351
3DA
1FB
FE7
E1A
EC0
213
E05
B07
042
2F9
167
F28
E70
F18
F96
E93
E41
E06
E8E
388
4DD
FB2
F00
270
1FD
FE7
D10
E58
227
16B
214
1BC
E69
FBC
206
E02
AC7
C35
FD7
207
F00
DF0
1D9
11C
FE7
FC5
D1F
D16
1D7
32F
1AB
F26
17E
596
23E
CC0
E10
FCF
F5A
101
04B
E5C
0A4
1C9
142
D1A
A4D
F4E
1CE
DBE
DF8
0CC
21B
2E2
21B
EFD
EB1
F72
18A
1C5
D3E
F65
575
3BB
F67
E41
E8E
F9A
EC3
DA1
E15
E6F
0E6
492
007
BDD
F48
102
F38
D13
DE9
172
3E6
20D
23F
081
F57
22A
179
C88
D51
17E
35C
1CA
D7F
F9B
152
E90
DA3
D57
B6F
F40
30E
0D6
EDA
F94
2BA
2DA
D82
C4F
14D
146
1BF
27C
0D7
0CC
2DD
1B3
EE6
B3F
CF4
26B
04B
D15
F83
1B4
097
010
D4E
C65
EAC
FED
18E
06D
E74
387
513
00D
E5A
F74
059
11A
F94
FB4
0F8
189
35D
1A5
BC7
C45
060
FB8
CC1
D1A
FEE
2E5
18A
F55
F9B
E77
F4F
1A8
EA7
CEF
223
521
346
059
F1F
19C
111
D98
E99
E1E
E5F
324
229
E2F
DB6
FE1
074
D84
A6E
E40
24D
09D
16E
110
FD3
1AE
273
F87
D56
E24
242
43B
FD0
F20
2C8
1EC
F1C
E3E
C55
D42
FD7
0F2
00F
DE4
FEB
464
0D7
BB6
E02
047
0D2
0A6
031
117
31E
27F
2C4
EDA
BBB
04C
2A7
EBD
D93
0A8
35B
28D
E40
DC7
E5E
D64
F79
F35
C17
F3C
3EB
36C
FD8
DF1
023
258
EFF
E5B
10F
0C6
301
49B
079
DBA
FB9
10D
F12
B72
C4D
265
214
EFF
FC7
EDF
E84
049
F0A
CAD
D69
163
405
1DE
E70
211
438
0A8
ED2
E24
E3F
14B
24F
137
F4C
EF4
268
167
B1A
AEF
EF8
065
F87
F56
017
1F6
1B5
0D5
F63
C4E
E8C
3AD
185
EBE
17B
3EB
37A
045
D45
EAA
F88
EE7
010
E1C
DC9
29F
378
F02
C0A
D47
029
F7D
C81
F26
23C
1CD
331
265
D98
F0D
1A3
0EB
E62
DD1
22B
524
10F
E92
024
EE5
EB6
F08
CA6
C3C
FF2
307
243
DE8
DD7
29A
0A2
CDC
E1C
F95
133
36E
27C
182
0A7
0E9
303
EB9
A81
F08
2DB
09F
FDF
F84
087
163
ECC
D7E
C73
BDB
0F5
27F
E16
EE6
2F7
377
0D5
DF8
E98
116
08D
11C
1C0
F76
1A6
4BF
056
C24
D44
FC2
0DE
D80
CC7
171
1D8
0A3
09B
D61
C6F
036
138
EE8
DB7
0ED
5A4
3DB
EB2
FB1
166
FD1
005
F2E
DDD
078
2CB
321
F25
C56
FF9
1C7
CAE
B43
E91
06D
22E
1CA
FDB
F98
05A
1EA
104
CA0
DF0
3DC
395
088
065
185
1F9
06D
DBC
D39
D74
F51
2BE
FD6
CA5
0BB
290
FB4
C07
B97
027
12D
FB3
0FD
152
159
433
2F3
DB3
D5C
047
29A
0AB
E05
0B0
42A
0D1
F8E
E12
BCA
DDD
02F
E94
D70
F19
2FF
451
EEF
CF9
0EF
0D8
F3E
003
F8C
113
400
3C6
20F
EC9
E76
2B6
FA5
B0E
E50
1C3
1E3
09A
EAC
ECC
F32
F1E
F9C
CFB
B81
18A
4D4
11C
F26
127
286
194
E45
DEB
055
07E
329
2F9
EFD
F67
383
0DD
CBE
B30
E1C
183
FC6
E07
08E
0BA
05D
130
DE4
BE3
F1C
293
1F4
F84
FF7
45A
3FF
F49
F32
EE5
E62
07D
0C0
E4D
F52
1A9
343
05D
B6A
D30
0E5
E13
DA0
F31
FD3
2CD
332
110
ECB
E45
14F
283
D9F
DCD
327
408
1BB
05E
F25
FED
FA5
E43
E2D
C66
EE9
3F8
16B
CD6
ED6
136
0A2
DA4
CAA
EF7
1C4
263
36B
1B7
F3D
2A7
327
E3C
C99
E25
20E
272
ECC
FDC
183
FF6
F6E
E6D
B29
CD4
0BA
12A
F34
E1D
24C
4DC
FA2
D86
F53
FA2
08C
1B6
094
0C5
269
41A
265
CB9
C17
0B8
04A
CAD
DE5
023
14A
1B2
F88
DA8
D7F
EAA
188
F6F
C60
116
532
2B4
10D
FFE
0BF
1B4
F56
EC9
F22
F40
360
41B
E60
D55
069
026
D9C
B6C
DDD
111
16D
0C4
163
EBB
FFF
274
FDA
C88
E86
25D
47B
137
F81
277
2D1
02B
F4B
CF7
CCA
058
1DE
F68
E11
F6D
2ED
0EE
B12
CF6
F85
EF9
071
08A
038
251
3AE
2D1
F6B
C68
0A3
350
F07
DFF
1DC
307
24D
01F
E4C
E55
D85
FA7
FE7
C47
D88
40D
2DA
F05
E3D
F5D
14F
F8A
DB6
FE0
0BE
265
546
1E9
DE9
060
206
FA0
CCA
CA5
13E
327
F6A
FF3
F82
DF4
03C
F92
BB0
C47
04D
33E
1E2
E91
0BE
431
115
E5B
EF3
E34
07A
31A
184
05B
FE6
27D
2D2
CB9
AC3
EF8
037
EEE
F36
F5A
0A3
249
0BC
EE7
CC8
D5F
354
1D3
DD5
0AA
488
413
18E
E9F
EF1
FE2
FE8
01A
EF8
D9A
265
46C
F81
C4C
DEB
F9F
F84
C4C
DAD
11A
151
2E5
2A2
E70
EE8
1B6
121
E30
D69
10B
50D
299
FBE
138
056
F5D
FE0
C9C
BD8
F13
20C
207
E24
DEE
2A8
166
C50
D8A
EB9
FFE
246
273
0A9
160
25E
385
FE9
B50
EA3
2D1
0A8
F32
03A
086
1E6
FFF
E49
CCF
C09
018
207
D3D
DD6
373
42E
133
EAA
E34
05A
09C
027
0FD
FAB
1A3
58C
2E1
D13
DC6
071
04D
D1D
C6D
054
22A
085
13E
E6E
CC2
003
0A2
D8F
D09
F4D
481
41D
F6F
FF3
22D
08C
068
F5B
D9F
F7E
2E7
30F
030
CF3
03D
27F
D43
ACE
E1B
FA3
010
0F8
FAB
FF4
0C8
212
1BB
C63
C9E
2D9
362
FD4
092
219
346
1B6
E3D
E1D
CDD
E62
1F9
F41
CA8
0B1
329
0EB
D14
C2A
EEA
0C6
EA0
FB8
04B
09B
437
478
E5C
DB9
0B6
1AB
FF1
D21
010
388
27A
FFF
FF9
D11
DF9
05F
E1E
BD6
D8B
24F
395
FD3
CFB
17A
117
E8B
F42
DD6
F67
373
36F
288
F4B
F97
3CF
081
B14
D4B
089
0EC
0D5
F5A
F9C
002
FC8
F9A
D6C
A73
F9F
3AF
000
F18
1A5
36B
2BD
F71
E34
F74
F79
1EA
2C9
ED3
FC2
463
23A
DE9
BE8
D47
090
E29
CF1
F97
046
15A
339
F0B
C23
F0D
1A9
0FE
E1A
E93
3F0
4E2
08B
0AB
FF3
F23
09F
FA9
D6B
DD5
10A
3CC
180
C37
E9F
19A
E2E
D13
DB3
E5F
1A9
2C2
1B2
082
EB8
266
32E
D39
C6B
1C4
2E9
219
0CE
027
14F
0A8
F64
E3C
B31
D53
295
0E6
D76
F1D
202
20B
EBD
CCE
E18
FE1
0AF
23D
0C9
F82
3E0
4EB
FD6
D15
DE8
15F
1A9
D73
FA5
196
0F6
232
FF0
BD6
C68
02B
07A
D98
CE9
1D8
595
160
F0C
079
F68
065
118
EDD
F1D
17A
42E
40B
DF5
D19
16E
022
C1B
CC8
E71
026
1B9
05E
F6E
E63
FBE
21B
E2C
AB2
FAF
3A5
252
10A
09F
23E
268
068
F0F
DF1
CF2
2B1
363
EC2
E63
152
1E7
F70
B28
C54
FE2
F3C
014
0AE
EBD
17A
445
159
D1E
D98
108
32D
FA9
F67
287
2C1
1C0
163
DF7
CDD
F53
FDB
EDC
CF2
ECA
42A
21F
D7F
E4C
F7B
E8C
FE0
ED0
E95
12B
393
4B5
0D1
D60
178
359
E16
D24
F76
13D
271
182
00A
EAF
E27
FCF
FD7
A09
C5E
245
28E
FF9
F8B
0CD
269
FDB
E26
F01
E71
16E
4E3
1BC
EDB
19D
385
15E
CAA
BA7
F7E
0AF
E9D
050
F57
F3A
271
0D0
CEF
B97
E49
1DC
0E1
D9A
1B7
41A
20C
231
FC6
D6E
FF8
1B6
016
EEF
EA0
385
455
E07
CE9
F03
EE4
E5B
DD4
DA0
FA6
1A6
2D1
1D8
D40
EFF
377
031
CD0
EC3
1B7
41F
29E
109
028
012
FAE
0F0
C72
AE0
140
2F3
FFB
E57
EF4
0D5
FD3
D26
D94
E67
EDD
3A7
2F8
F4B
11C
3B6
31A
F13
C41
FB5
27A
001
092
160
FB7
0FC
1AA
D09
B2E
D4A
045
126
D0B
E95
34C
236
033
F7E
DBA
EC3
19B
143
00C
F6A
331
5F8
15F
C90
F21
063
F28
E7D
DBD
F38
150
1E3
18A
D04
C05
0B9
0D7
C6B
D2D
0EC
372
2C6
0BD
0D2
0E0
003
13C
FA5
C71
04B
48E
21A
F11
EDA
0DE
18A
D0D
C08
DB7
E0B
0DE
24D
EC7
EC3
185
247
F5D
C22
D9B
317
1B3
039
18D
1DA
19F
2D8
FCC
C2A
CE6
02B
211
E21
D26
1FB
296
EA8
E0E
D4F
D0D
FD5
09D
FBA
F39
0DF
5A0
3DC
DAE
E7E
162
0C4
F2D
EE5
034
26D
302
1FF
FC9
BC2
ECA
1B6
CB6
AEE
FC8
271
2AC
002
E85
047
FA4
FA6
094
CB3
EB9
4B7
4DC
0EE
FA9
0E1
2E2
F68
C44
E30
F5A
050
2C5
0BC
D4F
02D
15B
F2D
B5C
AF2
0BC
21C
F55
0C8
1F4
142
29A
176
DFA
D5E
076
328
1C9
E12
140
459
09A
E08
DB5
C91
E93
FE8
EFA
E87
F37
2C4
3D8
E73
C31
0C0
0D4
FA5
F3E
02C
2A6
37A
2A0
171
D4A
E29
29F
FCA
BD7
E63
216
2C5
07E
DE7
EF1
F55
DFB
F6E
D44
CBB
1F5
49F
17F
F2A
00B
28F
155
D72
EAB
0EE
11B
352
281
EEF
F6E
1D8
056
CAB
AA5
E90
214
F67
F1C
165
FE2
127
121
E07
CDE
ED8
2AC
2DB
F31
FF6
5A6
369
F68
EB7
DF2
EEF
0A0
002
F91
EB9
0CB
38C
F08
A8E
DE6
020
F1A
E22
EC2
13B
335
229
173
EF9
DCE
1B8
2E7
DA9
E36
224
428
1B4
EC5
EBF
FE8
E38
E8D
E11
B6C
FE2
3C7
188
E50
EAB
0E9
175
D4C
D26
0E6
0CE
2EA
455
04C
F83
258
1C9
EDC
BAF
DB6
2F6
191
E7E
08B
FF8
FEC
06E
D94
B9B
D31
0FC
2A4
F9C
E3B
326
4B0
FFB
E84
E82
EDF
15E
14B
088
053
04F
3DE
1E7
B72
C2E
042
F4F
E88
E63
F67
1E6
173
015
EB8
CD2
F57
271
E5B
DA9
249
4C5
408
070
EB0
054
FC4
F6D
F99
D45
E85
3B2
2F4
ECA
D8A
F15
0D7
DDF
B5E
EA0
0C1
0D6
311
0E4
E87
0DF
266
036
D1E
D8C
31D
417
092
0D5
122
F4D
0A3
EEE
BD0
BF1
FAC
1E0
091
CA8
FF0
3F4
FEE
D89
DDC
E4D
08E
206
1D1
143
0ED
413
43D
DCF
C0F
096
147
F6B
F13
F8D
1CC
18E
06F
EA2
C05
C7F
167
FBD
C8D
F74
3B9
3B9
173
E87
034
042
F7C
14F
F57
E8E
346
495
066
DB2
E27
093
FB7
B94
D5C
FF5
FD4
1E8
10F
D41
EBB
16D
099
DD0
C14
125
4D0
1D2
0E8
1B6
0D8
17D
173
D80
D49
FA6
291
2C6
DEE
DF5
2AF
08F
CA3
CD0
D24
EAA
108
10B
085
FDB
1CE
4B6
FB2
B38
FEF
1EF
0BB
090
FF7
1F9
2A3
1E1
FA3
CA3
B84
0AC
0E6
BEB
DC0
138
2B6
0F8
D5D
E70
F42
ED8
0BB
054
E31
298
5E5
297
F06
EE1
0C8
188
D9A
DB9
074
08F
177
244
DB6
CAA
FE1
FE2
D87
BA2
E77
3CD
204
F8D
16D
FFD
064
210
F27
CFB
F65
327
487
0A8
DDF
270
263
E1C
D42
CCD
DE5
0EB
0CE
FC4
EB3
F7B
32B
039
AA9
D10
146
13F
12C
13D
189
318
2AB
17F
E42
C49
0D6
351
EBC
DA6
123
21E
197
DFA
CB1
DE2
E41
FA1
082
D4A
F9F
53B
35D
F06
E92
FF6
21A
FD6
EE8
0FC
168
26B
45D
FDE
BE9
F37
0A1
E94
C11
C8B
1DA
2A2
FB9
FC1
EE6
DE4
097
FCC
CF5
DFF
287
528
26A
EA7
148
351
F16
E5A
EA5
DEE
0BC
2BE
130
EAF
DF0
15C
122
B23
B03
049
0D0
0CC
0C5
FB4
0FA
212
185
FA9
C78
ED9
4B6
1B1
F53
194
2C6
228
FE2
D17
D8E
E22
FBB
132
E3A
D4C
2F9
344
EA3
C91
DB6
064
073
EFD
087
1F1
235
4AB
25A
C79
E7F
184
0BA
DDA
D7F
14F
373
011
F91
E8B
CBD
F68
046
CD3
C5B
095
416
3D0
E8C
EE7
251
086
ED0
00A
E56
0C4
3E4
325
FDE
E66
149
27F
D2A
AAF
EC6
03B
071
150
EE2
ED6
03A
0FA
F69
B9A
D42
333
3A3
003
0D6
2AE
297
1D5
EE4
DFD
E5E
FE9
2EA
083
CC1
0DD
371
EF0
C53
C65
E62
013
F96
FC8
054
093
3AA
36D
D42
D37
134
1C8
05C
EA7
0C6
3EE
272
0A7
013
C21
DB5
133
E4D
BA5
EAE
2E4
327
EC3
D4F
02C
FB6
EE5
032
E3E
F11
3F2
4F2
18C
EAA
FD2
2AC
008
C08
ECD
046
13D
25C
FEE
DB8
EA8
FDF
F47
C4D
B1B
15B
3AF
040
029
190
135
1D4
03B
E0F
D8A
FC5
3C6
35A
E51
002
35A
0AC
D8B
CE6
C82
F35
076
079
FE2
E67
1D7
35D
D4B
AF2
FC7
144
14A
FDA
08C
339
303
1CD
149
CDC
CE3
24F
0DD
D62
EB7
1EC
37C
089
C5E
DCA
DBD
DE1
029
E5D
D75
263
4A5
1B9
E74
DE7
1BE
1A2
DBD
FB3
13B
19C
411
2A4
DDB
E12
FF2
019
D69
A1D
ED6
302
127
F7C
03C
EC3
FC8
084
E3A
D7E
F2F
37B
54B
02A
F22
300
1FC
F0A
E19
D5C
F81
192
1DC
096
D7D
F42
30E
EA3
A58
CFA
FEF
0A4
0E2
FC1
0D0
245
1E7
213
E37
C11
211
3F2
F59
FC4
188
34E
1B1
E2D
D3D
D74
D7B
0E8
097
CC5
FDF
3E2
19C
E1B
C6E
F44
156
F49
FDA
143
0C3
44B
575
F43
D65
025
128
043
CBF
E74
31B
154
00B
FFE
CE0
DA0
FFA
E94
C4F
D34
203
571
0B2
E0F
16A
149
00C
0A3
E78
EAC
25D
411
266
E92
DFB
219
023
B29
C9C
ED3
039
152
07A
EBC
F82
0F6
163
E31
B1D
036
42C
1EB
0BE
219
292
253
079
EB7
D92
D87
1B0
26E
D5E
E71
274
161
E59
BEA
CAB
FCB
FA9
088
087
EE7
210
570
069
CE8
E8B
14A
209
F93
EF7
2DA
2FE
19C
0D5
D1B
BC4
FF7
FFC
D3B
CD6
FDF
3A0
1AB
D9D
E7A
EE0
E67
166
FEE
E28
1F1
519
42C
003
D76
14A
1B8
D4D
D69
F8E
FB2
26F
23B
EA3
D8E
EA3
081
F11
AFD
DF2
324
1F9
177
1AD
FF1
152
178
FB2
E2A
D5E
21D
556
FBF
E2F
1D6
152
F3C
DD0
C20
DF1
FD9
128
125
DC3
F3A
3AB
0FE
C52
D54
FDA
24C
180
095
198
220
27F
370
E76
AD4
FD3
1D0
F9A
E37
F2C
1B8
1B5
E99
D9D
CF6
C86
0AF
167
D98
FAB
40B
4BF
09B
D3B
FF0
238
F8D
025
086
FB5
284
499
030
CC9
D37
FF0
087
BA7
C84
1D7
182
152
113
E98
E47
0E8
0DE
E60
DB2
13C
5F2
317
F6F
073
0AD
FBE
028
DC7
CDE
F84
257
2B8
E8E
CC0
19F
12F
C7A
C51
EC9
04A
33A
2EA
0C1
08B
10F
33D
086
B6F
E93
360
1CF
0A0
032
0D1
183
F69
E39
CA9
B3D
FC5
345
E48
DD6
194
348
0EE
DD0
D43
FF8
033
21A
298
F35
0FA
5A6
222
DB9
D46
F2D
13A
F3C
DEB
065
09A
060
1A3
D89
AFA
F43
121
FB2
E28
F65
481
3FD
FF3
0AE
F49
EAB
1CB
119
E34
FB3
2F5
418
07D
BE0
F2B
055
D88
DD5
DF5
E43
1BD
305
083
E27
DAB
1C2
1A6
CC1
E0A
2BC
2EA
332
282
FDC
02F
0E2
02B
E26
B6E
F74
476
0D7
E19
F98
FC4
FE0
E95
CE7
DBF
F45
27F
3DF
FF8
EBE
3D1
354
EBE
D4A
F01
144
207
126
110
FF3
00B
2DB
E66
9C8
CB5
087
084
EE7
E8C
1BA
291
09F
03B
DDF
CB8
224
32A
FCE
F64
290
467
2B5
D7D
DDE
F64
E62
02E
008
D84
017
384
142
D82
B89
E92
143
E15
E46
209
187
33D
3C9
F7D
DFD
062
219
08E
D68
EAD
40F
310
F88
F9C
DE8
DA2
F7B
E16
D0B
E03
178
4E8
057
CA3
075
1D2
F08
F1F
EF5
004
375
3E2
2F4
FAD
E9F
2E1
185
AF1
CC0
014
0B5
1B8
FD2
EF2
FEC
FA5
04F
DD1
B0D
FD5
487
176
004
195
224
2A0
FC1
DEB
EEF
EE0
241
3B6
E96
E2D
272
1D4
DD2
BA2
CA9
066
F87
FAA
081
FBC
104
3D7
01D
BF7
E0F
1D3
29A
FE7
F1B
2FE
376
0E5
10D
D4A
C35
037
17A
E8C
D0F
01B
3B3
11B
C83
DF9
EDF
EC4
089
070
E0F
1B3
4CB
387
FB1
D53
0B7
26A
E8F
E3B
0A9
0DC
2B9
248
E7F
CB9
DD0
00E
FA6
B32
DB7
365
259
0F1
041
F41
FFA
108
FB6
E8A
E95
29A
649
192
DFC
0BE
0BA
F1C
DCC
CD8
E9B
068
193
172
DCD
D09
28F
050
B69
CA3
02A
269
2DF
0A9
1B4
136
118
21F
EAA
B76
F9E
357
1BB
F40
EE8
19B
12D
D9A
CD1
CBE
D09
16D
27B
E8C
F18
2AE
360
FEA
C95
E5C
1F9
09C
0D6
220
FDF
222
478
FA8
BF1
CD3
F8B
0FB
DFA
DDC
1A3
180
081
081
CD5
BD1
07E
1A8
037
EB6
151
59D
2B4
E5E
FE8
FBE
F30
128
F29
E2F
054
2CB
2A0
E3D
B03
F5B
065
D19
D87
EF6
063
366
2CA
07D
ED7
F0E
2B9
15B
BEA
F25
456
330
1F1
06D
EFD
F6D
FD2
F00
D45
C2F
0A1
460
F41
D20
FA2
060
F86
DB8
CFA
F8F
11E
2F1
426
F3C
F69
3E1
156
D2C
D12
FA9
1EE
194
FCE
0A5
F51
F45
158
D05
A07
E2F
207
1A9
FD2
F7C
2A1
29B
F99
F6A
E62
DF9
2F1
37D
000
FFD
238
31C
021
B3A
D1A
FDE
EAF
00B
02B
E51
10A
2F7
063
C4C
C12
0A3
2C6
EE6
F6B
320
2BE
286
1E7
E42
D3D
02E
1A0
05F
D0E
FEE
425
14C
D96
E1F
D6F
DD0
FD0
EA5
DF6
F9A
345
4AA
FB6
D43
0E5
16F
F6F
EFB
FF5
1B5
33E
27A
0F1
D85
D61
159
F38
A7B
D7C
184
1C6
15A
F61
E9D
F37
F20
056
EF8
CDD
2A6
5B8
1F3
FA2
0C9
1B8
160
E0E
E08
F2A
F87
2EC
2AC
DC1
D5F
192
022
C8E
B17
E3F
276
1A7
116
1D5
FED
109
304
F12
B9E
F76
313
3E4
FE7
F63
225
11B
F11
EC8
C31
BF1
10C
1B8
F3D
E5C
05F
361
025
BE1
DF8
050
012
29A
1BF
F95
22D
486
1E4
DE6
B6F
03E
223
E02
EAC
0DB
02E
1A6
040
CB9
BD1
E51
17A
08A
CCA
FD6
563
2B7
FE0
F68
EAB
01A
101
096
00C
F9E
2C2
4D9
ED6
BA2
EEF
F70
E2E
D50
D93
008
19D
1EC
114
D35
CCD
211
0D1
D53
F74
26A
410
399
069
069
FBB
F69
152
E62
BE8
0F9
406
0EB
E1B
DC6
F98
FE2
CF9
D2B
F36
F0A
412
45E
F22
F54
235
221
F0C
CBD
EEB
303
23D
20A
198
DFF
F7F
15A
DBC
B09
C3A
0A7
29B
EF5
EA9
1AE
043
021
F8D
C95
D95
27B
3E0
1F9
F97
0D9
497
14A
CCF
E6C
E83
F8D
219
064
E5B
FDD
136
17C
D61
9D3
FBE
1CE
F81
0E9
0EC
1AA
372
1A0
F22
D36
E9C
336
2AD
D9A
FB0
395
1FF
FAB
DE7
C54
DD7
F1E
FC7
F1E
D83
1FA
4C4
F9D
C94
EF4
01E
0FC
0A6
FCA
1CD
264
3A1
2F7
D0B
C63
1AD
0AA
DB5
D9D
FFD
301
154
ED1
E75
D82
E17
199
ECD
C81
0E7
4EC
321
0DE
ED6
0EA
171
E99
F7D
F05
F04
3B1
483
ED2
D0C
F2A
04F
E61
B15
D9E
111
0E1
1EE
157
D97
FD4
23F
FB5
D62
D93
27A
51C
13A
FCD
236
04C
03A
016
CAF
C84
FE9
2AA
170
D08
E49
1F8
FC4
C89
DBA
DEE
FCE
338
249
096
076
26F
3FB
EBB
BA7
089
226
136
11B
04A
005
13F
FEE
E3F
AF4
B6B
1E0
1BF
D78
EA0
275
1F7
0DD
E8D
DD1
F3B
11C
2B5
202
E9E
29A
518
07B
C8E
D1E
E91
018
F65
F1B
FE2
F1B
21E
1EF
BBD
B2E
FEB
0F8
FA1
F3E
0AA
3BC
294
08C
079
D32
EEF
2AF
076
CBC
027
35D
2FD
EC3
C76
E4E
E6B
DBA
F59
E4F
DAB
300
3EB
02E
DCA
EAE
1BB
115
DF8
FCE
27A
1C5
466
23D
DE5
EB2
072
FFC
D5C
B95
095
378
FCC
E67
F80
E0D
FDE
07D
D9E
D8E
03B
448
472
F0B
F2C
242
108
E41
EDB
E65
04B
30B
22C
FF7
DA3
EFB
1FA
D4A
A1A
E0A
131
158
18F
FC7
034
11C
12D
107
CF0
CFD
32B
4EC
0CF
04B
142
1A4
0E5
D9E
CBE
D61
EC7
289
0B4
C3D
F88
2C9
FF2
CE6
C27
ECC
1DA
13D
1B2
181
000
299
41E
DCE
C0A
FD3
1B4
104
F05
F6B
227
0C2
F7D
E72
B08
BF2
1DE
105
DFC
EE1
264
470
092
D2C
F84
FB1
03A
2C3
085
EC4
2DD
415
1A7
C51
BF9
051
F9B
CF6
EDB
FD4
02C
28D
188
CAA
CDC
EFE
215
FAF
D3B
160
57F
27C
183
008
DF7
FD8
115
F37
D53
E9F
34B
443
E03
C67
FA6
E46
DC2
DDF
D49
FDC
28C
304
203
E13
EFE
338
08F
D3C
FBE
289
3B4
291
0AC
FD3
E67
F3B
0DC
C9A
B15
152
329
073
ED2
EEC
0A3
093
E8F
E61
E43
F86
533
456
F3C
FDC
278
207
EA3
CA3
EA4
196
0CC
1FA
003
D05
FC5
19F
D0E
AE2
D67
17E
24B
006
034
292
109
12B
149
D49
D25
2F2
3CE
14A
EEA
176
389
049
CDF
D78
DB8
F09
1D0
055
DA2
034
242
1A8
D0B
B98
05C
1E8
01C
1BB
14D
167
38A
265
E50
C91
DD2
1F1
149
C57
FC2
2B5
093
FCC
D98
BD6
DD7
FA9
088
F32
E67
2BD
5D3
03C
D65
FC9
011
106
0D5
FCC
0A4
21F
354
237
BF3
BA7
0BD
F52
CA0
DC4
F90
235
16A
FE5
EDD
D4D
ED8
28F
FC5
CF3
1EF
523
3C8
127
EA4
071
041
ED7
FBE
DED
D81
31F
34C
E13
C5A
E63
045
E99
C3E
E2F
194
181
352
223
E09
FC1
29E
060
DAA
DFA
204
4CB
116
FC1
063
EAC
F0B
031
C13
BC5
FBD
2FD
227
E37
E4A
27D
06E
D9D
EB2
EF1
02D
406
36D
0A5
FF8
1F3
32A
E81
ABC
F06
147
072
0C2
F86
EBD
01F
074
E09
B4E
BC9
24F
377
EE1
FB1
2B5
1D1
1A0
FAD
DAB
F2D
124
313
1F0
D8B
08B
3FD
F4A
BC0
CF5
DE9
F99
029
FA3
FD7
F6E
223
2D5
D72
BF0
092
28A
125
020
13F
377
317
0B8
FB7
C7A
CFF
1D9
048
CE7
EE6
1CD
295
F78
BB4
D9D
F4C
E97
100
014
E48
2FF
536
120
DFF
E00
15F
153
EA1
F1C
1C8
0F5
2AC
1DA
C7F
C29
EE0
FC4
DEC
C3D
F86
411
1CB
F8F
FD7
E3A
F40
1EB
FA5
E7B
070
42B
56B
FCD
D8E
0D4
04A
DD0
E8F
D92
F12
209
1F2
F5E
D30
D50
1AF
FBF
B91
EEE
236
2CE
32E
146
FD2
03A
168
174
E4E
C14
1F7
4AB
0BE
E67
F3D
F80
FE2
D96
CAC
D46
ECF
317
390
E08
E92
2B8
191
E49
D0D
F21
2C8
2EB
21B
218
F89
091
2D4
E1A
AA8
DDA
18A
237
F62
E34
089
079
EE8
F0F
C26
C2B
1B1
3C9
0BA
FC8
1C1
441
146
D2D
E13
022
FB9
248
1B4
E5D
05D
2A1
0C5
C6D
A50
E3B
187
EC7
F75
103
039
1DD
27F
E4B
D1F
F36
2CB
2FD
E7A
027
4C4
2C0
FA6
ED7
C90
DC6
04F
050
E9B
DC8
0B6
436
F1A
B8E
E1D
009
FEF
037
00A
0F7
312
394
2F1
E77
C0C
18F
2BD
DF5
E57
10E
279
208
F72
DB0
D3B
D42
048
FA3
BDB
FC0
506
2F9
FFB
E28
FEB
156
FA6
F53
03B
FF2
386
5A5
027
CAC
FD9
0F4
F06
C41
D46
14E
158
0B6
133
D4F
D2A
13A
FE9
CD6
DDA
1EC
556
322
FB3
155
18F
FC3
126
E90
CD8
10D
3B4
1CA
EAA
D6A
0B2
06A
BF9
C12
EBA
EF5
1E4
30B
FA3
EFE
14C
266
003
C03
ED7
42E
27D
0DD
16D
04B
08B
0D4
E7A
C32
C07
062
3C1
EFD
D1E
149
1AC
EC1
E72
D43
E96
148
2AE
28E
06A
014
4CD
257
C57
D5C
FB4
10F
197
F84
F7B
031
FF9
0F0
D99
9C7
E05
279
FB2
EED
FB9
267
334
FF7
EA3
E5D
E25
196
36E
F01
F98
407
364
024
C15
C65
FD9
E55
EC7
00A
E9F
047
366
079
BE8
CA4
03E
1E8
F59
E4E
2D1
34D
215
229
EF5
CF7
067
161
F42
DC2
F5F
3AE
24F
CF4
D97
E7A
DCF
F90
F40
DDF
FE0
33C
41A
0CB
CBE
00D
304
F47
EC8
091
10B
2FA
3BF
066
DDA
DE2
FFD
08B
B9B
C13
22E
29B
0C3
FAE
E65
F04
FF7
F79
F4E
DF6
0D6
624
3A3
EA7
041
1E0
0BC
F39
D12
EAF
024
13E
308
F84
C8F
FFB
132
CB8
C24
E91
19C
2C8
0F7
0AD
11E
002
1D3
0CB
C0F
DDD
32F
380
123
EB4
060
237
EC0
CC9
D55
C60
F78
315
014
DD5
FBC
1EE
1AE
D3F
C10
0A6
24A
17D
222
166
053
34E
256
DFB
BF8
DD6
267
14A
D50
FE4
184
FAE
F60
DD1
B9B
DC5
130
22B
019
E8E
356
545
FBA
D98
F38
F49
131
1BE
02C
057
12E
2C3
192
AE8
B58
076
FD2
DE9
ED2
FCD
1EB
209
04C
E80
CD8
EFF
3BE
0BC
D93
1F3
4F1
36E
051
E0D
EDA
F98
F11
FFD
E6A
D49
340
3C9
DAD
C57
E2E
FA7
F3E
D71
F77
267
1C4
3E4
282
D69
EE1
239
0AA
E6F
E47
1FF
4B9
0FF
E95
F6D
DB3
E5C
FEE
C9D
BFC
07C
31D
2E0
E42
DF6
146
0AD
DCF
F98
FFA
122
47C
379
FDD
F33
054
245
ED9
A7E
E90
21B
11E
0DD
FE8
E22
F29
F98
EE5
C50
C7C
23F
578
04B
FAF
1BF
192
0B9
F62
E18
F33
10A
334
2A8
DB2
E8D
2FE
FD7
BBF
C25
E56
09D
0DE
FF3
07D
FBF
07D
2A4
E3F
B11
FFC
379
267
0D1
029
2CC
27C
F3D
EE6
D69
C9A
1C0
273
DCD
EBC
10E
23F
F29
B43
D19
02A
FFB
123
20D
F59
1F7
4E7
1D1
DB1
CD3
0BD
342
F68
F08
204
126
13C
0BB
C3C
BC1
EA7
08F
FEB
D8D
F59
473
28C
E17
F14
F32
F93
183
0B7
FC7
0FA
36F
565
0AE
B58
EC1
13C
E82
DA3
E61
F6E
190
18D
FB4
D21
BEC
093
19E
C85
DAF
2C1
43C
2FC
093
F76
04A
015
058
03A
D25
004
54D
1DE
D7E
E15
F3D
FB7
DD1
C8D
E5B
02A
1B0
387
FB0
CD2
0CC
23E
EDD
DC2
EF1
33B
43E
097
0F5
041
F01
106
F9B
B63
D1A
167
30C
089
D09
F2B
106
E6C
DE3
E32
DAA
17D
475
1B0
F99
04E
27D
2E8
D15
C71
08C
17B
0EE
186
F68
F2C
08C
FCA
D42
A88
D3E
312
1C8
E13
09C
20A
19F
155
EC1
DD6
F24
1E8
3A5
133
E66
2DE
462
EF2
C8C
D8F
E46
04E
FA0
F1A
F73
023
1E7
1A5
B5A
C18
17F
1BA
03F
000
1F0
3FF
2AE
07E
FD0
CB3
F1B
30F
029
D8D
FAD
2A8
276
E2F
C18
E12
EC5
E59
03A
F56
E8E
32E
3FB
FD4
D89
E68
20B
15E
DDD
09C
2E3
1E2
31E
169
C8C
DC7
00D
FCD
D2C
C08
FCD
404
006
E78
F8F
DD3
F35
030
EBA
E7A
0E7
4E9
49E
F10
DF1
284
136
DEF
E80
E90
0C5
252
1AD
F4C
D61
E1A
146
E79
9D7
E68
264
1DC
187
017
FE8
0BA
0A0
0C3
E80
D60
323
5B3
0C6
E8C
084
150
FF2
CDF
C56
EA6
F5F
18F
223
D92
E5C
2FC
08D
D23
C5B
F94
37C
239
123
241
11C
142
2CC
F4E
BBE
F34
1EA
1F2
EBB
EBC
159
170
DF1
D18
CB0
CF3
125
284
FE8
F9D
1BF
44F
16C
C04
DD3
1ED
0CA
13F
1F8
071
1C3
2B6
034
D3A
B53
E91
231
E6B
D18
13A
198
18B
FED
D28
D1C
FAF
0EA
250
F31
FAF
568
4C1
F3F
E49
F27
FB2
021
ECE
F18
FC5
0F2
35A
FC2
A4A
D7A
0DA
F04
DBC
E9B
192
3AB
1EE
0D4
FD6
DB2
0E9
2F6
E2A
DF8
24B
4BD
2C4
E33
DA2
02D
E84
E28
E2F
CFE
ED1
3CE
22F
E02
D68
FB0
1FB
E83
C57
09C
218
241
3B7
0E3
EE1
0E8
158
FC3
C66
CB3
267
328
EF3
EF0
021
EF2
F2C
E9B
BB2
D7A
0DB
38F
261
E13
05C
47F
0A4
DD6
EE7
F95
177
29C
127
FAB
F3F
067
238
CC3
A05
F5B
142
02D
FCE
F73
0C8
0DE
027
F25
CC7
D90
3FB
35B
F30
04F
35A
358
08E
D62
DAA
F6F
F71
11B
037
D76
0CC
35A
F28
B9F
C97
F7E
187
F53
F4C
1E8
1DC
2D6
2CB
DC5
CD9
11A
280
0AA
E33
07D
472
214
E28
E62
CD7
D55
074
F13
D44
F29
27C
419
F4A
BF7
F5F
202
EE2
FAA
0C6
12A
3D3
3EE
10D
E79
DA7
0FE
11C
BDF
D42
1FA
1EA
0D2
F6C
DA3
E51
EFE
F3B
ECA
C8F
04D
5CD
2CA
EDB
106
14A
0ED
F96
E04
FC9
13B
29B
3A2
F06
C6C
068
11E
CF6
B5E
DA4
131
24E
FE5
02C
013
F57
1F7
04E
C50
E91
350
44C
1A3
F00
121
2FE
F6C
E62
DF7
CA0
FC6
2D4
FDF
DF6
F4A
15E
124
C64
B7B
05A
147
063
227
077
0C3
37B
1F5
EC7
C85
E8B
35B
1C4
DE7
0BA
214
0AC
FED
DAF
B80
D26
F7D
146
F1A
D90
2B2
49A
F48
D20
EDD
F9E
17B
136
0ED
131
20E
3FD
29F
BE4
C46
173
016
DD2
E10
01F
204
130
E8D
E62
CE3
E56
216
F61
CD4
193
517
3B0
058
E72
057
0AC
F88
067
FB1
EF4
3A6
41C
EEE
C9B
E9D
091
EBD
B9A
DC5
1D0
0D2
265
15F
DD9
EB5
258
045
E48
D7E
230
59D
1AF
F11
121
FED
F33
F57
CE7
C9D
FC3
2DD
25B
DA9
D1C
20F
09D
BF4
D19
F44
0D6
30F
290
168
090
154
331
013
AB6
EC3
3D5
1D5
FEC
024
FF6
0D3
F48
DE3
C8C
BD8
03C
39A
EB3
E6C
276
2F0
0EA
E6A
DE4
0B8
0F5
197
2AC
FD3
087
461
170
C90
C67
EE0
11E
EFD
D84
065
14C
086
168
E0F
B40
ECA
26F
0A1
F4F
F99
47C
4C8
FFC
EC4
FC1
F2E
096
114
E16
F2C
245
331
035
B66
D03
0B8
E7A
D6A
EF4
F72
1FC
33E
144
E70
E28
0A6
2DA
EAB
D6C
296
496
205
0D3
ECD
EDB
F68
EC9
E23
CBD
E1A
3BA
350
D4D
DF2
089
FE3
E8B
D8D
EB8
139
2B9
3B7
223
E1F
0E1
395
EF7
C04
E56
12B
2AC
05F
EE7
030
F33
EEB
FC2
B38
B31
1D6
301
19C
F47
04B
3A6
120
E01
ED0
F7B
001
40A
294
F00
025
37E
1FB
DC8
A55
E3F
112
EFD
022
024
EDE
132
16C
E09
C3E
E5F
1F0
32E
E7C
FBA
4A6
314
0FF
FB4
DBA
E88
08F
0FB
FC8
E45
040
4AD
FE8
B69
D62
EE2
ED6
F0A
EC8
FD9
236
298
2C4
ECA
C28
136
2B8
EA6
E7E
1A9
34F
321
FF5
E60
EB4
D43
005
F4D
BDF
E1B
34E
28A
EF1
D8C
ED1
100
EF1
DFE
002
FA3
2AB
59A
14D
E48
07C
1E8
0CC
D05
CAE
1D8
21D
087
0D6
EAF
D97
057
F6F
BAF
BEB
F7C
3F8
291
E58
103
2A8
03F
F54
F29
D6C
0FD
312
326
04E
E7E
1C3
2C4
C9A
B5E
ECC
EC7
03A
0A5
F24
F75
0A2
17D
FF0
B5A
CAF
376
286
F87
111
2CD
373
19E
F2F
E4D
DF6
F47
2A5
05C
CBB
10D
328
021
CC7
C43
EB4
FB9
EEB
FF5
0B1
054
3D1
3A7
E06
CF2
096
22D
081
E5A
099
421
26F
0D7
F7C
CC1
D71
0FB
ED9
C8F
DB6
241
3C9
FBC
CB4
FF1
02E
EEE
06B
EFD
F14
353
4EB
1F2
F1A
E22
241
140
BB8
D24
07B
0DA
248
0E3
E24
DAE
F49
FE5
DC5
B48
FBC
4C7
1F1
FA8
11F
0F0
18C
075
E36
E44
F30
288
47E
F75
D8D
26C
16F
DF9
C22
C97
F51
0C6
08B
05B
F08
F3E
2B8
00E
B90
DB5
20B
375
0E6
FF8
2C5
38F
123
034
E31
BF8
FA7
273
EDE
E11
05C
2B9
1A6
C9C
BEC
EFA
E93
F6E
179
F51
060
463
370
F72
D20
EBC
31A
0B3
DE0
0FB
219
1BC
280
EDB
C74
D73
FA8
F82
CF4
CC2
263
41F
F7E
EB3
F47
F41
048
02D
EAE
FAF
1D3
539
37A
DD0
EC0
243
FB4
D5C
D4C
EF8
18C
1D0
074
F28
C9C
F0B
170
CCA
AE7
020
34B
276
10B
036
1B3
116
FFA
FD9
DCF
E02
38E
3AA
F14
EB7
0F1
188
F27
B87
CE6
F64
F74
16D
0ED
E07
027
32C
05C
C8C
CC7
172
3DE
FEC
0A6
2FB
1D1
189
1B8
D92
C07
FE6
14A
037
D44
EBA
3C1
119
D04
D54
DC0
E58
0BE
012
F8C
08B
36B
4C1
02F
C46
04E
26E
FEC
F2F
022
0D8
2D9
1CA
FAB
CCF
BEB
03E
01A
C00
D41
252
2F7
163
E7A
E94
FE3
FD2
04E
FEB
E99
1A9
63A
2CF
E39
F35
0C9
070
DE8
C09
F94
11E
119
247
EE7
CCC
008
124
CDF
BA1
EC1
2FF
35C
01B
136
1D6
084
162
04D
C6C
E6A
327
361
0CB
E46
0C8
224
E14
BC8
D79
D29
000
212
FA9
F05
045
27E
232
C92
C18
21C
267
06F
22B
0F9
1D4
329
178
E4D
C54
DE7
254
002
C30
019
312
10A
F38
D1A
D2E
EE2
F9C
092
FA9
EF7
3FF
58C
FCE
DE3
018
09F
09C
E7B
F54
1B2
198
21F
147
BE5
CAF
123
F07
BE3
D1C
10B
3A8
18D
F18
045
FA9
F58
1F6
F0E
DB7
2B7
534
319
FB2
EC8
183
0B7
CB1
DA2
E9C
E40
222
1D2
E39
DB1
07C
11D
E61
A52
E90
36A
1B9
167
188
07D
219
270
EC4
C98
D97
1CB
3CB
FB4
E36
23B
19A
EC4
CEE
BE9
D5C
FD4
0B2
04F
EB4
00F
4A9
197
C1F
DC0
0E0
0A5
13B
0BC
112
2EE
2AA
263
EAC
B13
F59
226
E2E
CF5
F5E
208
1F8
EBE
D43
E88
E3D
FF8
10E
DB5
FEE
501
443
0A1
EB6
F8F
255
FA9
DC8
016
004
142
3EA
069
C0A
E1A
FFA
F1A
C25
C0B
151
33A
0E2
11C
02F
F48
14A
12B
DD2
E3D
123
4EE
3A6
E62
017
2E8
FC4
E59
DC6
C7B
F65
239
114
F4A
E05
098
211
D0A
B1A
FB5
0FB
144
1BC
0B9
167
21C
1E5
112
C6A
D6C
2E0
2DF
EC0
F56
1CE
1F5
01D
D06
CE2
D4D
E10
12A
FEA
CF9
182
4E9
09C
DAE
E05
031
1B7
047
03C
238
18A
3C3
35F
D31
C95
FED
038
E4A
CE7
ECE
339
155
F5B
F5B
D0A
E12
159
FA0
CDF
FFC
407
4E9
0DB
E2C
174
1E1
EB9
F50
E8E
ED9
2E2
37B
0CA
D8F
E5F
0C6
F75
A3F
C52
0BA
072
1B0
16C
FB6
080
1C7
10D
E91
C0F
12A
5A6
172
F7A
220
1A4
0C5
EF4
CBF
D25
E7F
0FA
1B1
E1B
D6B
32D
1BC
CF6
C8E
E68
0F3
175
054
112
1A4
1D9
40B
109
B30
E05
28C
0A0
EFE
E99
1E8
37A
F93
E5D
D9C
BAB
F72
114
D6F
D56
23F
407
225
DD1
E5C
196
054
F81
08B
FBF
1BA
53F
29B
E33
DD1
FD2
105
D77
B11
F7F
19C
0D5
155
F20
D04
FF9
064
EC5
C9C
E46
47B
544
FFA
081
26F
0EF
06E
EDD
CE5
F8A
1DE
2D7
0C5
D32
FCC
2E3
DE0
B50
DA8
F6F
0AE
168
014
097
0DE
225
228
D1C
C42
230
31E
0C2
095
19F
33C
218
FB9
E21
CC6
D7D
1CB
069
C1E
F38
340
195
E5B
C13
ECB
04F
F4A
053
0C2
033
3DF
4B6
F93
D9D
F33
17C
0EA
D0D
E93
30B
1DA
0AE
FDE
C76
D59
06D
F0A
C65
CBB
137
4E0
0E9
E6E
10D
14F
FBF
05B
E8C
E97
2B0
471
364
F5A
E54
235
0FB
B98
CCC
F10
FAA
176
0A0
ECE
F2B
003
137
E2A
A46
F0D
3FD
1C4
040
193
1F1
2F1
0C7
E96
D9C
DE3
139
367
EAE
DCE
2D4
2A0
E17
C3F
C72
E8A
F78
F60
0B8
F7A
08E
4D4
191
C18
E60
138
1BA
062
F3A
225
3BE
163
17B
EF8
C3E
F96
13A
D6E
C47
F66
325
273
DC1
D9C
FFD
EBD
FBB
FC9
D6C
03C
50A
46C
08A
E80
0BB
329
E93
C81
FE7
102
1E1
2A3
F9E
DE4
F1A
F92
EEC
B40
BCC
25F
2F2
F4E
07A
0E5
096
185
FA3
DBB
E80
106
4A1
2AF
DC4
0E0
413
FD3
D06
CCA
DED
F77
031
019
FA4
F42
232
231
C2C
B30
015
162
024
FAB
119
3B0
2E6
157
0A4
D59
E6E
2C4
069
D81
F87
283
2D5
F4F
C37
E81
E56
DA3
F8E
DF2
DA7
2C8
460
0BF
E0E
F0D
211
0EF
DBC
F09
278
2DD
3B7
254
DE0
E6A
118
FCE
D6D
ADA
F99
36E
FE9
E23
000
F37
FAA
043
D5B
D62
07A
3BB
437
FB7
F6E
3F7
28D
DB4
E48
E7B
019
23C
18E
FD6
F5F
FC7
216
E55
94F
D5E
13C
FBB
F50
FE6
12B
2AB
1B4
FB5
DBB
CCA
231
37D
EE6
F51
36A
414
11C
E28
D10
F2F
E75
F40
FC6
D8D
FCE
41E
0D0
C6F
D64
FB9
0CD
EA0
E03
1A6
2C4
334
3F4
041
D4A
177
233
EC3
D21
ED4
396
2D1
EE0
EFA
F97
D93
F7A
E55
B74
E4E
2DB
361
0A3
D94
142
39F
EBC
DFC
F93
F86
23C
3FA
116
FE3
06F
246
0B1
B1A
BE8
115
0B5
F0F
FCB
FC4
099
0EA
F74
D75
C51
FC2
3A3
0A0
E3A
2AC
440
275
008
E2D
E70
02E
0A7
0EE
FBA
EBD
389
2D4
CFE
B71
E90
F44
EAC
DC9
F0A
217
1D1
279
172
CD4
F25
2D0
013
DAF
FF3
346
471
152
F65
FC2
E98
F24
FF9
C53
BBE
193
2F8
FFB
DC1
E7B
143
FBE
CA4
E0E
F0F
08F
44A
2FC
FB4
093
2B4
201
E2C
BE6
038
35C
06C
077
077
F56
06D
00E
C3B
AFB
D84
183
1BE
E1E
F83
3C4
207
F71
EBB
DC9
FE0
20F
214
103
F8A
283
4BF
F37
B32
F03
FC4
F33
F15
EB5
FBA
193
173
09D
C80
BF2
174
101
D2F
F20
2F4
3F2
2E8
0D7
FFE
018
FFE
177
F7C
C7B
12A
500
136
E6A
E78
FFA
001
CAC
C9F
EA5
F56
22A
3C4
EE4
E6D
1F6
1A0
EB6
CC0
FB9
3CA
320
10F
1D6
0A3
051
214
E88
ADB
DC1
0FF
204
ED5
D51
204
1E1
E13
E17
D74
DD7
130
2C1
040
F9D
21B
557
248
C8B
E28
1BE
FB6
028
06C
FE6
161
281
06A
CCD
AF7
EC2
10A
D0F
CBF
1BA
291
1DD
0D7
EA0
EC4
FFD
0C6
139
DA9
FBA
5E9
3E0
ED9
F38
00F
F56
E9D
CB8
E1D
FA0
135
30E
F45
C3F
00C
1D0
DA9
C2D
DB9
1B0
33D
163
1B0
10C
030
299
12A
BB0
D62
243
2A9
072
EF7
077
21D
F1F
D83
D48
C1A
F15
243
FED
E2E
0CB
37A
21F
DB9
D18
109
157
093
1E4
0DF
125
409
27D
E00
C49
E42
1E6
ED8
C30
FFF
24F
0E6
0C3
E2E
C70
EF0
006
03A
E47
E69
445
5BE
FFE
EF8
147
063
FCB
F8D
DFA
013
1EF
39B
188
C84
E2C
26C
E51
AF8
D1F
F94
1DF
1F9
059
030
FAD
11D
1D2
D1F
C0B
25F
45C
151
0A3
15C
283
153
E37
DD6
D52
E1C
29D
140
D61
FAE
226
0B7
D5D
B8C
E2E
0BD
010
0DC
174
01D
366
497
F06
D4E
EF5
211
18A
E43
F79
36A
18D
080
F72
BFA
CC7
0C0
FB2
CF1
D62
1E3
48F
FF8
DE0
00A
FFA
F41
08E
F16
F50
2E1
4D7
25A
E6E
E21
270
0BD
BC4
D7A
FC1
058
22E
08F
E6C
E5B
F8F
0A0
D9E
A8B
FC2
45E
154
055
10F
1A9
250
0B7
E94
E19
EB9
331
376
E42
F28
341
165
DB0
C16
C87
F4B
F9A
FDD
FF9
F02
14C
431
F8E
B37
EA7
1AA
173
00A
FC0
2A1
39A
189
15D
DA4
CAA
107
0DF
CEE
E28
12B
350
0D5
D46
DFF
F53
DBA
F4B
F1F
DAC
18D
544
26A
F45
F13
1DA
26D
DE9
DBD
17E
135
25F
2E8
F03
DD3
096
018
D94
A37
DC0
314
125
EA9
089
03A
05A
0D7
EB8
D0E
F0A
2EA
44E
0DB
EFB
388
3B1
F5C
DF1
DC9
E44
13F
0C2
F8A
EA3
FDC
33D
FF4
9D9
C73
109
F69
F7D
F92
0FE
35E
28B
149
F27
D22
0AD
342
ECA
D9B
29D
39F
293
F01
D84
EDB
E17
E36
EFE
C88
ED2
43D
20B
D7E
DDA
FE9
12F
F1C
D4B
048
205
2E2
482
0B3
E50
162
209
E60
BDB
D9E
29A
260
FB6
021
04B
E8F
001
E3A
B52
D1D
211
2F6
09B
ECE
248
46A
FEA
E44
ED1
ECB
12D
374
0D0
FDD
125
332
19A
B57
B59
FDB
FCD
E6D
F7B
F77
0DC
278
109
DFC
C67
F1D
394
00C
DBA
226
494
345
11D
EE4
EF0
026
009
FE5
DB1
E94
369
31C
DCD
D58
F1F
F6A
EBC
CA3
DD5
0B1
1F8
388
193
D92
043
354
F15
CB3
F0C
220
3AA
0F9
018
0AA
F6B
054
FF8
B64
BC2
122
24A
018
E74
FE8
211
F9D
D12
DEE
E0C
FB8
3FA
1DD
F39
1EC
439
27A
E14
C05
061
156
F17
00A
FBC
F9B
2C8
15F
CB1
B7E
D79
0E9
F9C
C89
041
491
22C
110
FE0
D9C
F4B
117
0D4
EF6
EFD
3D5
56C
F89
DD0
069
F99
E5B
E1A
D5D
F3B
178
241
080
CF2
DDE
242
F58
B85
E8C
15B
2EB
2F2
15C
123
0D2
16B
1CB
D66
BC3
1F5
3D2
062
F57
FC4
12E
02D
D47
CA1
D76
E19
25A
1EB
D78
FF4
3F6
20D
E90
CD4
F9B
1F5
0E9
18D
1D3
054
347
36D
DCC
BAA
E51
101
FF8
CB7
E75
281
152
F7C
F24
C25
D66
15B
FDC
DF0
F40
3B2
5AA
1AA
DEA
12B
11E
F5C
FC7
E86
ED0
2DF
3BF
114
D83
D44
0EF
FA6
A7C
CDE
04A
066
1FF
102
EC7
FA1
128
180
E6D
C1D
137
52F
188
002
1E4
13D
13B
F8E
D03
CF5
E51
1A5
25B
D55
E1A
2E3
0CD
CDC
C72
DA3
0A1
0C7
092
141
021
235
552
FCE
C10
FD0
1A2
0D6
F2F
F88
2A8
2E3
040
F5F
C9B
C04
069
FC4
C32
DB4
235
36C
124
D5E
F3D
087
F6A
056
015
E8E
2DE
5BA
1FB
E9E
EEC
196
0D0
C57
D3A
092
0DD
186
138
DCD
DE7
08A
FB7
CE4
B46
F3A
4B4
142
FA5
1F9
197
0F6
114
EBD
D2F
012
2D4
358
F22
E89
30E
1EB
C99
C8A
D1D
E4A
07D
03C
F66
FC0
103
319
FD6
A9B
E8B
27C
0C9
020
0E8
223
3A4
20E
0C0
E34
D21
0F2
1CF
C7C
D66
28F
2CC
04D
DBF
D4E
EFA
E7F
EBF
F21
CDF
0E2
566
1FE
E2F
FB4
135
184
EA4
DE8
150
1DC
24E
323
F15
DBB
103
082
C80
B5A
E04
242
153
E3E
002
09A
F52
0EF
E51
BB8
F51
3B8
367
07A
F8E
395
3F0
EF4
E07
EB7
E4A
1C0
212
F48
EEA
0F7
23D
F8C
A2A
C6D
09F
F4D
EC7
01C
090
285
342
0C7
E3F
DB5
11C
361
EF2
E6A
37B
3CB
174
F8B
E3C
E1B
F47
EC3
E74
CEF
EED
463
17B
C5C
E3F
036
FD2
E47
DE1
FCC
263
330
449
072
E0E
179
2AD
D65
C92
F56
249
2A3
FB3
F18
FB3
EBE
FFA
E7C
A7B
D1F
2F1
1C0
F63
F2D
1C4
330
FA3
DDE
EF6
F38
1E0
46C
0D3
F9A
22F
389
038
C4A
C36
0F0
F9A
E1C
000
F74
FAE
265
FEC
BD6
C57
F6D
241
F61
E23
2F2
4E8
21F
113
FA2
DFA
074
12D
FE1
E6A
FE2
483
336
CFD
D7E
FBD
E1F
D9E
D71
DB7
02D
2D9
279
FDE
C4C
0C1
2A0
E67
C9F
041
291
3A7
21B
02F
021
02E
0E5
FD2
B58
C99
2D2
1A1
EE7
ED1
02B
0D1
EE9
C7D
DC6
E32
04C
39F
0F7
E97
2B7
491
0AE
DA3
CE3
14F
273
099
157
0FE
017
2E2
0EC
B13
BC7
F01
078
EDF
D27
036
34E
063
039
F49
D5F
F98
2C0
02C
F03
138
514
4A5
F5A
DBB
062
FC6
EAE
FBF
E2E
F6A
2E7
21B
ED1
C15
ECE
162
DC7
B60
F86
13F
240
355
0F0
F4A
086
133
0B1
CD7
DD5
422
48C
004
026
08A
031
FDD
D4F
C34
D2C
F86
2CF
064
CBE
0DA
3A0
F8A
CF9
CCE
F21
12F
13D
14C
191
100
3E3
346
CE3
CAD
0A6
180
FE0
E0A
037
2BB
086
F30
E61
B62
DFB
177
F44
CC2
0C5
410
356
FFA
DD2
081
068
FD5
17C
FDF
FFA
47D
410
F99
D65
EB8
171
EAC
B6B
EEE
09E
088
205
033
CDA
F32
068
F2F
D07
CC5
2F9
4DE
0C2
09F
1E6
06D
14C
021
CF3
E3E
14F
3A6
1D9
CE1
F9D
2C5
EE3
B9F
CCF
D38
FF8
192
05C
FF6
F6C
24F
32A
CCD
B92
18E
2AB
0DF
107
142
28E
280
08C
F0B
C67
D4E
276
048
C26
FC1
292
215
F29
C41
DCB
EE2
F12
0CF
F58
EDD
43A
524
04A
E27
FDB
1BE
09D
DE8
F4A
243
17C
34F
130
C2B
DDD
0D4
EE9
C63
BD6
090
322
FCA
F00
02C
EF7
074
0DB
D3C
DF1
234
4F4
33F
F66
075
3F6
07F
D04
E01
E0D
FF3
2D9
0BC
EE5
E74
0D4
163
C6D
A3F
FC2
1E3
00C
0B6
0B7
135
250
176
F9D
D38
E54
352
291
E34
0E6
3D9
27D
FC7
D5D
D16
E80
F47
015
EE5
D79
223
43C
EF8
C12
EBB
045
087
F27
F78
231
2D4
3C4
32B
D57
DD1
1D5
09D
D5E
E05
0FB
3C4
0D8
E81
F09
DBD
E2E
02A
CFB
B84
0B1
3E1
270
EFF
F3E
276
170
DFA
F3A
FB5
06C
483
315
F30
F6A
17D
1EC
D69
A3B
E9E
1CC
FB0
008
FEA
F31
0A9
124
D52
BDE
DB6
2C3
35F
F04
068
411
28F
063
F70
D66
F28
1A1
18E
015
DA1
186
421
F0E
AF1
DAC
EFB
EE2
F05
E46
FF8
12F
281
261
D04
CD5
24B
1C0
E53
F53
1F3
415
317
071
F94
E48
EAB
0F7
EC2
BBB
0A0
3F3
10D
E4B
D7D
FD5
027
D53
DFA
EC2
FAA
3B2
439
F47
F77
22B
233
F4C
C4B
F67
33E
1AA
1A4
160
E57
035
179
DC8
AC4
CC1
173
2A7
E90
E3C
25D
13F
FA7
F5D
D15
D94
23D
30C
1A1
F3C
219
578
115
C14
E75
008
F97
027
F8B
FA5
090
179
077
C1F
A8E
006
14F
DD5
EA7
175
2D2
396
09E
F3B
EA5
F79
2DB
152
D48
173
590
235
F6B
DDF
E6D
FA5
DDF
D88
E1F
DDB
1C8
39C
E1F
CE8
0CD
102
F26
CFD
F1D
35F
31B
23D
279
F2A
038
2BD
F4D
BD9
E2B
213
3A9
FBF
E4E
0ED
040
E26
E2F
C3A
C1F
18E
27D
076
EF8
049
3BC
0D3
C4A
ED4
0E8
074
294
1B2
053
188
306
1B4
D5B
A89
FB3
236
E29
DE2
078
0AF
174
FA5
D19
C83
DFE
191
18F
DB7
091
5DF
340
FEE
F37
F17
073
0AF
F8C
02A
F2F
26B
418
E86
B8A
F01
F93
DB4
CBC
DD1
168
252
100
131
E77
E10
237
0B1
CBB
F56
340
486
2C2
F6F
14E
132
F06
FD7
DF5
C13
174
321
01F
D92
EA5
0F7
FBD
B8F
C8B
F55
F7A
222
2C2
F67
061
323
1F1
EBC
C1C
04D
439
095
FB6
20D
101
132
0B3
CF7
B8A
D8C
0AB
0D5
CFD
DFC
378
21A
E51
DDC
E2D
F42
153
0A5
04F
08C
2C1
5A7
0F4
C73
FB9
1BF
F65
ED5
F24
0DF
208
148
FD4
C9E
BB8
013
073
BB6
DBD
219
39F
206
F3D
FD0
0CB
FE6
0D7
F79
D96
1B8
59D
1F2
F3F
ED0
0BF
09B
D0F
C1A
FA4
FA5
1BD
2B4
DD2
D9E
147
051
D4C
C09
F0C
445
227
059
21A
187
10F
289
ECD
C98
F03
24D
34C
F51
E2C
2A4
229
D65
D26
D68
DB5
10D
106
FB4
F49
0FD
44D
0D4
B2D
E25
20D
0AE
0BA
0C0
144
30A
2DE
0FE
DAE
BCE
05F
23D
CDC
D29
152
276
101
E40
CE8
E3A
E48
FD2
FCF
D4D
08A
5C4
2C3
EEB
F07
10A
189
F4C
E8B
0C6
166
27E
3A4
EDF
C60
FDD
05A
D99
BC8
D74
2D0
237
FA1
07D
F17
EC4
1BD
EEF
C59
F21
38D
441
145
F7C
257
310
EDB
EB0
E0C
DFC
1AB
26E
FCF
E54
F29
21D
F9C
AB8
C0B
0DA
052
03D
091
029
1C2
270
166
E26
C8D
07D
44E
036
EB8
27D
375
16E
F7E
D0D
D4B
EBA
FED
0C5
D9E
E6D
403
1DA
CD9
CB7
EA5
075
023
F2D
0F2
18D
2C5
474
079
C16
FBF
274
FBA
DF0
EC9
287
3A8
004
F1B
DF8
CF7
F76
F24
BC3
E29
262
3DC
0ED
DB5
F66
1FD
F11
EB9
029
F52
2C5
54D
20E
F7C
F43
1CC
12D
C30
BA9
0A9
0F1
094
0FB
E50
F10
076
F3B
D52
B8A
EDE
4A0
1E7
E73
1AD
2D1
14E
080
E06
E59
045
1FA
32F
FB4
E89
2F8
232
CDC
B6C
CFE
F5A
03C
F52
F32
060
0C6
2BF
004
B3E
E2D
2B4
187
FDA
FD2
2E2
4A3
145
F8E
EF9
D3C
077
1D7
D8C
E1F
187
2FC
0D8
CBD
C5C
F8E
E8A
E4E
F9F
E69
0B6
493
25D
E37
E43
097
291
F02
D45
1F5
3A2
249
225
F5C
DDE
F97
012
DDF
B9E
E43
3B1
2B3
DE9
F09
02E
F24
EFC
DA7
DA9
00E
314
434
1A9
DE4
29F
3AC
ED6
D20
F0D
104
222
1A5
FE2
FC8
E79
0C9
FA3
A36
BBE
16A
15A
F7B
F45
05D
2A1
089
E91
EA1
D30
0C9
49E
16F
E9F
2A5
3E3
230
DA0
CA7
FB4
FC0
F56
06C
F45
E8C
2CC
15D
C8E
BF0
E41
161
FDF
D96
141
34C
221
27A
FB4
D55
F7F
22E
13D
E81
EB5
42D
448
EAE
D4D
EE5
DDD
EAA
E19
D0F
EF9
1C8
2F4
141
BF9
E09
26A
F2E
D75
F4D
174
351
37C
16A
05C
EFF
0C4
1EC
CAC
C22
1F0
384
020
F2B
E77
FF9
F8A
DBD
DC7
C41
EDB
43C
233
E0F
03C
236
1D1
F23
CAD
06B
239
1B8
2DC
0E1
F05
234
242
D52
B20
D4B
134
17D
E0B
F38
1C9
FE2
FEF
EAE
B76
DF2
196
23B
082
F2D
2FC
52F
03B
D21
EEF
FA4
083
1AD
F45
F61
1FC
2EB
14E
B7D
B25
0A2
FD2
D68
E8C
019
215
2FC
0A4
E6D
DF9
FBE
2E4
00E
D30
2AA
567
25E
01A
E82
F29
028
E76
EBB
E42
E13
316
354
D1F
CE7
F58
FED
EAD
C54
EB6
1C7
226
2D1
201
E05
086
276
F80
D1C
EBB
34D
45B
06B
F07
171
EF8
F0D
ECC
BD2
C48
08C
2B9
06B
DF5
F73
371
FD3
C38
E88
F73
0E5
3D2
1F1
0A1
0F3
26F
2E9
D0C
AE5
0A1
280
FE7
FC2
065
057
131
EFE
D1E
C26
D28
1FF
1B6
D59
029
43C
213
FD0
DFE
E8C
0E7
0F4
1F3
116
F30
32E
4BE
EB4
BEB
E66
009
019
D3D
E7C
100
0CA
157
0C0
C0B
D0E
146
022
DBF
E70
25E
538
1F9
F21
06C
FC1
FD9
127
E92
E3A
17F
3FD
2C1
DDF
C59
08B
F7F
C12
DC4
F20
FF4
313
18F
EC0
E72
FCD
218
F8A
BE7
087
47F
298
1DE
122
F89
0A2
05D
E74
D78
CF8
27E
402
E56
D59
0EC
029
E05
CA4
C72
F61
090
264
257
F18
0A5
4B9
0B1
C66
E53
177
30F
11E
053
1AA
174
09E
0FA
C58
ADD
000
217
F3B
DEA
F66
39E
14A
D83
E18
E6C
F1B
265
188
F44
1B0
411
3D7
F7C
C0F
F9B
203
F11
F32
07B
03E
1AA
213
E0A
BE4
C9A
07D
0C1
C0A
E82
3F7
326
103
F85
E88
FD6
0AB
05F
066
F0B
24B
660
0F3
CD1
F56
07F
F13
E0F
CF1
F35
118
164
1D4
DC4
C4F
0FC
0CC
CC1
D68
10F
3B1
317
0E5
13D
0E2
FC5
0F3
F0F
CA0
044
459
2A9
FAC
DD0
0C9
0C2
CC0
CB8
D6F
DB5
1F6
311
F64
EB9
0F4
24D
030
BA3
DF5
2D7
220
16F
233
0D7
108
24B
FB3
CC0
CB9
040
36B
EE2
D2D
17F
1B9
F5D
D8C
C29
D08
011
0C9
194
F5E
F82
521
2C1
C8B
E17
0B2
1DD
160
05C
11C
231
1B4
21D
E9C
9EB
ECD
177
ED7
D40
F13
223
29A
EF2
DDE
E8D
DD5
0AF
1D4
E2C
F9A
499
4CD
163
DA6
EC9
1A8
FE1
EA6
FE3
F74
1CB
399
01C
CB0
D1A
F9D
048
C92
C14
225
298
146
187
EEE
EC9
11B
0AE
EE4
E32
0D1
635
368
E61
FED
18F
F8F
E21
D2A
DB1
037
191
200
F57
C78
0AF
217
C29
C19
F1A
187
302
161
058
11C
0B2
225
12B
BE2
E55
3B4
334
080
F5F
0EE
21B
E88
C9E
D59
C59
F37
306
FFF
D85
12D
274
10D
C60
C2A
15E
1EB
083
21C
107
181
3C9
1E2
D70
BFE
F22
21C
02F
CE1
077
29D
035
F07
D2A
BF5
E88
0BD
06D
E95
EC3
3CA
4DC
EA9
D95
012
088
0A8
052
026
1FB
279
35E
0BD
AEE
D38
16B
F1E
CAA
E08
0B0
27D
0CB
E6A
E6A
DA8
F0C
15D
E41
D96
363
562
2CB
FBA
EC2
186
0A8
E42
F66
F2D
034
3E7
277
D8C
D6E
FDF
046
D47
AAD
F0D
29D
11E
1AE
0DD
E72
08A
176
EB4
D3E
E95
44B
4EF
FD2
03D
23F
04F
F38
E94
CE0
E00
14E
222
09E
CB4
F64
30F
E8B
B27
DBA
FB8
1CD
25F
0EB
0F9
135
268
261
D0D
C17
24E
372
0AC
FC0
07F
1DB
0DE
D8B
D5F
C3A
D09
289
0B4
D3D
FA9
320
17F
E4D
C54
EFC
161
FF6
202
186
035
3F4
488
F24
C97
E69
1C1
15D
D99
F1F
274
1A0
07B
F27
B7B
CDD
FF6
054
E99
DCE
165
550
0A9
D84
FF8
FC9
006
11F
002
040
26A
44A
359
D96
C54
0E7
0BF
CD7
D4C
F63
112
1F6
FFF
E54
DF6
E07
150
F4D
BC1
08D
4DB
360
0F6
F82
114
19A
F85
F04
F71
E46
275
481
F31
D4D
FAF
05E
E78
B08
CA7
144
111
124
1B8
E5C
F24
25B
03F
D55
D81
1B2
531
1A7
F91
233
168
FBE
FA9
DE8
C75
01A
22D
16F
E59
DEC
23F
109
C1D
D1D
EDE
FE6
1E5
12F
079
12F
18D
338
009
B5C
F54
394
12C
07E
043
112
24D
019
DE7
D34
C4B
043
27B
D6E
D5D
234
2A2
003
D4B
D40
062
0C7
109
1F3
03E
1F1
57B
1A1
D3F
D79
041
1D7
EF5
E23
1A7
1C0
082
097
DCE
B6B
E79
077
F1A
D36
F78
4AA
3DC
EAF
F16
055
F59
128
08D
E63
096
38F
4CD
0EC
C3D
F2D
222
D5D
C97
EE1
FC9
1E7
1E9
F3B
DCB
D8D
06B
121
C08
CA7
309
404
1B7
0F4
05A
132
053
FCC
F33
D9F
03D
527
1CE
D7A
EA7
0B4
FCE
CC4
B6C
E8D
06B
101
1FF
FEF
D8F
224
1F9
E5D
CC9
EAB
3F6
3D2
00A
0DA
219
04B
0B7
F76
B3E
E14
1AE
2B5
F82
D05
066
297
E09
C03
DCF
E14
0A8
26A
0ED
00A
153
3A9
320
CD8
C3C
1E7
297
031
0C9
0E4
1AF
1E1
F1F
DCC
B54
D90
228
FD5
C0D
0C6
2FC
185
EC2
CA7
E4C
019
058
217
077
FD8
43C
4D5
ECC
D58
F23
10B
0BA
E6E
F92
185
05B
1BD
014
B37
C52
0B0
FBA
D98
DAB
1D6
494
0E3
E4C
055
EF0
07E
1E8
F70
EF1
1F8
487
3DB
E29
CDD
0F2
001
C94
DD1
EA9
081
2A0
136
E86
CEC
E97
16F
EED
B29
0AE
439
2D3
1B1
0A2
015
0B7
087
FCB
E94
E1F
384
4B1
F67
DAD
FE7
028
EAA
CAA
C3C
F64
FE1
207
270
DE0
F49
37A
087
C66
D18
0E6
437
264
089
209
073
069
1C8
D3C
BA3
05D
279
1C5
E2D
E7A
210
068
C43
D79
D39
E04
26A
224
F93
05B
26A
3F1
02C
B7C
F22
2A5
0CD
130
0C3
069
187
1C7
EA6
C45
B20
FF3
1EB
D89
DC5
1C7
214
0A1
E3A
D77
E36
FF6
190
20F
EF2
16F
67B
272
D46
E16
F79
0B4
FDE
E7D
01C
059
188
27E
D7A
A96
E6D
0BE
EDC
D92
F41
35F
38E
036
073
F2A
E37
229
139
E4B
F93
3FC
485
192
C9A
EDB
10C
E1B
DBB
E92
E0A
150
2F8
FB3
D59
D2F
033
101
CA1
CD2
2B0
3D9
2CB
219
FDA
FA0
0E8
0C4
FB5
CD5
F65
543
28E
E3C
EF1
FCB
EC7
E2A
C59
D73
F1E
121
37D
030
CEB
17E
2CE
EDC
D7B
EC6
29B
390
196
194
06B
F6E
1AB
004
B8B
C84
15D
251
0A2
DC3
FAB
1E5
EB7
DC4
DA6
C07
FC6
41D
1AC
EFC
0C8
2EF
2DA
E00
C90
10C
115
119
1C6
045
004
261
103
D8F
AF3
D26
22B
07C
D30
FDD
1D6
0D0
0A8
EC4
D42
ED3
0DA
384
0A3
EC8
3F7
536
04A
DAA
EA8
FA1
08B
FDC
EDB
F90
F97
230
1A3
B54
B6B
FDF
FED
E69
E42
113
37B
233
0EE
FBE
D38
F66
372
FC2
E1A
140
421
3DB
F43
D88
F78
EF8
E4B
F17
DC7
D73
2B2
2C9
F1A
C85
DD0
19F
F81
C84
F9F
2EA
26A
375
1BF
EE1
FB2
19A
09B
E14
C7D
1DD
4EA
036
E97
F8B
E51
F0C
E76
CB7
D90
F93
348
3AB
E1C
E33
2AE
135
E0A
E85
FD0
23B
318
239
17E
F49
FE7
2EC
E01
AFA
EA9
24B
1CB
034
E61
04A
01A
E52
EC6
CC5
CED
26B
3EB
05D
FE1
1BC
3F0
1BF
CFD
E55
05D
096
23A
271
F09
024
25A
029
C18
A80
E49
24E
F5D
EB6
11B
030
137
1AA
DF0
CE7
F8F
2AA
2BE
F47
041
526
37A
F63
EA5
DF6
EEB
0BE
050
F9A
EC9
0D1
369
ED5
9D9
D7F
00A
FF6
F66
FCC
12C
347
287
1B0
EDC
CD3
17D
30E
EC8
E82
278
3AE
248
E9D
D72
E71
DB4
F4F
FB9
CA9
F85
45C
1E8
E2C
CDB
EF9
16C
EC3
E2C
108
1FD
2F4
4B7
0A9
D1F
F9D
1B5
05D
D6D
DB6
342
28D
FDD
F97
E5E
D3A
FB8
EF6
C6B
DB0
0D6
51B
23F
D0E
012
26B
FAC
F34
F17
F76
289
401
2B2
FFA
DE1
10A
1C3
C27
BA3
FD6
121
177
FB4
E8C
F12
EF6
FDF
ED0
B70
E1F
467
385
FF4
0B0
206
2A1
087
DB5
F1D
F62
143
3C1
0A0
D9A
07A
236
F16
B90
BC2
FAE
186
F79
08F
065
F30
2F5
15C
C9D
D0F
0C4
388
1E3
ECB
1AF
40A
144
FAB
ECE
C3A
EA2
1BB
04C
E64
E58
209
2DC
DB0
B15
EC9
F42
FE5
11F
03A
0CF
328
38E
157
C74
D98
27D
1A1
E62
073
1C4
1D8
202
ED8
D31
CAC
E55
112
EFE
C59
15D
402
07F
E13
DB7
F6F
0CA
FB9
00F
0DE
11C
48D
4ED
E19
D4F
0F7
055
F0C
D53
EF8
213
17A
05D
F8D
C75
D20
0E1
EB5
C76
E2F
2B8
4B5
0D8
EE9
12A
08C
FC5
0C1
E95
EB3
32E
465
20A
DEA
E66
183
004
B37
D4B
FA9
09A
207
12E
E44
E8D
FEC
0F8
E6D
B66
098
529
228
126
173
0E5
150
0C5
E42
D6F
EB0
294
42E
E30
D7E
180
07B
D95
C5D
C78
F94
086
184
201
ECC
01E
445
091
BD4
E7D
16B
308
1B1
049
1BB
1C1
06D
0AC
D75
A7A
FA6
2B9
FAC
E3A
F48
253
170
CAF
CCA
E3D
E76
1E9
2A1
F4A
077
3F0
313
F6A
C4E
EBD
2A7
092
F23
108
0A3
163
212
E37
B78
C4B
FE9
121
DC3
D9C
2FF
385
030
FDF
E72
E68
152
13F
0CC
F6E
174
607
333
D1D
D94
FC7
F06
EE0
E32
EC6
0EA
213
1CA
E49
AC6
F35
1DB
EA4
D60
04A
302
3BA
142
FF5
F8F
F2E
0BC
0F4
D25
E50
3D0
3AD
02F
DAA
E45
03F
E46
C99
E2D
E3C
032
446
136
D61
F3B
14D
110
D92
D3D
1FF
3BD
243
2C6
09B
F5D
168
0EC
DBD
BB1
E57
30A
298
DC5
EBC
0D9
E58
EED
DEA
C28
F00
28E
39D
11E
ECD
19E
477
EEF
D58
F1D
0E3
263
2DB
076
FE9
01C
0E7
05E
AF5
AB7
163
16E
F0A
F60
05E
0CC
0F9
F17
DBD
D2F
FB6
4AF
27E
E8F
1DE
460
231
F16
CCB
E65
06B
F8C
122
028
E26
1E8
2D9
D4B
B33
DA1
058
0CE
E89
FC0
246
1D4
22A
13A
D57
DF8
252
1F4
00A
EC6
29A
4C6
107
D94
EBB
DE8
E32
0B4
E7F
DB7
086
344
247
CFD
BE2
0AD
148
E28
FDB
0E3
21A
48C
39A
FD7
D9D
F61
219
016
C41
FD9
408
194
02D
E5B
D56
EAD
E81
EC3
DB6
D24
275
547
025
E0B
04A
130
072
F06
F16
0D3
21D
37D
333
E4C
DCC
243
FC7
C21
C56
EFF
1B2
135
EFD
F81
EF0
E6C
123
E82
B24
094
411
2CB
0B5
FB2
217
1FF
E8B
EA3
EC4
E92
275
397
F24
E5B
045
1A9
EFF
A78
C2B
0F8
087
034
133
F29
086
347
07E
D6A
D11
117
50F
0FF
F49
268
2A3
0A9
029
D21
C15
F81
153
14F
DAD
DEE
32E
1DB
C22
C9A
E3D
FB0
12E
0AD
019
101
228
42D
0F3
B48
F4F
2A9
03F
F34
FEA
0F0
2E3
0F5
E95
D18
BB9
F83
176
D3E
D88
21C
381
169
E75
D99
04C
02D
09F
112
F28
0F7
622
34E
DBE
E07
F55
0C5
E91
C4B
FDF
145
15E
1F1
EBC
BC1
EE3
115
EE1
D57
ECF
3BE
49F
075
075
0F2
F83
14B
0C1
E40
EDC
267
3E0
19C
C5D
E90
130
E14
C6C
E00
E25
0C9
34F
131
EE6
E86
0DB
247
DA5
C32
1AA
38D
243
252
0AD
04D
0EB
001
ECE
BF9
D8E
2F9
26D
D55
EA0
08B
FE4
EF8
C8D
CD3
F3B
0D4
379
15E
E7B
243
44E
FBA
D4D
E82
0B3
299
0F6
0DA
119
005
16A
0FD
B5E
AEC
FEC
16A
FC4
E8C
FEB
2A0
126
EE6
ED9
D04
F11
3BB
1BA
F5B
13C
428
3A9
F36
C8D
F49
076
F28
052
F8B
EC3
1F5
2BB
E97
B9B
CCC
03C
098
CFF
F73
29D
21C
2E7
122
D90
E7A
10B
257
015
DDD
1CE
4F6
0EA
DAB
E6A
E0B
E97
F67
D78
DE4
FAB
2C0
3AF
DB7
C25
0CC
12A
EA3
ED1
004
24F
3C0
343
0D2
EC0
ED3
2CD
FCC
B3F
E8E
271
211
043
E6B
E6C
F51
E62
E96
D4B
C18
1DC
4D6
116
EBA
09C
1A4
0DF
E4E
E5A
0D5
094
334
3BF
E67
EAE
1BF
04F
C5D
B1F
DFD
1DE
084
F5E
082
FA8
F9B
1A9
E6D
B60
F12
2FA
3A2
0BB
F68
3B3
330
F6C
E8C
E6D
D8E
16C
210
F41
E4F
FE7
263
026
9F6
C24
FF4
F17
0B7
0F7
FC1
162
2F8
1FD
EAF
C07
09B
3F0
085
F45
25A
267
206
0D6
D53
CDA
D8A
02B
08E
D11
DF9
402
284
E2B
D93
E35
F24
0D8
FE9
088
0AA
26D
58A
223
C1A
EDC
1E9
F58
E7D
E1F
0A3
2BD
105
037
DBA
B34
F1D
0E7
C36
C49
16C
3EE
2AC
FC9
EC9
125
015
062
0D0
E0E
FF8
514
364
F17
E36
FAF
0C4
DB0
BDF
EFB
FA8
0B3
303
F25
CB5
FCD
15E
FD8
C48
D94
313
3B7
14A
1DB
114
003
222
075
CF1
D78
05B
37C
1B6
DA3
F26
1F2
EAB
D05
D7F
C90
FF9
26A
1CE
FBE
F37
2A0
3A5
DEB
C21
0A8
20F
166
25A
0A1
13A
242
11F
F8B
ADC
BE1
1B6
0DA
D44
F61
138
150
06B
E14
CE5
E6F
01C
31A
112
E3E
309
5D5
1AF
E6C
E2C
F89
032
FF5
00F
009
FA5
2CA
278
BB6
B0A
F2A
FBF
F0D
DC4
FCE
2E4
29B
14D
06D
D69
EC2
2E3
136
DB9
098
378
48D
09F
D78
E9C
F49
E3C
F7A
D36
CE4
1BC
313
FEF
D1D
D8E
109
005
C7C
F23
134
209
4D8
329
ECE
F6A
1AD
144
DEA
C1C
FCF
460
0DE
FC9
FCC
DD8
F10
FDD
CBB
C21
E3A
295
41E
F2C
DDF
26F
1F5
F68
F25
EA1
FBF
2E7
326
1C0
EDD
FCA
313
EE4
A1A
D3D
FD3
FFC
0E9
FE8
F0F
05D
09A
095
D4E
B57
15A
440
0C3
00B
2A4
27E
2C3
042
DE4
DBA
F05
20D
1F6
D63
F49
35B
14F
D6F
C14
D10
FCF
02D
F9B
0B2
026
203
493
F7A
C4B
F08
19C
156
FBF
F9B
2DA
347
106
0C9
D36
BBF
FE5
0CC
DE1
CF6
084
2EC
1A4
D42
E89
F99
E4E
088
044
DEC
210
526
387
FF8
DF2
094
26B
E53
D7E
011
034
241
2A5
E58
CB1
E74
02C
ED0
B39
D42
317
31A
0D2
120
F93
FEC
1A9
FFD
DFE
EAE
1DD
5AD
222
DA6
06C
1A9
EEC
E0C
C5C
D53
FF7
1FA
116
E57
D9F
1B4
14F
BB0
C4C
08A
201
30E
223
090
13B
1E8
1FC
004
AD7
DF3
3AD
127
ED7
FA6
0CF
113
F0E
D29
CB7
C45
F6E
359
F89
DED
2A0
3EA
05C
E04
DCC
05A
164
0A4
172
07A
032
3E8
1B7
B1B
C54
F60
FE9
E75
D8E
015
1C4
052
113
F1E
B74
F46
2D4
008
DD2
0BF
454
4C5
FB3
E88
039
F0C
FDF
12F
D39
E48
31D
262
FB8
C47
D46
0F4
E6B
C3E
F9C
FBF
129
47E
1BC
E53
F75
19B
213
E6C
CE6
204
431
142
14B
FE0
DD3
052
FC5
D41
BDB
E0C
34E
2AB
D8E
E8E
158
005
F1E
E6E
D99
08C
346
3A5
148
E85
137
423
E31
B72
EB3
08D
13C
161
F8E
F42
FC9
021
FB4
AFB
B05
16B
29B
F87
011
17B
280
204
FB3
E7A
DCA
FD8
382
230
DCC
12C
411
135
DE1
C3A
D46
FE0
EE0
FFE
F7D
E63
28A
398
E06
BDD
ED2
159
0F1
F6E
071
399
246
2AD
193
D42
D19
21B
039
D41
DCA
122
39B
005
D3D
E7A
E24
E64
07C
EBD
D0A
202
4C0
2C5
F2D
E34
1D3
1B6
E37
F19
061
034
368
30C
E22
D3E
F5C
027
E5D
A7B
E0E
2C2
124
049
08F
E98
F9E
16D
F6C
D36
DD7
334
617
0F8
F3E
28D
1E5
FB2
EDB
CB9
D4A
0AA
278
0B2
DC5
E8F
28F
018
B2B
CEC
F5B
067
285
1D5
0D0
135
281
2A2
EAD
B53
0AB
3D3
0B2
F6C
15C
129
1C5
FFD
D8E
C18
C2D
0EA
1E8
D22
EA3
31D
2D5
F9B
DA7
DD0
050
138
1C4
194
F66
1AB
645
0F2
C1A
E0B
FE1
FDB
E69
DF3
04E
139
18D
138
D7A
B16
006
12B
DFD
DC7
093
3EB
372
FFD
FF1
020
F07
149
0E2
C79
FBF
45A
32E
FCC
D1E
F18
074
D44
D26
E59
E1A
1D2
405
FDC
DB7
FE1
205
0ED
CD5
D94
2F3
316
1C9
29E
FDD
F06
1F8
FDD
C5A
C36
F18
30A
130
D64
FCE
13D
EE3
F4A
DA3
C32
FC8
366
2BC
FDC
F5C
3E2
43E
E3C
D5A
F99
F8C
189
177
F8F
F9E
153
1D6
F4A
9E7
C8F
119
F64
E72
02D
097
1FA
287
001
DEA
D82
0E9
3B4
010
E7A
327
48A
15B
F22
E2C
E00
F4F
F0D
F7C
D88
E6D
3D0
249
C6A
D0D
FD9
FB0
FA5
EB0
F8F
274
30A
3F0
137
D0A
031
333
F99
D42
F1C
1B3
2D5
09A
F20
E99
D7A
EFE
FB1
B51
C72
2D2
406
13E
F41
FEA
20E
0A8
E61
F58
EE7
0BB
4DF
2A6
E25
FC8
191
084
D34
B0A
E99
09A
FEF
125
FE9
DC5
17A
236
D2E
C09
EF0
259
2EC
FF5
157
376
167
12F
F8F
BE9
DC5
28B
1D9
F53
E67
120
365
E75
BE2
D7E
D48
F6C
1A2
F77
EDF
22D
38E
2C6
D39
CC2
1C3
17F
EE2
0B4
0EF
189
34D
164
DD7
C31
DB8
0FC
F27
B3F
F54
35C
142
00F
E88
E1B
FC5
0F6
005
EFF
F00
455
625
00A
E52
0E7
02E
F77
E83
D9A
FE1
10F
2C6
116
C80
CCB
239
F06
B44
DA4
034
2AA
2DC
110
0E7
FD2
0D1
27D
E6D
BC0
17D
42B
1EB
023
F5D
08E
047
E62
D2D
C29
D2B
211
29D
DB7
F1C
23B
1EB
F68
D15
E28
14D
103
2D2
29E
F50
24A
496
F9E
BFA
D5E
02E
111
E8A
E63
180
0A0
0E5
074
BF8
B98
098
180
F4C
ECB
199
57B
2AF
EE6
F7A
F4D
F17
1F7
0A9
D6C
044
342
294
E91
B5F
E87
07F
D34
DC3
F2A
F55
27A
35D
F32
DD1
EF3
1A4
116
CA7
F41
3E9
3C3
205
179
E97
F17
05F
F47
D20
BF2
040
43D
024
D1B
012
004
F09
F13
D95
E1A
11C
402
35B
F88
F10
378
2C1
D2F
D90
FA9
0CA
252
155
FA3
F4B
FE2
122
DB5
967
D9A
1DC
091
F2E
06B
0C5
28A
120
F44
E15
D3E
1E2
3FE
FB0
F4B
358
392
09E
E1A
CA5
E78
F29
FA4
05F
DD0
F93
4EC
107
C47
D4E
F57
076
04A
E8B
112
299
2D5
396
F9A
C4C
0D8
291
E81
D38
FAC
2E2
2FC
F42
EB3
E56
CFF
FC9
F8A
B84
E49
393
3E1
10C
EB9
006
24B
FF2
EAC
FEE
EB5
212
4FF
133
E0E
EC6
167
027
BB6
B2D
FFB
152
05C
15B
F0B
DE4
228
0F6
D79
CD8
011
42E
2D7
F56
1F5
2DF
07A
0D7
E68
BDA
E66
212
198
EDB
D6B
19A
2D5
CEE
C0A
E09
E04
079
14B
FE1
0CE
27F
40E
1F3
CC2
D81
2D8
110
EFA
0C6
0FF
1EB
249
FEE
CCB
C3F
E7B
139
D84
C11
128
37E
08E
FD1
EC9
E60
06D
105
075
F6F
FA0
561
525
EA6
E6F
05C
01B
EE4
DBE
DC2
FF6
113
2A2
012
BDF
ECD
231
E25
C36
E9B
156
3B4
1FB
0A9
132
028
1A0
1AC
D11
C58
28D
363
08C
F22
FAE
137
F8C
D5A
D72
C0E
E38
33E
1B4
E16
07B
30D
226
EB6
CE9
01B
203
11D
272
114
F83
302
34E
DB1
B7D
DA7
07C
041
D93
F0D
216
082
0A5
FA0
C30
D7F
20E
17B
F8C
F1E
2E6
546
1A2
E71
00E
EEC
F04
15F
EB6
DD0
172
3D4
1A3
D11
C57
FEC
FB4
CC7
E9C
F77
094
3D2
2C5
F87
E21
FFD
274
FA2
C2E
05C
416
221
1AD
084
E9F
FFE
04F
DF0
BD6
CA6
1C2
3FA
E6F
D53
13B
062
F54
EA8
D80
F81
26E
330
2DC
EFE
0A4
483
077
BFA
D6A
F4B
09E
0FA
FD1
F9D
FFE
0B2
13E
CCA
A3E
FA6
2A7
F88
F69
12B
2D0
307
07C
F23
DF3
E8F
271
232
DED
00C
456
24E
EC2
C33
D20
EF6
EC1
EE7
F1D
DDB
1E2
4F6
F6D
C94
F6D
0F2
0B9
E90
F15
2CE
340
2C8
2E9
EB6
D21
1E3
063
C92
CAA
046
348
145
DFC
F38
F36
E56
FDE
E47
C7D
0A5
4F4
37F
06D
F35
292
257
DFC
DCD
F79
F1F
299
328
F51
EC9
0AC
10E
E72
A24
CA7
14E
0B0
FF0
118
022
098
295
016
D20
DDB
16D
427
0AD
ED4
355
2C9
07B
F95
CF3
C50
F5F
0E7
FA4
DB8
F14
302
24F
C13
D1B
F5B
F45
0F3
082
007
239
3C7
409
04E
C34
03B
285
E9E
D7C
FD4
192
23B
101
E93
D4A
D7E
F6F
FD5
B7A
D4C
369
38A
0D4
00A
F74
115
0A6
F60
F56
E6A
161
5EC
1EC
D74
00A
12D
F4D
CA3
BEA
EA1
095
0CC
140
F32
D59
25E
1E3
CA2
C97
FE9
2DF
2CA
0AA
146
28F
11F
1B0
F27
B1F
E7E
2C3
106
E6E
F42
135
226
E34
BF2
DA3
D70
FAC
276
FB1
EF7
333
42D
19C
D5F
DE1
1C2
15A
FA1
0B2
079
146
388
0A1
C5A
CAD
F4F
0A9
E11
BEB
0FE
32A
0E6
105
F42
DAF
0D8
1AA
F57
E7E
FE6
4A1
479
F15
F1B
0FB
F42
EC0
E42
C99
EE7
1C7
2B4
FE3
C7C
F1F
2C1
DBE
BE5
EBC
0EA
27B
2FC
170
091
0FA
1BF
1F5
CC0
C07
23C
362
F4B
F75
028
0A2
039
E07
C94
C9D
E14
2D2
105
D2A
0F1
458
1A3
F3A
D89
E4E
105
0FC
18F
10A
015
309
46E
D9B
BD2
EB5
055
F40
DE4
E7A
199
143
11F
037
C39
D3B
234
0DD
D9F
FAF
357
4D4
22B
F32
011
FB4
F64
13A
E7B
C59
1E9
383
08C
DD1
D14
02A
F90
CA3
DA9
F02
FF0
3FF
34C
EE1
F1D
23E
1BC
E9A
CA3
FF9
468
1E2
0F6
136
EE2
07D
0D7
D57
AA1
D41
1E3
309
E8D
E73
28A
16E
F56
F6B
D43
ED9
2AF
34B
172
FE7
1B4
51A
0C2
BBB
E03
FD8
F16
040
F62
E71
08B
1B2
0BE
CB6
A8D
FFC
207
DB6
ED7
19D
2E5
2E4
1A3
F0C
E5A
F40
1A7
170
D28
FF4
4E9
24D
E52
DE4
DB3
EC3
EDD
D64
E10
E72
230
477
FF5
D57
0A1
198
F8E
DBF
F05
1C3
364
2DD
26F
F4F
EA7
256
013
ADA
C8D
044
1E6
082
E6F
FBD
06D
E9D
F86
D8C
BD8
06E
454
1B9
FFE
100
35B
2EE
E18
D3E
F78
EFA
189
25E
EA2
F1B
2F1
196
D8E
AEF
D97
18F
F83
EBE
101
085
1D2
3B8
FA9
D08
ECB
1CB
286
F5F
E55
42F
3E4
02A
F87
DC5
CD0
FB4
FCB
D52
D3C
020
402
1E5
C23
E48
13F
F61
ED9
F27
F87
245
418
2F1
033
DAA
0DD
272
D43
C70
052
150
15A
068
E1A
EBC
F2E
FB4
F48
B00
D3C
46D
2D8
F5E
10B
1F2
212
0D2
E97
E9B
ECF
153
3F6
090
DAA
18F
35E
E84
C6A
C4F
EB7
02B
F74
FFD
FF5
F53
30A
1EA
C0E
D13
19B
1F8
0E9
FC8
1D7
40D
27C
0B8
F7E
BDC
EBD
24D
EB0
D10
FF5
265
297
E7E
C7E
F55
F15
EE2
07D
EC5
F6F
49C
48A
0A0
E53
FEA
213
FF3
C9D
FB7
122
12A
2E2
07C
CF6
E4D
05B
F15
C5C
BB2
181
3B2
0C5
FF9
170
040
0F9
0DD
E1E
DDA
13E
45F
333
E26
005
3A4
FE5
D0A
D4F
CD8
F1D
119
066
F05
EBA
198
310
D5A
B0E
F8A
16E
0ED
0B5
122
229
335
21F
0DB
C7E
D0C
253
1BB
D1B
EFB
23E
20E
084
D38
D53
DDF
E8E
011
F7D
D9E
23B
5AF
1E7
E29
EF2
054
195
E8C
F71
14A
168
3B8
2DF
D22
C6C
0A8
FB9
C67
C0E
E9E
2D7
14D
FBA
0BA
EA0
F1B
1D1
ECA
C7C
041
3E1
429
127
F89
239
1D3
E95
E94
D95
D0B
222
250
EE7
E37
FFF
22E
FA4
A49
CE4
109
078
174
1D6
FE3
22B
384
182
DB6
C72
12F
3B4
F27
EE1
1FB
1D4
0D1
F63
CAB
C7E
E45
023
018
D34
F13
4BC
26E
DF4
E91
F7A
068
14C
FC2
00F
199
351
4B7
FED
C34
F85
0F7
DE7
CF6
E8E
09C
24B
0AD
FB3
DEA
D49
05C
0A7
BB3
E0B
353
438
1E6
04E
0B1
21C
03E
F04
E8D
CF4
08B
45E
0E8
D6F
F82
09C
004
C7A
B5B
F84
00B
0D5
2C0
FDD
F92
377
2A2
E27
CF5
F82
3C2
1F4
F45
176
246
11D
16E
E43
B5D
D8C
09F
077
E60
D8E
25D
342
E9D
DDE
F0F
E6B
0B8
13E
002
0B8
362
53D
250
D23
DE2
23B
F8C
DDF
F14
F84
1C5
1FD
FEC
D5F
C80
F03
127
C8E
BC9
1B8
3B4
19E
1BF
FD7
076
07F
05C
FB4
DB2
ECE
4F9
405
E30
EB8
08A
FCC
E58
BC1
D0F
F80
0AC
22A
0C3
D5E
143
2FC
E7E
C69
EAA
21B
36A
191
102
259
11E
1EE
0D6
B7E
C29
16E
16F
EFA
E2E
04E
32E
F96
D6C
E43
D5E
F37
282
0AD
E75
259
48A
391
EE3
CB8
0D3
1B6
EE5
FCF
00D
069
33E
1FF
D5F
C25
DE6
09F
E74
B53
F74
306
1CC
174
03E
E23
FEA
147
FC3
E53
EE4
3EF
5D8
F8F
E5E
0F8
03C
EEC
DAA
CF0
E6D
0D8
287
126
D2E
E0D
2AE
F2C
B76
DCA
090
2CB
2B7
120
125
187
13C
261
D76
B4E
071
382
05B
EA9
FD8
17D
0F4
DAD
CDB
CF2
D28
1B7
1A6
DF5
049
410
315
FF4
D4F
ECA
210
086
0B1
152
FDD
208
436
F38
BA5
DC7
FE7
F8E
CF9
D72
1DD
250
04A
0A8
DBF
D51
179
09A
E76
E4D
1AF
65B
2C3
E7E
02E
0C8
EC2
F9F
DAC
D6C
0C0
2C9
1B6
EA1
CEF
130
107
C05
C42
F7F
0C0
302
224
03F
0BD
132
246
01A
B5B
F00
46A
251
FD1
056
0BE
156
F8D
D04
CBF
CEC
F9D
300
E7D
DA0
278
368
F76
DEA
D9A
0A8
16B
0FA
21A
075
15E
4DB
1B3
C3F
CCA
08E
096
EB4
D0A
060
278
095
00D
E61
BCB
F6A
1C3
E8D
D98
127
474
3F5
FD2
F7F
149
FC9
FBA
036
DDF
F39
317
2F1
F1B
C8E
EE1
1A4
D53
AE3
EB7
010
107
2A7
087
EDF
06F
1AA
0A9
D71
D0E
381
464
07A
0A5
1A5
098
0A4
E98
C78
CC7
F1D
298
0DC
CBD
06C
3A4
FE9
D1E
D73
E45
167
15E
1A4
127
077
3E4
4C4
D31
C5C
05D
140
FEB
EE8
FD4
26B
158
FE5
E7D
B3B
CAE
148
FEE
CB2
FAD
3A5
46C
02B
E58
010
05F
FF5
154
F65
ED3
3DC
45A
08C
DC2
DD3
0B8
FAF
B85
D95
FEB
FF3
248
0B6
DCF
ED4
126
0C0
E56
CB5
1A1
573
1BD
0F7
1BF
0A9
11D
05C
DC8
CBD
EAA
288
265
D85
E29
24E
09A
C88
C60
D23
FC1
19B
199
116
0D1
1B2
4C2
F9E
BB5
FC6
254
148
027
FD4
180
22B
0BA
F84
C9C
B5E
0B9
13D
CB4
E43
1EF
2ED
12D
D54
E9A
00C
F9A
0C8
114
EED
205
5E7
248
E5E
D4B
F7F
116
D54
CC0
0A5
0C2
12F
227
D91
CC8
FF6
086
E88
C74
F04
48E
3A1
039
192
0C2
FEE
12C
F3F
D23
F5B
294
3CC
FFB
D1E
080
1D7
C8B
BF9
D5E
E25
17A
192
0A0
FD8
FA3
2C6
148
BF5
DD2
2EE
26D
139
14D
0FC
291
122
F71
E0D
B97
ED6
294
EC0
CB0
077
26D
0F0
DFA
C43
F00
F46
001
1F1
F75
02E
5A9
3D3
EEB
D95
045
1EE
FBC
D78
02B
1BE
14D
1E8
F89
B73
DA4
04D
EC7
C8C
D5B
30A
4A1
FE3
F7B
102
F9D
0B7
042
E2D
F57
2FB
472
254
D6B
F29
21B
EC2
BA7
D69
E33
05F
18E
FE1
EC2
EBE
079
1BB
C9E
B52
188
3D1
148
177
14A
290
20B
000
EA4
C51
E11
382
1C0
D25
FDC
2A5
092
E2C
B58
DC5
F90
F6F
130
053
F03
35D
4D7
F6B
D19
ED7
1BB
1B3
EA9
FFA
2C8
218
188
135
BE5
CB5
07B
FFC
D8E
CE7
102
4CE
0B2
D40
FAA
FCF
F44
07E
F55
ED9
2B4
464
36F
ED5
DC1
1D1
09B
C47
E11
F72
05B
29E
10F
EFE
DE8
F17
0DD
E3E
A53
F7C
40A
226
07B
0D8
147
1FF
094
ECE
E4C
E7C
2A0
433
EE2
E5C
238
16D
E20
C07
C45
F56
FAF
FEE
108
EB1
0D8
423
09E
C01
DFF
0EB
2C9
016
F9F
2F7
33E
14A
113
DA5
BDE
FD4
0FE
EC1
CD2
FBD
38F
1D7
CDF
D95
ED8
E41
FE7
FF3
ED0
19A
462
3C1
065
D49
0F7
30A
E35
DBE
097
14E
2F3
1A0
F28
DC6
E24
F9B
F66
AC0
CD1
38A
2F7
FB9
FCD
FF9
0E7
0A4
EFD
ED7
EF7
200
58B
1C9
DE8
131
2D3
F51
CDC
C2B
F73
0EA
F99
081
EEA
E9C
23A
0BA
B91
C26
039
32F
1B4
F8B
179
429
198
0DA
F8D
CDE
F47
2E2
06C
E50
F50
2D4
332
CE9
B70
E7A
EE9
EA7
00E
F48
02E
3CF
39F
0AF
CCB
E11
306
0AA
DE8
073
269
2A4
206
FAA
DDD
DFE
F21
02E
D46
BE0
218
3F0
F9C
E0D
ECA
F76
FEB
E64
E65
F49
13C
4D6
468
ED1
003
2C8
0A7
DAC
D86
F95
278
12C
034
06A
DF4
F79
111
CA3
AAE
EEF
2A2
257
F97
FD7
35D
1F9
F68
F83
E3A
F14
350
34A
045
F91
176
355
EA9
A64
DD2
FAF
E9B
FF8
FC7
F10
160
2A3
F65
CBC
C68
170
2CD
EDD
F4A
365
34D
2DA
0B1
E82
E60
F70
0CE
F84
C8B
010
4E3
068
CF6
D5B
E83
FB0
E4A
DB9
FE1
104
306
492
F24
D29
264
21B
F6C
D8F
FCA
346
32B
07A
034
ECD
DFE
042
DC4
AA5
D88
25D
263
013
D50
0C6
1C7
E55
E35
EDB
EDB
289
47E
144
FDA
13B
316
116
B5B
CE0
15A
077
008
02E
F1D
020
0C7
F16
CB9
BBF
F13
37E
FAD
E5B
290
39A
1FD
04C
DF6
ECC
FFD
161
1B2
F2C
F66
463
2E3
D03
BEE
E73
F65
ECB
D7B
FD9
14E
147
330
FD9
BFF
F36
247
FEC
E20
FB1
418
52B
114
FBD
FFC
E16
01F
06A
CBC
D8E
20A
28A
056
C85
E44
134
E47
CD6
E7F
F5D
1CC
41C
218
024
00A
17B
271
D15
C16
1D0
340
08C
0E4
F99
024
086
EA7
D13
B80
DB4
29E
173
D16
02F
32E
189
F1E
D37
EBB
0D8
186
26E
19C
FF6
2E7
424
E46
BE3
DCF
015
088
D8A
EC6
177
0CF
06B
FA9
B99
CBD
16D
0E1
E7A
F76
251
587
185
E6E
00C
F80
F86
109
F00
E9B
205
357
1BC
D4C
B2E
08B
FDE
BBE
E05
F91
155
317
134
F50
EC2
F86
1DE
F77
BC5
0DF
564
297
083
06C
01F
0D2
EB6
D4A
D66
D15
16E
337
E07
D85
145
11F
E1A
C27
DAD
1A3
1B7
209
28A
FC7
0EC
46D
FFC
C0A
DFE
19A
2D1
009
E99
1EB
1AE
EEC
E9F
C01
B71
048
1C2
032
E86
012
41E
1C5
C6C
E2D
04B
FC2
199
169
036
1EA
376
2DA
E86
B13
F50
1C7
D90
D40
052
15D
1A6
008
DC1
D86
DC9
076
19B
D69
F60
57C
3CD
081
F63
01C
1A7
FE3
E20
FA3
F01
151
3FB
FAC
C25
F26
0A5
E91
C5C
C2F
154
2C2
098
164
FA2
F82
2A7
12E
CF2
DE9
20A
4E4
27A
E87
0E4
2C2
EFD
DE7
D57
CAD
F91
246
0B1
E4D
E3C
1AB
269
BE5
B28
065
0F8
171
179
0B0
1F9
2AC
1C6
FDA
C16
DF4
398
0F1
DC2
017
1FF
1CA
F4B
C8B
D21
DB2
F1A
1C9
EB2
D77
36C
450
FDD
DA9
E59
13D
0F8
EF8
0AD
1EE
200
3CE
164
C5F
D0F
0C1
FE3
D3C
C3D
030
3A7
069
EB7
F6F
DAB
F72
0D1
E06
E5F
14F
4A5
413
EB6
EF7
252
13A
DA9
E6A
E03
144
28C
1AC
F91
CF5
F10
1A9
D1F
A09
EC0
1F0
14D
0F8
010
0B8
1B0
051
FBA
DE4
DA2
395
472
FA8
F99
1FD
240
F85
BCA
CD9
F57
EAE
09C
05E
D34
094
303
F68
BE6
C90
07D
2FA
FED
FB5
2C5
250
292
201
DE0
CED
03B
1D1
011
DDD
FEB
46A
09D
CD5
DF3
DE7
E6D
F91
EC5
EA2
0BB
2B2
477
F0A
C40
179
20C
F0A
F16
04A
277
3BB
1F9
FE4
E2F
D63
0EF
F51
B04
E2D
2A0
1E7
FE1
E04
EB0
079
F22
E77
F0E
EB8
2A4
5A3
16C
EB9
0AB
26C
10E
CDA
D26
15C
16D
093
169
E77
E20
14F
FDA
B75
B36
F28
356
10D
E26
1DD
25C
0D0
044
E89
D29
10E
2FD
250
018
EA8
424
30E
C77
C05
EE5
EEA
03A
F5A
EE8
F73
0B0
1F7
F35
A30
E15
2FF
0C6
F00
127
32A
45D
1B0
EF5
ED6
E2D
059
234
E55
D91
2B5
33D
016
C0C
CCE
013
E9F
D22
FE9
F71
150
484
1CF
DE9
E67
173
1F6
F07
D51
2D4
493
1A6
168
F76
DBF
FEB
F3F
D65
BF8
E84
364
2AF
D20
E5E
198
F87
E70
DBF
E2A
15A
2B7
3EF
18F
EBF
1B1
39D
E57
BAB
F34
181
1F2
025
F2F
079
F76
F19
EB2
AB3
BD1
1F3
267
FA2
F9E
1D1
375
090
D7F
F09
FC9
071
338
1B3
ED7
1EB
3B0
0B7
C8A
B88
02D
0CA
D61
EF4
092
05F
20D
0A1
CA9
CB1
F42
205
0C0
D60
1F7
5DF
28A
FF2
F76
E9A
FCC
0A8
F71
F35
F41
301
451
DAD
BB9
F37
F5C
D91
D61
E4E
15D
2D4
212
152
DEC
F19
304
096
D20
F6E
33E
470
15D
F2E
059
01A
E62
F03
CFB
C3C
176
331
049
DBF
EEA
1A5
035
BB5
E21
0E0
114
341
2E3
FDE
116
2BF
1B6
E71
B5C
03F
421
064
F20
113
056
0A9
F40
C0C
BD5
E0C
1CF
24D
DAF
ED2
4C4
264
E3C
E23
F26
0D5
1F7
0A8
196
0A6
256
3FC
F29
AAB
E26
0C1
FE3
DE1
E53
1E0
213
F56
F1E
CCD
C2E
0B0
22D
E36
F1F
35C
533
22D
DA9
F14
146
FA1
FD1
FE5
EBF
121
3B9
0D9
D03
C43
F7E
10A
C11
C02
13E
1D7
209
178
E90
F2B
029
0FF
F4F
D3F
031
5AB
373
F07
FCB
0CC
002
EB7
CCF
D4E
F13
0AB
30D
F33
C54
0CD
1B5
D62
C3B
E3B
1E2
2EF
0EF
20B
19F
02A
281
0DE
B8E
E47
2C8
2F3
05F
E7F
0BC
2A1
E94
CD4
D27
C56
FBF
26D
F94
E50
0D0
351
230
C9E
C4D
1AC
172
038
1FD
14F
1A4
376
130
E13
BF5
EC0
26A
F1A
C82
094
293
050
F6C
CCD
D1C
E9D
038
0AE
EC1
F6A
518
4C1
F4F
DD5
071
118
062
E7B
FF1
21C
1DB
2D2
0A7
B67
DE3
0F6
E5C
C61
D76
1F3
3B6
033
EF7
023
E9B
FC6
1B7
E1C
E78
2D2
52C
281
E80
F3A
317
FB0
C7A
E73
E9D
057
2A1
0CD
E92
DE2
FCC
0AC
CCA
AAE
087
34C
149
185
12A
0DB
2B4
0AC
EE6
D8C
F21
423
34B
E51
FDE
279
0FD
E56
C17
CE7
F22
F8D
0E0
01A
E60
18C
393
E3B
BFA
E6D
1FB
2C3
FCC
08D
359
21C
1C3
0DF
CAE
CBF
14C
13B
E9F
E0E
0FD
361
035
BF7
E01
DC3
E64
0B0
F83
ECA
225
414
2A0
E44
CD2
1E3
263
E2D
024
1BF
2B8
34E
0FC
E98
D02
DFD
08B
F09
ADE
F3B
374
199
F71
EA4
EF0
FFF
F17
F1A
F40
F92
42E
5BA
FF8
E31
166
1D3
F55
D49
DE7
17D
184
101
0F4
D62
E30
141
E58
ADA
CFE
17A
397
0C6
EDB
242
20B
085
040
E08
DF2
240
3F3
1A0
F7E
FD4
2F3
11B
AD8
C9D
F51
F34
0C9
040
E9D
FF8
13A
117
DE6
AC6
FA5
39A
084
FFE
1F4
2E9
2B9
0C4
E3F
E58
EE6
169
250
D6A
EB1
3E9
1DB
D77
C20
D14
F78
F16
E43
FFB
007
1CC
45E
006
C1B
F8A
1C4
137
F08
F7C
396
3DF
0F1
08D
E19
CB0
03D
016
CEB
DAB
0AD
377
116
C49
E7C
09D
E64
F00
F60
EED
230
45B
2B8
FBF
DF7
1BF
2A9
CC9
CEF
1A5
1FE
1ED
139
EB3
E62
F01
F4F
E37
A86
E53
417
23A
EE7
053
18F
12B
F83
DCF
F47
035
24B
4F3
0F0
E87
1FD
29D
E6E
BE3
CBE
10B
167
F61
FC0
F37
ED8
189
F33
A8A
CF7
18A
28B
111
EFB
263
474
0BB
F20
EF1
DD0
114
32C
0BC
F3D
031
349
21C
B12
BB3
006
F5D
EF3
F36
F56
0FC
2D8
164
E74
C8B
F6C
3C4
02D
E3B
207
402
33B
0E7
E46
EAF
F05
F94
00C
D47
D9B
3CD
307
DC5
CC1
E5C
FC1
F1E
DDD
F50
110
1BF
428
178
D8B
FB5
297
042
E3F
F32
2B9
451
042
01B
FB8
DA4
F70
F33
B90
C5A
146
35A
155
D5F
ECF
2D2
FAB
D8B
EBA
F55
169
3FC
256
03B
F7F
227
2D4
D2A
B5E
073
225
079
065
F58
F63
024
EFF
DE0
B62
D81
355
231
E65
029
275
24C
F92
DD4
EBD
0EB
18E
337
13A
EA9
27C
350
DE7
B56
CBA
FF5
051
E81
EE5
101
046
0F2
01C
B8C
CDA
1D2
1D3
005
F50
2A5
5AD
143
EB6
F6C
E91
FC3
177
FC0
E62
0DF
2FC
18B
C4B
B8A
023
F6B
D12
EBA
F27
199
340
1B7
EFE
D9B
FAC
2CB
054
D24
137
503
2B5
061
F35
EEC
FBB
F0C
E76
D09
D54
30C
408
DB8
D49
01A
FE7
EF6
D0E
EBA
1C1
1EB
34F
270
E22
04C
35A
FDD
D0E
E41
201
3EA
0C2
EFB
0AC
F13
EF6
F04
C12
BE1
0E3
305
12F
DE9
F57
34D
113
D2E
ED9
FF8
0E2
371
254
FDA
0E7
241
2A7
DE7
AAE
F60
228
F82
F5D
036
067
110
F51
D3A
C36
D77
29E
25A
E06
00B
49E
2CD
FBF
E63
E9A
10D
13D
14C
0E1
EDE
22B
416
ECC
B38
DB9
FF4
F63
E1A
DFA
19B
12B
118
10B
CF5
C71
293
141
E4C
F70
2AA
54F
299
ED4
F4E
F2A
EF7
09B
ECB
D70
157
36F
192
DB8
B45
FC2
06F
C24
DC4
057
0ED
393
2D5
F82
F0F
0C8
238
003
C42
072
534
296
071
019
FAE
FA8
F3F
D9B
C8F
DB6
1B1
3E8
EC1
CFA
191
0B9
E6C
D1C
E24
11B
2A2
2B4
2B4
FAE
03B
398
031
BB7
DC8
12B
2D8
0D3
E6D
098
0B8
EC6
F16
C5B
B38
033
349
090
F0C
037
363
1DE
D25
E0C
050
063
2D2
29F
FCA
0EF
351
1D3
E34
B3C
ECC
1DD
EE0
E7E
0E2
057
145
087
D68
C8A
E30
120
1C9
DFF
019
515
393
FDD
F31
E99
002
163
049
FD6
F7F
1D2
46A
F77
B18
E0B
FC2
E03
DDD
DD9
10D
25F
192
10F
DA8
D2A
1DB
1C3
DC1
E9A
2BD
461
35E
F11
F82
014
EE0
012
ED5
C35
0B7
462
120
D30
CFA
02B
0A5
C65
CCF
068
0D4
31B
395
F04
EE5
131
1D0
FAF
C71
F81
4E2
29A
00E
07F
002
F0F
F94
D64
BD3
E09
168
30D
F35
CDC
15E
201
DC3
DFA
DD1
FD8
272
305
1E6
072
0DC
3EB
172
B55
D7D
141
14F
031
F3E
019
1AC
F2B
F38
CDA
AFB
FB2
34E
F72
E86
191
328
246
E4B
DCA
050
065
1EB
285
F8C
0A4
465
287
DDB
C14
E7C
153
EC7
D7B
042
081
0D2
20A
E05
BB0
E9F
157
0E3
E5D
F83
50D
46E
F9A
04A
F6C
ED8
129
0B0
E90
F44
227
484
051
B28
EAD
FFD
DB9
D17
DD6
F11
298
24B
112
E99
D6F
1D5
262
D24
E3D
397
437
2AA
092
F7D
04F
F75
F76
E8D
BD7
F9D
4D7
150
D78
E8D
027
FC9
DC4
C5D
F3E
0BF
1C7
3DF
01C
E4A
326
293
ED2
CCC
F04
37F
28C
05C
10F
06B
F3F
11E
DE7
A32
D00
10E
258
F0E
DAB
15C
2A1
E50
DC7
E4E
E67
197
38E
0E6
085
20C
3CB
1EE
BF0
CC2
182
02C
028
03A
F63
0B3
1C6
F15
C60
ADA
EFF
29A
EEA
D99
228
387
1E8
07C
E10
F39
FDD
16C
26C
F66
029
549
388
D7D
C95
E5C
F55
F22
DAA
F47
006
0DC
272
EEE
AFA
EED
1EB
FAE
E07
FAC
3E9
497
181
055
02F
E4A
12A
113
D06
E45
259
36B
0B3
C99
E2C
08D
DB9
D13
E50
DC1
0FD
3D7
121
E2B
EAE
11A
215
D0E
D25
2DD
40C
1FE
239
F89
F45
0DA
023
DD9
BE0
E63
3ED
156
CD2
F19
0AF
F54
EF4
CE7
D2D
FC9
290
39F
099
E7C
303
3F6
E6A
D2A
F76
183
293
0F4
0CF
094
F97
10E
F02
9F4
CAC
170
0E2
EED
ED3
087
269
FC5
E5A
E93
D67
119
4A7
05B
F11
31D
3D6
212
D3D
CC1
058
FEE
F6C
04F
EF1
FC3
34E
09C
B9B
B64
E1F
1C7
F28
D9B
195
34C
17E
1BE
F4F
CF0
040
21F
135
EEC
F6D
49E
402
E52
DD1
F40
E12
F07
ED9
D47
F38
21D
346
04A
B58
E00
1FC
E71
DAC
023
137
3C7
340
0B4
F3A
EC6
125
259
CAE
D0D
32F
2C5
0C3
EBD
DCD
F33
EE7
DAA
D92
D10
FC8
4CE
1DA
DF0
FF3
180
114
E41
D8A
0B9
2A7
294
318
0E3
E19
1D2
1AA
C5D
BB1
E69
214
1AE
E75
F5B
052
EB9
FF4
E98
B0D
EB7
340
2E9
04F
F60
320
4A3
EFC
DB7
F7A
F71
143
316
008
F6F
0F3
233
008
AAA
B12
11D
01B
EBD
FCD
027
145
1EF
FC2
CBF
CC4
080
405
0BF
E6B
394
42B
1D7
F97
E0A
DF6
FE9
05C
082
ED2
EAE
395
2A1
BEC
C52
EE2
F9D
F56
EB0
FF1
24A
27E
33E
07E
C59
FE6
396
FFA
E78
0B9
3B3
3B0
042
EC1
EF2
DB0
F5C
09D
C24
D54
2B1
38A
005
CF1
E38
124
F35
D41
FD3
FE0
208
596
21F
DED
FD8
15C
164
D86
D0F
197
2E9
03A
128
F2E
D8B
FD4
F2D
C61
BB2
FB2
3E0
241
DC9
006
26A
FEE
F8B
EA0
E21
144
413
3A6
0EF
E76
250
302
D21
BD1
EA7
FD1
0E7
101
F35
F24
FC2
105
F45
A40
D01
2A0
180
FE5
0CE
1DC
30C
12C
F10
E62
E3A
129
43B
005
DB5
23D
35F
FBA
CA3
BC5
E8E
FB3
F05
01C
ECF
F67
387
18E
C77
D3E
081
193
0A7
F39
222
422
24A
212
F82
BC3
F54
261
F91
D7D
F1C
305
2E0
DCF
D08
EAD
DD9
F0E
049
D9B
F66
33E
3AB
0D6
D3D
F55
305
FBA
DD2
127
191
267
395
068
D60
E5C
03F
00B
C10
BC2
202
2CA
F86
01D
ED3
EFB
FCF
F42
E0A
DDF
055
5C3
355
E4D
0D2
2B4
0A0
ED4
E4D
F03
178
22A
23C
FE1
CFA
0EA
1A5
B99
A9E
F52
0DA
180
021
F41
132
03D
084
FFD
BF3
EFD
413
388
093
0A5
235
31C
FB8
CD1
E2D
DCD
01C
2D9
F2A
D40
0CF
255
E9D
BC7
C5C
095
0E8
FF9
188
0C5
046
3E4
201
CDC
DA6
0D0
310
0BC
E7C
1D1
305
0B6
F8E
DF9
BD5
E74
0F1
F19
DE0
F34
371
338
D14
D16
018
F41
06E
0E0
F3C
198
44E
40B
0BC
C70
EEA
2A1
F43
D7D
05B
13F
25E
1EE
E2A
D13
D41
F77
066
C71
CAD
307
437
013
FDC
F67
02F
0C3
FFA
FD6
FA7
192
5F4
251
D5B
F07
177
EF2
D31
C90
EBF
180
12E
131
EDF
C97
0B6
17B
CBA
C71
0D1
303
334
0F8
074
20F
0C7
06D
012
C0A
EB2
455
271
EF7
E88
0E8
14B
DC8
BD6
D95
E04
FB7
2CF
FD4
E2C
16F
26A
027
C18
D4A
272
27D
069
1FB
151
103
311
079
BF0
CA7
002
236
FCC
CD5
0E1
26F
EF6
E34
D17
C29
F84
143
0A8
F5F
062
45C
3D2
D58
D3E
10F
068
0DE
0E4
FDF
161
2FA
235
F0F
AE6
DB4
212
E08
CCB
F54
12A
23B
0C4
E38
D97
E71
029
18B
E86
E43
4F1
4E9
0AA
F4B
F6B
09B
0A0
EFA
F6B
F7B
06A
485
140
B7A
DCA
00B
F0F
CE4
C2F
059
2C7
199
1CC
F87
DF2
190
25D
D6B
D44
1C8
44F
3BF
012
FAB
10B
F39
F54
E29
B67
E5E
303
1D1
ED1
E37
039
193
DD3
BA8
F2B
020
1C1
429
0A7
F3A
236
2AD
024
C54
CFA
2DD
264
FD6
0E4
0AD
FA1
0F9
EC3
B3C
BF5
F3A
227
FE6
D58
145
31E
F99
EA0
DE0
E2B
125
29C
1B2
FEA
0E0
46F
34A
D49
CC7
052
FC8
FE2
F99
F06
0C0
1C9
122
E34
A14
D7C
273
F01
D33
086
2ED
2FB
163
F74
ECC
F33
126
2CB
EF7
EA9
43B
47C
FD6
DAD
DA1
F51
EF5
DEB
E66
EB4
FE4
3B1
0E9
C2F
E0E
11D
087
E31
DD5
195
407
28A
268
082
E3D
104
204
DC1
CC8
0C1
39D
24E
E65
E2C
FFE
E38
E10
EB8
C3A
E51
399
2A9
FC9
ECE
0C0
2F2
E84
D1A
05D
10F
296
44F
0F0
F18
13B
1FF
F3A
B0E
C4A
1E9
1C3
F41
04E
F5E
F21
07C
EA1
C16
CFD
083
403
227
E46
27D
43A
109
F2F
EA8
DBD
0C5
247
163
FC7
F46
346
1FA
B3A
B46
F15
F60
FB0
F7B
F2A
087
18D
1CC
F3C
B6E
E69
35E
0D0
EEE
194
35A
368
1C8
EBE
E45
E19
048
1A4
E50
D68
2E1
328
ED7
CF2
D2C
EEB
F8F
EB3
F6F
FCE
0DE
537
21D
CAF
EAA
21E
12A
F46
E9C
1B4
3C0
20A
184
F95
CD5
F75
0D9
CE5
B92
FF5
28E
227
E30
DEB
02D
E7F
F9C
FA6
D2F
F85
4C0
3FD
06B
EF7
121
2EC
F1A
CBA
FCE
07B
192
38F
FDC
D9D
F4D
088
EB7
AEC
BBF
150
291
FCB
130
08B
019
22F
048
D44
DA4
10F
4F0
271
E91
175
3B2
079
EB1
DBE
CDF
F54
0ED
0C4
E8A
E4E
23F
25B
C1D
B9B
F4D
053
12F
055
010
1F4
2A6
282
08F
C1C
EE8
393
157
E25
093
1EA
2AE
0B5
D97
CBA
D13
E8C
197
DEA
CC7
250
32F
FD5
D4F
DD0
FCC
0A7
FB8
080
092
16E
5BA
31E
CE0
DDB
0C9
0C2
E6B
D4E
FED
24F
0E6
0F6
EA0
BBC
EA7
117
D76
CA6
001
3B7
3A1
FC0
F52
0D8
00D
FF8
0E3
DAE
F79
4FB
446
076
E6F
FBC
1D4
E69
BA7
E49
EC0
FE0
2C0
FDB
D6F
F52
164
021
C35
C1D
219
351
154
207
16D
0D8
25F
140
D49
D08
FF2
36B
1D3
D6B
007
247
F7D
DB0
CD0
C50
ED5
18F
175
F57
F0B
28F
3F0
D6B
C5D
04E
0C9
160
212
0C4
111
23F
2DF
079
B69
CC4
259
08D
DB9
F86
069
15F
0D6
DCF
C9C
D3E
F5E
22A
F16
DE8
34D
512
123
F6D
EFE
FC9
10C
042
FE4
00D
04A
462
371
C8D
CF0
011
F7B
DAF
D0D
EF8
1D2
1DC
1A1
FBB
CBC
F46
295
EED
D6C
FBE
3CE
4BD
11D
F4E
106
F54
FB4
083
CB7
DAD
2CB
39A
FAD
D59
E3A
0C4
EBE
B92
E65
E9A
03C
432
20C
EB4
057
25B
130
DD7
CD4
1C9
42F
1E0
1E1
14D
F75
143
032
C79
B08
E1D
26D
19C
DAD
E7D
261
F83
F41
E2D
C6F
F5E
256
246
0EF
01F
329
513
F68
C7C
F7D
02B
141
131
FE5
FC7
102
1EE
019
ACA
B0E
0A0
059
D9B
F83
0C6
172
232
FBE
E32
DF6
FB8
2ED
0BC
DBF
294
559
1CD
031
E3C
E82
FBA
F94
F30
E90
ECF
2B2
34B
CB5
C01
F5D
FA0
EFC
DAD
EE4
290
30E
36C
268
DF1
F27
37B
037
D22
FB2
2C4
423
114
F14
F41
E5E
E7E
FE7
C1A
C05
147
385
0B1
E30
EE3
17A
FF5
D74
F41
F3A
03D
4DF
37F
F7E
00B
231
1DD
E07
B40
F87
232
06B
08B
073
DF9
065
0CE
D53
AE3
D71
1A4
21B
F7C
FB2
2DF
18E
070
02A
D08
E6A
285
2D6
0C2
F24
1E6
41F
FFC
C2C
DB6
E7E
EE2
032
F51
E34
065
1E6
150
C9E
ADF
0AC
1B8
F00
053
1B2
270
3A3
217
ECA
DE3
EE8
278
110
CA9
01C
426
1A4
F5A
DB0
CBD
EA4
EE2
EE4
DC4
DDC
2F0
4F4
F45
D4B
08D
0D6
066
F3A
EE5
190
309
3BB
2CC
DD6
DF2
249
F85
BEC
D36
05F
227
0F5
ED9
F0A
EBF
E9D
0B3
DAD
B90
16E
468
1F2
032
FEE
1F6
189
E9A
ED6
EBA
F6B
3F0
447
EFC
EE0
1BA
0CF
E95
AD2
CD2
08E
FFB
07F
0F8
DF9
049
32D
F1D
C1E
D7A
185
3AC
100
FFC
367
24B
12B
0B3
D3B
CC3
096
249
FFD
E3B
F83
3AB
089
BE5
D1C
DFA
E1E
0E5
064
E49
0D4
3A1
3FD
F4F
C05
071
2B0
FF1
FDA
1B7
143
36F
2C0
F04
C8A
CC0
0A2
06F
C17
DBE
2A2
1F4
088
F1C
D2D
E82
FBF
018
EF1
DD9
211
697
233
E22
01A
12B
044
F99
E7E
F81
19A
220
243
DB8
BD7
10B
0C0
BA7
C36
F0C
14F
248
07D
053
FE1
F55
207
00A
B9E
F9A
496
31C
11F
01C
14A
206
F52
E41
CFA
CBA
0EF
389
EC4
DAC
15B
1AA
FBB
C05
BF7
00B
07B
16B
284
F85
0B0
4B2
1DE
D69
D5A
FC3
2C7
084
F13
1A2
199
050
16C
D26
A63
E8A
0F3
019
D9F
EA4
2D9
338
E5C
E1B
E99
E42
169
231
F02
025
3D0
4B8
1AC
C9C
EBD
1B9
ED4
EA9
F90
EFE
13B
350
FDF
CFE
C74
FE0
0C8
CD5
CE3
249
32D
213
22F
F18
F19
11E
147
002
CF4
027
590
344
ED0
F87
06F
F48
E6E
CC9
CF8
F21
174
2EA
FE6
C69
0B4
266
E21
CA0
E84
0F2
2D5
29A
1B3
0BA
080
26A
190
B8D
C67
1FD
222
006
FF2
03E
0DB
FC9
DEB
CF5
AE6
EB4
384
094
DDB
0BC
2E2
204
F37
D0B
F7D
0A9
0E2
2FC
0B6
F84
3E0
379
E39
BE6
DAB
052
F79
D8F
F78
0C1
056
20A
FDD
ABF
CF3
19E
073
EF2
EA2
263
565
14B
00C
060
E28
05D
238
E6B
DBD
18F
46D
22F
D19
C65
049
E42
CFD
E73
DF1
F29
3AB
256
F57
DE2
011
28F
F50
CA1
0DF
3EE
2C0
33C
12F
EAA
038
160
F6B
C50
C5F
24F
380
E78
E43
02D
F31
F40
E9B
C19
DD3
0CE
3C7
2A1
E9A
0AF
4B7
0FB
DE5
ECA
F78
1A4
2A9
16B
059
F44
132
221
C1D
A2E
F2A
09E
FAD
F3D
F6D
159
15C
000
F07
CF2
D89
2FA
2D3
EB5
0B2
3FF
3A5
117
E2B
E68
F2F
F68
12E
F80
D19
137
44A
F83
C41
C93
E73
FED
DC9
E6E
124
139
2CF
353
E46
D02
1C1
1FE
F5F
E1E
0D3
471
2C9
013
FD3
DEA
E16
10B
EAB
B6E
E8B
22F
320
F37
CF1
03D
095
E3D
F42
E92
EDA
33A
4E0
1A4
F3A
045
2BE
12A
C31
DFD
120
0F5
1E5
17F
E8A
F58
0CB
FDE
C69
A99
ED2
3B9
048
ED7
158
131
0CF
0FE
E03
DBD
FE6
277
3C1
040
F73
422
27B
E08
D74
DAE
E5D
0AA
FE9
FA2
E82
00D
346
FB4
A15
CF6
109
045
FFB
FC1
166
34B
309
1CE
EC3
CB7
060
36E
EDE
E10
173
309
196
EA3
D8B
DEC
DB1
F57
FF0
C5B
EAD
48C
301
E12
DE6
F2D
177
FE5
E3B
0E0
0FA
31F
54E
127
CF5
FF7
1B8
F4E
CE9
CFD
108
23F
FFD
02D
EDF
D25
034
FEE
C3A
CAD
0ED
3F8
267
EB9
098
309
038
FBF
F66
DA4
0A6
497
277
F86
EE2
1B1
1F3
D8C
AE4
E9C
EF1
01C
216
F84
EC0
154
192
F85
BD9
D07
327
284
F4E
17F
29E
190
2EB
FF8
D0D
D86
FDF
23A
FBF
D0B
155
3A6
FA9
DB2
D07
CF0
F36
FC2
FCB
F38
FE7
445
4D1
E01
CB4
164
12E
074
FB5
028
264
2FD
2B8
098
CB2
D17
1F3
EB6
B9E
E6F
14C
1E9
0CE
E81
EB0
F07
F31
112
E8B
CD4
31A
579
1A8
FF1
FF8
1D8
104
DE1
E46
F50
FD4
380
2CC
D63
E02
0F9
FF5
CED
B1B
DFD
194
117
10B
17F
F22
0D6
344
E8E
C3A
F30
2F1
3F3
0BE
F73
341
1CC
F6D
F62
C5E
C4F
094
17C
EF8
DDB
019
377
042
B3D
D69
F58
F40
17E
12F
019
21F
41F
332
F46
C17
097
2D8
FBC
EEE
151
10C
22D
158
D94
C6F
D31
F8A
002
BFD
E3A
42C
2D2
FFF
F6B
E2C
FCE
0F9
041
FC1
F94
253
62B
1EB
D2C
FBB
13E
F31
E24
D57
F12
0F0
1F0
193
E36
C4E
09A
0E9
BFB
C00
02B
2E1
31A
0BC
0E8
103
0B9
19E
FEE
BDB
F30
48B
2AF
FCD
ED9
0A3
1C7
E3E
C7B
D3A
D07
FFA
367
FBD
DED
15A
296
FF1
CEB
C22
145
1AD
085
248
145
14A
46A
22A
CF0
C5B
F6F
214
FBA
D2A
06B
212
025
F89
D96
B44
E38
153
019
F12
F56
3DD
563
F2C
DC2
0B1
04D
096
141
EE8
04A
2E9
420
1C7
CB9
D36
195
F60
BF6
D92
F99
1C7
22F
05B
E9A
DCA
F3C
1DE
E96
C49
1C4
4ED
295
0ED
0DD
07D
115
FD5
EA8
D94
DB4
39E
3D3
DB3
D46
0C1
001
E22
C12
CF8
FE0
129
25C
1B8
E65
053
483
FC7
C41
E2D
113
307
158
08E
1CF
0E1
0EC
0CB
C70
AB1
F6E
1C8
F9C
E01
F30
2B4
11A
D51
DB6
DD4
E93
25F
232
EEC
119
40B
3F0
029
C83
F4B
194
F63
F96
08F
F30
1A8
2C1
F70
BDD
C74
F88
02A
CA5
D59
262
273
172
1C4
E6D
E2F
135
171
FEF
DCE
13B
644
306
E26
FD0
026
EED
EE7
D67
D1C
FAD
1EE
2C4
EFE
B9D
02E
1A1
D86
C6F
F60
10A
31B
2A1
0E7
097
012
22E
160
BEB
D39
30F
294
0F7
013
F9A
0EA
FAB
DB7
D0A
B94
F60
385
01F
D6A
127
2B2
179
EC6
D07
FAB
0CC
13A
285
0CA
FEC
435
3E5
DD2
C2F
E54
05A
04C
D63
F9C
145
04A
151
F8D
B20
D99
0D0
0AF
EA1
F16
2CE
50E
1A5
F36
063
E5B
007
1FE
F40
DF6
1C3
417
2E5
D2B
C77
043
F07
C9E
DFA
E43
F9F
30A
232
F28
E47
F81
2C1
F67
C1F
080
39B
27F
26C
11C
F75
01D
0FF
F48
C74
C63
184
39F
F32
E40
08B
FBA
F30
DB7
C0B
E43
026
2F8
2E5
EF0
FF8
47E
202
D19
DB3
FA4
199
1ED
0DE
0A6
048
0FC
2B5
D7B
9CC
E52
168
FCE
E66
F34
1FB
229
FDE
F53
DBD
D60
1E1
29F
F04
FDA
3E1
486
225
DA3
E2D
05C
F2A
F0E
F8C
E13
063
3C7
0C2
CD6
C47
F14
07D
DE4
CF7
0AB
23D
245
304
F5B
DD1
0FD
21F
03F
DBD
F36
49A
3CC
F5C
017
F6E
E52
FBB
DFC
C3A
DA4
0DB
2D5
0C4
C99
05B
284
ED3
D30
EA3
FD2
1EA
3A1
1FB
0CE
FFD
2C7
2B8
C78
B73
154
1BC
047
00F
F62
060
0BD
F22
DFA
A9C
CF2
2FA
15B
E27
02D
30C
26E
0A2
E33
EEE
F99
0C1
2DA
132
E5C
30B
46A
030
CB0
D03
F1B
00E
E1F
E95
024
02C
2BB
1AA
C7F
C63
05E
116
EEF
D9B
12E
51E
320
0E8
0D2
E6B
F6E
254
F72
D58
FBF
2FE
382
F13
C2A
FCF
F87
D3B
E12
D60
E0F
2DB
3B9
0C5
EC1
F67
2F1
120
CCB
EC7
26A
1FB
2AB
22A
EEE
FB5
0DE
018
CBC
A81
EE8
3B2
FD3
E1E
06D
0CC
0AF
F50
D2D
D0D
F0B
25A
3B9
FFC
F85
4C0
38B
EE6
E02
E16
00D
15E
05B
083
F7A
011
387
FE4
A00
C7E
07B
FDF
EE4
EBD
10A
2BA
1AB
0CB
EB0
C71
0B2
2F3
F81
EB8
1EF
481
33D
F21
E10
F65
EB3
F27
009
CF6
E98
33D
257
EAC
CBC
E24
181
E8A
C90
FF0
156
1F4
497
17D
ED8
042
1E0
0A7
D2D
C87
2AB
3DB
FAF
FA4
046
E50
02F
ED2
BD2
C3A
EF5
2E1
291
DD2
F52
37B
0E7
E53
EBB
E99
0CC
314
2B7
185
FAA
1B5
3A2
E2F
AED
EBA
051
039
006
F51
00F
09B
05C
F89
C29
B3D
1D2
255
E3E
FDC
30B
425
2D8
F18
ED6
EF9
F55
21B
0C9
D6F
0BD
4B6
16A
D7B
C5C
E3F
FA9
DF5
D8B
F99
FAA
286
402
F01
C9D
024
1EF
05C
DD9
F34
406
36B
1BE
1EB
F11
E4F
148
F88
C1E
D2F
0F0
3E9
06B
CC6
FAA
073
E2C
E60
DB1
D44
145
3CB
20D
012
F80
30E
30B
D90
D20
0CB
09A
1DF
1E7
FEC
F8B
09D
0E9
E88
9E2
C8C
288
054
E4F
05F
146
1E8
12D
EB5
DEB
E0B
0FE
3D7
0D7
EDD
33A
4D5
106
DF0
D9D
EEF
FC6
F72
FB4
F4C
EB6
327
212
C22
BE6
FA2
FEA
F33
E1F
040
35A
270
1F2
0F1
E28
FE9
2AD
FF4
D4A
FDC
301
499
02E
DE7
F85
ED5
DEA
EBA
CBF
CE8
1E2
379
0DA
DB5
E69
269
0CA
CFD
E68
0D8
1B0
457
2AC
F7A
06A
157
144
DCE
AAE
F81
325
006
F29
029
F39
02B
FB9
D24
C20
D85
23E
373
EE3
FB6
3F7
310
FC3
E57
E32
FF6
1C0
190
199
F28
04A
487
023
B11
CD5
F61
F73
EDB
ED4
04D
1BB
14F
18E
E93
B6A
048
30E
F69
F4A
153
4A7
3A1
FF2
EE2
FC9
E4B
089
030
CAE
E52
352
2DD
EBD
CBC
E1B
0CC
DF4
CDA
F56
F9D
248
469
126
DF9
FF5
201
190
DD4
D29
2CF
406
0CF
1AB
FA2
EA7
06F
EEC
C6F
BB6
E2A
33B
1C0
D32
F0C
2BB
FBE
F2D
E6E
E0C
0DB
306
33C
118
F3A
2C2
426
E8C
BD4
ECF
FE7
0BD
FF6
F0B
066
04D
103
02C
B42
AE2
16F
18B
E97
F37
1E8
37C
2BC
F3C
F55
E97
F08
2FA
180
DF2
12A
506
263
E05
C58
E89
F9E
DD3
E74
F2F
EC1
26B
349
EA2
CBF
F3A
117
0A9
CEA
F35
427
316
2A0
240
EE9
F19
218
04E
CF5
D97
0E5
432
092
D1A
F3B
FD4
E4F
E96
D1E
CF6
0BA
370
345
FAB
E58
311
2EC
D94
DB7
0B8
19E
2DE
1F6
FD5
FB6
020
199
ED7
999
D0C
254
02D
EF9
F45
059
143
070
DDD
DD1
D72
0EE
49E
0EE
E89
39C
410
1B8
E8E
CFB
FAC
FFB
F48
08D
F72
EEA
36A
1D4
C44
C09
ED0
0A5
F20
D20
039
344
215
1CB
095
D8E
FFD
2A2
040
ED8
F83
3EE
4B1
FB0
DF2
FEA
E6D
E5C
F77
C5C
DC2
1BE
30E
13B
D14
DCC
26F
FC1
CFE
ED1
0E0
222
3FD
271
08C
018
13F
1E2
E2C
AE7
034
348
070
005
F6E
F70
003
F49
D7B
C78
D61
1F7
3AF
ED7
F35
365
289
07F
DD5
E83
054
176
1B7
1D9
F13
15B
48F
F7B
AD1
C43
F3D
06A
F00
E40
10E
145
0F3
13E
D69
B63
077
298
FC4
F06
138
4D6
3A6
F26
F08
F8B
E50
06D
05C
D22
F7E
2AA
2D4
F53
B91
E23
088
D81
CC7
F7D
FD0
22E
3D1
0EC
E94
F57
1CD
1F9
D3D
D46
386
3C2
0F6
0DD
F37
F1A
011
EF8
D23
C92
E79
3B5
1D3
CCA
F14
15F
066
E8F
D68
EB8
12E
282
390
17F
EB5
300
3EF
E71
C4B
E9B
0EA
200
FDD
F16
04A
015
07E
FE1
AB6
B87
119
132
EF3
EC2
137
40D
163
EBD
F16
E83
FCE
353
0CB
EDF
1E7
43B
25D
DAB
BAA
FAE
FE5
DA1
E84
F63
F3E
2B5
21C
E0B
C23
E83
1E6
092
CBA
081
501
2D3
1E8
0CA
EE3
F62
143
FD2
E4A
DA8
20F
4DE
F77
C59
F5D
FC9
E67
D73
C83
E2E
13C
2FA
2BB
E94
EAA
385
1DF
CF0
E1C
09A
323
344
160
154
002
F9E
18F
E28
985
E21
254
0D1
E97
ED8
0D2
20E
EE8
DC6
E04
D31
1D0
3E0
041
F9B
2D8
42F
13D
CBE
D45
12E
09D
00C
121
EC8
005
2D8
003
C36
B8A
E6F
166
EBB
CEC
180
34F
13E
117
F04
D8B
00C
1D9
0AD
EC8
F8F
4A6
4A9
E0F
D6B
F61
E5E
EFE
DAB
D4E
F3C
1C1
2B5
0D8
BFA
E4B
2A5
F03
CE0
F63
16D
341
2FF
0F9
04F
F5D
11E
17C
CA4
B97
1AC
33D
0BF
ED8
EA6
0E8
FDF
CBC
D3D
CFB
DCE
3AE
2B0
E54
FF5
2DB
2F4
EDB
CC6
F71
244
143
257
1BC
F7B
1D5
2F8
E17
B18
CA4
0B5
17D
DD2
EB7
235
0D7
02B
FE2
C3C
D47
150
1CE
06C
F40
1F9
564
1FC
D79
EE9
010
F76
092
F77
ECD
04F
259
250
DEF
A76
F95
0FB
D38
DD0
020
1CD
365
1C4
044
EE3
EF8
1EB
129
C64
F3C
4E5
335
07A
F6C
F31
015
E51
E04
D84
C2C
027
46B
018
D1C
F9E
1B3
FC2
D48
CF1
105
27C
275
361
092
FAB
2A8
1E6
D7E
C2D
EF5
2C9
196
E33
FE1
0CA
F4C
F3E
D8B
AE4
E01
1C0
1B4
F8C
E97
2F8
4A9
F17
D6B
F58
F9C
1AC
22C
FDC
043
18B
342
0AB
B5C
C3B
099
FDD
D1E
F0A
06D
1CF
1C1
FCE
D96
C5B
F76
2EA
015
D5B
2D3
500
2B1
06D
F54
F59
082
F13
F85
DFF
EA9
31F
35F
D50
CD6
F42
00C
E4A
C40
EA2
1B6
1D2
287
1C5
DCC
002
373
050
D2A
EB5
222
48D
120
F67
0E9
000
F1C
FA3
C57
BB0
02B
259
0FB
DAE
E8B
22A
071
CA1
E48
F5C
05E
353
2E1
057
11F
28E
2FA
E9E
AEA
F1B
2AC
FE3
FC9
FBE
064
15E
012
D92
BFB
C95
135
29F
E2F
EFE
3A1
371
063
EDF
E43
026
0D4
154
14D
F0E
15B
593
0DB
C5F
D0B
F12
FBA
DD7
D3C
05B
159
162
1DD
E5D
B98
088
1C1
E4C
D85
0B1
4D6
438
05E
019
0BB
EF8
045
F5B
C92
F06
32F
276
F59
CC2
F05
13E
D6D
C52
E97
F22
1BA
3B3
072
F24
08C
276
1C6
C6C
D36
316
376
13E
11D
090
FEE
128
E9B
C34
B81
E74
325
09B
D23
05A
244
050
EF1
D56
E1D
07B
19B
2B8
16C
F3D
39D
44B
D82
C33
F34
11F
04A
EBF
F22
14B
0FF
121
F7E
AE2
C94
163
097
E1A
F2B
212
488
17D
EC0
FB0
F38
057
299
F79
E96
26F
4A3
1D5
D90
C4A
039
FBB
C31
E36
F10
F81
329
1CA
DD7
D7A
002
1F7
F97
C22
0C8
50E
287
19D
144
F86
0F6
0A9
ED2
D3C
DF0
26F
3FF
ED0
D67
0B2
038
DBE
D1D
C64
F02
18C
273
21F
F61
059
459
0C7
C46
EA1
124
270
1AE
037
0A1
126
052
0A3
C62
A3C
FAD
1ED
F5A
E27
F97
28F
218
E37
D54
EB3
E8D
29A
2C9
F0B
0D3
433
39E
F95
CA4
EC0
13B
EE1
E8D
07F
F1C
1B0
28A
E74
BCC
CBB
FB4
10F
D7B
E1C
2F7
3CA
113
124
EA9
EA2
190
0D5
F7B
E47
0B3
4FF
27E
D0D
EA3
03C
E34
D9F
D53
D55
069
20B
24D
EDB
D38
119
262
CF8
CA0
0B0
2D5
3C2
1AD
06A
0C3
029
0B9
F9A
AE5
D89
303
1E9
EF1
F42
FE1
16D
EE6
C31
DBF
DE7
0A6
3F3
13D
E69
252
396
14B
D9F
D09
186
211
00B
19F
0A4
06D
2D7
05D
BE1
B34
ECB
113
FA3
D07
068
350
0B0
031
EB8
D02
F7C
247
163
000
09F
480
50D
ED9
DB1
00B
FAA
F24
F83
E83
FBB
200
214
006
B83
C82
219
F49
C0E
EA6
1ED
2FC
2EB
072
FE2
F5E
05F
232
E4C
CFB
281
4D8
101
E44
F11
014
F66
D3E
D5A
E15
EDC
33A
23C
D70
EDE
1AC
111
E7E
C6B
FFB
3C6
2A6
1DA
276
FAE
118
215
DC8
B80
E06
165
24E
EA1
DFA
1B6
08B
E9D
E1D
BFE
D0D
1BD
259
120
EED
1F3
512
163
C89
EDF
16B
0B1
1B1
072
F59
15F
18E
0FB
C57
A24
F8A
130
CED
D9B
0D9
1CB
23F
010
E87
E4B
EB2
1D4
199
DFA
096
5C4
2F9
F89
E8C
F34
048
EED
DEE
F1E
EAA
189
38D
ED3
C08
F11
07C
EEB
D32
E81
2A3
341
17E
208
F5E
ED9
25F
153
D32
E04
226
480
14B
D9C
FAE
0D7
DFE
E30
D74
C06
06C
2A1
18A
EF6
F0F
266
274
C87
D17
106
146
2A4
2FA
04C
0FA
214
173
E78
A87
E45
2F0
041
DEF
049
0A1
059
FF0
D5B
CCB
DE8
103
335
FE6
EBF
449
474
FBB
DE4
EA4
029
1D4
00F
0D7
01F
0C3
3A6
054
A58
C4B
058
FE4
E38
DB2
076
376
101
09F
F4D
CB6
04E
2BE
F15
E93
238
496
34D
EEC
DF7
09E
EE8
E2D
F85
D1B
EC8
35F
231
EAC
CC1
ED3
18D
D95
C10
033
254
255
378
0EC
EDF
0A4
1AA
075
D34
D38
389
333
EDA
F5A
034
F6F
F7C
D54
C54
D0A
03E
36A
13F
D93
0BA
439
F9D
DC8
E4F
021
262
28D
176
137
F9E
22B
243
BCC
AD1
012
120
FF8
EC8
F57
1B5
0AF
F00
E1D
C37
E0D
3A9
1C2
E53
139
40F
42B
FBE
CF2
FD7
03E
F91
146
F45
EEC
2E5
2EE
F32
B7A
C15
FE8
F8B
C18
EEB
1F3
1CA
2B4
10E
D80
ED7
130
1F0
F99
D98
2D9
5C6
140
EA8
FCC
F30
F72
F55
D95
DAD
FF3
2B9
287
D05
CE9
19F
FF2
D7E
E73
FDF
26E
3E2
290
0FF
F71
02D
35B
F38
AE4
FF5
2D0
216
00C
E5B
FAB
023
E2A
E26
C73
C4C
2CB
364
EF2
EDA
1F9
2A0
08F
C86
E8A
163
11C
31B
23F
E68
116
376
F91
C44
BD7
F21
1D2
E94
ECA
116
0BE
0A1
0A6
CD8
C49
073
263
152
F35
0E4
566
28B
F1B
F22
ED4
EE7
192
FE8
E94
005
25A
2E2
DE1
A14
EE0
06C
E16
E59
F86
125
30C
281
058
E6D
E42
25E
1DA
CE6
F9C
40E
3B8
15B
F13
EBB
F8F
E9E
E35
E25
CC4
10E
4CF
FCA
D01
F47
082
FF5
DB9
D5A
120
290
353
414
F08
EA9
2F0
134
D5D
D0C
FBF
36D
196
ED0
029
FE7
E75
005
D77
ABC
F22
2E6
241
F82
F0E
350
2AB
E27
E5A
F2D
F7E
30D
38E
FFD
027
1C9
244
F2A
A08
D63
12E
FB0
F28
046
FAA
191
182
F2E
CD7
D31
135
3E7
ED1
EF9
409
403
130
F56
E4F
F06
01C
015
044
DAA
FB9
44F
0A2
B6A
CD7
EF8
F76
E4B
E23
098
219
2A1
39C
F18
CA6
146
2E1
ED3
E7F
0F8
3F7
34D
F7C
EFC
F2E
D99
F7C
F43
BD8
EE6
331
2A5
F62
CEE
F9E
1AE
E7A
DAA
013
033
2F7
517
151
F11
079
216
049
B37
C8E
1D4
205
FA2
023
E5D
ED5
050
EC0
C28
C5E
FB2
485
0FB
E35
229
370
077
F7E
DB7
EE1
14D
305
272
FB5
EE8
312
191
B60
BBB
E71
F8E
051
F93
F5E
136
0D7
158
F1E
B05
F5B
351
152
F68
11F
3D0
3DB
00F
E12
F30
DFE
FE7
1AE
D2D
E06
294
21D
EEF
BF1
D13
048
EE7
DE2
0A4
0A5
1F0
4A3
125
DC5
EEE
1BA
1A6
E4C
D9E
365
3D5
073
010
E61
D0B
F97
F5E
D18
CD8
FA9
43C
205
D0D
F02
181
F0D
F8D
EC8
F4D
1EA
3C4
356
04D
DF4
151
2B3
CA4
C9B
FD2
170
13A
023
E83
F7F
FA0
F25
EF6
B2A
DAE
3FB
2EF
F8A
0B4
22B
2DA
081
E7C
F21
F9E
13E
3DE
066
E01
1B2
28C
E34
BC5
BD0
F30
020
EBE
073
02D
028
2E9
124
BC7
D43
14C
2D7
11F
F0E
2C9
49B
19C
FEB
E4B
C5B
F2A
189
EFC
DF9
F4C
2FA
197
C5E
BF6
FB8
EEC
F5D
03C
F68
175
439
383
007
D52
FA8
397
F64
D01
0C0
2AA
220
13F
E46
D67
E1C
F53
F68
BB0
CD2
3E3
380
EF6
ECC
040
081
06C
EF8
F4F
074
23E
599
28F
D39
079
283
F42
CC2
CD2
FF2
1D0
0E9
FEA
F69
D63
08D
03E
BD8
C50
21F
2E7
270
FFA
0D4
33B
130
F1F
F3C
D63
00B
444
191
E76
FAD
20E
10C
BF3
AE3
F1C
FC3
F91
143
F8F
F69
2E5
24C
E55
C55
EC5
408
1F4
EBF
1E1
35C
1FD
20A
E43
C45
E3C
07F
0A6
E71
CE3
251
356
DD3
CF2
E1E
EE0
062
005
FAF
0D7
287
487
2B7
C49
E2C
296
092
EFB
F1E
0F9
2C2
1B2
F7A
E74
C52
EB3
123
D06
C27
162
378
1B7
F3C
E5F
0E6
01D
F86
0C3
EDF
039
5F4
3B4
E73
EA9
0DE
0A1
E07
BA4
F21
11E
0D3
195
F37
C8A
01F
116
DB5
C72
E54
3DE
450
F9E
14C
292
051
0DF
F9D
CE9
EE1
26B
2F2
0A7
D31
105
28A
DE8
BA9
D6C
E23
0A9
1BD
FA2
FA4
0F5
2CA
1C9
BDA
CFB
2A8
253
07B
133
142
27B
1FB
F24
D9D
BA1
E90
279
F4A
CF2
14C
2D2
02F
DC8
C82
E6D
08D
086
1C9
06A
03E
57E
449
DC1
DA6
02A
0C4
FE6
E08
02E
266
0D6
13A
E81
AB4
DE4
163
E36
D24
F19
319
3C0
00A
EEF
01B
F4D
090
114
DE6
F89
47D
48E
115
D84
ED1
1A1
E19
BF4
E18
F14
0FE
32C
060
D91
E76
092
0E8
C31
C6A
324
41B
17C
191
088
09B
19A
FDD
E16
D89
015
44A
19A
CAC
F99
1CD
E96
D38
C41
D90
089
117
1E6
027
EDB
353
379
D02
CC8
07B
24A
273
0B8
07D
18B
11A
0AE
F3B
9FD
D59
201
014
DED
F50
20D
26A
ED2
D0D
EE9
ED5
122
2D5
FF5
FF3
48E
4AD
060
CC6
DF2
195
056
DF8
09E
062
0BA
274
F44
B86
CC7
019
08C
DAC
CE8
295
424
0CD
024
FE5
E7D
0CA
122
F67
F38
157
59D
30C
CEB
E27
0F9
E3A
DAD
DE1
E35
087
29F
0F4
EEA
C86
009
27F
D33
CF1
1F5
3B8
38B
214
02E
0B7
011
078
FE0
BFE
E2C
3FF
208
EA0
E8C
FFD
032
DEE
CA4
D8A
F05
15E
3B3
0D3
DC0
262
312
FAD
CDD
DC0
220
334
057
0F0
0D8
FB9
1AC
F1E
A9E
C31
063
1C9
F8A
D83
0CE
2ED
F1C
E98
E74
D8A
0B3
35D
0C6
014
190
452
2FE
CD2
CDA
0C6
F9D
F6E
05A
EFF
09E
20D
01E
CF3
B13
ECD
225
EC4
D8A
209
37B
2D3
202
ED6
E58
FC8
21C
173
E8D
EF1
4ED
377
DF5
DDB
E6E
F21
E68
DA8
E42
F97
131
416
008
B9D
FBD
1A5
EB4
DFF
F5E
332
44C
278
123
FA6
E70
118
06F
B83
D52
24F
288
02E
DB1
F3E
088
E5F
DE5
E1B
D1D
168
51E
173
F01
0AF
281
1CC
D2B
CBF
1A3
1D4
1CC
24B
F5A
EE3
1A4
FC4
C5E
AC1
E81
306
0F6
E21
0EC
1D6
045
02D
E05
CD3
083
2C8
333
FFC
FC0
4AD
379
D5A
D40
EC0
EFE
0F9
F80
F24
F86
0CB
23B
E27
9A4
DE9
24E
FFB
EE8
0D8
264
3A6
204
FB1
E7F
DA2
16F
2AC
DE4
EB6
404
316
FE5
D45
D27
EED
EAA
E63
F00
E39
078
4B4
0DE
C4E
EC1
15F
123
E7E
E5F
2AC
388
29D
293
E95
D69
142
05E
D26
CAB
F83
39F
17F
DAF
E94
F57
E26
FB2
E73
D12
12E
462
372
057
EE9
269
2CD
DEF
D99
06C
0DC
2E7
2B9
F3E
EC0
F86
08D
DF7
988
D63
365
10F
F3C
087
09A
0F3
0E7
EAC
D9E
E7A
34E
55E
02C
EB2
34E
29B
F2A
D41
D02
F08
03C
060
067
E79
F77
305
F1D
B37
D6D
098
113
076
FCE
227
2E0
1E2
1EF
E21
CA3
127
370
ED9
E83
133
319
0A9
CA7
CB5
DB2
DCE
026
017
D3E
0CC
473
266
E26
CF0
00D
232
F34
EED
1D7
1C5
39B
368
E5D
CD8
EFA
0E0
EB4
B5B
E69
35E
16B
F38
F07
DC8
E7B
FFC
EF6
E1B
FD4
3B4
5D0
0CA
DE5
1C6
1C2
EA1
EFA
E61
025
26B
24B
070
DB5
DA3
1CC
F27
A35
D8F
14D
1CA
1A2
FF6
061
097
029
0C8
E31
D0C
2AA
5DB
0E4
F8B
152
1E9
083
DA7
CE9
E45
F39
194
1DC
D24
E9E
2B4
08B
C71
BE0
FBF
283
141
063
278
173
20C
310
DCC
C0E
028
267
10A
E59
F49
33B
112
DB6
D5D
C37
D94
124
03F
E5E
FCA
2DA
41F
F47
BAE
FEA
16E
FC6
14F
0E2
0C9
336
2C7
FB3
CAC
C36
122
FE5
B8A
DEC
24E
19B
0FE
ED8
D81
E38
FA5
0A3
F4A
DE7
352
688
12A
EAB
09A
03E
041
EE4
E24
019
0B9
2BF
1EC
CB2
CC7
12F
F85
C15
C9B
FDC
2E4
1E1
099
0BE
F2F
049
288
EAE
CA7
1E9
469
2B1
FDB
F96
14F
01E
D40
DA1
CD7
DEC
2D1
1F6
DFF
E40
119
1AA
E23
BC7
FC0
22A
11A
24B
1BF
FA7
298
352
F04
C43
DDB
23E
269
E03
F22
214
04E
FAC
E03
B9C
D8C
0AA
13C
FE6
EAD
274
552
FEF
CA0
F4B
FCE
13B
16C
060
0CA
1A6
2AB
174
B9A
B49
0C8
FF3
D5C
E49
00E
19D
158
F1F
E55
D8C
EF5
2F8
FF7
DD9
2A7
5AE
2D2
FE7
E61
FE2
042
EBD
011
E5C
EC8
3AA
2D6
CAC
CC9
F72
030
E80
C1F
F97
2C8
20E
28F
10B
DCE
088
2B8
F0E
D86
F81
370
475
035
EEF
06E
EBE
E7E
E70
C24
DA5
27A
2B1
040
D6B
F6B
2A2
EFA
BC6
F5E
0BF
210
3C0
187
FB7
0ED
212
0E4
C63
BF4
1BF
254
F2B
F10
013
FAB
05E
E4A
C8D
C7A
F49
31C
1EC
D78
1E1
443
0C1
EEA
DF0
EFA
12A
159
1F0
06F
F90
2DF
22D
BC0
B70
EC9
002
F8B
E71
FC9
1B3
15E
0C6
F7B
BE9
E89
385
0BE
EA9
14C
42A
405
013
D83
F5E
EA2
F61
0CA
E30
E30
318
2B7
F01
C12
D69
0C5
F68
CC7
FEE
15F
21C
3D1
174
D92
F70
1EA
1B8
E0B
D8E
34E
44B
065
FCB
F40
DCD
F4C
E84
C82
D0E
03C
40C
24B
CC1
F4A
24F
014
E7B
EC9
FE0
29D
3A9
2C1
058
EBC
14E
254
BDA
B53
0DC
1C8
094
F68
ED0
010
F61
F8B
E89
B4F
EAC
486
254
EE9
128
27E
247
FA1
D8E
F36
047
11B
322
F9D
E08
219
278
D72
B2A
CA3
080
076
DFE
01E
0DD
093
2AA
04C
BBF
E7A
25B
2CE
002
F00
333
466
08D
EDF
E9A
CFF
FEA
0F8
E79
DD0
0B1
2F0
124
B7B
C9C
08A
F2A
EDC
08B
FEE
2AA
47F
237
E9C
DB8
09F
2AD
E87
CA6
22D
2C0
18F
04F
D87
DAD
EC2
EDB
EB7
C2D
EAA
4A6
2ED
DEC
F43
0B1
0AE
FFB
E77
025
1CB
275
4DB
0BE
CF4
0E3
1BE
D5C
BD1
DEC
11D
1CD
F91
F9A
F6E
E65
09C
F8A
B39
D93
366
3B5
1A7
F72
1F3
381
FCB
E51
E9D
E14
139
421
032
DEB
078
1B9
F97
AB6
B78
02F
01A
FF1
0D0
F63
042
334
0E9
D36
CD3
0DF
42E
12F
E4F
2B1
34D
0D0
029
D98
C6C
F08
085
04E
D92
E7E
3BE
21E
BED
CEE
F0C
F56
0EA
FCA
FF4
193
379
3F2
058
BF5
018
2E9
EEB
D54
021
1F4
2A7
061
E4F
D7D
CD7
FB5
087
C02
E07
3DC
327
023
E94
F4B
154
FF7
F1A
08A
FE5
2B7
5C3
133
D42
F71
113
F4B
C0B
C63
102
19F
064
10B
E74
D7E
117
05C
CCE
D6C
167
4EA
2C5
F05
1BC
2B1
01D
05D
E5A
CF0
04B
368
1AE
E90
DCA
190
105
BD0
BCA
EC5
F7F
142
186
F56
09D
1BC
273
F98
C0B
F46
425
17D
FBE
194
18C
1DA
078
E23
C51
D29
03F
219
DB4
DB0
2CD
236
E91
D18
DC2
019
091
0C7
0EE
09D
20C
520
11D
C52
E62
114
076
E9B
E6C
167
217
031
013
D1B
B0E
FC6
0C4
D35
DA9
12B
46F
2ED
E25
F60
0CF
F53
0D0
06E
E3F
1DA
53A
24C
E4A
D59
030
0CD
CF5
BF7
FC9
092
1A1
244
E41
DE6
FDC
124
F3C
BDE
F7A
5A5
367
0A7
141
0C5
046
0B3
E1D
D77
E42
1D9
3CB
F43
CB7
154
178
D40
CD4
CF9
F00
17A
199
159
FB5
020
3A8
176
BC4
E08
2B6
227
167
02B
0E5
1BC
039
F32
CF9
A7D
F7D
265
F10
E0C
0AF
228
11C
D15
D04
FA1
F83
1E9
2D7
F69
138
4EC
261
D9E
CCE
EE0
203
F03
E60
0D0
0A8
11A
1AA
D50
B4B
E43
0B5
044
DCA
ED7
469
3F4
F35
FAB
F81
F50
13A
097
EEC
035
277
4AB
032
BCC
F28
0F1
DA8
D32
E7D
F38
25C
217
0A3
E11
D78
17A
20E
C0E
E5F
3E1
3B8
29C
13F
FE0
0AB
FB8
F95
E4E
C4C
020
468
073
D3F
F54
043
F24
D1B
C74
F06
0D3
21F
312
FB1
F0C
3BC
214
DB9
D35
FB2
321
20F
017
14F
099
FAA
0D2
DF3
A76
D9C
1C9
0B6
ED0
E69
258
241
E3C
DDF
EBF
EBA
200
32C
032
0B5
2BF
3CE
107
B7C
D19
1C9
FCA
F63
FB5
F56
174
1DC
EC6
C30
B92
02C
208
E24
E39
3C6
38F
1BA
0C9
EFF
F28
05C
0F3
10C
E94
0BD
570
134
C88
DC5
F02
F40
E4E
D1B
EB2
0B8
1B0
2D1
E8F
BF8
0E2
27D
E69
E20
099
3F1
3FA
122
045
008
EEB
11E
F94
ADB
E38
2D7
2AC
EF8
CDC
F89
0D1
DF9
CB8
E7F
EAD
1E3
4B1
093
EBB
188
27E
0FC
C79
D7B
283
1EC
0C6
1EE
F26
FB2
17C
E9B
B90
BDB
F94
29C
F21
D88
1CF
254
007
F84
E3C
DB8
161
2E3
253
FD8
0AA
4F8
2FC
C50
CB1
F23
F99
00E
F77
EB2
045
106
14C
E1D
A9A
EE5
292
F1E
EB9
091
353
38F
188
F1A
F26
EB7
12F
285
DF6
EB7
3F8
309
F43
D41
DF0
F01
E6D
DDC
F4B
EFD
0DE
4A2
09A
C77
F33
128
146
E78
E3D
324
435
214
1CE
F3B
DA9
0C5
FC2
CE0
C8A
FCB
3F4
185
D65
EBD
0E7
DDA
E07
E02
DAC
142
3E8
31A
03B
EA7
297
323
D41
CC6
058
102
202
12D
F48
EFF
013
03A
E17
9F0
CDA
31F
0F3
EC1
081
143
220
0B2
E08
E40
ED5
1C0
444
093
E80
331
3CF
F76
D0D
D26
F85
00C
EF1
FEC
EF7
F18
282
0B9
AA2
C8E
0C9
176
FFE
F11
248
422
19F
141
F9C
D22
01C
233
F05
E01
0BD
302
2C1
D73
C3D
F33
D7D
E96
F0D
DD9
FEC
3CC
2C5
FC7
D2A
FCF
2E6
F19
D4A
168
2CA
30A
2F7
020
DC7
F38
FC6
F3D
BF1
C93
30A
298
F0B
ECA
FC0
F50
FD9
E6E
DF5
EC3
1A6
57B
2E5
E06
170
3DC
FAA
DCD
E13
FE5
281
16F
116
F7C
E33
109
119
B2A
ACA
014
1B5
0FE
EF2
031
2AC
158
046
F2C
CC3
FB5
47E
1A7
F4E
0D1
300
327
E32
BAD
E74
EFA
EFD
0EC
F29
E68
23C
267
E57
BE5
D59
220
158
EB0
0F3
2A5
260
31B
0DB
CE9
EAB
146
189
EAE
D27
1C6
466
F5B
DA4
E19
DBC
F3C
F37
DAE
E93
0D2
441
355
D1A
E07
266
110
E50
F3D
063
319
396
20E
FD9
D85
EE7
16F
CF2
AE0
FF5
2C5
17C
F22
DBA
FBD
036
E4E
F70
DCC
E87
4E6
4CE
01F
FFF
197
2E0
FA2
C4C
EC6
0D6
0AB
24F
0C7
D02
FA8
120
E4D
B41
BEA
065
2C0
F87
089
22E
113
1D6
125
D10
D9F
1D3
379
183
EB0
0AA
444
08C
CAE
D94
D1F
E86
0F4
F65
ED6
020
20F
22B
D7E
AFF
01B
17E
FA5
05B
0AC
2C6
3D8
1C7
FF8
D80
E14
213
05A
C2A
F36
339
217
F6E
D1C
D9F
EE8
E60
F55
EA1
DDA
2C4
5D2
08B
E00
014
1E4
0A5
E4A
F19
1F6
22F
311
2A3
DAA
DA9
184
FBD
C2E
C0E
F90
306
0E0
E92
04C
F7C
F6D
150
DE2
CC6
172
459
35D
F9E
F71
360
1A9
D3D
DA3
EBB
F10
1ED
1A5
F26
EB8
FCD
196
E1A
986
DF9
261
084
073
0F4
0E8
265
24E
FE3
DAC
D5F
1D8
440
F62
F0B
374
318
034
D94
CA2
E3E
FC0
F37
FF2
DC5
095
458
0E9
C1F
DAE
04F
160
FE9
F39
213
2AA
2AF
331
EB7
BC8
FCD
1A3
EC7
D20
F5F
2EB
25C
DA9
DDE
E49
CE0
F9E
F86
D06
FB8
3F2
414
0E1
DCB
080
27D
F25
EC7
089
04C
2D3
38B
034
DBF
EAB
0C2
FC5
A7E
BE4
1F1
1C4
03E
07F
F5C
F69
0E2
FC0
DF0
D72
13A
5E0
2BB
E87
1D0
346
038
E85
D10
E10
076
125
1FB
EB0
D7D
216
205
BC8
B68
E6E
116
15F
02B
0A0
23B
1BB
2B0
038
BD9
F3F
3DB
1E5
F5C
FF8
28D
369
F0E
D2F
DB5
CBC
F46
13F
DF9
D89
1EB
355
124
D24
D2E
194
08A
EDD
0E5
0F9
278
4E3
1E1
D6E
D6C
FA7
195
E59
C2C
10D
336
010
FC2
DC4
CB8
EF7
F97
E44
DC1
F53
4A3
494
EDC
EFB
24D
106
FB1
ED2
EB1
0BF
2E2
2CC
0D6
CC9
F07
25A
D7C
AB8
DF1
029
1EB
0A0
F76
056
FE1
067
0E4
CA0
CBC
378
403
169
034
14E
2FE
146
D82
DC5
E1B
EC1
27F
123
D4D
F7B
24C
045
C8C
B39
EE4
1F9
FA4
0E1
1A3
0EB
345
333
E42
CE6
E9E
24D
1E2
DE8
00F
40A
1C1
F6E
DF8
C72
D47
FEC
F62
E7A
DFA
20C
4F1
FF8
C55
F85
0AB
FC5
064
FE6
111
33C
395
28C
E8A
CE3
15D
0C7
C5F
DFC
086
1C6
1B3
F14
E4E
E40
E0A
05A
EA1
B43
08F
587
26D
01E
00D
1A4
245
F25
E38
FAB
FB1
2DE
3EB
EE7
DA7
0EE
0E6
D7C
AF8
C8E
182
0F5
F5F
11B
F41
FD7
2DD
FE5
C8A
E2F
210
470
0E2
EE5
2B8
375
FD3
F05
D5E
C53
016
1BB
FBB
DE3
F13
2FF
12D
B05
BF6
FC1
FE1
054
0D8
019
222
385
347
024
BFA
F59
318
FB7
DB7
12B
23E
256
01D
DB1
D47
D63
F4F
0B9
C8E
DA9
3D7
3AA
FD6
E72
F3C
0DA
02B
ECC
03F
0A3
21F
52E
23D
CF9
EF0
16E
FD0
CD7
C5A
073
262
077
FF9
F1B
D3F
FA2
081
CB3
CBD
014
454
37D
F46
01E
39A
039
FB5
F85
D90
F8B
3AC
289
003
E62
07B
285
D8A
AA7
E53
FC7
057
18A
010
01B
180
1EE
0C1
CC3
C82
2B4
364
F99
127
2CA
2CF
1CA
F8E
D15
D6F
ED6
1DC
FF7
C3A
065
443
016
D29
CFE
E94
093
F82
015
13C
0C9
414
486
E89
D58
09E
1F8
FC5
DA1
FBF
300
290
024
F85
CCA
D33
0BB
F37
BC4
E93
1F1
41B
0FE
DDD
07B
099
F13
001
EEA
EF1
382
4EA
1EF
EBC
E38
207
072
B3B
CCB
011
091
1A7
0D8
E7B
E8F
05B
FF1
D65
B3F
F9A
50A
1D5
059
197
1B5
293
0AA
E16
D9B
EEB
1BA
3E9
EF7
DD1
269
181
D57
C2E
C7C
F26
046
FD9
0AC
FD4
0B9
3F3
0EB
B68
E0C
1E2
29B
10B
FFD
249
387
169
026
DF2
C08
F67
19A
E0F
CD6
028
2C7
1BB
D22
D41
FBF
E50
FAD
09C
ED3
0E5
51C
3E4
FE4
DDF
F59
2E1
ED8
D3E
03A
18B
197
20B
ECF
C71
E48
02E
EF5
BDC
BF2
2CD
422
FD5
020
0C0
08B
091
F96
E92
F22
1CB
547
30F
DB3
019
315
F80
D31
CCB
E2C
0BD
0EC
046
FC1
DDF
0F6
28B
CA7
B03
031
2D3
26C
06E
0B2
326
25D
0BE
FD5
CFE
DDB
32F
22E
E76
F25
1A5
2F7
EDA
B31
D99
E63
E21
0AF
FDA
E93
25E
43B
0D9
D17
D37
182
2AC
EE1
01B
265
28C
2FA
1F5
D1A
D4B
F6E
FEC
EE2
C2C
EFC
404
0DB
E0C
EB5
ED1
EED
04C
EB8
EBC
06C
391
5C3
0C6
DDA
1A6
1DF
EEE
E57
E81
09A
2AB
1BD
044
E58
D7F
100
FAE
A51
CB3
102
21C
183
FE1
045
15D
052
04E
EDF
D25
148
4F3
1CA
F37
04B
2A0
1CD
CF9
C3E
E5C
F28
00C
1D7
E5C
E75
20F
1B0
D77
B87
D8B
289
16F
F75
1CE
27C
24B
311
021
CC4
E4B
176
225
EF2
D4B
292
3A8
F0B
D78
D2B
CE7
EF3
017
E7C
E7F
08E
4B5
30A
D04
DAD
1FC
0BC
FAF
FAA
067
2E8
377
232
FA9
C72
F04
222
D84
B50
F50
21B
1A0
012
E34
EDB
F21
F31
FEF
D39
E14
443
4A5
127
FED
17E
23D
097
D68
E8F
FDD
04F
2F3
18D
D63
EF4
1D9
F57
BA2
B36
F5D
29D
FEC
FF8
189
011
1F7
232
DAC
D22
045
31B
322
F65
03A
43A
206
EA6
DF9
CDB
DE3
0EE
0AA
E5E
E98
0F7
3DE
F3D
AFB
E78
0EC
F94
00F
07A
160
352
316
1AC
DEB
D11
1C2
229
D84
E40
230
348
15E
ECC
D68
E0D
E06
F34
F02
C43
FE3
503
249
F19
ED0
048
1B9
FAA
E40
06F
0DA
2D9
504
032
D83
035
16D
E47
C10
CFB
12B
21A
FA0
FDD
F47
E64
143
FFE
C34
D74
18E
427
244
F15
1B7
3B3
08C
F22
E87
D8F
08F
2EC
120
EC2
E94
265
21A
BB3
AE3
F22
F5F
F9C
068
F66
0F6
2D5
200
FDA
CD3
DCD
372
1E5
DE8
0D8
350
307
1DC
E80
D82
DE1
EFF
0F4
E55
C6C
16A
449
F82
D39
DD5
F43
05A
ED9
F73
0B9
1AB
468
3DB
E25
E6F
165
0E6
F0C
D96
F94
2C7
1A5
FF5
FBA
CCA
E5A
0D7
D99
B80
F07
275
3F7
046
EB7
21E
132
F50
FD6
EAA
E23
380
412
158
F03
FFA
305
08C
AAB
CC3
030
FA2
0DB
05E
E35
FE4
140
0A6
D7B
B35
F9B
3EE
0CA
FB3
25A
2A4
2F1
0D9
E21
DBC
EF9
1BA
23B
E4A
DFA
35F
232
D63
C90
D10
EAB
F21
EE6
F80
FDF
104
50B
181
BEB
EDC
20C
0D5
FBD
EFD
227
423
1FF
158
EF2
BFB
FA0
10E
D2D
C46
066
2DF
194
D85
E15
02D
EE1
EE2
F69
D92
073
53B
39C
05D
EEF
0D8
316
E83
C6D
F9F
113
198
2C1
01E
DFD
FC0
059
ECE
B50
B5A
1CF
2EC
F51
02F
199
0A8
17F
021
DCB
E37
087
3D7
241
E66
0BB
45E
084
D28
D19
D2B
F3F
01E
FDA
F87
EBC
1B6
328
D8C
AFA
F57
16B
076
FD3
034
304
330
226
0FD
CFC
D4B
24C
142
DF7
E53
20A
310
0E7
D20
DE8
E74
D9E
FB5
EDA
CDE
143
495
228
EEF
DC7
138
24B
E4A
E89
173
1EF
34D
3D9
F43
DB5
02A
06B
EA1
AF1
D74
2E5
1EE
E8C
FFF
EED
EF7
026
E34
C72
E32
25F
4D7
17B
E1E
250
341
F9A
E4E
E3C
F23
1C0
240
13F
F47
ED4
23F
10A
ABF
B1E
FC9
047
080
FCB
069
1F0
203
1F8
F48
C2B
ED0
3FD
1BD
F30
171
314
3AC
04C
D08
E10
DD9
F3E
14B
DC9
CFB
2C2
321
FA0
C35
D2B
048
06C
E9D
FFE
10B
197
50A
350
DE1
E66
148
16C
EED
CAF
0E4
3CA
121
02A
F54
D47
E8A
020
D37
BF7
EA3
294
411
F7D
DF6
1FA
0FB
EB0
FF4
EAA
FFE
343
3AC
1DE
E6C
FDF
2D1
FD4
ABF
D9A
FDD
0A1
13A
F4B
F0F
FC6
020
089
CF1
AEA
0D4
427
0D2
FBB
21C
2A7
29B
FED
DDD
E6C
EC1
1CB
23E
E4C
F16
3D3
213
DB7
BC5
CEA
F22
EC8
EC3
003
FC7
170
445
02B
C1D
E4E
1DE
1BB
F2D
F0A
35B
40B
1AD
125
EB2
C80
FFC
078
D40
D0F
010
3B4
223
C95
DD8
FBB
E41
F11
EEB
DB8
0BB
4A0
3E3
08A
E3F
087
33F
EBB
CD1
F91
147
236
29D
F81
E80
EDF
FD6
F28
ADC
B4D
1F4
259
F9C
FEA
0CF
076
131
F1A
E7F
E56
09A
4EB
32A
E4F
1BE
43E
0EA
DEC
CE1
E37
067
022
069
F8B
E84
16F
2CD
C9D
A4F
EC4
099
113
F6A
FCC
34B
308
1D0
116
CCC
D97
2A3
1E4
E4F
F17
1FE
408
05E
CB7
E0E
E0A
D9E
025
E65
CFC
162
3CB
1F5
E98
CCC
120
201
E15
F11
197
1D2
3D2
366
F82
E28
FDA
0AD
F63
B4A
E2D
30E
183
F8D
FF8
E36
F12
04E
E20
D33
D53
1A9
514
0FE
E16
210
279
088
F21
DFB
FC7
182
2BF
205
EED
E94
33F
11C
B15
B26
EF7
08D
0D2
EC0
F70
107
0B3
153
F2B
B73
ED0
429
1B2
F9A
12D
30E
3D5
06F
E3F
E91
D81
F3E
242
E30
D85
26B
30C
FB0
B8F
CCF
0C9
F4A
E46
FEE
07D
177
4C6
2B2
DAB
E11
0F6
244
F2C
CAA
1AC
3D5
17C
0F5
FA1
CAF
EBB
FDE
DB9
C63
D69
2A5
386
ECA
E3D
10F
F6F
FA4
ED6
E4F
FC5
30A
444
27F
EC5
FFD
373
F94
BE6
DF1
000
0DF
1E6
FFA
F15
F6B
FBC
0EF
C3D
A4C
039
314
FF4
045
16A
24A
310
FF4
EDD
E4C
EB1
330
33E
E7B
FC7
387
210
E99
BE5
C57
F38
F3C
F49
003
E82
0D2
430
F77
C2D
DBC
151
18A
FC7
F03
362
308
238
2A0
EB5
CF5
0E3
1B0
E8E
D5E
F97
373
20D
DA2
E01
E69
D62
F99
EF2
CC6
FDF
399
383
076
D41
0A8
2C6
EBD
E71
04B
0B6
2B1
3DA
03B
E65
E8B
041
F78
ACB
BAC
172
1ED
F9E
03A
F8C
FEB
100
FAC
E3B
CF6
FFC
5A3
2CC
EEB
1B1
3C9
15F
FDA
D81
DF2
FCF
0B0
205
FE8
DDE
1D0
299
CED
B21
D7C
FC9
0E5
F74
FEE
1DB
18F
2BE
233
C73
D74
29C
245
F9F
FAE
207
4A2
17F
E73
EAA
D43
DF0
085
E85
C9D
058
3B2
1C9
E04
C7F
023
0A2
E34
F90
00D
039
4BE
489
FE3
DF1
F6A
22A
038
C4B
EF4
299
148
14C
FF1
D82
E69
029
E80
C00
C03
155
4AD
09D
EDD
129
128
04B
04A
E10
EDC
1BD
40A
399
F48
F0F
35F
14D
C11
C53
E3E
FF7
0B8
FF7
F8A
F9D
075
21E
EE6
A35
E8F
2B5
183
055
0A9
250
337
1B0
FE6
DF8
CE2
117
2D1
EC6
D6E
1F0
260
089
CF8
C00
E43
E67
F6A
038
E2E
FDF
4ED
290
D5E
E03
FFD
200
FEC
EA9
1E1
299
248
3A4
FE7
C90
FA0
0D2
EBB
C37
D2A
24E
31C
F03
E83
F82
E2F
FF0
FFA
C81
DC3
2C9
4C5
2F5
E6D
0AE
329
01C
DD6
F1F
EFD
12E
33E
18F
EDB
DE4
09E
119
C6B
A28
F21
160
02D
0F9
FE1
FE1
1CC
115
F82
CB4
E23
3FD
427
F2E
0E2
3A6
224
042
D6E
CFB
E27
FB4
101
00A
CD8
09D
3A3
F04
C12
CC8
F16
0C2
FDE
03F
14D
1BF
38E
3F9
E0B
C98
1BD
236
F3C
EA4
042
367
2BD
FC5
EF1
CB8
D1A
072
F28
B9F
E6F
2F7
328
04A
D42
F8A
0D7
F2F
FF4
FDA
ED3
363
537
1CE
EC3
F71
19F
086
BDD
D36
072
125
1DA
113
E75
DEC
0B8
02B
CCD
B33
F5E
457
1BF
FD0
167
1CE
156
186
E99
D4F
FAE
28C
3D2
FB6
DF7
2A1
1D9
D72
C6E
CD2
DF3
0BE
0CF
F7D
EC7
FDB
34B
162
AF4
D8F
198
151
09A
117
15B
345
2CA
153
E50
BF2
FCE
2DD
EFF
CEA
110
220
179
EEF
CD0
D54
E16
F5C
0C0
E0B
E96
4E5
442
F40
E7F
FB5
175
08E
EE4
06C
0F0
1DE
415
1CA
C32
E48
124
F63
CB8
C2E
02E
2B0
03C
FA3
067
DE5
FDB
14C
D71
CE5
134
482
359
F79
FE5
2E9
0FC
EAD
F13
D7C
F17
32C
210
F18
DF0
FF1
217
DD0
A17
DDC
01C
FC7
17F
096
F9E
208
254
0AB
D24
C9D
280
39F
011
084
2BC
1E5
1C3
FDF
C6C
CBD
E6A
16B
06E
CDB
FAD
3E4
0A4
D0D
D7D
DE3
F9E
0A2
FE6
0C0
09E
3A9
4F2
FED
C6C
0DB
1AA
FB3
EDD
EB4
197
24F
187
01A
CAA
C02
070
FD1
B9F
DA4
19A
323
1CD
F03
F5D
0A0
F60
0EB
F6E
D2B
1E9
56B
23A
F61
F1D
0D7
140
D26
C48
EF7
F0B
16B
26B
E7A
D52
037
14B
E47
B66
D9B
2AC
27B
085
265
0EC
121
32C
021
C22
E20
20A
3AA
0FF
D78
172
224
EE7
E48
CC4
C10
F5E
188
FAD
EB9
F7F
317
2CB
CA6
D73
0B7
077
159
1A0
03B
160
3CF
2D5
F6C
B88
EA2
231
F40
CED
FFF
16C
1DE
0B8
E04
CE7
D80
F6C
107
E24
D74
3E6
4BB
11A
FC2
F7D
05D
14A
F99
FAB
F3E
0F6
4AC
28E
CE2
DCD
0BA
EC6
D04
CB4
E82
189
162
17A
016
D10
02D
2AE
E53
BF9
007
381
43F
14A
080
1F1
0E0
090
031
C0E
CC8
261
2ED
FA3
E0A
FB1
205
F06
BA2
D66
E14
F18
33E
177
EBC
14F
38E
1FC
DF8
C97
08F
2EA
070
12E
17D
0A5
285
1C3
CDB
B9B
DBC
0D3
108
D25
F29
363
0BE
FD8
F51
D16
EE1
1C6
0F3
FAA
005
29F
5D4
0D5
D6E
FC3
05D
F6F
06E
F17
ECC
205
2F7
1A4
CCA
B7B
032
086
C29
D76
0A7
1DE
327
105
FAF
F13
F58
2AB
02F
C46
04E
556
330
0C6
FE0
FF6
FF9
EFB
DF8
D05
CFC
177
435
EED
CAC
0CC
104
EAE
CE9
D70
081
208
24B
30D
FCB
044
3FA
13E
C63
D23
090
28A
144
F76
033
0CB
F7D
008
D09
A0A
EF0
1FB
003
EA9
FC0
29A
2AA
E94
E66
F16
F20
1B1
2D0
FEE
03D
396
3CC
03A
C59
D8D
0FF
F7B
E85
008
F03
0A1
2D6
F79
BE0
CA9
FCD
1B8
E19
D84
2D9
418
1D4
205
F64
E76
0C8
145
FB6
E08
FAB
4BE
365
D8F
E53
FB9
E2C
E9E
DC8
CC4
F13
1B5
31E
05E
C82
066
31F
E63
CA3
01A
17B
30D
346
16B
02E
FD0
195
145
C2A
BCB
1FA
205
FFF
F50
F36
027
F64
DE2
D40
BEF
E89
431
21C
DD1
111
34D
225
F2F
D6C
F49
11E
16D
2A4
0F6
E7B
2E0
322
DAB
B48
D5D
FB8
083
E15
F32
0E4
08D
1A2
017
B7C
CAD
236
1CC
FD7
F75
231
531
1B3
F28
F92
E18
F5C
22D
ED4
D58
128
370
18E
D4B
BDF
F6E
F53
D77
ED2
EF7
F80
3D1
32A
F37
DB6
F93
29D
06A
D21
0CF
3FA
269
263
0DB
DA0
F14
082
E93
C2F
C8A
146
3ED
F4F
DAB
FFA
FA6
F9A
EA9
CD1
E20
173
43E
307
ED0
FE4
431
104
D69
E67
F24
0E6
32A
104
FBB
F2E
045
18A
D2E
989
E55
19A
FF5
FBE
FEF
0E3
1F0
0FA
FB4
D6C
D3F
2E2
430
F22
00F
39F
352
0C3
DB6
D22
EDD
F6A
02F
FF5
D23
051
404
F7F
C0B
CA9
F50
0AF
F73
F0E
156
19F
2F1
435
EB6
CB6
12E
215
F85
EAA
023
3FA
2E1
F61
F10
DF6
D1F
058
F83
B8E
E2E
2B9
2EC
021
CF4
F7D
11A
E53
F6D
00A
F02
34A
59F
175
F32
FB0
202
0C6
C3A
D05
11A
16A
148
1A8
DA1
DA4
077
FCE
C3A
B26
F07
443
1F7
F0F
1B5
17E
0DE
16F
EC4
D4E
FFB
345
3D1
061
DA3
284
262
D6B
CF2
D97
E1D
0D3
12A
F29
E9C
FB1
2BE
082
A9D
D52
165
0F7
06D
142
172
30C
2D8
0C7
EBC
C9D
057
350
F3E
D84
1A8
2A1
101
E6F
C3C
DB9
EA8
FEE
067
D6A
F02
4B1
358
E88
DE9
F7B
13B
0E5
F42
074
17B
21A
4A4
093
BED
F56
16B
E51
C83
D18
0D5
2F1
00A
F38
E91
CFC
00E
0F3
BFA
D56
229
481
35B
F53
050
235
03A
F4A
F2F
DAC
0BE
50A
1DC
E5E
E81
FEC
105
C76
B11
EDE
FF1
090
265
F83
E8A
151
1CB
F77
C3F
E0F
385
39B
02D
1BB
23B
12C
16F
FA3
C13
D4C
108
207
037
CE2
0FE
2F5
EBC
D06
D47
CF3
F9A
1A6
07E
FBA
06C
408
419
D54
CE0
129
111
05C
112
04A
1AE
271
1A6
FA7
AF2
D4B
246
F87
C06
F97
19A
1D7
0D0
E32
D9A
E6F
007
1CB
F22
E5F
493
5BE
09D
F06
FB8
01B
073
EE6
E85
F83
07A
3C9
1F5
BCF
D3D
0A5
F3C
CA3
D06
F51
251
1F7
165
05D
E44
0D4
309
E74
CC5
19B
3C3
351
0A0
F6A
133
00A
ED7
E99
BA0
CDE
2D4
24E
ECC
DFD
032
1A4
EBD
BA0
E12
031
0D1
3C8
1FD
F6C
20A
374
0EF
D3B
CD4
10A
302
FB8
06A
168
F9B
14B
070
B62
B86
F12
15B
08F
DBB
027
42D
104
ED5
F4B
DB7
00A
2BC
199
059
01B
385
4AF
F49
C03
FE7
FD6
EC0
F9F
EBC
FCD
24F
1B9
FC8
BB5
C6C
15B
038
CEF
F04
249
322
30A
097
EFA
F4E
053
1FA
F3F
C76
19B
543
139
E87
EED
ECD
F24
E84
D9E
D7B
EBF
2A1
392
DA8
D22
1FA
088
E26
DC2
EF9
242
35F
2F8
1F8
F0E
FBC
34A
F07
B43
EAC
1FB
212
0CE
E97
034
004
E38
F28
BE2
B83
154
3A8
FCF
F04
13B
299
1AD
DBE
E67
056
049
3E0
29C
EB8
0BB
396
113
D4E
B26
E33
159
F3B
F9C
08E
FD4
117
1DE
CF4
B29
EAF
1D1
236
F32
01C
47C
2D4
08F
FF4
DEA
E5C
1AA
0FA
F15
EA3
1B1
41A
FD1
B40
DFF
EE2
E22
F5F
E9E
E6F
207
34A
180
DA0
D27
13F
226
E56
F67
254
299
36A
23D
EEA
ECD
F4C
11C
F02
B6A
F67
3E3
147
EE9
EF3
E00
F2A
FB2
E24
E1C
ED3
2B5
594
FE2
DF3
28F
258
F97
E41
E8D
10B
2A4
25F
1E6
E4B
E20
269
F28
A85
C8A
03F
170
114
F04
F98
052
F8F
046
D80
BFE
142
534
194
056
13C
36D
201
E9C
DA0
ECC
E88
1E5
2AF
D98
E72
245
0E0
D52
AD9
D2D
0BF
F90
FED
182
F92
1F6
3EE
F39
C34
F03
1BE
2C4
F93
FA5
3C1
2C0
04E
003
D25
C5E
013
0C1
DC4
D8D
052
405
0BA
CCF
E58
FC4
EA6
044
000
EC6
257
4E9
355
F1E
CAE
0E5
303
E20
E80
09A
0D7
2BF
1C4
DED
D30
E0B
037
F11
AB6
E58
3A7
2AE
FCE
032
F45
03D
095
FB8
EEC
EAF
2A5
652
168
DEE
1C9
1D7
E7E
D58
D0D
EF5
10C
1BE
10C
DF0
D75
1C5
07F
B54
C8B
06B
211
21C
0CD
0DF
18C
0D4
1D7
F2B
BB4
02C
4CA
18C
FBA
03A
16A
17E
DE7
C54
DC5
D06
09B
289
E21
DD3
299
1CF
F2B
C72
DC2
124
107
0EC
297
0AE
1CA
4BB
0C8
B64
DCC
09F
1B8
F3F
E16
1DA
20C
FEB
F8E
C7C
B06
FA1
0D9
E8F
E15
08E
4E5
294
DEB
EFF
044
FAA
19A
0AA
EF4
122
48D
352
EF4
C1D
F58
134
D3C
CB8
FA9
FC4
1D1
206
ECD
CF7
E62
103
072
C65
E98
484
3D5
189
18F
FBE
055
0D8
FA6
E60
E2F
17F
59E
136
CB0
02C
082
E20
D1B
C35
DAF
0BB
283
241
EE8
DA5
267
24C
CEE
D5D
10E
290
353
1DE
0D5
0ED
0DF
161
F07
A90
E79
34A
0BB
ED0
F21
068
126
E24
CEA
D31
D22
13B
3D7
F8C
F40
394
383
038
D7D
E3D
146
155
105
1FB
F81
061
3F9
032
B11
C38
F78
067
E89
DAD
167
22C
076
05A
DAB
C0D
0A8
299
03E
EAC
149
4ED
3E1
EEE
EAB
F93
E86
08E
065
D8C
021
379
203
EA4
AF1
DE2
0F6
E33
D18
FC9
027
283
389
FD7
DF1
F8B
18C
184
D25
E29
471
411
0FC
103
E8E
EF1
073
EDF
CFD
CE2
FFA
469
09C
CAB
F25
0B0
F1D
E3B
DBA
F43
1D5
38A
384
004
E7E
300
293
CEA
D5F
015
193
2B7
0B1
F89
FBA
F67
09E
E0B
9E0
DA6
2EF
144
EE1
FED
08F
206
FE0
E42
E60
E24
1D9
49F
08C
F4C
35F
329
029
D04
CD4
01B
02B
FE5
0E6
EBA
F55
2FB
FD9
B24
C66
F51
17D
009
E6A
1B3
2A9
196
239
F1C
CE0
0CC
38B
07D
F73
0B8
3CC
302
DD9
D1B
EBE
D78
F68
FF7
D92
F03
2CC
277
F09
B96
EB9
1F5
F15
E4B
112
19D
388
43D
093
E90
F0F
0C5
16F
CE8
D2A
338
2EF
FF5
FCB
D8A
DCE
F22
E81
D53
D4C
075
507
1B1
D9F
065
1D0
003
F5A
ED4
F3F
23F
3B2
343
026
D9D
196
1A8
B76
C2D
F93
07D
19F
FBC
F00
F58
F18
0B6
EFF
ADA
DFC
422
260
0B8
0D9
1AF
2DD
027
EC8
EEE
E97
1F2
4C0
FE2
E24
1B7
240
F22
BA4
B9C
FDD
034
F95
0E5
F39
FC7
33A
0DC
C00
D17
12E
2B7
137
F52
2C4
3C3
12B
18F
EE9
BDD
F8D
22B
FB7
D91
F3B
2F7
215
CE6
C67
EAC
D8E
001
07B
E47
FF8
3DF
3B9
035
CA6
EF4
2F2
FEF
F13
0F8
16F
2FB
354
F74
C89
D1F
FCF
094
C0C
CC7
252
30B
FAC
F64
DB8
E70
039
FA0
FA0
EB4
1BC
610
2D8
DD0
055
201
07E
F35
E63
F43
1C0
222
1FA
EB0
C13
08B
13D
BAE
BC0
F5D
199
297
04D
026
073
FBE
162
033
BA8
FC8
538
341
047
011
101
224
EA1
D54
DE7
D91
098
3A0
F23
D22
0A8
133
F61
B88
CC7
119
178
06F
260
058
082
3E8
171
CCC
D68
108
38E
121
EA7
1DF
26C
F99
F3F
D85
B42
EEB
13F
F88
E10
ED5
39D
2A1
D38
D03
F83
F5E
182
1F5
FCA
177
44D
3DE
032
C29
E9A
20D
F8C
E5F
02E
11C
1BD
1AA
E1F
C52
C2E
FCC
138
D25
D7C
3EE
45E
066
FB1
F12
FD5
12F
06D
05B
F28
174
5C3
229
C8F
E90
038
EC8
DF9
CBF
EF7
11F
17F
138
E34
C05
10A
191
CBF
CE5
0F7
3A2
37B
11E
094
12B
F4E
12A
064
C15
FC0
45E
228
F24
E29
FD9
0BF
DB4
C7E
E0E
E38
14B
393
FA5
E01
116
2A3
FFF
C8A
DD2
322
2E3
15E
263
0C1
068
244
F88
BC5
CD7
0AD
2E0
004
D51
0CA
188
EBE
E8F
D10
CAF
076
2C3
166
FD5
033
479
35C
CFA
DA6
0B7
052
0FC
196
FC8
104
278
1B0
DC0
A2D
D98
1F1
E6C
D6C
064
16A
1FB
066
DE8
DB9
E65
15A
2C7
E74
F4E
4C5
4A8
09F
EA3
E5E
F7A
062
F44
FB5
EFF
017
410
016
B10
D9B
FDB
F1B
DE1
D5A
0D3
321
1EF
1CF
F7E
D7E
15D
247
E6D
E81
190
502
350
F34
EE0
034
E65
ED9
E99
B94
F5C
359
24B
ECD
CF1
FA6
1DC
D38
D11
FD6
071
30E
4A9
0A1
EEE
160
217
FE3
BDF
DF9
31D
217
F84
0FF
F55
F38
02E
D98
BE7
C61
079
3CB
FDF
D57
20E
2B5
F88
EAA
DC3
F00
23B
2AC
25B
007
FFA
3B8
242
BCA
C67
F99
067
05B
F94
F6D
0A2
07B
01B
DCD
A2C
EE6
344
048
EC3
148
32E
2DD
016
E7A
F5F
F29
193
2E6
EA7
F93
3AB
2C1
E50
BB4
D5A
FEA
F5F
DDC
FB1
F07
0D3
396
FA8
B62
DDF
1AF
161
F0E
EAC
3C9
4D1
112
118
F26
DEA
0D5
0E6
D58
DC0
10D
3DB
17A
C5F
D5D
FE6
E01
E5B
EF3
E10
10C
3AE
262
F61
D99
109
351
E0B
E1B
1F0
25F
2B7
267
FB0
F2C
F91
FE8
F05
B04
D70
3AA
1B9
E54
F38
F18
002
F15
DF1
DB3
EE4
1EF
535
167
DDB
280
329
F60
D69
DC4
154
209
12B
115
EE4
E5C
181
F3E
A53
BBD
072
1C9
0A6
E65
0B6
1EC
FFD
03D
E9C
CB7
0E2
44B
1DC
FDC
136
3DF
2DF
D71
CAC
F8F
F0B
043
116
E3F
F6A
2A9
171
D49
AA6
DEC
21C
FC2
E3B
1C0
1E4
20E
336
F6A
D13
EF3
1BE
1DB
E78
F14
420
3EC
EC2
E6B
D39
D42
FC1
EFB
E1F
E70
048
48E
0DF
BCB
E66
1AD
FA6
F6A
F77
158
357
316
1FB
F4E
D3B
12C
23D
D76
CA7
15E
2E0
17C
F0D
D90
EC7
DDE
EB1
EFB
BF6
F8C
4A6
2E0
F0F
EBF
11E
1FD
E91
E25
069
1AE
2E0
4AE
02A
D53
03F
13A
DFF
B75
D1A
1A3
233
EF8
044
EF2
DCE
0A1
EE7
BAE
E2C
237
431
17D
E7F
2B5
380
FC7
E81
E7D
DF3
1E7
2EB
0F4
E92
F04
208
0DD
AB2
C00
FD5
FD7
007
084
FC9
0D5
1A3
08A
E87
BAF
FB6
49A
153
EBB
224
3B5
236
FEA
DC5
E10
F15
054
175
E0C
E22
30B
208
D45
BDA
DD8
021
055
EE0
069
165
1F3
41B
0E2
C4A
FA1
1F0
11A
F30
F36
30F
434
048
F2C
E53
C5C
F6B
087
CC9
D44
14B
3A7
165
CE8
DD6
0C2
F12
F0A
050
F99
222
592
2CB
ED3
DD3
0B7
1F6
D4E
CAA
12A
261
16D
143
DC3
D75
F47
F65
DE3
B5E
E6D
4A9
338
EB6
062
101
0A1
FE9
ECF
E61
0A0
24E
47B
116
D3F
141
2C2
DA3
BEB
DA3
010
1B1
05B
FFC
F56
EA0
128
020
B12
CC5
2A9
349
131
FED
1B7
37A
17E
F41
F0F
D71
0B4
424
FFF
E09
07B
2E4
0F5
C2E
ABB
EF0
F64
F63
115
FA3
016
31E
1F4
DA8
C81
EE7
39A
10E
E7B
21F
3BD
199
1EE
F0B
C89
E7B
109
02A
DA3
DE5
31E
307
D4D
CA5
E4F
E23
020
FCA
F05
08F
2D2
4D9
1BF
CEF
EFB
2FA
036
E22
010
0DD
38F
23E
003
E53
CCA
EE4
0EB
CAF
C37
14B
35F
149
E84
E3C
040
015
F01
FBF
E49
0A8
61A
352
EC9
F9F
15D
178
E45
C11
F9E
1F8
115
187
F75
CA8
048
043
CBA
B25
E24
31C
346
F84
0A4
210
FF3
12F
FCC
D72
F70
3B9
3EF
14D
E4D
0B2
321
DC5
B30
D99
E79
060
13B
F66
EF4
F7F
13B
0CF
B38
C50
25E
24F
058
172
1E5
31C
277
FBE
E53
D2A
FBC
3B6
095
D42
14A
2EA
06F
D94
B6D
DEF
F7F
F27
03A
EF2
F19
3CD
30B
D7A
CC3
008
260
145
EC9
156
3BD
236
1A8
00A
BF0
E9D
102
F34
CCE
E4B
209
3E1
E5C
CF3
EFF
E74
EF9
030
E39
F58
2FA
4D7
204
D85
ED0
2FC
001
D44
061
114
23C
36A
04F
DE2
D87
F5F
065
C2C
B2F
189
365
045
FA3
EFA
FA6
064
FE0
F15
EAB
089
57B
415
E26
021
2C1
0CF
DBF
CF6
F12
142
0F1
180
FBB
D26
076
1C7
CAF
B0A
E19
1BE
29C
01A
031
255
0FD
0C3
051
C48
E8A
3ED
35C
0DA
F7C
12E
320
EC0
B8B
E05
DF7
F42
173
F8F
E47
0AD
231
0B8
B8A
BB7
1AB
284
F32
0CC
27B
27C
33E
13D
DD1
D5F
F4B
269
080
CDC
134
40C
FED
DAF
D08
D1A
EF2
F0D
FA1
F63
F46
41F
43B
DD3
D23
0B3
18D
00F
EEE
03C
36D
2EB
1F4
095
C67
DE0
1A3
F21
BFF
EA8
161
2EC
FB9
D36
F03
EB2
E6D
FE5
E0B
E50
3C9
4DB
1AD
E91
FA5
2CA
0E4
CBF
F2C
114
11C
366
11B
DFE
EE2
FD4
F86
C5F
A96
07D
408
FD6
FEA
099
023
117
071
E37
DF6
FEC
438
41E
F0B
009
3D2
107
DE8
C9A
DB2
FE2
095
07F
FF5
DE2
048
23F
CF3
A25
E4F
1B5
201
031
05E
332
1FC
0F6
0B6
D65
DAA
357
311
F59
F28
208
37B
FFB
B4B
D25
E89
DCE
0C8
FA7
DDC
15B
372
0B8
C89
CA5
10C
245
EB6
FE3
29C
2C0
348
145
DF5
DC4
015
0A7
FB5
CF9
FB9
48D
0F3
DC7
E3B
D44
EAB
F7C
E26
F3F
022
34A
4A6
EFE
CEF
1CD
187
F32
EEA
02C
2CE
340
1A7
0A1
DB0
D95
17A
E8F
B17
DEB
1F6
28E
004
DFB
F93
09E
E6C
F7F
E7B
DFE
30E
53C
171
F7D
05F
2E5
0BD
CB6
DE9
169
0A2
20C
184
DAC
F30
0A0
F31
C4B
AF8
F8C
3C9
071
E51
1E0
121
141
090
E2F
E3E
08B
37E
38F
F87
F7B
47B
1E1
CCC
CD8
DEA
FE7
02E
FC1
FAB
F28
0C4
2D0
E1F
A41
EC0
209
0EF
FE6
03E
355
3C9
111
028
E0F
D85
205
24A
E22
EFF
2CA
300
03C
C20
D30
FD3
DFC
EF9
F6D
E44
124
48C
143
DC1
DAF
0E4
27F
E2B
E6B
305
31B
2E4
1F1
E34
D86
FD4
0B5
E52
C7A
ECF
444
18A
CFF
E40
F71
ED6
F26
E26
E11
088
311
439
065
D9D
1FC
332
E17
DAD
FDD
20B
37D
139
06B
F50
E45
0C4
F17
9D1
CE8
30B
21E
021
F00
0AC
22C
EF0
E4D
F08
E10
252
4F3
136
F5A
1AF
312
15B
C12
C42
0F8
06C
FF4
0B2
F1F
F75
1A8
F74
C19
B94
EA4
33B
037
DE7
1D8
385
152
0B6
E88
DC1
053
204
20B
F42
F87
489
300
CF9
C6A
E2D
EED
F90
E7E
EE2
040
182
26D
FFC
B36
EB4
2FF
FAC
E6D
0C7
30A
4C1
1A7
FA3
FB0
E40
009
163
D22
D48
2C5
399
095
C99
D5B
FD4
E7F
D8A
EE9
F14
129
485
184
E76
F66
190
1EB
E8E
D1F
28A
424
186
171
FBC
E71
02A
F90
CA5
BF3
E90
323
20A
D65
F2A
16D
FB2
E9B
D56
DC9
0E3
2F6
39D
197
EE7
257
3CC
E1C
BC2
F43
11C
178
082
F99
082
F55
00A
EB0
A84
BD8
1C0
1DC
EB7
F37
18F
3B8
06D
DEA
F31
F95
07C
350
127
EFD
276
3E8
156
BFE
BE0
064
03C
DC9
F0E
0BE
04A
23F
0EA
C77
CC3
EE9
206
059
DAB
1E6
566
260
05C
F91
E7C
FE4
043
FE5
EEF
F82
374
37E
D4E
C1A
F89
FD0
E31
DB8
E33
171
240
1EC
0F5
DB5
EC7
326
FB5
D18
00F
3A4
45A
1BA
F73
08D
036
E80
F61
CC3
C87
1C1
350
FD2
D44
E60
172
FDD
B78
D9A
02B
14F
378
280
F55
0D1
2CC
1D7
DFD
BCD
122
478
06B
F6C
10B
FC1
FD0
F06
C72
BDB
E08
1C3
20F
D59
F82
43E
1A7
E21
DED
E96
114
208
195
19B
0A1
255
460
EDE
AAD
EE8
132
01E
E75
ED4
104
1AF
F88
F39
CDB
C71
133
1CC
DD9
F3D
32E
4DD
25B
D9A
F43
122
F22
0FA
092
E95
228
464
0EE
D19
C65
F95
0A1
C21
D45
0D0
1A8
1B4
15A
DD8
E47
0C7
123
F47
D57
0D0
673
308
FC3
039
012
06E
F36
D50
DE0
F8E
179
34B
DE4
C84
0BC
0E4
CD9
B9E
E6B
1BD
2DB
17B
112
0AE
FF1
2CB
062
BDE
E6E
30B
33F
0C6
F5C
0FE
1B3
EE6
D91
D90
C27
077
2E8
F76
E3C
039
2EB
100
BD9
CF7
1B4
0ED
0CA
208
0B1
145
369
147
DD7
C2F
FB3
2D1
F47
CEC
150
25E
075
F41
CCD
CCA
E9B
020
0C9
EB6
F11
567
416
E5D
EB7
026
10A
088
F6C
069
1FB
210
32E
04A
B70
D95
109
E53
C39
DD3
141
30B
FFD
EFA
F6B
E11
083
102
D6A
EC7
393
4D4
299
E72
FE7
2CA
F25
D3A
EBC
EEA
078
340
09C
DF3
E2C
FC1
0D3
C47
B16
0DF
262
0D6
16D
0A3
0BC
1B4
047
F0A
D70
F29
4DB
388
E3A
074
211
0C6
E70
BD8
CD5
F59
040
167
FAB
D7D
198
360
DDD
BCE
E4B
179
28A
045
161
353
1C2
260
107
C40
D20
1D1
147
ECC
DDB
11D
349
F9B
C2D
DD5
D91
E6F
0BA
F86
E9A
201
443
2AC
D95
CC2
1EB
1C7
EA0
FD4
173
204
396
128
E60
CFD
E79
09E
E5E
AD8
FAF
3A5
0E1
F21
E29
E79
FAC
F8B
F1F
F6F
F99
479
5BE
FCF
EE0
1E6
1C4
EF5
CFB
E14
1B6
12E
131
0C1
D2F
E9E
0EE
E3E
B29
D1C
11A
324
06A
F29
295
1A0
029
06C
DC1
D9A
256
43B
198
F2F
016
394
0DA
B1C
D43
EE7
EFF
0CA
FE0
EA6
09E
1C7
1D0
D9B
ACA
FE0
369
02E
FBD
220
2D6
318
0E4
E7C
E48
E83
1AB
1FE
D37
ECF
38C
221
DA4
C18
CC4
F81
EF4
E2B
009
FB5
216
4DF
057
D16
FAB
1AC
0CE
EC9
F35
329
402
0BA
0ED
E92
D39
02B
FAA
C6E
CF4
09C
401
0CD
CE2
F7E
105
E5F
E6D
F04
F01
21A
48F
302
002
EEC
1F6
29A
C2E
C56
14A
1D8
144
048
EDC
FFD
FC8
F50
DD6
A01
E10
3E8
1E6
E81
079
229
1FE
046
D9A
EE4
F97
1FE
43B
007
EC3
2E4
2E6
EC6
BB9
C8B
034
098
E21
019
0C5
045
193
FD2
B8B
DA2
1A1
254
FD6
F1E
351
54B
116
F71
F80
E3E
071
115
F26
EB6
095
36D
243
BF1
BD1
01C
EE6
D96
E66
FAF
1F3
3A0
1CA
FAB
D9A
002
2E6
F4F
CD6
1B6
45C
315
0A0
ED1
FD8
F1F
E6B
ED9
BBA
D46
350
31F
E36
E2A
FF1
0CA
F50
C3B
F1F
166
1F2
3D1
20F
EDC
14B
337
003
CA3
C9D
18A
32E
FA5
F08
0C5
F63
FD9
EF3
B8D
C21
001
24F
13D
E77
0A0
4E9
184
DC1
EB1
F90
0CE
2AF
135
094
0C0
29B
29A
D46
A7E
F95
0E4
E62
E4F
F42
187
224
FFB
E88
D12
D78
247
181
D7F
052
4D5
412
115
E0D
F6F
080
F13
FBF
FCF
E49
214
3F0
F1E
CB1
DE7
FED
FC6
C49
D06
25A
1F8
25B
1F7
ED9
F00
222
11E
E7A
DDB
18C
5D0
1DF
E26
057
06A
F13
E49
CA0
C96
FB6
237
205
E50
D75
25A
18B
CB4
D15
FF0
1BD
279
17B
122
18D
16C
2B8
EF6
AFC
EE1
338
113
F05
F11
120
1CA
E7B
C51
CE6
CCF
064
25E
ED9
ED8
32D
3D2
084
D16
E28
22D
0ED
020
1A6
09F
1DC
402
070
C23
C71
F7F
0C6
DAE
C5D
14F
2D1
083
018
DDD
D4E
03D
0D0
FEA
EF4
074
5D8
46D
E16
F30
146
FDE
EFD
E0C
E73
0CF
226
221
F8F
B79
EE5
1D2
CA9
B96
F07
1B1
2D3
11A
04C
079
074
0D7
0DB
CD9
E04
44E
36D
056
F57
0C7
228
EF3
C18
D99
DA0
F86
2D5
073
DBF
089
240
08B
CCC
C66
184
2E6
058
204
1DF
14A
32C
163
CF2
CC5
F3F
23C
096
CE2
095
3BA
FE9
DBB
D49
CFF
F4D
080
009
F1B
FC9
3E0
542
DEC
D09
10A
13E
FAF
F79
FC0
2BD
297
1B4
05C
BFF
D44
137
EB4
BF8
E52
1B9
372
093
E23
FF0
F90
ED4
04C
EE9
E75
370
558
1A1
F1B
F6D
1E0
0DA
C99
DC0
F9C
FFA
27A
16C
DEC
E3D
045
FBB
CE8
AB5
FF1
3F6
0FB
FF9
267
161
17F
118
E29
D60
012
319
3D8
EE0
EA0
3BB
1B6
D26
C5D
D10
F3A
060
FB6
F82
F41
0D5
349
F2F
AFA
ED1
1C1
1C2
04E
088
281
3CE
156
0CC
DF3
C41
132
226
D41
D70
182
2D6
06A
CDA
D24
F70
E42
E98
FE5
E44
1BA
506
268
EAA
E9C
0F5
276
DD4
DAD
177
1F9
256
246
E13
D96
FF5
F67
E19
B54
DEF
41A
273
E4D
FE2
0E2
FD3
018
E2A
E24
FF8
329
4E2
109
E4C
253
345
E22
CF6
DCE
FAE
14B
028
FD9
F70
EF8
18D
03E
A88
C6C
175
1EE
0B5
FA3
251
40C
157
F8F
FD6
D62
00C
352
08D
DB4
13D
35B
202
CB2
B54
F3B
F0B
DF8
01A
EB1
FA2
38A
243
E1B
D12
F67
2D0
0C4
D94
1CF
404
292
231
FF9
D59
EDB
FF0
F51
D42
CBC
2E9
3EE
E13
D54
FB7
F39
F29
E3D
E1E
037
243
462
26A
DCC
009
3C4
054
CAD
DF9
111
2BF
1FD
FB5
FDA
EBC
F14
005
B76
A80
057
2C2
0CD
EE0
034
329
138
E33
F08
EB2
FCC
456
2F3
F8F
08C
34C
289
DD6
A96
E89
16D
EE7
F59
FA4
EEC
1B5
212
E01
C1B
D21
1B8
222
E1E
F96
4FA
353
179
04B
E16
F5A
0C3
07D
FA2
E0D
16F
4C1
FDC
B8E
E45
F23
EBA
E3C
DEB
F9B
1BA
2AD
2DA
E5D
D8E
2A7
1AD
D8A
E43
1E8
3BF
336
036
003
FB8
E81
FE1
DE9
AC6
EE0
34C
170
E95
E32
0A0
190
DC2
D47
F2C
F73
302
42E
064
FED
26A
26A
FC3
BA6
D49
27B
0D0
F47
037
FC4
09D
18D
DC7
B7D
BFC
005
30D
F43
E30
36C
3C6
09B
F77
E3E
EC3
190
1BE
0EB
F17
0A5
520
1EB
C0B
D42
FBA
F6C
E5E
DD5
FA2
194
128
173
EBD
BB0
FDB
2BF
EEE
E01
146
428
47A
0ED
F72
0A9
F4B
FB3
07D
C56
E02
369
2D7
EE6
D03
ED9
11F
E32
BC1
EB3
FAE
17C
419
11A
F0E
0BD
29B
10A
D60
D1D
2E7
387
09B
0D5
082
FE0
058
F03
BD2
BC5
EF5
2AF
090
D09
0A7
3A5
05E
E56
DEB
E83
13A
1EB
189
08B
04A
35E
463
D50
BA5
010
06C
F16
E59
F03
15C
15D
04F
F19
B20
CF8
251
FDD
D5D
018
398
462
17F
EBF
00F
00F
FC4
165
ED5
D94
2FE
47D
049
CF7
D7D
069
F7B
B97
DA4
036
05A
2DB
201
E89
F05
17E
0CD
E61
CD5
14A
54D
1E0
009
200
035
FEF
FFB
CCD
C57
EBB
1E4
215
DE6
D93
285
0DA
D58
D61
E06
03C
250
1EB
15B
09C
1A1
461
FE9
B20
F2D
20C
07E
FCB
F90
10D
22F
FC9
F09
C54
B5A
043
1B4
D82
EBD
225
383
17C
E43
E11
0AF
F54
124
0DC
EB0
1F6
5A8
184
DAB
D2A
FE3
05F
CC1
C98
026
0F5
18B
202
DD0
CA8
FD9
0F6
EF3
D13
FEC
4EE
3BE
05C
153
0C0
005
146
EDB
CAC
F00
22C
37F
F74
C86
0C6
195
D53
C81
DA9
EAD
1BD
22C
0B6
04A
0B7
30B
19E
BD8
DAC
2F0
235
108
0C5
0E3
235
0A9
EEC
D37
B48
ED4
2C2
EC8
D5D
118
2BC
170
E0D
D2A
F94
073
01C
1D1
F9F
07A
542
3C1
E78
D5A
F67
13F
F62
CFE
FCD
156
0E6
1A3
F37
B53
E2A
0B6
ED0
D3F
ECD
331
46D
03A
FCB
0E4
F21
0A8
09A
D8B
F3C
23F
3DD
220
D7D
EA6
239
E2F
BB9
D93
E8B
0C3
230
0D3
EF1
F36
151
20A
D3E
BA6
1A8
392
233
100
123
1B2
206
FC7
E31
C32
D4E
2D0
0F9
C6C
F68
256
0D8
EB1
BD8
D59
F69
04C
1A6
0E8
FD9
3AF
574
F79
D0F
EF7
130
139
E95
F4B
1B0
174
132
069
BE8
C17
075
FBF
CFB
D2D
07A
4B0
15C
E68
015
F1A
FF8
1A1
F53
E2C
2B1
507
36B
F76
DEE
1AC
06C
BEC
D09
EFF
F15
1E9
13C
E68
E18
002
107
EA1
A9C
F49
420
25B
124
140
108
1A5
0D5
ECC
D09
D64
1B9
3D3
E52
DD6
1E7
132
E13
C81
C72
ECF
040
0DC
14B
EFD
0FD
530
158
C65
E9A
155
24F
0D3
FA2
1AF
2A1
15E
1D6
DB4
AAD
F78
138
D6D
D35
032
36D
217
E90
E17
F32
EBC
0B4
0E3
DFF
0D9
546
403
024
DFB
00E
200
E26
D09
F7B
FC5
1EF
328
EF8
D04
E85
087
F91
B92
D65
396
332
076
101
102
0C2
221
04D
DC8
E2B
160
4ED
1CA
D56
11E
278
EB9
D7B
C7C
D34
FDB
0F4
0F1
F54
EBB
304
339
C85
D13
084
17C
1A2
0E1
0F2
271
220
1F1
F6D
B7B
DD5
2AF
F53
D74
F79
214
22D
F19
D11
E3A
DC0
F7A
1A3
E73
EBE
43D
4F8
0B8
E19
F56
1BE
08F
DDB
FB9
022
098
44E
15D
C3C
DA3
002
F75
CD9
B77
0F3
395
09C
0F7
0B5
EE5
0F9
170
E4E
DB0
0F3
455
3D6
EEC
F93
2E8
FD0
E2D
DA5
C22
E55
1E1
11C
EE4
DB7
0C2
252
E08
B06
F6C
0F2
185
23B
10C
137
2D7
25A
099
CA1
C61
23C
1CF
DA4
F46
1CE
1C3
073
D85
CEB
CF4
E4E
0E9
FAD
D94
19A
5B0
1D7
E76
EB6
069
119
FA0
F9F
0B5
0D5
39F
3B7
D5F
C42
FE6
FF8
D56
BFE
E95
252
19E
FC7
092
DB4
E86
1F6
F46
CBA
FEC
3F1
4DB
0E7
EF3
216
133
EB6
EBF
D62
D8E
1FA
2C8
F2B
DF3
F07
1CE
F9E
AE9
D05
0A3
054
257
197
FE9
136
310
161
DF8
BD8
0FA
461
FFC
EE0
1CC
183
0D5
F8A
C5E
C3C
DBC
070
0F4
D62
F15
4AA
2A0
DF0
E60
F07
FFC
0F4
01C
07A
158
307
4F4
01E
B53
F1D
169
ECD
D5F
E2B
0F3
247
0FD
FE3
DF6
C84
12C
0CC
BC4
DF4
2D8
42F
252
FE0
FF8
1A4
FFA
FF2
F58
CC7
058
4A8
170
E35
EC7
092
03E
BDB
B5A
F6C
FF7
103
28A
F9C
EF3
294
1FD
E57
D1E
EF0
3ED
29F
F7F
153
23F
0B2
1BA
DEA
B02
D1A
0CC
14D
EE8
D5E
210
348
E68
D4F
E80
DE9
0E6
1F7
FE7
065
23F
4F7
2DD
D06
DCF
1FF
FC3
E51
F6E
F75
1A1
216
00C
D8A
B7A
ECB
195
DE7
BBB
173
394
265
114
F73
FAF
0A4
065
08E
DA2
F2C
4F2
411
E68
E61
FE0
FDD
E48
C5F
D63
F55
082
2BF
06D
C65
090
2D9
F0E
CBE
E55
1A4
3B8
1B9
0F6
1EE
0A3
1D5
18C
B98
BC6
10B
1BD
001
E26
029
287
00E
D10
E07
D0B
EB0
2AD
0DB
ECC
1ED
40A
3C9
EF9
C8F
0C0
130
F26
0B2
FD9
FDE
372
23B
DD5
BC3
D7D
0CD
F3F
BDF
EED
2AB
1D6
18A
02B
DEE
F5C
145
0C8
ED1
E47
33E
5C4
09E
E8C
07A
FE0
EBF
EFA
CA4
DF8
10C
258
238
D58
E02
254
006
BF7
DC2
FF9
2AF
376
20F
139
0FE
0B7
2A2
E47
AA1
FE3
366
0D2
FC5
F53
061
0AA
DBF
D61
C33
CAA
187
2AC
E12
F41
3B2
325
052
D5D
E29
121
0BF
177
1AA
F94
16F
491
FD1
B77
D44
FD3
001
D8C
D53
128
16F
141
110
D58
C49
11A
176
F14
E56
16C
5BE
373
F18
FC4
FC3
EB5
070
EB6
CE8
024
353
23C
E77
C28
005
0A0
C51
CD2
ECD
FE5
26A
3B5
0AB
F5A
0B4
29D
0E0
C0B
E8C
33B
22B
0B7
14A
F93
055
0D7
E01
BD6
BDC
000
3F4
F92
D99
1CD
200
011
F1B
DC2
E5D
143
283
25D
FF6
028
558
2D6
C58
CED
EDF
FC3
F91
EF1
F45
067
0DC
196
EA6
A4C
E39
205
F1C
DF6
0AA
33C
496
17B
FDD
FDD
E31
0D1
1D7
D46
E12
3BF
367
013
D90
E09
FA7
E3E
CF3
E81
E0D
063
532
1B9
D56
011
21E
131
E1D
D76
249
379
215
2D2
082
E70
18E
129
C7C
B98
E84
260
158
DD6
F57
218
F50
F62
E98
C0C
F7C
385
31E
0C7
FFD
2D0
492
EB0
CF1
F1D
F88
FFE
18F
F55
EE5
0FA
1FC
FED
A67
BCC
14D
FF1
E35
FEA
137
28B
38E
101
E56
E2B
01E
379
FFB
D63
26C
4E1
0C9
F67
E3B
D56
F0C
EC4
E22
DAD
E79
359
3BC
D94
DC2
0EC
01A
F17
E9A
F3E
26A
35F
392
1C2
E10
FCF
310
E53
B56
DD1
116
238
09D
F1C
F45
F76
F5D
FC3
BB0
BB5
2CE
3B7
0AC
FE6
178
370
1A5
E4D
EFA
F08
02A
371
210
D77
0A9
2B7
0BE
C82
ACA
DF0
0F2
EBB
01A
088
F52
298
34C
DF3
CA0
FC1
2AB
1FB
EEF
0EA
432
2B4
0C6
01C
C7E
D7A
0F8
FC9
D3E
DAD
11E
3ED
F55
C5E
EFC
F1B
EAB
FEE
EBE
F93
315
4D8
2B7
EA3
E31
20E
199
CDE
E72
097
14A
2D0
168
E31
DEC
F40
059
D3B
AA2
FA0
43A
102
00C
0F3
09F
17B
0F1
E9F
DFA
F48
35E
4AE
F3D
ECE
2ED
163
E29
CDB
CAC
EB5
0B1
094
FB8
E25
020
3DF
F60
ABF
E36
154
17F
0A9
05A
235
317
284
189
E30
B73
0EB
219
DBB
DB2
0C4
261
179
DFF
D0C
DA3
E02
041
067
D5E
0E9
545
360
FC2
EF5
009
21A
F63
ECE
077
00A
2B2
452
EDD
C47
ED1
065
E41
B88
D1B
244
277
091
0F4
F52
ED0
19F
074
CE9
E63
23E
53E
2A2
ECC
116
21C
EBD
F4D
DFE
C6C
05B
2D7
06F
E53
EC8
14C
152
C11
C0E
FDF
041
151
285
04D
10D
2C1
29A
FC3
BB0
ECC
36F
072
E57
0C9
0C1
13E
0D4
DB5
BE2
C99
F93
175
DD4
DBA
37C
422
FCA
F04
EC4
F22
14C
186
098
FF0
206
535
273
C4D
DEC
09C
EED
DBF
DCA
E5A
135
19C
0ED
F15
C51
026
217
D40
CF2
15D
3A0
330
1B8
FE3
0A6
039
085
089
C2F
DD7
455
2A0
E8B
EB9
FA2
0B6
E60
C69
D38
E34
0AB
3FD
102
DAC
1CD
353
07B
CFE
DB4
14E
2EF
118
183
0FA
FD5
1F0
0DD
AF4
B7F
F40
16A
FB6
DEE
023
307
057
F86
EA5
C1B
F7A
367
198
F37
0D9
424
439
F42
D48
FAD
F4D
EE5
0C8
E77
E7F
2CC
2D7
ED0
BD5
CE8
0BF
F6B
CAA
F53
274
21B
3D4
1E7
E49
F39
14F
1A7
E83
CFA
293
4C6
07E
FAA
F2F
E9D
F49
EFE
C52
C78
F42
3A8
294
D9B
E4E
286
06B
E6B
EE2
EF0
17A
390
306
104
F14
13F
37A
DFC
ACE
F2B
089
0CB
095
EBB
FAD
02A
02C
F53
BF8
BB9
267
354
F6C
040
312
2CD
205
F70
E0D
EC8
FCA
270
0EE
D9F
119
39B
032
C86
C58
DBA
FC5
EAC
E9B
019
067
2EE
3E5
DFD
C9B
0D7
19B
04F
EF0
085
3C4
34B
144
088
D5B
D8D
102
F16
C2A
E4D
229
2EB
FCB
D3D
F3C
FCB
E8F
062
EF1
DF6
3BB
593
1CC
F60
F75
29D
10E
CED
E55
09F
FB9
25D
25B
D8A
E03
094
FC9
C5B
ABF
EEC
346
115
058
18B
07B
1AF
252
E51
CC5
F1A
2D5
344
FB4
F25
2F9
1CB
DE7
DAB
C54
D51
077
06A
EBC
E81
084
3B6
02E
B62
E4C
13E
01B
119
0DB
13C
2D9
397
1C0
E21
C08
09E
243
DE5
DB9
151
198
1CE
FC4
D13
D9B
E88
FDC
FFC
CA7
005
64F
332
F37
006
FDF
0CA
08A
EBE
FCB
03C
298
4BC
F65
BA3
012
07F
DB0
C85
D05
053
243
136
0BA
F08
DEF
239
13C
B9C
E06
295
415
233
035
0DF
1DF
FE1
FC9
E2A
AF5
FB1
361
07B
E27
FD2
14D
0AD
D09
C3E
E8A
F87
14D
33C
008
054
41D
31B
F33
C53
E81
234
195
F39
114
06F
0AA
1FE
E77
AB5
CEE
019
0A4
E21
DC3
27B
3CE
06F
03D
EBB
D74
110
290
F9F
F76
230
554
33E
D2D
DAA
0A3
EA2
DCA
F2B
DBF
07F
307
171
DFF
CA8
F53
1A0
DB8
CCA
110
303
2B7
314
10D
E8F
08F
160
03F
C43
DF0
33A
393
EA0
F3B
F0D
EBB
FA2
DA3
C4C
D39
100
3F0
1F7
D8F
10E
3ED
044
DFA
DFA
FA5
227
2DB
21E
0EF
F71
260
20E
B5E
A89
FB1
0B9
FD9
F52
F81
0EA
0B2
06A
F6E
BD7
DCB
403
201
EC8
1C7
3F5
382
0EC
DAE
E60
F05
FD3
1C0
F25
D21
2EA
39D
EBF
C61
CB9
EEE
FDA
E00
FEB
0CC
135
44E
2B7
D8F
E79
246
1D6
F56
E45
165
43D
1C1
FFA
F5F
CB7
EC1
0B6
CFA
BC8
F55
2EA
32E
F2B
DB7
0C8
048
F2C
FF9
E8F
F83
464
49D
0BB
F2D
048
2A8
F07
BB5
E3C
044
0BF
203
079
D62
F2D
0A5
FAB
BBA
B5A
0E6
44D
FD9
06F
231
118
1F6
12F
D8A
D57
07E
3C0
269
E0D
FD7
393
087
D46
D48
CDB
ECA
11F
006
F0F
EF5
243
419
E8B
B4E
007
172
0BD
116
098
1B1
362
294
090
CC8
C37
12B
149
CEA
E45
1F6
189
0E7
E21
D6E
DE1
EC7
0C7
F4B
CEF
1FC
670
23E
F49
F2D
063
10B
F3A
ECB
FC3
00E
2C9
3EE
D91
C5E
041
FF9
D60
BCF
DDC
1BD
206
146
16C
E84
F2B
2E0
FCF
CAC
F15
304
3CF
1BB
F6E
17A
124
F09
EFD
D2A
B3E
0C1
332
F8A
DB8
F17
200
057
C4D
C9C
F8E
02D
275
2D5
FE9
0BD
44D
1E8
E01
C13
F07
280
02C
F3E
120
04F
03D
101
C87
AF4
DA1
0C6
11E
E77
EDC
3DC
33C
F4C
003
EA0
E68
228
1AD
004
FDD
27E
4FF
11E
BD1
DC6
059
EDD
EC9
EC8
E54
0EA
295
121
DD7
BE7
FFB
244
D92
E8F
20F
2E1
2D9
295
F31
EFD
FC2
0EF
01B
C42
E97
4B8
27C
E43
F05
E74
F4B
E7A
D9E
DB8
E9C
1DC
504
08C
D98
178
302
F2A
E05
E0B
126
2D2
1FB
1B5
F9A
E92
1C6
05F
AA2
BE8
0AC
113
0A1
F0B
F73
13E
FD0
FE9
EF1
C24
FCC
4DB
212
FAB
149
384
2BB
F1A
D1C
ECE
EB8
024
23F
E94
DE2
27B
1FC
E09
B42
C90
0BC
07C
EAC
0FF
185
181
47F
132
C0E
E54
1EB
21E
FA4
E5E
1E3
47E
08C
F54
E15
BED
E8C
0AF
DA9
D56
002
36E
340
D5B
D4D
0A7
F8B
F92
0A9
F21
17E
4C6
3C3
0A2
D56
F5C
27A
E84
BC9
FB4
10F
10C
22D
F7C
D5B
E35
F6E
F8C
CC2
C0B
33C
42D
0DA
108
188
0C5
117
FDC
E5B
E42
0D8
4BA
2F4
CEC
F94
27A
F25
CC0
C05
D82
024
180
127
FEC
E6D
12E
367
D9B
BC9
0A3
2D5
279
135
0CF
1F5
1DF
111
027
B77
C8B
234
1A9
DBF
EB6
146
207
F8B
C2F
D9B
E1D
F42
25C
0B5
E9C
296
570
1ED
DF2
D46
0BE
204
F8B
013
0EC
039
2FB
234
C5F
B70
EE5
036
F02
CAB
F47
325
1C8
FD6
004
D49
E7F
280
01A
E32
060
3F2
55B
088
D8A
01D
FA1
E28
FB9
DC3
D5F
1BA
30B
04D
CE5
D6E
12E
00D
BB9
E4C
15C
218
3BA
297
F9C
FF2
190
150
E68
C24
097
4D8
123
FEA
110
EC2
F97
F8C
C69
C85
DA0
213
376
EBD
E1B
2DF
1B9
F07
E5C
E8B
034
2E1
2C3
187
FF6
093
3B1
F8D
9F8
D6B
003
0A8
FEB
EEA
F72
0D9
05D
041
CCA
ABD
0D8
36F
005
FBD
1DE
3C4
2B9
F86
EA0
E5D
F74
20A
21D
D92
FD2
421
23A
DDA
C0C
D26
FB1
EF0
E93
023
FDE
219
4C4
051
C5C
F6D
174
191
F34
F51
342
3AA
194
0F3
DEC
C71
0AD
084
CA5
D2E
041
37D
15F
D1C
E4C
FD4
E69
059
F77
D36
1C7
52D
420
FE0
E65
1FB
239
DD4
D17
048
0E2
252
31F
EF3
D43
F30
08A
E92
B07
CD2
2E5
24A
FE4
0F7
012
03C
1D7
F7B
DAD
E98
1FF
554
1DC
DFE
1EE
2CF
F01
DAB
CB1
D37
043
16B
095
ED7
E32
28D
219
B9A
BF8
002
127
223
148
0F5
213
219
2DE
01C
B6A
E46
363
0E3
E53
FCB
12B
1F3
F69
CBD
C74
CD8
FD1
1D6
E99
E24
343
3FE
08F
DE0
E10
0C5
119
F8B
10C
0DC
0CF
4E5
256
C20
CE0
029
05F
E36
CC8
017
240
080
0AF
EDA
BA2
F20
203
F0D
DBA
FDB
494
53F
001
F08
126
F0B
001
0CD
D0B
E64
300
2C1
FDE
C9E
E24
15A
E37
BD2
E56
FAB
152
3D1
119
E6E
F7F
22B
1DE
DF4
CDF
293
411
182
16F
091
F8E
0D2
FD5
D14
C5B
E2D
336
1E4
D5A
EBF
215
019
ECA
DB9
D96
01A
22D
342
172
F3A
23D
4AA
EE0
BCC
EE8
114
195
039
F90
00C
01B
090
FFF
B32
AE6
152
1D9
F01
F52
182
353
230
F79
EA2
E86
F39
384
1AB
DB0
1A2
496
1C3
E64
CD3
E10
FCE
E82
F72
F5F
E58
1B7
338
DD6
B85
E35
090
0E1
E73
FD4
3E7
2FB
290
1B6
D8B
E3A
217
118
DF5
E50
1BE
48B
086
D32
E8F
E4C
DC7
FB7
E63
CE7
1D6
3D1
2A5
EA0
DAE
212
1D4
E36
F2B
0D5
146
400
2DC
F64
E68
F15
0DC
ED7
A38
DF1
305
14E
013
FCD
EA7
FE1
04E
E86
D46
E05
2FA
623
0FF
EDA
2DC
23C
F98
EE1
DC4
EDE
116
252
1DE
DF8
E35
277
053
B18
C16
EB9
0EA
0D8
005
0A6
13B
116
2B8
FA5
B91
041
41A
15D
03D
0BE
228
268
F97
DA0
D53
C39
0A1
216
DAD
E2D
1F5
28C
F66
C20
D3C
0F9
019
0A5
258
03A
22E
51B
170
D36
D9B
052
1D0
F0A
DB5
1E7
27D
05E
0E3
CED
B22
F4D
0B6
EF1
D74
F4A
49F
360
EB0
F42
FC0
EFA
0EE
0C5
F13
091
3F7
467
094
C51
EC3
1E7
DCD
C9D
EA9
F99
1E6
25E
F60
D7A
D61
02F
153
CB4
D63
356
3E1
268
153
FD3
05E
12D
FF5
F4A
D2C
F96
4DB
2A2
D0B
F17
034
F45
DA4
BDD
D80
FF4
13C
312
086
DB4
194
364
E3A
CCF
F3E
29A
358
109
0ED
156
FF7
0DA
018
AD2
C5A
21D
1CB
FB6
E54
FE4
23B
F83
D3B
DDC
D2A
FC5
43C
1BD
F86
1AC
426
27C
D85
C22
054
0E4
FE3
16A
FF3
F35
24F
15A
D0C
AE9
CA3
134
0B4
D9D
072
2B7
188
199
F66
D25
EF3
1BF
1FB
02A
ED1
2E2
58D
F89
CD2
E9F
DF4
F3C
FFC
E21
E56
0AA
2B7
1C3
C02
BA7
0FF
0AA
E3A
FBE
0EF
344
3DA
1F4
022
E06
F49
288
FD7
C4A
09C
429
208
F7B
DF1
E5F
EC1
E43
EA6
D26
D71
33D
4A2
FB0
DCC
006
12F
091
E63
EC3
228
1F7
3BB
2CB
E1E
EA7
259
029
C43
C2D
FF0
2A0
07B
EB7
FC3
E8B
F1F
072
D52
BC2
0AD
3ED
370
010
F5E
32D
222
E5A
EB3
EC2
FBC
29D
2C7
F93
ED2
065
1EF
E89
9EC
D3D
106
FE7
094
0CA
F3C
16D
1F7
FAF
D03
C95
194
4BC
02F
FC5
2FF
253
1AF
EE8
CE0
D62
F95
0F1
174
DA1
E95
3ED
11E
C53
C91
E23
045
0B4
02D
088
18D
331
4B5
011
B58
F8F
26D
05C
EDA
FDC
27F
2C7
021
F03
CB1
C32
005
10A
C6C
DFF
239
33D
0F7
DA0
DFB
05A
FB5
04C
119
EF3
205
5AD
256
E63
D86
097
170
E21
C90
067
174
15F
1B6
E3A
BB7
F1F
07D
EC6
C8A
E48
468
454
FED
084
06D
FDB
189
FFA
E46
F33
254
4D9
138
C77
F6E
15B
D6E
C92
DDB
E60
1FB
235
050
ED1
E54
168
1FF
C65
CC7
260
320
2D9
153
05B
15B
0D8
FA1
E81
C3D
E10
412
117
DC9
EEF
049
066
E62
C1E
D34
EBF
097
2DE
09E
E18
2E4
3FE
F80
D61
DF7
1DB
2B7
0AD
137
1CF
FE6
1DE
011
A9B
BF0
F76
10A
FA2
D6F
0E9
354
027
E63
E84
D1A
F72
321
12C
F73
104
425
449
EBD
C2E
03C
062
FC8
07B
F21
F47
288
19C
E1E
B79
C2B
17E
01B
CAE
FB1
271
245
20F
063
E09
EE0
10B
1FE
05A
DD4
284
563
052
E17
E67
E44
F0B
E63
E4B
E56
F3A
2C3
2D3
CC1
C45
099
067
E22
DF8
FE3
3D2
34A
216
14F
E76
F64
293
F26
BCA
FB7
2D0
359
FD6
D5D
F1A
F1C
DB7
F35
D97
CEE
24A
42B
0CF
E1E
FE8
278
112
D64
ECD
1E1
1A6
3C9
2AB
EC6
F11
197
086
D1D
B03
F3C
316
022
EEF
052
F34
FCD
05A
D50
C9B
EDB
2CF
431
F7C
EFE
3AF
260
F24
E75
E7F
FDE
1C1
1C8
08F
F05
FB4
2AA
F29
955
CFD
019
067
052
F62
09D
1F0
15A
11E
E03
C36
1A5
447
FF7
FC8
251
338
270
EAE
D07
E02
E3A
061
0EC
CED
EE9
379
172
D65
BF5
EBB
15A
FA5
F09
160
132
289
4A9
FEE
C95
EF2
1D0
1D8
E53
E8E
2E2
359
F5C
F4F
D47
C40
F84
FAD
D3C
DA0
0A3
420
1B6
C76
E21
131
F89
006
027
F84
29F
42A
3B5
F7D
CF9
FF4
1A1
D6C
BEA
01A
17D
1B9
067
E18
DE3
E7B
F61
FBB
BD8
E0C
43F
418
FD8
FF1
0D9
175
0C7
E7C
F85
FA0
187
501
1E4
CFD
F9C
171
EEA
C00
BC5
F56
1D5
049
0C2
F76
DD7
14C
174
CEE
CCD
0EC
431
3B6
FA8
0C6
2E7
0E7
FE7
F20
C74
E7B
32B
1EF
EF6
DCB
151
25C
D28
B0E
DF6
F5A
071
206
03B
FD9
1B4
328
17E
D03
CE4
285
347
FDE
0C7
1EE
179
17F
EB1
CB6
C81
DFB
1CA
053
C39
03A
38D
060
E1D
D5D
DDD
08B
10B
18C
113
00D
35C
4DF
E7E
CBF
F7D
100
04C
EB5
F60
1ED
18C
0D6
F69
B65
BC0
16D
FB9
D17
E7E
1D1
47B
157
E09
FA3
FEA
FBD
253
015
E7A
2AB
4D2
25E
E27
D41
056
04C
C9F
E08
FD9
018
286
1A0
DFA
CDC
EE3
11B
F66
BE3
000
4F1
296
142
13D
F84
027
10E
F63
E23
EAD
2AE
515
F43
CBE
0B0
FB7
E02
D46
CDC
F0A
18B
23B
1E5
DF7
E83
30D
0B6
C7F
E0D
1EA
3C6
2F2
0AF
111
0DA
FBD
144
D7D
ADC
FAB
391
0FA
EE1
EDD
09C
0B2
D53
CBD
E26
E03
280
3EB
F56
FB9
2D0
2D6
017
C77
E67
2D7
182
0D6
195
FB3
048
238
EC4
B71
C31
FEA
301
EE9
D4E
1AD
207
F91
F4E
D5C
DAE
0D4
2A1
216
FAF
0B2
527
2D2
D4E
D62
F42
F87
054
FED
F02
0A4
120
17C
E86
9CD
D96
1E7
EF6
E33
004
259
33E
1B7
F93
F6C
E8B
125
2F8
EA8
F0D
403
485
0D0
D9A
D79
FF0
EC4
DD1
EDB
E24
06B
425
155
C6E
D5E
015
106
E5B
D71
26B
3B2
278
2DC
FCA
DBB
086
1C1
ED9
D56
EF5
3FC
331
D8F
E18
FC2
DCD
EAC
DF0
C99
F2B
291
36C
0A6
DAA
FD3
334
F30
CDE
F9B
136
338
3B9
0C4
FB6
EDA
0C5
106
C4B
B72
1D5
2CB
F82
F11
EE8
060
003
E1A
E18
CE8
F12
4DB
344
ED6
0F5
320
220
F03
D28
F4B
16B
10D
1CF
09B
DE0
0F1
209
D03
A57
CEB
099
1ED
ED2
F40
218
0F9
08A
070
C8B
DF3
27C
388
109
FB3
226
532
066
CE4
E6D
DF4
F81
18E
F96
E31
F9F
1A8
16A
C57
A37
F7A
154
E56
010
0E9
225
3DE
1C3
F33
DFD
E87
38C
238
D58
037
415
2A0
F75
D76
CB3
EA7
E76
F24
ED5
DCA
234
45B
F36
C16
EEF
045
13B
EC2
FB7
223
299
35F
371
E00
D8C
1D5
103
DAC
D4C
093
3EE
175
E1F
EC7
DCB
D7A
046
E23
C53
054
3D1
3E9
FB4
D8E
166
209
E58
F40
FF6
101
38B
3F1
037
E8A
ED1
187
F6B
A83
DA2
285
140
FF6
F9C
E30
FC4
037
F1B
DAB
CFD
1AF
5ED
117
EEC
1E8
235
0D0
ECD
D34
F8B
103
1BA
2C4
EAB
DBA
1DD
0C0
BB1
BC2
E51
187
0EF
F9B
0B8
0C5
028
21C
EB7
C29
F22
365
2A7
095
FAC
326
328
EB0
DF0
DBA
D0C
0BD
21B
F02
E53
0F1
22E
004
A99
C5D
108
029
FE4
0FC
074
21A
3C6
189
E0B
CED
073
3B0
FF7
DD2
2BB
2E6
0EE
FD3
C8E
CFD
EBC
FB8
027
D6C
E24
402
2F1
D78
D30
F23
02B
089
F87
09B
200
299
474
158
C76
EF6
242
F6C
D9B
E4C
1BD
333
044
ED0
E26
C65
F1D
0DC
CA7
D67
251
451
276
E62
F26
21E
027
F01
080
F6F
148
500
2A7
EA8
E11
FC3
1A5
D19
B11
F6F
182
05D
16C
F29
DF9
FED
FE6
F1E
CC8
D9B
47D
4C1
FD7
05C
1B3
0B5
090
F08
D9A
F5F
0DB
38C
194
CB2
F5C
2CD
E1F
B1F
CA3
F00
14F
11A
058
09B
F94
192
266
C95
C42
1AB
38A
21C
029
0DB
305
15E
E7B
E22
C77
DF0
25C
14F
DDA
EF2
19F
202
DFB
AE5
EAB
02A
070
1C5
0C8
FC7
36D
3ED
042
D05
D52
29B
2A7
E2F
01F
290
1A9
157
F45
C38
CEA
F17
131
F58
C8F
0E3
4DF
04E
D57
EC0
EFF
06C
0D8
FF7
07E
15C
429
483
E2E
C33
0F6
0FA
E17
E70
F4E
212
1AB
FEE
F07
C8D
D0D
0B4
F9C
C84
F02
36D
3BF
16C
E2B
FFF
0E8
FC3
05A
F40
E85
2E5
555
152
DC1
EB2
0E7
015
B94
CFF
085
001
185
16A
D93
E37
0AE
054
E08
C2E
110
5D4
2BB
F9C
1C2
0A2
08F
093
E3E
DE4
FCA
28C
3C8
EB2
D23
19C
08E
C80
BCD
CDE
FA3
17C
146
0C9
F37
041
32D
FEC
B9C
F09
347
31D
16C
0A6
191
1DA
01D
F56
D40
BB2
082
2DA
EF6
E13
044
1F0
0AC
C7A
C3B
F41
FA5
10C
1DB
F58
0D7
4A7
294
ECC
CEB
FB3
312
083
ED8
186
188
0D1
132
D8B
B76
D40
056
06D
D56
DD0
3B5
35B
EDF
E33
E0A
EC5
0EB
123
001
052
2A3
58F
23D
BE3
DD9
1B4
EED
E71
EC0
015
210
121
FEA
E1A
B72
F27
15F
CBF
CA7
126
3A8
2EB
FEB
EF2
0CD
FA8
F9F
05B
DF1
040
551
369
F61
E71
FE2
0E2
E11
BD3
F17
018
124
2D4
F67
CDE
FE5
137
F0F
CD9
D66
365
446
0AD
0FF
131
FCB
14C
026
CE1
E20
114
3EF
185
C80
F7F
1CA
E36
CB5
CDC
D82
030
162
157
FE6
EC0
250
31F
D09
C11
167
297
1D8
136
0C2
202
1D1
0CD
EFB
B6E
D50
31C
0FB
DA2
F97
193
1F2
EB4
BEE
D92
E98
FD7
288
031
F05
361
46B
056
D8D
DFF
1B9
1F0
ECA
0D4
174
076
2C8
08C
B99
C22
F96
0DB
EF0
C4B
0E3
41A
FF7
ECC
EDB
DE5
F7F
1C0
013
F47
143
492
4B2
EA5
CA5
15B
093
EA4
F40
F20
112
217
108
F9F
C26
D48
178
EDC
B13
F5B
2EA
36C
1B1
FB7
FCD
054
002
157
F25
DEA
396
554
0DA
EA5
F51
102
FCA
BF2
D22
F63
FB2
263
1FE
CE6
E34
182
01D
D28
C52
0A2
414
1ED
178
20B
048
131
1ED
DC6
C91
FCC
386
319
E74
E4E
249
03B
D1B
D6A
C9C
E04
1B6
18B
018
EE6
10F
439
FC5
AD5
F5D
1B8
20C
1EB
14F
126
23A
1C8
0B8
CA2
BB1
0CC
286
E2D
E4C
155
17A
04C
DA5
CB9
E05
E24
13F
19B
DDB
0E4
534
2B4
ECB
D8D
010
1EE
FDA
FC1
174
0A8
257
2C8
DCB
B50
E72
044
F44
CBB
E61
326
24C
F41
F6B
E31
E50
188
0A0
EB7
FD2
389
5D5
1C4
DAA
056
11A
EDF
EF7
EF0
ED0
1E6
2CA
0A7
D09
C86
08F
078
B69
D4D
142
27A
278
11C
FDA
05D
044
16F
F65
C78
100
5AA
246
F3C
043
0FE
06C
E10
C61
E11
E92
13C
318
EAA
CC9
128
17E
E50
BF6
E0C
296
2A0
114
224
0F5
0E7
36C
03B
BDD
E34
1CB
34B
021
E28
171
1F0
E62
DC0
CA3
BDF
FF8
1E3
FD0
E61
046
383
1B6
BD4
D81
128
094
1A7
1B2
10B
255
348
217
EA8
B48
F2B
2F9
EFD
D45
06D
182
184
F9D
CE8
CC8
D6C
027
17C
E16
EFB
514
424
F6B
EC9
FB3
0CD
059
FA8
102
0BB
1AA
4B1
06C
B6C
DFA
0AE
F4E
CE9
CA9
134
287
098
030
EBA
D30
0FB
0D6
DFD
DF1
245
571
351
EBD
FED
20F
FB3
F25
F35
DA3
061
380
211
EC7
CA8
F4E
12C
C50
B36
F3D
10A
17E
20F
FD7
FC3
0DD
17C
047
C58
E86
4BD
3A5
02C
0C3
1DD
102
FFD
D70
D1E
E18
021
316
F69
CA4
14F
283
E15
BF6
CC2
FE7
1C9
0BB
1A5
10D
0A3
3B3
231
CAA
D7D
106
27B
146
E73
155
324
0D8
EEF
DD6
B0D
E10
177
F5D
DEB
F2C
2CC
36E
E0C
CB0
089
044
057
188
FCA
11B
3D9
396
088
C8F
DB6
24C
FB2
CA1
F96
133
19E
0E4
EAF
CB7
D47
F4B
083
D88
CD0
31E
557
077
F26
007
030
098
F78
F61
00D
0B9
4BB
348
D01
E10
167
EDD
CE4
BD7
EBE
230
111
071
FA6
D6F
FCA
1CD
D1F
C10
0CE
3FE
3BD
01C
0EB
2E5
0E6
F96
F85
D13
E34
388
2C6
F57
E0E
FFD
1E1
E17
AAE
E03
F6A
06E
209
068
F61
161
239
0B6
D3E
CC7
24D
34C
F89
101
298
1D3
200
F8A
C8E
D10
F68
153
03A
C67
065
42C
F7C
CDA
D35
DFF
FF9
061
000
0DF
05B
3C5
469
DFB
C5D
0F3
1C0
050
EDE
FFD
307
1EE
05F
F7C
BBC
D89
11D
F0A
BA1
EFF
22F
371
000
DA3
F59
001
EF7
0A2
F38
F1B
3F4
51C
127
E62
F0B
260
068
BC8
E50
0ED
09D
20D
0AB
D24
E12
FAE
FBD
CD8
B43
0A7
4AB
0FF
043
0EB
0AF
0DA
070
E66
EA3
073
477
410
E8A
F03
33D
10F
D50
C8C
D7C
FA5
097
054
FC8
E53
FEB
2FA
E12
A89
F4C
1D9
21E
0C0
03B
2A5
2E8
0F8
020
D84
CAF
286
2D5
E8C
EFA
19A
288
FCD
B99
CC9
E80
DFB
019
008
DBA
1EB
3DB
122
D87
CF4
0DC
27D
F45
F7E
2A2
274
343
242
E11
C7A
F58
0B3
F3A
BCA
F83
3FD
154
E34
E45
DD7
E7B
F8F
E73
E57
001
36F
560
00E
D3D
16C
1F8
F3D
EBF
EF7
1B2
2E7
267
06A
DF1
D9A
145
F10
A9D
D1E
16D
239
09F
ED3
FCC
064
F9A
FFB
EB3
C75
26E
562
192
FDA
12B
2C0
175
D41
DB8
F9E
024
18F
25D
DA6
EE3
23A
FE5
C4B
ABF
E79
243
06B
F30
195
167
1A9
2B4
ED5
CCB
FB2
261
363
F43
F55
46C
365
E37
E41
D5C
D8A
0A0
FF1
EB5
EB7
0E6
35E
F88
A94
E03
181
FCD
F8A
042
1DA
3D8
304
17F
E8A
D44
19F
2C1
D3C
E57
25F
323
167
EBE
D72
EC4
E0E
EE3
EB9
CA1
00A
4D3
1DD
DF4
EB4
0F6
151
EB1
E43
140
179
36D
4C8
FD4
E04
18A
144
DF0
BAE
DB0
23C
195
F13
FFD
EE8
E52
087
E3E
B7D
E6B
264
44C
064
ED7
2A7
393
F39
EA8
EDB
F1C
21A
2EE
0CD
F21
F9B
2E4
0AE
A37
B9C
08B
FC5
FAF
FAF
F51
141
1ED
FC7
D7C
C24
08D
3FD
FD9
F04
2D0
3A8
242
FC6
DD4
EEC
F2C
02E
14F
DC0
E6A
412
1D2
D1E
C30
D97
FFF
EA1
D81
013
0D8
246
45B
00F
C6F
019
212
0D3
E51
F95
44B
42A
032
011
ECF
DD4
056
F66
BEF
D8A
186
3D9
0CD
C10
F33
16D
E17
E24
ECA
F31
280
4FD
1F0
F71
F64
269
259
CB0
C7C
17B
1D6
138
11D
EBF
F8F
04E
F1D
D15
A89
E3A
423
0D9
DA3
07D
25B
189
F88
D9D
E67
00A
280
393
05C
F44
411
3BA
DFE
CA3
DE1
039
04F
EFA
F5F
FE7
040
1F9
F7A
A79
DE5
127
097
F27
ED9
29E
4BD
14C
FF2
F4E
DCF
0BF
269
ED3
EB4
293
443
206
CBD
D24
FF8
DE7
DF9
EDA
E61
06F
3F9
155
E18
D47
06D
1DA
DCB
D18
222
35F
2E7
2D5
FF9
F69
0EA
0BD
F1D
C93
E78
446
261
DFF
EB3
052
EF5
E6E
CD3
CEE
F1F
177
354
0CB
DD1
251
3BC
EC4
D38
F09
173
2C7
201
12B
0FA
01E
219
05C
A4D
C24
0C7
114
F32
E65
03B
244
FD9
E27
DEF
C4C
FCE
36F
0AC
EE7
25D
499
379
E04
D01
076
0EC
F5B
10B
F13
012
369
1AD
CE8
B86
E19
115
E74
C2D
08F
295
155
1C7
F31
D59
F7F
177
0B9
E79
FA7
52A
4EA
F77
F22
07A
F29
F36
E4E
D62
F10
197
2FE
071
B59
F1F
20A
E06
C42
E6D
04F
265
2C4
151
0D0
F70
197
275
CE5
C5F
2EF
391
141
F88
009
0E2
03D
D9A
CCB
BEC
DF7
36E
0BA
D9D
080
23B
0CF
D61
C5B
FD5
143
0B5
27A
13E
020
3F3
330
DBE
C5B
E4E
1A3
067
D8B
F54
22F
0B0
05B
E7E
AC5
D9E
140
024
E2E
ECE
32F
4F5
003
E6F
FF9
F08
069
146
F4E
02B
2A6
40D
1E2
C30
D87
1B4
EDB
CB3
E15
FA4
17F
25E
FDB
E40
DC5
FAE
18A
D40
C26
2CB
490
218
111
072
0D1
10D
F81
F14
DC3
F19
470
2CF
D81
F03
16F
FBD
CB6
BA3
DBB
065
052
1C7
083
E67
21A
376
DCA
C43
F1B
2CA
324
025
0F3
28F
17F
109
FAF
BE9
CA4
18D
112
E2C
DB9
143
3CD
F11
C20
E0D
E0B
F8C
1A2
F78
FBF
2F5
4C4
25B
D8B
D49
28D
0F3
E38
02B
09A
1A9
312
0E2
D80
CEA
E66
0EC
D6F
B28
112
406
147
FEB
F1D
EFA
01E
F6C
F88
E79
FE6
51F
554
EF5
F3D
24D
0FD
E6C
CE9
E5D
0DA
13C
1B4
03C
CBC
F6A
261
CE0
ADF
E50
166
2A5
0B6
015
1DA
153
15B
121
C7D
DC1
3AE
400
065
F4D
119
36A
042
C1C
D7C
DA7
E6D
192
F5B
CE0
116
330
0D2
CA1
B56
102
1B1
EE0
098
1AB
175
471
2A0
E46
D62
FB9
20A
FFA
C09
076
48F
0E0
F4A
DFF
C9D
E6C
F8C
E7C
DAD
E8F
383
498
EBA
DD4
1C6
0C1
F8C
ED5
F2B
1F3
3B1
345
1A3
DFF
F36
25B
ED7
B0F
DC4
09F
180
09B
EEF
F85
F2D
F21
F73
C44
C02
2E0
43E
08C
05A
1EF
31D
13F
E1A
EE3
F5A
FB8
369
1FA
DA6
083
2F7
FDF
BF4
A5D
EC6
153
F08
FEA
0DD
053
261
203
D25
C55
FA8
255
217
ECB
118
4DA
21B
099
FE5
CBA
E08
12D
F0C
D97
EC4
281
368
E03
B94
F1D
F39
E2C
F2D
E92
006
376
385
1AB
DDA
EF7
296
0FE
C99
F7D
295
2A8
27C
008
E78
F17
F7F
FD5
CC6
B0C
133
3CC
FDB
E51
006
07A
057
E5A
E13
F6C
081
431
3DE
F00
0BC
4A8
1C1
DAC
CCC
EFA
1C0
09A
025
0C9
EBE
064
1A2
C67
A8E
ED5
175
0B3
EC5
FA3
364
229
00A
002
D6D
ED1
32E
15E
F3B
01B
356
43E
FC7
BCD
E7D
F66
E21
FA8
E8D
DFD
1F8
2FB
FD9
D00
CC3
181
106
C8A
FA1
2AE
300
32E
190
F07
F6C
0E0
0F5
E92
C65
1AA
4FD
092
E48
F5E
F38
E4E
E0E
C62
D84
F4A
2F2
2FD
E2F
E5B
34B
159
DDB
E60
FC2
20C
303
203
160
048
0FE
2E3
DB8
A6D
EB8
1E1
056
ED9
ECB
0EB
11A
EE1
E67
CBB
C8B
25D
269
E99
046
38C
47C
125
D98
EBB
09B
FCD
111
078
E93
1FC
436
FC1
BDE
C9C
FBB
018
C68
D5F
18C
16F
1E9
168
D6A
DFA
129
113
F2A
DAC
1AB
5E7
27F
F9A
05B
FBF
F92
FEC
D54
D52
FD3
2C6
296
DB5
C74
163
067
C34
CD6
E8C
071
2BF
2C6
0DD
03C
0D9
34A
FF2
B43
F7A
395
206
103
009
0A7
1B7
FB5
E28
C3E
B6D
0A0
271
D5A
DFA
201
211
FB5
D8D
D36
00F
008
174
206
F59
27F
5CA
117
D05
E0E
082
10F
E6E
DEA
154
0FA
130
113
C82
AEC
FB3
00E
D8F
D22
027
467
2BF
F00
FF4
003
F8E
19F
FDA
D8D
104
4A2
387
FAA
CAE
0CC
0E9
CA5
D1A
E4E
F10
1B5
21F
EF9
E6F
FB5
18C
F0C
ACF
EBA
35D
24C
1F3
24A
0E5
266
204
FBE
D91
D0A
185
3F6
ECD
D9F
1D4
19C
F32
D80
C2D
DA1
FD0
003
0A7
EB0
0E8
521
182
C70
E21
0CC
1AE
0D0
005
1C0
2F5
25E
2C1
E1B
B78
00B
14B
D9E
D20
F81
2B9
1FA
E3F
E0D
E84
DD5
07F
FC6
CFB
054
541
3CC
069
E6B
0BD
1FC
F00
E39
FEF
F73
28C
3EC
F08
DBD
F6B
0CD
E21
ACA
C5B
20E
0E4
008
12E
F96
081
1E0
FC3
D0F
DC5
1C0
4E1
0EE
F6D
344
346
035
EA9
CF1
D21
023
189
02E
E5B
F42
392
0BE
A97
CC6
F75
F6D
09C
FF2
0A6
250
33E
317
F73
C77
05F
3B1
E9B
E44
12A
2D4
2CC
009
D84
D92
DB5
F67
F85
B79
DF0
3E8
281
F00
E35
F55
112
EF7
E95
FD9
03A
2DF
5EF
11A
DF8
121
201
FC1
C84
D60
10F
1EF
085
0B4
ECF
E3C
130
F1E
B40
C68
11C
3B0
12E
EB5
25F
373
02F
04F
EA9
D01
157
397
14E
F71
FB2
345
1F9
C4C
BC3
F49
EEB
F79
00B
E78
05A
260
147
E8A
BA1
EEC
335
FA8
E3B
254
31E
2FA
281
F2E
E8E
EFD
0A3
0D7
D31
E0E
3CB
302
E82
DAD
E48
E49
F19
DA6
DFA
F6B
180
4A2
156
C93
077
2C2
F8C
DF0
E99
210
3AF
226
1DA
FC2
EB0
152
09D
B35
BAF
08A
201
0F7
E76
F75
161
F7C
EF9
DDA
C65
017
478
172
FD9
164
3BE
2F8
DC4
C9D
00C
067
FFF
217
FA1
F7C
2CE
1A8
D64
ACF
CA1
13F
F3C
D85
0AA
1D7
1F5
29B
F9A
D12
F6C
20B
1BB
F0A
F2F
455
4BA
00F
EBD
F6A
E59
F70
F00
D67
ECD
101
337
0C7
BD9
E8A
1DA
E2E
D66
E58
042
2D8
3F6
1A4
09B
F33
1A8
271
C83
C25
1FC
2E2
158
036
F90
08C
FEE
E71
D55
B18
DB4
364
09F
D88
069
309
1CF
EF2
CAA
F4B
136
11A
2FA
0E3
F59
36C
3AE
EC0
BFB
E08
088
052
DB3
EFF
163
09F
12F
FA2
B27
D23
14F
018
E02
ED4
35C
53C
0FA
F8A
06E
F34
00A
16A
E67
EC4
2A2
497
194
CFE
D48
0F2
EE0
B97
DDD
ED5
0A3
329
156
E5C
F12
0CD
1FD
DA5
C04
20E
406
1D3
1B1
109
0CF
175
04F
DCA
C52
D7A
305
282
D19
F1B
209
029
ED2
C94
C98
F99
0E5
209
13E
EEB
32B
548
F55
C7E
F13
19A
1CA
FF7
055
1D9
1CF
1C6
0E3
B66
C00
0F2
FDD
CC2
DCB
172
325
156
E31
EA3
E9B
F43
21C
F0D
DB7
32F
535
2A8
ECA
E6D
181
082
D63
EAA
F83
FCC
2F2
1EE
D27
D76
00B
03E
D63
AAE
F4D
2EC
190
104
15F
FA2
14D
244
EAA
CF2
EF9
385
3E3
F3F
EE2
317
106
E7C
D8B
C43
DF2
0F2
118
FFA
E7F
0E0
3C3
F03
B1B
EB9
0C4
0B3
1A7
083
136
317
359
180
D60
C35
1C3
1BF
D82
E8E
1A4
267
12D
F08
D3C
DAA
DB4
012
F0E
BE4
145
506
1F0
F36
EEA
0A5
130
F21
F3B
090
0EA
374
491
E73
DEC
146
0B6
DA3
B6C
DDA
1F1
12F
04D
086
E67
EEE
1D6
E54
BAA
EF4
2E1
39A
120
F95
368
307
F2C
F30
D9A
D83
258
2CB
F99
E3E
02C
2E8
F5C
A31
CA7
FF2
F33
0D5
0A9
F9E
1BF
34D
144
DEE
CBF
106
335
E58
F2A
304
312
1F3
0F9
DBE
CE2
ED9
FDF
F92
BE0
EE5
447
17C
DE2
E68
ED5
FE4
F38
E73
F1D
0CB
39D
562
0AE
DBB
1F5
262
E73
D9D
EDE
14D
2B4
0DF
FC6
EB7
DC3
0D6
ED3
9CB
CB3
1EC
252
040
F19
11C
25F
FCC
FBE
EF4
DE5
1E5
539
0D4
F4F
243
32A
17A
C42
BF2
FB1
F2C
FB1
0DE
E2F
FD3
302
0B0
CAC
BBD
F48
26D
FDA
E0E
209
2FD
264
2A2
EC4
CF1
06E
172
08D
DE5
EB5
473
35B
DD0
E33
E90
DA2
EE8
E83
D28
F9B
281
3B2
07F
C71
043
2A0
EBA
DD5
FE9
0FB
3A3
374
137
FB9
F79
184
109
AE0
BCC
1E0
21D
F6E
F57
F26
056
FE2
DFE
DF5
C3D
FDE
4D3
1C8
E71
1FF
413
16E
EF2
CF8
FEE
12F
0C4
1AE
F9D
EBB
37C
21C
C30
B60
E24
05C
F70
D87
FB3
1C5
13E
217
FDE
BE1
F0C
27E
0EF
EF1
FBD
3DE
55A
07B
EB5
033
E46
F63
FC0
CAF
DE7
20E
2FB
013
C7F
DA1
169
F1D
BCD
EF3
031
16B
45F
1EF
FD0
01A
207
22C
DE7
C44
225
3BF
0A9
04D
FF8
F8C
FF1
E88
CD1
C45
E46
259
255
D3B
FDE
351
0D4
EC0
D92
E14
0C2
23D
231
135
FD0
2F3
482
E50
B6E
F4F
0A6
00E
F12
ECA
0DF
120
07D
FD5
B2F
C2E
1F8
04F
D94
FE6
2D2
42A
19D
E8F
FFB
001
013
1CE
F6F
DFC
29F
462
0CE
D9F
D6B
035
F6C
C24
D89
FAA
FE6
2A8
258
E49
E6B
1AE
0D6
E1D
C9D
0D3
4CE
225
11B
1B4
00C
0CC
129
D9E
BF9
E87
246
27E
E55
DF7
21E
0A6
CF0
D40
CBC
E7F
17D
20A
0AA
FE2
1EF
507
021
C09
F66
182
0BC
114
0C8
135
241
1AD
FCA
C18
B12
05C
124
C9E
D9C
1B0
237
161
EEF
E32
EC0
F98
12E
02D
E0F
223
6AF
2EF
E52
F08
00D
086
DC7
D4E
FAA
048
21C
2B5
E0B
C2A
FC3
094
CFF
C29
E9D
2D1
2AE
082
14B
047
FFC
251
02E
C39
F6D
347
392
0E4
E7B
199
22B
DD8
D72
D25
C70
050
1E7
F4D
EAD
03C
2E0
0FC
B63
D35
20A
0EE
102
215
0D1
26A
3CD
111
E0C
C3E
F8B
2A1
ED1
CEB
162
25F
0A1
FA7
D42
CCE
E96
FF0
01D
D68
F15
5A6
41A
E7D
F46
06A
0A6
091
F5F
FFD
10D
28B
3D1
086
BF2
F4F
1A3
DBD
BB9
DCD
09B
23F
08B
F7F
F72
E83
11B
0DC
C0E
D51
374
4A2
1D5
05C
128
333
019
D82
E7C
D56
F92
312
14A
D2D
FC3
1BB
061
C2F
ABE
F07
0DD
FD1
135
042
033
3C7
2A5
DF8
D2F
F7C
33C
190
E4B
144
3D8
160
061
E9E
BF7
DAB
030
F2E
E25
DE6
28A
3F6
E79
CF9
F9E
F6A
FC8
019
F16
0F0
359
4BD
2B7
DCD
E60
28B
FF9
C74
E57
098
1E7
1FD
F83
EB8
E2C
F0C
07D
CA4
A97
1B4
423
14A
FEC
07C
176
181
EF9
F13
E76
F9D
43F
3B9
E8C
FA8
2B6
0CB
D85
B7D
D64
04B
006
F80
074
E56
0CD
2F1
DD8
B50
E0A
1C4
266
FA3
045
3E6
2EC
102
05D
D21
D7E
193
162
E7D
E81
132
3A4
FBB
BEB
E01
E91
E10
FA4
F18
EA0
21E
40E
215
E7E
D68
18F
264
D69
E99
1FA
235
33C
1C7
E5D
E20
F2C
FC8
E95
A42
E77
3ED
108
E80
FD2
FC0
027
FBD
E1F
E1E
F70
2F6
553
0A2
E94
2F7
369
F45
D48
DC9
00E
18C
07E
0A7
F24
E95
210
F61
A06
C6A
046
18C
007
EF9
1F1
3B0
0C4
072
ED5
D22
157
3BB
027
EEC
1FE
342
20C
D2F
CC3
F37
E4D
F1E
FC0
DAD
F0E
34C
22B
E0E
C37
F36
1F3
F93
DA9
192
2D1
32C
3E6
075
DFB
011
131
FAC
D51
D27
348
3A1
EE4
ECD
F3D
E45
EF4
DF4
C9C
E21
1B7
453
1D7
DF3
060
44B
FBF
DA9
E8A
008
278
2CF
1E3
04B
F4B
10A
184
B55
AEF
FF2
13C
FDA
F3A
FE6
13A
0AD
F39
E58
CAA
E2C
44E
275
EFC
15F
3F9
33F
FE3
D53
EDE
F9B
027
0B3
F78
DCE
234
2E3
DE4
B54
CC5
014
019
D48
EE7
280
15B
2A0
1EF
D57
ECA
241
138
F2E
EB0
29E
545
165
EA2
FA9
E2D
E55
F66
D14
C9B
FE6
2D2
209
DEF
CF0
185
107
CF7
E8E
03B
157
42E
317
0DB
FA0
100
273
F13
A89
F2C
315
0E7
00C
FD5
EF9
05D
F62
DAC
BC9
C28
18F
367
F23
EEA
384
2F3
056
E4E
E3D
026
19C
1DF
1B9
FB8
0F7
4E2
0EF
AFC
CFA
F36
FD6
F23
DCC
06B
15D
065
172
D81
B7E
016
285
F4D
E88
152
4D2
41E
FE7
F42
F75
E99
058
039
CC0
F45
354
2F4
EDD
C67
EAB
094
D5F
C5B
F36
001
1EF
3D2
05D
E38
034
1FA
0DA
D0E
DC7
42D
3AE
10A
113
01F
F6B
05B
ECA
C2C
C2D
F35
3A1
0D3
C4B
05E
28C
F87
DFB
DBF
E5F
187
2CC
20B
0B0
00A
3CC
372
D12
C81
09B
0D4
0C0
FBD
F52
0FE
0D1
047
E15
ABC
CEF
239
043
D85
FDD
31A
398
0F9
E9F
F91
ECB
011
2E1
F82
DFC
35F
4BC
011
CEA
D50
FD2
FB8
C6F
E2B
F67
FE6
29D
1D3
CD2
D28
0E2
098
EC4
CC1
19F
52F
23F
0B0
0FE
F7C
023
123
DFA
C9A
F72
2B6
33C
E19
D2A
189
FC9
CDE
D7C
D2E
EBD
2AC
267
12A
F7B
0E6
3FA
035
BA7
F52
292
1BA
1F2
0BB
0B7
145
16B
F6E
BEF
A80
029
286
DBD
E19
10D
1F1
087
DF5
CFC
ED8
F76
22C
2A9
ED2
17B
590
2E2
E1C
D4F
F1B
128
F2C
E2D
043
FD6
161
27D
E1B
A97
EB0
082
EB9
D69
E9E
358
39A
07E
041
FCA
EA7
1C7
10B
DA2
F59
347
4A7
17D
CE9
F7A
16D
E02
D6E
DF8
D68
0B0
303
065
E0F
E64
131
141
CA6
BE4
1C5
2E4
26E
269
08F
0B6
20E
0DF
E3B
C2E
E71
42B
199
CFF
FDF
13F
032
E5A
C65
C69
EAB
097
264
031
DEF
33F
48F
EC5
CF2
F23
13D
24D
074
0B4
175
157
2D4
113
AF3
BFF
0A9
FEB
D99
DE7
0BF
329
0E4
E69
E7D
D77
FBA
29F
FB6
DDE
2A7
533
336
F36
DDC
127
06A
DCF
ED3
F01
F6F
373
230
D9F
C70
EA1
0CB
E71
ADD
F66
30A
1F8
1E8
12F
F39
052
220
035
DF9
E5B
322
5C4
FB7
E30
19B
00D
E8C
D88
CA4
D95
0A4
1C5
114
DDD
ED1
35E
064
BC4
D7D
016
24E
29E
129
17B
1E7
1E3
23E
DEA
AD7
FB0
319
FF8
E8D
FD6
15B
1C8
E43
CF7
D2D
CEE
139
248
E4D
FA8
469
3A5
009
D64
EAE
1B2
FEE
FEE
111
FE7
292
406
FCA
BD9
D9C
04A
000
D7E
CF9
1A5
28E
057
0B0
E5A
D54
0D5
11B
EDB
EA4
188
5ED
382
E95
F9E
102
F79
EC6
ED5
D67
042
28F
219
F16
C46
F4F
1FE
CAF
BA2
F91
10C
28A
28E
068
008
0DD
1FB
0E4
C7D
D73
437
3D6
017
FB0
0E8
10B
FC5
CED
CB1
D4D
F12
301
0A3
CD8
0D5
327
FBA
D62
CE6
FA3
210
12A
22E
1B4
050
3E0
3B5
CF0
C18
009
1C7
0AC
DAE
F65
2A8
080
F60
EA0
B99
D5B
1CD
04B
E17
FFA
339
4E5
07B
D7A
035
059
FE2
115
F78
FD5
2D0
3FD
06D
C7C
C65
099
02C
B68
DD0
0B3
0FC
1E4
08F
E71
ED9
018
148
F26
CD3
17C
5F0
25C
011
07E
FD4
069
FA3
D5F
E26
EE9
259
337
DD8
C89
110
098
D23
C11
D97
11F
1F9
19D
194
072
046
356
033
BD1
EF4
25C
2B7
0C5
F07
124
1C0
F0A
E9B
CE3
B35
F98
279
F59
E34
098
304
210
CC3
D48
0DD
07A
1A1
2D6
00F
178
4F0
286
E0C
BBC
E50
231
F55
D2F
0B5
141
0F9
100
E03
BDD
E4D
06B
0A6
E8D
E77
449
4F6
FCD
F32
FC0
FAB
11C
05F
EE1
07C
220
477
1A3
BFB
D99
0C7
E7B
C56
DB5
F3F
22C
216
046
F4C
DBE
06D
278
DC9
C70
245
4C0
2F7
0C7
071
15E
09F
E62
E6E
D03
DCF
386
2A7
DD3
E03
042
100
E81
B60
DFA
08E
102
386
1FA
EC9
18C
39A
FF2
C82
D66
1ED
395
009
F74
197
080
020
FF4
BA2
BCF
004
147
038
DB2
FCD
47E
132
D8A
ECC
EE4
074
29C
1A2
03C
1C7
395
429
E61
B63
FA6
0B9
E73
EA8
F5B
02F
1B3
07C
E25
C8C
CB9
12A
16E
C65
F6A
485
41A
170
FBD
EE8
05D
051
FF6
FE5
E49
17F
50F
0D6
C75
E3A
017
F10
D1C
C81
FA4
15C
171
2C9
ECE
D06
1B6
1C3
E24
D41
0BC
4C0
3DC
03C
0D7
087
F65
FFF
ED1
B52
E7C
299
246
F02
D4A
045
245
DAD
C34
E6A
ECB
19E
39D
112
004
19A
35A
1D4
C50
CB9
2A3
21A
F82
0DF
08A
07C
15A
F1B
BF4
B5D
E35
2E5
022
CF3
113
38E
155
F6E
DAC
E8F
0F9
1A9
221
0F3
F9C
466
46D
E3B
BED
EFF
FE0
FF0
E11
EF3
0D0
171
15E
029
B70
D2B
213
0C6
E61
F52
2D6
50A
242
F41
096
F67
F74
1D0
EE2
D62
226
3F6
0D7
DC4
C9B
FE4
FB9
C83
DAE
F49
F42
392
27E
E92
E3B
097
1F4
F53
C97
080
479
2AE
103
1A3
F63
F98
041
DF3
C75
C93
126
40E
E94
D2A
0E3
0B7
E23
DEA
D7A
F73
1EA
32C
264
FFF
FDF
446
1BC
BDF
DAD
12B
102
176
035
FBD
068
FC9
0A1
CF6
9A2
EE1
2C1
00C
EDE
0A2
270
2EF
ED4
DF5
F31
F6B
1F4
3BA
F99
F5F
3F1
336
F02
C3F
D1B
097
F01
DF3
FF8
FD5
030
35C
F79
B5E
D11
0BC
176
F9C
EC8
330
4AA
16B
0DD
F58
D5D
09E
18F
EF1
DA9
FDB
3AA
2EE
CD9
CD0
FEB
E91
D7F
E70
DFD
069
2E9
341
04A
D31
FE2
34F
F3D
D18
0A2
2C1
344
2DE
FF7
F48
F8D
F96
004
C20
BBB
1FD
38F
F1C
E7F
F19
025
F7E
DBD
E21
F4D
0B4
478
358
EE8
06B
383
143
DE4
CC4
FD0
260
129
062
0A5
E1B
03D
170
C2D
AC4
ED4
1BC
210
EFA
F70
2D7
1CC
FC0
F84
DF1
E34
320
2DD
089
F83
1A5
419
F91
BC5
D45
F77
E90
018
FA1
EC1
103
23C
043
CB7
B8B
0D3
35F
F00
F75
2E1
350
30C
1C7
E5F
E3C
F4E
13F
0EE
D1F
F61
421
1D0
D76
DA4
D7F
EE3
F41
E5F
F2B
01A
2E9
4F6
02F
C23
FF9
1D6
073
ECD
F58
255
357
185
0E2
E9A
CD0
014
001
B66
CD6
0F2
2D5
19A
D85
ED2
09B
E96
F72
F6E
D79
163
632
2FB
FBB
F28
1A0
231
DC4
C68
035
0F2
0D4
221
EED
D34
004
002
DDF
B3D
CE4
318
2EE
F36
11C
158
0E1
193
FE1
D86
E99
1BF
421
1C3
DAB
196
333
EEC
CBE
D00
D5F
FFD
0CF
FEE
F0A
F1E
223
278
C55
B71
0F7
195
158
0DE
0E0
2F7
31F
0E5
F53
C58
DA8
2D2
07A
D1F
FD0
26A
235
F19
C1A
D21
EA6
F11
10F
FAA
E78
364
538
0B4
DAB
E89
143
173
EA7
F9E
22E
105
319
204
C50
C68
001
FE8
D3A
C0D
FDA
374
162
E72
F48
E8E
EFB
174
EE7
EA4
134
462
4A6
F7C
DE8
1B0
0F6
DC3
E54
E44
FAD
264
1EA
FA1
CE2
DF7
107
F9B
AAA
DD9
26B
23D
27D
120
FBA
14E
160
069
EAF
D3E
19F
571
0CD
E8E
00A
0B6
FD7
D54
C1D
DEE
F78
113
254
E06
DDB
315
1E0
D9F
CA1
F4E
298
301
0FF
22E
150
099
2DC
FAA
B4E
E18
1F5
195
F2E
E3D
0D4
1B3
E7C
D2B
D41
C78
0B6
29C
01B
F74
1FB
49D
275
CB0
DFD
18B
0DF
03C
1ED
FB9
16E
2D2
080
D62
AEC
E19
1AA
E8D
C79
0DB
282
178
0EF
E4F
D7C
FF2
111
18D
F27
F11
50B
537
EEE
E18
F4E
F5D
FBD
E66
E88
F8D
112
376
0D4
BC6
D54
136
F7F
D08
E95
139
403
2CC
11F
09E
E87
06E
2B3
E04
CE3
260
3FC
247
EA6
DF5
FF1
F2F
D58
E41
CED
E35
39A
2D5
ED8
DE5
063
282
F58
C5A
FAA
2A6
1F9
3DC
1A9
EB1
0C1
1FB
F0B
C0A
C1B
130
33F
F12
E20
0F4
F81
F9C
EAD
C9F
D61
0CE
3BD
2F5
EE1
060
4F7
155
D25
E57
F0F
0E9
27C
15A
FD8
FBA
0F9
293
D08
9AB
E24
12C
FBC
025
026
179
2A4
0C3
F16
E0F
D41
281
3C2
F40
FEF
402
337
081
D1F
D49
F1C
ED7
FAF
042
DC4
FC8
3F6
FD3
BCD
CBC
F56
14F
F8D
F04
28A
233
2D5
353
EC6
CC7
048
1EE
00C
E3B
F6E
3F2
2A2
E5E
DEE
DB3
D93
034
EDB
CDA
EC5
2C8
43D
077
CCA
F80
28A
F89
EF0
0DE
07F
32A
3D6
16A
E5A
D35
0EC
0C5
B8C
C18
157
220
048
FA7
E1B
E0A
F3F
F39
E59
D03
F91
56B
3E8
EF6
0AB
212
110
FA6
E0D
E7E
0D4
1D9
339
FC9
C03
087
191
CD3
B37
D5E
09B
230
036
047
0A3
FCD
16B
129
C1B
DFC
32A
3F0
18E
FA8
118
2D3
01A
D98
DAA
C8C
F2F
308
032
DE3
F63
212
19D
CDC
B5F
001
1A9
089
24D
13E
09B
3D3
2C5
EA1
C9E
DA6
2A9
1ED
DA7
FC3
202
062
F6D
E44
B0F
D1C
034
0D9
FA2
E02
23F
523
FF8
D7C
F1A
031
0F0
18A
030
170
1E2
360
2AF
C8D
B3B
04A
0CF
D1A
DAE
F2A
1F4
22C
FFC
E22
CC5
DE0
20B
0B3
C76
168
4CE
3E0
0E0
EA2
F70
03C
EB4
FF3
EF5
E26
325
454
EAF
C21
E28
003
F5F
C59
D66
1AB
16E
27F
298
DD3
E93
237
131
E7C
E18
207
553
247
F17
037
F33
EC0
034
D77
BF9
F84
296
29E
E69
D03
1A2
17A
D3F
DC9
F24
02F
394
3FC
0D2
F90
048
26D
043
B00
E3A
272
1A1
039
FE1
EE6
018
01C
E71
C63
BE3
075
41C
033
EC1
209
2E8
0B1
F81
DE8
F2E
0E7
2B0
300
F85
EE4
3A8
1A1
BF6
BDC
DB2
055
01C
F19
018
03C
008
289
F3D
A9C
ED6
332
1EE
FED
0DA
369
375
058
ED6
E75
D58
0E8
2BB
E42
E1D
155
306
07B
BBF
C64
FB4
EF5
F14
06B
FEE
160
442
1C5
E4E
D34
043
307
FD8
DE2
297
315
148
11A
E3F
CA3
E32
043
F27
D17
DED
32F
371
E07
E38
F38
F5A
018
FEA
F55
0AB
2D9
4FC
1AE
D00
EE5
260
F1E
D86
E7E
06B
20C
138
F8E
E19
C9F
F5B
0FA
C75
BBD
1BF
3FC
271
0ED
000
14A
0EB
F71
F64
E33
F26
523
317
E0D
E43
042
00F
D97
B70
E1D
041
068
219
01C
D1F
036
261
ECA
C82
E2F
2B5
4AD
13C
095
23C
02B
15B
067
CA2
CE4
0E9
25A
0C8
D49
EEE
238
F96
C89
DA6
D52
F9D
2D0
1F5
FF5
094
2E0
396
E77
C19
0BE
1E4
0B8
12B
087
035
19A
072
E70
B48
BE6
1AB
172
D57
EE3
27B
1FD
0BB
E80
D57
FA2
0AE
2AB
12F
EBF
2A7
58F
0DC
D25
D69
F85
02F
FA6
EBA
026
FF9
1C8
1DA
C2D
A8C
016
1A5
F2F
EA6
05E
449
330
08C
0AE
DDB
E81
29B
14C
DC9
071
386
3AA
F2B
C47
E63
F92
D62
EF2
EDD
DE0
24A
413
FE5
D36
E3D
191
15E
D41
FB6
326
294
308
279
E3A
E3E
059
00B
DDC
BED
FBA
453
0E0
D72
F4E
E6C
F04
FA3
DE6
D84
0B5
384
4F9
FE9
DE1
2D2
273
E67
E4E
F7E
094
33E
1DC
FDB
DEF
E63
195
EDB
9EF
D1D
20A
1A1
0F3
F8E
FF6
0DD
0AD
029
E80
CCD
232
60B
154
F53
162
24B
118
D95
C7A
E81
F20
152
263
E20
D6E
232
130
CE1
C02
E12
22B
1C9
00B
1FA
18A
173
2F3
FBD
BBD
ED7
222
233
F82
E76
20A
232
DF4
D9E
C99
C1A
04D
1DE
F3D
EC7
0BE
3E1
1DA
C30
E37
197
05F
125
1D1
04C
1C7
373
17A
DD7
B39
E71
272
E92
CC2
0A8
1B5
0FE
064
D51
CB7
E83
10E
205
ECF
F2E
5A0
4C3
FBE
F42
F07
F89
0FA
F7B
F7C
F8C
16A
472
05D
A86
DB7
094
E5B
D6A
DAD
09B
36F
183
130
F3E
D87
0E0
27A
E82
DF4
254
473
337
F5E
EC3
FDF
E90
EAC
F37
C67
ED2
3CB
262
E47
D92
F67
120
E9E
D45
028
11F
2ED
477
145
E32
0B1
221
FD1
CB7
D0A
24B
30C
FB6
010
F52
E46
FD0
F0A
B3B
C7A
FEE
382
1D0
DC4
074
2CD
FD0
F37
EE3
E73
1A9
436
269
FB3
EB8
1FD
271
C92
B05
F50
002
080
08D
F02
F64
080
0A4
F5E
B50
D5B
3FC
327
FCC
145
267
247
14D
E93
E29
E4E
02C
30D
068
D04
17B
32F
EC8
C12
BE5
E56
037
FB4
09C
08A
05B
397
30A
CFB
CB0
11D
2B6
113
F3B
101
326
1C0
05A
EFE
AF6
D7C
1DD
F7F
D0D
F61
284
329
EF3
C7A
F51
F03
FDA
1F7
F91
F83
421
4AE
13A
D8F
DB6
17A
076
D5C
FCB
01E
0B4
2B5
FDB
C46
C70
F71
093
E03
CA3
19B
49F
14F
0F5
FE0
E69
037
155
FDB
EFF
05E
486
461
E4A
CF8
063
F45
E16
D8B
D58
009
1FF
210
FF9
C21
E8C
28F
EF3
BFD
FE9
2BF
39F
2BE
12C
00D
FA4
05C
169
C98
BFE
1FA
40C
FC9
E78
EB2
085
F7B
CDA
D5F
E7F
F2B
427
314
DD4
F9F
302
1DD
EAD
C46
F90
2E0
1F9
22A
101
E24
0BF
1B0
D26
AB6
D55
112
257
EB6
E9A
1E3
08C
FE0
030
CC0
DF7
292
413
151
F8C
1B8
469
096
CED
E6C
EF0
FBA
1C6
02B
DF8
FF6
180
0E6
BD5
A47
FB0
1C1
F08
097
16B
153
338
241
ED6
D28
F1C
30A
212
DDC
03D
3C5
1DB
F99
D80
CA4
DA3
FDC
FFC
F52
DC8
1E4
47D
EA3
C03
F29
077
0FB
04D
028
1F7
318
340
22D
D0C
C65
17E
085
D28
E36
026
285
132
E65
DDA
D25
DCB
137
FB4
C75
173
4D7
335
FCF
E27
099
14E
F7A
FE2
FF0
F59
3BA
43D
EB6
CEB
EE5
FB7
EB0
B36
D79
215
144
1D5
13D
DA0
EC7
20C
FEA
D3A
E54
2C7
585
1A0
FA2
186
FD3
F8D
024
CC9
D2B
0B1
312
1F0
D60
D2B
1B1
FBA
C1A
DB1
E91
061
39C
2A7
022
FF2
115
2DE
ED4
B30
FD1
38B
143
13B
050
F71
07F
F85
D6F
C0C
BCC
14D
360
E79
EA7
227
156
011
E08
DAF
F62
141
393
2F7
F32
0B5
4E6
08D
BD9
D0F
EF9
0B2
FFB
EE3
F95
FE0
0AB
17E
C74
A6B
01D
202
05A
F91
0E8
3D9
340
043
F66
E03
E5D
23C
216
E01
FC0
288
2B3
EFC
B70
CF2
FA8
DC9
F86
FA3
E69
20A
444
065
CEB
D75
17A
22F
E8D
FE5
33E
2CF
288
179
D59
D55
FCB
056
E57
C64
FA0
3A2
0FD
D54
E8E
DEA
EBB
05B
F72
ED0
072
3F7
53A
FD1
D6D
178
1D4
EA6
F18
F14
053
319
24E
FDC
D1F
D35
106
F00
A6A
E3F
24D
22D
1CD
F94
F7A
06E
063
0CE
E9A
DA8
29D
5CA
160
EEE
04B
0F1
FB9
D9F
CCB
E44
F02
2E8
29A
DDF
DB4
1D7
06E
D0D
C0C
EFC
2D6
256
18B
1E8
05C
0C9
2F0
ED6
B6C
F8B
2AF
234
FCE
EB1
0EB
060
DE9
E52
BE1
BF6
1A4
27B
F52
F31
168
3BC
10D
C04
E89
154
0DD
2C7
23C
F52
148
31F
091
CDB
B94
E93
219
E67
E44
108
07A
0F5
130
D58
CA4
F41
250
27A
E68
08F
5AE
286
FFD
F22
E5B
E97
0F5
0C6
F11
EC9
19D
3FD
EB6
A0A
E30
F78
E8C
ED1
EAF
037
268
258
18A
D85
D2E
276
26C
D97
F68
25F
3C8
29A
FDB
E40
ECB
E16
038
EB3
B5B
02D
418
123
E15
DCE
F6F
068
E61
EB4
04A
087
415
53F
F71
E61
16A
1AA
F3E
D0E
EC8
255
15E
0AD
04E
D11
DEA
14F
E57
B18
DD5
186
400
122
F21
1A3
155
F69
114
E52
DED
26D
4A4
19A
F1C
F0E
229
089
BB5
CAF
E47
EB6
1D9
14D
E9D
F09
100
156
E1F
B45
FCE
3C2
12B
0B6
206
123
24F
1B5
EAB
CC7
DCC
24E
3B2
DE8
E0D
237
10A
E4E
CF7
BE4
DF1
081
156
0F7
EFE
142
4B8
0AD
C20
F03
0A5
18C
1ED
01E
0F2
15B
1B1
1AB
C77
AAF
FE9
10F
E10
DE0
066
230
222
EF8
E89
DB7
E39
1F3
1C3
DC6
16F
574
396
FFE
DCA
EFF
09A
F57
FD5
007
E77
1F9
38B
E3A
B4F
E0A
010
FA2
CF0
E41
2BB
29F
286
236
E18
E8F
1FF
174
E6D
E36
1AB
535
1BA
DF6
FC6
EDA
DD4
F7C
D4C
BF4
00E
304
249
E46
D5F
12A
118
D83
E6A
FD2
086
470
3D7
072
EB9
082
23E
F4F
A9D
E75
26C
10B
0AA
F9C
E69
FC7
FC0
E10
C64
C68
240
4EC
005
EFF
27A
1C4
12D
F80
D6D
F94
180
2EB
25B
E45
F8F
35F
F99
BAE
CA9
E73
07E
0C9
FBD
01E
FDE
184
2C2
DD6
AB0
09F
384
183
0B1
0C3
34E
2F8
FDE
F53
CA1
D34
1E1
1ED
D64
EF0
1EF
184
EF1
C05
D50
F44
F91
0A1
117
EBF
2DE
56C
07E
D52
D9F
15B
21A
E7E
F8C
23B
160
278
121
C29
BD6
F8B
062
E96
D08
FD5
43D
1A4
EED
F49
DDE
F0F
22D
033
E95
0DE
41C
4BE
F66
D3A
118
066
DC2
EB0
E6A
EFB
295
1DB
FA9
CC8
D3F
152
F40
AF2
F4B
308
285
2D0
19A
F79
040
0C4
0EE
E93
C70
218
548
0AE
EA6
009
F52
FA0
DAC
C44
D72
EE9
2B7
2FB
DC2
E87
334
118
DF6
D95
F88
296
2BB
226
1CA
FDF
144
2DF
D7F
AD0
EE3
193
15F
F3F
ED5
06E
011
F36
EF2
C19
C60
2AC
2EB
FAB
FCD
260
3F1
106
D00
F35
015
025
2C2
133
E32
0E1
2BC
032
C24
AF1
EF4
0D0
E4E
F3B
123
0B1
258
229
DA9
CE1
026
315
1A8
E63
1FB
4BB
215
FD4
F7D
CD8
E6C
102
F88
DCC
EAF
1E2
3CF
E4B
B97
F1E
FA2
EDE
FC9
F6B
08E
3C0
40D
258
DFC
E09
2E4
111
CEA
F08
1A3
205
21A
F8A
DD7
D83
E5A
06F
D11
B45
153
447
0DB
F9A
FF6
039
08F
F21
F19
F54
FAA
489
4F9
F17
EDB
1B1
07E
DE7
C4A
D9D
0E0
10C
13A
05E
CB7
F9C
28B
E2D
B86
EA3
2A6
33E
167
020
24E
135
0DA
0A5
CA7
CAB
2A9
2B0
036
E96
FB7
2A5
F56
BA1
D13
DCC
F05
21E
0F8
E80
10F
336
235
E00
C0B
0FE
254
07B
1AD
17C
087
312
22D
DAD
B90
DF8
174
080
C94
FA1
2C4
156
F8F
E65
C21
E36
116
181
F7A
EEE
384
64B
00E
D7D
FD6
F87
032
06F
ED5
FA5
158
2F7
0CE
B72
BE2
0D9
F8C
C61
E4D
071
1FD
339
0B7
F59
EA7
FE9
2D6
F81
CB4
287
559
29A
083
EA5
F5F
FA1
E71
ED0
D85
D44
386
34C
DD6
D7D
FBD
0AD
EF4
D1C
F21
1F2
213
3FA
239
E8F
083
323
FA9
C86
D8B
171
346
FA9
F92
085
EDB
F63
F63
B48
C17
0F2
2FF
16F
E75
01E
38F
0B9
E52
EF9
E80
11D
3D0
246
F81
043
293
253
CDD
A9B
F26
052
F6C
055
F65
EAD
217
13F
E69
BF3
DD2
32C
266
E96
187
3E9
2C3
1D3
FA3
DB7
E61
078
14A
EFF
CEC
243
3E1
EC0
C97
D2C
DE3
F97
F5E
ED8
FBC
0F5
40E
34C
D12
DDA
27C
117
EFF
F3D
12E
394
242
0F5
F59
C84
E43
19F
D86
B55
035
2A0
238
F7A
D34
F99
F3E
F04
00A
E55
ED4
4BA
525
03A
F7F
0CA
198
FC6
CDB
EDE
00D
135
2EC
02B
CAA
EC3
10B
E8E
BD3
BDD
167
391
037
111
15C
FFC
17E
153
D2C
DE1
18C
3FD
26C
E97
05E
323
F56
D4A
DCA
BDA
E1C
1C0
11D
E93
E58
1E9
346
CCF
B70
001
12D
1B8
236
094
173
31F
2B8
FE1
C1B
D47
2ED
0DF
D45
FB2
1AA
111
0D4
DC6
C34
D2F
F53
1E5
EF1
D56
2D3
5A4
0FF
F3D
EA7
F5A
145
049
077
03F
0D6
439
2CB
C8B
CE0
03A
F84
D97
CF4
F70
1E3
175
0AF
F43
C74
F7A
290
ED1
CF0
0F0
448
48C
0CB
EEE
11D
FA7
F48
FFC
CC3
E39
31A
2BB
F2E
D11
E66
124
DDF
BDD
E70
F30
104
422
15F
F31
13E
2B3
166
D90
D00
268
3AB
0F4
0AA
099
F2B
124
F40
BC9
B43
E74
2A7
149
D46
FA1
2E6
09E
F34
E52
DED
04C
2CA
2AD
0D5
F8C
353
444
DCF
C37
F3F
04C
031
FF6
E72
05A
0E6
14D
F33
9F9
C5A
248
075
E70
060
1F5
3E1
28A
FCD
F7E
EDB
056
38A
F47
DD3
2F8
435
0EA
DFD
D1E
ED3
E9A
DE5
EDF
E93
F13
3F0
295
D69
DA6
036
134
F46
DF6
142
354
283
35D
0B5
D2B
075
1C2
DEC
C1E
E2C
28A
2EA
EDA
E82
FCB
DD0
E96
F4C
BE5
EBD
341
405
1AC
EA3
0F8
3E6
FAD
D95
F28
F53
1AD
372
107
EC2
F8E
17F
016
B05
A9E
07A
169
F2B
045
002
05E
218
067
E73
D5E
F6F
443
250
EA5
1F7
3AE
1E6
F89
D8E
D30
F80
03D
199
EBB
D7A
27A
2E4
D13
BC7
E29
F69
08D
F62
054
214
225
3A9
172
CC1
E1C
2B1
085
EA2
F40
1CE
36A
0D2
EDF
E2E
CB6
ECD
0C2
D1F
CB1
114
395
1E6
ED6
E1A
107
FCD
ECF
06C
F7A
115
5C0
405
F86
E24
11E
18F
DBD
B69
F98
165
0B7
181
F70
CC4
FA0
0BA
E0B
BBA
DEE
396
3EA
F5E
0BD
23E
0C4
133
FBB
CE9
E8E
251
3FA
11E
DA9
070
30E
E07
C09
CD9
D82
FFF
12A
003
FB4
028
2B4
276
C58
C77
215
222
0FD
0D8
11D
2D5
25A
06E
EEF
BFB
D9E
232
FCC
C4F
037
274
187
EAD
CB9
DE2
EC6
FCB
153
EED
F51
45D
4DD
F25
D9E
F2A
1B1
0CF
DDD
05E
0FD
120
359
0F2
B7E
D07
093
EF8
C98
CDC
137
3E3
08B
016
037
EB9
0C1
184
DC5
E43
209
55E
393
ECF
F89
23E
010
D3D
DE5
CAB
F5F
2E9
154
EC1
DC1
03E
233
CDD
B4D
FFB
1FD
1A3
28E
0DF
079
232
1D9
084
C4E
D90
376
2B8
ED0
FC3
1EB
0B2
FA1
D2E
C32
D05
F64
255
064
D55
265
467
00D
D6A
DE9
FE4
1EA
10C
144
12B
16D
3AA
2CE
C42
BFC
083
05B
EC6
D5A
F8A
25A
10B
F71
ECD
BD3
E76
28E
F5B
DCA
102
42B
43E
084
EB8
0C5
027
F87
0C4
E0E
EFD
383
34F
F67
C68
DD0
145
DFA
B13
E81
05F
107
32B
0EF
E8A
F42
1AA
0BC
D99
D68
307
4D3
0E6
06C
0CF
045
09D
F0D
CB7
C27
F36
2D1
14C
CCC
F4B
2CE
FC6
D5C
D13
DBD
08B
251
209
154
F91
327
441
E66
C27
056
187
0D9
F9E
FD6
0C8
136
06F
F1A
B0E
C01
170
0C9
DED
F8D
264
37D
120
E61
F09
F32
FE9
2B6
FB3
DFB
340
51E
105
DFA
D48
01F
FAE
D1F
E93
FE2
FBB
310
1C2
C67
CF9
00E
0AD
E87
D11
14B
4BF
275
1E0
0D4
EA5
0D3
17B
E9A
D2F
F65
377
42E
E64
DEF
0BE
F8C
DB9
D76
C72
E6E
231
297
069
E50
088
39D
FD1
C1B
F99
1CD
270
2BB
0DF
09A
126
133
058
C3A
AD6
104
22C
E67
EC3
05F
172
10C
E12
D00
D59
EDB
2F1
1BB
E3B
184
57E
243
F0F
D6E
F54
102
FB1
FD5
FDD
F00
25A
2B4
CE8
B13
E6E
036
F5B
CDB
F2F
31B
205
13F
126
D4B
E5B
26A
112
E26
F80
2EA
540
0E5
D8B
04C
F20
E02
F4D
D42
CE9
17A
31D
112
CBB
DC2
1D3
FD6
C30
E28
08D
1C0
3F5
2E5
FC4
052
18A
239
E97
B48
052
3CE
08F
FA3
040
F6F
081
F14
D06
C35
CC1
1B8
339
DD9
F19
373
1E3
F48
E2F
DDD
08E
184
27A
1BD
FAB
1CB
4F7
F7E
B49
D1B
FD5
00E
E95
E81
0B1
15D
0BA
0C2
CB9
B9A
0E4
1DB
EB5
F6E
1F0
553
2F7
F18
FA1
F8C
F49
147
FCE
D70
117
39D
26A
E3C
C52
F6E
077
C8F
D6C
F55
F99
2FD
359
F88
E51
F89
26C
FFA
C17
FA5
438
307
131
171
F0A
06F
05C
EC3
C4C
C49
0D5
3F5
F1F
D53
124
114
F18
DD3
C69
EDA
18B
30A
2C1
FEA
03F
4C1
16C
CB4
DCA
006
1AF
0F0
F78
05C
097
053
0D8
C88
9E6
F21
1E2
EFE
E8F
030
334
2FA
FAB
E47
F20
EAC
24B
2C2
E5A
068
45E
3AC
F90
C24
E56
0AD
DC3
E02
F38
EA3
186
3A1
F5D
C95
E13
09F
0FB
CC1
E35
2FB
379
21F
272
F38
F38
17E
053
E19
D54
06C
533
10C
D7D
FCD
FC6
E61
E33
CAC
D01
FE7
27F
2CC
F7B
E34
36D
2A2
DD3
DC1
035
194
2D8
1E8
0B7
0E2
103
207
F52
9C5
D8F
1FE
FE6
E10
EFE
0CC
244
F31
E11
D56
CC4
07B
387
F35
F8A
34D
4D5
184
DAB
DFC
145
01F
F41
0F5
EFC
054
3B4
059
C48
CD7
E9A
087
DB0
C5F
125
2EA
19B
24C
F71
DB9
135
1CF
F42
E2B
029
55F
44D
E74
FE3
073
ECB
F29
DA6
C33
EC3
1BD
2EB
FAD
C7A
025
275
D50
BDA
F26
0E1
302
266
183
0C2
0D3
25C
118
C1E
CD1
242
1CA
FE7
F8C
008
1A9
02A
D87
D0C
BE1
ECA
301
023
DB9
170
3E6
1CB
E92
D41
01E
11E
09F
1E9
079
FE9
43F
30D
D8B
C0F
E71
0BB
F91
CB9
F6F
1FE
0E4
137
F4D
BE1
E84
12F
FDD
E1A
EC3
3C8
57D
0A0
F89
0F6
F9E
00D
FF7
D87
EBA
1E5
389
14A
C7E
DF6
220
E97
B80
DA8
E6E
11D
2B2
129
FF7
FC3
1A3
2D2
DB7
C0A
225
43C
1F1
0E0
07F
143
138
E98
D96
C1A
D29
270
1A4
D0E
F39
2C2
137
EAF
BFB
DF1
05E
05B
1B9
15C
F52
397
4D1
FB1
C96
EAA
176
12D
E4F
EF7
20D
152
126
FE3
BC8
C2E
015
041
DF2
D88
16D
4CC
10B
E85
FBD
F4B
F3C
16F
F2A
EE8
208
473
389
E79
D24
198
068
C67
D32
E7F
FF5
236
120
F03
DEC
ED8
192
E28
AB1
F63
42B
231
14C
151
19D
1BC
06D
F21
DCF
D94
261
428
E8C
E41
175
179
E9D
BF0
C22
EFD
FE0
06B
0F9
E91
0C9
43E
0A8
C87
DD9
144
2F8
094
FA9
2F5
26A
178
19C
D1D
C07
F8B
115
E79
D2B
F61
42D
211
D18
DDE
EB9
E2F
062
FBE
ED4
0C1
413
4AA
0D1
D1E
0E8
2F2
E50
DCF
029
0BC
22A
1D7
F13
DCE
DDD
074
FD8
A94
C8E
29A
293
078
FE7
047
0C1
13F
F56
EAE
DD1
111
5C6
222
E1A
1A3
25D
04B
CBD
C28
E96
FE0
078
109
E8B
E33
2C5
16C
C25
BD9
F1A
244
13D
F04
1EF
312
213
2B8
013
C69
00A
293
096
DE1
F03
376
2C7
E63
CA5
E36
D86
F43
00D
D57
F15
25E
39F
122
CCE
E62
2CC
FE6
E36
068
163
2C0
3F4
0AB
F4E
E76
FDA
090
C5B
B0B
1F9
2B6
06B
EFE
EB8
F55
FB7
E77
DDD
DB6
F40
47F
38F
ED6
0EB
30E
1BC
F60
D0D
EA9
13E
0CA
215
05F
D96
154
20E
D4A
AD2
D57
116
174
E73
FB3
2C2
192
136
09B
D1B
DE7
2A4
288
019
F2F
2E8
567
0F2
CD7
EF5
E93
E88
059
DF2
E4F
106
2BC
14F
C92
BC4
0D5
079
D23
F3D
123
243
362
22A
F8D
EF9
049
24A
F69
C2A
129
4DA
1D1
FB8
EC4
F1A
F9F
E4B
D69
D20
D2B
205
3AD
EA4
E7D
1EE
204
F0D
D0D
E54
21C
1EE
248
274
F99
0C3
37B
FAC
B06
C8F
021
1CB
F61
E88
124
0A0
F43
EEC
C5D
C1A
0F5
226
FFF
F42
155
525
323
DC3
EE0
00D
FE1
19A
050
EE3
125
2FF
289
D98
AAF
EB3
189
CD1
D30
FDB
125
246
19F
EC5
E2F
EAD
19E
11D
CA1
ECF
552
3BC
089
FC1
F7C
0C4
FBA
E0B
DE6
DC6
097
41E
F5B
C55
01C
0EF
EF3
C94
C6F
0B5
245
181
28A
104
041
377
1F2
D14
D59
0E5
342
131
E8A
0B8
290
F45
F54
D8A
B27
E2B
170
01E
E8C
F43
2CE
379
D66
C5A
FEF
FB6
0B4
1D6
05A
14B
39F
38A
07E
C49
DB3
269
F31
CB7
F43
126
1E3
0FE
E29
D30
D8E
F44
05D
D4F
D29
3A8
53D
140
F58
FF8
15D
137
EA3
E95
F79
08E
48C
346
D96
EC5
0EC
F92
CC1
B4D
ED3
17E
0C9
061
089
F10
11B
1F4
D57
C8F
010
350
393
FE1
08B
3E8
1D9
F50
F5A
C97
E57
1DD
119
EF9
E48
0D7
381
E72
A4B
E1A
FE7
E9D
06E
FF0
FD7
2AB
35C
1F1
DED
D75
250
26D
DF2
F26
253
2C6
286
F4F
D6A
E05
E43
F8C
EAE
B8B
006
4A4
107
E77
EA8
FCC
0CA
EB8
E31
019
0FB
39C
52B
FB1
E58
235
1D8
E2D
C37
DED
2A5
1F8
F89
01E
F06
F1D
0FB
DC8
A95
D89
19E
3A1
026
EA1
2A2
36F
00A
F5A
EBA
EC5
20A
32B
0DA
FC2
070
415
126
B07
C65
FB1
EE5
F02
F08
F7A
04D
1C9
103
E17
BFE
FFA
349
F55
E4D
2DA
420
352
0FA
F0F
F51
FC3
F8C
026
D5B
E93
476
2EE
DAD
D6A
E3E
048
E62
C62
EB1
03D
179
41A
0F7
D1E
0C1
2E2
040
D2F
DEF
2BB
43D
0A9
05D
101
F81
073
FCB
B92
C7B
085
283
11F
CD7
FC2
2FA
FAD
D3E
E2E
E33
0B3
31E
1DA
0FA
113
36D
444
DD2
BA7
0DE
167
F63
00C
04F
08E
1AC
024
ED8
BA2
D07
1F2
026
BD3
FCE
36D
335
129
E55
F00
09E
F9C
167
02F
EDC
32E
5A6
042
D19
ED0
092
F65
BFF
D22
049
0D1
1D6
129
D42
DEB
15B
FDB
CFF
CAE
181
532
244
011
221
12F
059
0C8
E1D
D15
0B3
393
214
E75
DCB
2A3
09A
C0A
CAD
D96
EDF
0EC
0C0
01A
FE2
19D
357
003
AE9
FA6
364
0BD
FC3
09B
24C
36A
143
F48
DFB
C38
02B
1CC
D12
D7E
2C8
28F
03B
D04
CD6
FA4
F31
F15
031
ED0
1BE
5B0
295
DD8
F37
0F4
17D
E15
D51
10A
2E2
172
17B
F29
CD0
FD6
006
D4E
B64
E8E
384
2E5
E2F
FD5
238
FD8
FEE
F30
D77
019
337
3B6
0FA
E95
214
338
D34
B7C
E97
F6C
025
0DA
F42
F68
0A4
0D1
FC0
AE8
BFF
21B
167
F36
099
21D
367
28D
ED2
F59
E9C
F95
33A
01E
D8A
21F
450
0A3
D78
C7A
EAC
F6C
D42
E5E
F34
F82
343
32B
D80
D97
044
18F
FD6
D36
0E6
4CB
289
1A0
126
ECD
F5B
155
E9F
C7F
DEF
259
398
EB4
CD4
0A2
FE9
DE7
E14
CBC
E9E
1F8
2E1
229
F2B
015
45E
111
BD7
E3F
18E
247
1A2
09A
044
149
0AA
05C
CF3
9E3
FB8
23B
E29
E1F
0FA
245
1D7
E34
D77
E91
EDC
1B9
239
EE3
0A4
58B
331
F62
D24
F0A
1B3
EBE
DFA
028
057
152
2A2
E80
BA6
E39
03C
FB1
C5F
DCA
391
3EA
07B
0D7
036
F9A
171
059
E5E
EF5
1F6
4F5
20F
D4C
FBF
27D
E7A
D24
D09
DD8
117
167
0AC
F1A
E49
1B1
1EF
C4A
BF0
145
2D1
25B
0DE
0E8
26F
1E8
0A7
F1E
CBA
E74
351
11F
D9F
008
209
14B
E34
B94
DC5
EE5
F6B
0C9
F9F
EBA
377
46D
FE2
D0F
E9B
1F5
1A4
E7E
0AC
353
1F6
330
12E
CA9
DC6
013
FBB
D97
C5F
0D4
415
FC8
D62
EF0
EC1
F73
020
E01
ED9
1B0
48F
461
EDD
E3B
373
147
D73
E55
F33
173
276
07F
F75
EF3
F0C
148
D20
9B9
ED6
2DB
147
00C
FBF
187
1F4
F52
EDA
E23
E86
250
408
F2B
FAA
383
36B
02F
BF7
D55
02E
F57
FB0
037
F06
030
307
F22
BE5
C87
022
1E9
EBA
E14
316
32F
1FA
1C7
ED5
D94
0B5
170
FBD
DEE
FEE
4EF
29D
D0D
E1B
F42
E6D
E84
D75
D51
075
234
316
025
C32
095
312
E0E
D4B
050
2B2
397
1C6
10F
119
031
138
FC0
B77
C8E
2D7
1F1
F6D
DF5
FC4
1AE
EBD
CB2
DA9
E2C
03C
3B8
0FB
ED9
231
33E
196
D8F
CCF
20E
207
01A
0CB
120
08B
273
06E
C00
BCF
F15
171
FF4
C5E
FF5
3CE
11A
F43
EE6
D57
FD3
19E
FDE
FFE
05D
4CE
57F
F17
D06
096
08D
EDA
E20
E66
0E8
25F
1DD
FDA
C68
CFA
19D
E5F
B36
E5C
23A
2E7
215
FA1
0AC
127
FEA
0E1
EB4
CB6
2CB
4B3
0DF
F22
055
200
023
C04
C5F
EE3
EF3
122
196
DE6
F46
250
142
E22
BAB
F62
384
152
FC7
2BB
235
1DC
210
E92
CF0
EF7
1B9
221
DC0
E28
3A1
219
D64
D7C
D90
DA2
FDF
F89
F08
F6E
23D
474
150
C1A
F0C
270
FF6
F60
FC9
1D7
383
25F
0DE
EA0
CBD
023
13D
BC2
C23
158
2ED
060
E61
E79
01A
EBA
E86
F88
D65
FFA
54D
324
ED4
017
226
20C
DEA
BF7
02E
182
0C5
251
FB8
E8F
192
119
CA7
AEE
D23
1AB
261
E13
041
272
0A0
0D8
F24
CB9
F03
184
2DE
0D4
E9A
30A
535
F9D
C94
E2D
EAE
FFB
FDE
E8F
F60
077
1FA
13C
B99
BC6
15B
0D7
E10
EEB
148
42F
305
082
051
EC1
F4F
28C
FF2
CD4
18A
4DC
25F
F03
D97
F3A
F9B
D35
DC6
E6C
E64
27E
3D1
E7E
DDE
0E6
13E
FCA
C27
F5D
3A0
2A0
215
23F
FD0
0CA
1E5
F18
C0C
D4D
15D
3A0
F5B
D2C
1A0
0EB
DE6
E02
C35
D57
0A8
1BF
111
F05
07D
4C0
1F7
C31
E28
139
155
148
0FA
09F
1A5
19E
0DC
DD5
A8B
F31
21F
DB1
CAB
027
21A
24C
EEF
DA9
E77
F0C
09C
193
EB3
FFD
5BF
431
059
E6C
FAC
199
F59
D24
F9B
040
149
32E
FAC
BF9
E3F
04C
EA6
C0C
C33
218
3DB
017
063
09B
F7D
150
120
DB9
E50
1DD
4BD
2A5
E05
02E
328
F35
D2E
D3A
CFB
FFD
19C
080
F37
ECB
0F0
265
C86
ADB
00F
1B1
0EB
0E2
10C
22E
332
125
FB5
CE9
E17
324
1F0
D62
FF8
346
21D
F63
C34
D71
EC4
E35
FE2
F5B
D72
261
44B
F9F
D31
ECC
12B
107
E61
014
367
285
321
280
E3A
DF6
102
053
CF0
C2F
078
400
083
D9D
F85
EDA
E70
FF7
D4D
C8F
121
3D3
3C5
F5F
EBB
349
264
D68
EAC
F7B
0CA
388
1F6
FAC
F4F
FCE
177
E51
950
DB1
1EA
08F
EE6
FC2
083
1AF
FDF
E75
E0F
D80
1E1
4E3
FE6
F66
3E4
3EB
067
DA0
D31
03A
075
F2E
0B4
ED4
F8A
3B5
FD7
AD2
C10
F05
08A
EE3
DE0
1E5
356
218
18C
F5B
CF1
0B8
243
F83
EC9
102
4A0
392
E1F
DC6
054
E67
E6B
E7C
D0C
F4E
234
256
F44
CA4
EFF
1F2
DFC
C93
00D
233
2D8
39C
0FD
045
0AB
19D
0B9
C8C
CDE
362
392
F13
F16
023
035
F45
CF3
C5A
DC1
F16
314
163
DA7
14F
401
090
DF5
D83
035
292
18B
163
207
066
2DC
297
C69
B24
EC8
11E
FD0
D28
F28
318
088
E61
EBC
C68
E1C
188
10D
EDA
069
3C7
4F7
00E
D68
0A5
118
F99
FF6
FE9
FB1
336
2FE
FD9
C80
CDF
0C0
FED
B04
D6D
26E
1DE
19B
051
E4E
FE4
089
0A0
EE5
D94
25F
6A4
1C5
ECB
145
115
023
E44
CF5
EB8
FD4
19D
28B
DBA
D1E
1EC
084
BE0
BC9
EA1
1D6
1F5
06C
130
182
0A9
2C0
EFE
B5F
FC6
39A
275
00C
FCA
291
2B0
DFC
D50
E19
CCF
06D
166
DC7
EC5
1F4
329
00D
C13
D55
141
06F
F8F
1B5
154
2B2
49A
146
D98
E14
073
271
E05
CFF
275
368
045
ECC
D7F
D1B
EA1
F4F
E6C
D47
F4C
49F
3AC
DAE
E81
14D
0B3
FD2
EC0
FBE
257
34A
335
095
D17
011
234
D17
B18
EBA
168
20D
018
E6F
029
F3A
FDE
F5A
BD4
D4E
3F7
42D
076
005
223
388
106
CF7
F2D
FCB
0C6
3A6
166
DF6
0D9
230
F4E
BA0
ABF
FD1
0D9
E7F
F5A
17F
09C
27B
16B
CE7
CE4
052
29D
1C5
E85
146
5AA
211
EED
EF4
D98
EF4
096
F79
E48
ED0
24E
322
D1B
ACE
FBE
FF0
E7E
ED9
F63
1AA
3A6
2AB
0E3
E60
EED
303
139
C8C
FD1
382
344
174
F0F
E79
F84
E3B
ED8
D66
BE8
11B
449
F7C
DBA
FD0
0B9
087
D21
DCF
150
1B0
317
407
F92
F71
300
150
CE8
C56
FA1
309
12A
EA3
0BC
FD0
F15
FF7
D04
A64
ED1
1ED
1EB
F39
ECB
3A0
339
E33
E23
F13
F4A
22D
26E
003
08D
25D
3A6
FDE
ADB
CDF
195
EE3
DF6
F73
FD5
181
194
EBA
CF3
C93
052
2E2
E3E
E1D
444
48D
21E
FC1
E91
FC3
07C
FE8
016
E37
036
50A
1AC
C82
D43
FBC
F5C
DCC
C9D
F4A
1FE
167
245
F9B
CB6
042
278
E37
D39
056
412
436
059
045
15E
F4A
F88
FC3
BBA
DE6
24F
20E
F60
D48
FA2
1F5
E18
B93
E33
F93
13A
301
109
FA3
1DB
2EA
0FE
CD9
C87
276
321
FC5
01C
17A
0CC
101
EDB
B78
C23
EAC
1E0
00C
CB0
0D8
3A5
057
DFD
E5F
E9D
0BA
173
157
0A8
0AC
3F4
483
DD3
BD8
055
13E
F50
ED7
F56
16D
197
076
F30
BDC
C82
1C6
F7E
BE9
F82
32E
32F
0E2
EB4
F91
087
FAC
14B
FD3
E70
3AB
598
094
E56
F02
09E
FF8
C6C
CDD
05E
062
1CA
1AE
CF7
DCB
155
FC5
D33
C6E
087
4B5
1C5
054
1C0
0E0
0C6
151
E3B
D07
046
333
303
ED3
E4A
2AB
11F
BB4
C68
DA3
E92
14F
134
F6F
FBE
1A7
32A
F87
A8B
F14
35C
16B
03F
14B
221
31D
175
F20
D5B
C93
0A4
244
D9A
D4D
21A
282
FAA
D23
C96
ED2
EFF
FF9
0DB
F0E
1AF
5BA
239
D09
E97
11B
1DB
F60
ED7
16A
2FD
1DD
201
E4F
AF7
F7E
0A3
D11
C7A
F23
31C
27D
ED3
E58
FE6
E62
053
031
D6D
094
500
48A
091
E58
106
2BD
E3A
C89
F95
FA2
158
246
F10
DCF
F27
03F
FB1
AB6
BD8
29C
2B7
FD6
0F2
122
084
1C2
FA8
D97
E50
13A
518
260
E02
1A1
3A6
F58
D64
CD6
D2A
042
0D2
032
F62
E4F
1EF
28B
BDD
B94
FE5
14E
0DA
068
17C
2EA
2C8
1FE
033
C48
E32
37D
0C6
D98
035
2FD
20D
F5A
C20
D72
E24
E92
020
E47
DD9
2E3
3F1
F4E
D6E
E7E
17B
0CE
E53
05B
221
23B
3B6
1E6
D23
E4A
139
FFA
D23
C97
0B6
3DA
FFF
E74
F16
DC7
E9F
010
D41
D38
112
410
384
E95
EE8
33C
102
E19
F18
F42
12F
3EF
218
FD5
E65
FB8
1EA
D4C
9C0
E6D
1CD
05D
082
FB5
F5F
11D
030
F07
CD2
D4E
336
4C0
FB1
062
37D
2C2
085
DF9
DA5
F96
094
199
0BA
DCC
FEB
3A0
EE5
B3B
C40
EC2
0A3
FD5
EDF
179
15D
216
247
DA6
C1A
167
2F0
0BC
FFB
18C
3FF
29F
EED
E46
D7A
DC2
08F
FC8
C94
FA7
311
1DA
E0B
B67
F62
075
E69
F07
0AA
06E
383
4AF
FF0
E06
F3F
252
128
CDA
EF4
3A5
29F
038
FEB
D57
DA1
00F
EB5
C5E
D0D
150
4B0
0E5
D3F
073
0F3
F92
F39
EC0
F4D
2E6
3C8
31A
F85
E5C
2BB
16F
BE3
CA6
005
12C
1A1
079
F17
F21
F00
F77
DA7
AAC
F59
46E
17C
EFD
10D
20B
276
046
E43
EAD
ED7
222
3D4
FBF
E2A
2D4
23F
DE1
BB7
CA2
FDC
FB3
F18
01D
F91
FE0
27E
FF6
B13
DC7
189
24F
078
F77
36F
46C
150
042
ED6
D33
0B2
22E
E67
E51
0D6
387
189
C12
C8C
F54
E48
E66
F37
E5E
0CF
488
230
EF2
D1C
035
294
F95
DED
1D4
35E
2D7
2A4
F19
D92
F3E
042
F3B
BF4
D5E
3CB
358
DE0
E76
EC3
EB7
FAF
E65
DCC
FF5
26F
539
209
DB3
091
36A
FB2
D75
F0F
114
29C
293
09D
FB1
DE0
06B
067
AB1
B54
0F0
287
004
F33
F7A
13D
0E5
F06
EEC
D58
FEE
547
2A5
EF5
16A
328
199
E8B
C77
F09
07C
FD9
108
F89
DD2
1D1
1D6
C3B
B23
DAA
107
133
E85
065
2C2
15C
21B
0B9
C67
E8E
2E5
2A5
FBD
F68
2EA
47C
F6B
CA9
E04
DBA
E61
0A9
E76
D54
11E
28D
14E
C16
CAE
10D
0A3
E48
031
1DD
215
463
25C
EE8
E4E
0AC
21D
F4E
C74
10A
426
0D2
FB1
E4E
D1E
ECE
F6E
DA7
D48
E37
401
42C
E21
DFF
1CC
0D0
F73
EB5
F0A
1B5
33C
357
1AC
D92
F43
2DE
ECE
B3C
E9B
17A
1E0
098
EC9
F23
F19
F43
FF4
C64
BE5
326
460
0DE
00D
12B
270
13B
E5B
E4E
F57
FB8
40C
273
DEA
FFA
2A6
017
C76
B6E
E17
143
FC0
F96
0C6
F3B
13F
22B
D84
B86
028
317
267
F9F
0D3
475
28E
F8F
FB5
CBA
DEE
217
0EF
DC0
E9F
210
319
EC4
B00
E5A
F31
ED1
025
008
F34
314
36D
0B6
DD9
D8A
1AB
280
DE0
030
34D
256
207
008
D51
D56
FB7
046
E2A
B88
04F
462
0AA
D4B
ED8
EA3
F45
00E
EAC
F7B
128
462
4EE
EC8
D96
23A
143
DA2
E41
F97
172
2B3
0CA
F95
D6A
E04
14B
E4C
A69
EA2
2C6
242
05E
F26
044
0FE
FFF
FD5
E4E
DD8
337
59E
098
EFF
0DB
1E5
FE1
CA9
CD4
FB0
032
151
15E
D9F
E53
203
FB4
C0B
BD6
012
2DD
137
048
254
199
11C
257
E52
C4A
142
357
231
FB6
FC5
2DE
195
CF8
D33
D48
D78
179
0B7
DF3
F46
1C8
2AE
EA0
B64
EC8
1FF
0E1
085
1CF
0D7
2DF
372
006
D26
DA3
143
21B
D92
E2C
31F
253
FBC
F24
C50
D17
F58
FC2
F0A
DF4
0D0
57C
235
CB2
F6E
095
024
0A7
058
04F
237
3BB
2F3
E9A
BD7
07C
11F
C54
CBC
00C
126
1D9
FE8
E8D
E63
E2F
0ED
01A
BF0
FF7
5AA
360
073
FF9
08F
1B5
F84
F3C
F19
ED5
1ED
47B
F45
CC4
00D
07C
E17
C2A
CE2
07F
15C
0DC
1C4
F1A
ECF
2B8
0B4
C59
DD8
269
4B5
27E
FE1
1D1
1CF
F4D
FA6
E47
B58
072
30D
0BC
E47
EE8
214
11C
C7D
C19
F4A
F18
25C
2F6
F52
040
3E2
267
F46
C0A
F0E
398
0AA
F4B
215
0AD
156
197
DEF
B30
D04
05C
148
E40
DBA
2D9
27A
EC4
E7E
DE6
E5F
13A
1FC
0CD
092
23C
565
20D
C4A
E55
172
FCA
F39
F4A
F4F
1C1
202
06F
D2C
B3F
EAE
1C6
D92
D5F
218
30B
26A
0EE
F12
F22
FED
10C
11E
DD1
00D
60F
332
EFA
EB0
F4A
FBE
EB4
D78
EA5
F1F
10B
38B
F89
B89
FA3
0ED
E36
C95
E61
2AF
393
1B6
1FC
02F
E71
1FC
10D
C12
DF8
270
3AC
13A
E18
F5C
0BE
DD7
D9F
D69
C5D
FD1
415
135
E46
F61
1F8
13D
D51
CB7
164
1F2
288
38F
08C
F83
2EA
1A1
DC7
BA5
E65
2B9
127
E56
073
06E
F77
075
DBD
B00
E46
228
2C4
FDA
EF8
3CC
3DE
EEC
DF3
F2C
EF8
1CB
2A8
FDC
FB9
1C0
381
0B1
A87
C03
081
EE5
EEB
F4D
005
173
20A
02B
D6C
C76
007
3BD
FCC
E33
32B
40D
257
0AE
E36
E22
F9E
10B
0AE
E01
ED9
468
2B6
C17
CA1
E4B
F57
E75
DB4
EB4
108
289
38C
053
CD5
01F
2C0
FE4
E9C
FF6
304
41E
18D
FF1
F1A
DB1
FB6
02D
BD8
CBA
1F8
31D
034
D70
E0E
049
F09
DE9
F5E
EC2
15F
5BF
239
E52
05B
24C
16C
DDF
D19
14A
1DF
1CD
21C
F66
CED
047
06D
BFB
B3B
E7B
29C
1BF
E55
FD3
182
FBA
0BF
F7B
CAB
001
464
3C4
07F
F4A
229
377
DB9
CB1
E6F
EA1
136
24A
F88
E67
FBA
142
FB7
A85
BD2
1FA
1E5
FCA
1A4
17C
18B
294
079
DAC
DA0
0E6
459
167
DD4
232
327
028
EA8
C56
CB5
F77
099
01B
E3E
E98
3A4
2BD
C94
C45
FB5
041
15A
0A6
0D1
248
2FD
313
07C
BC1
E87
2CD
F2E
DC4
FD1
1A5
1CD
024
E1A
D70
C6F
F4B
106
D3A
D77
37F
436
07E
E66
F11
0DC
07F
F79
0CD
028
19E
551
230
CB0
E08
07A
FAE
D88
C87
010
24B
0AB
11B
EB2
C6E
FD6
1B7
DD0
CDE
071
476
433
FB6
FD6
1D6
FB1
052
04F
D29
F8E
439
2D1
F66
D69
F49
16A
D48
B7B
EAF
F4E
10A
368
FE4
DFB
025
216
049
CA3
D93
37F
416
100
1BC
166
055
1B8
F39
C88
CAA
019
2F9
0DB
CDC
02B
219
EE6
D91
CE2
CE3
04C
2AD
22D
FF5
FF9
396
3E0
D53
CE9
0DE
1A7
17A
186
026
072
17A
175
F0C
9F5
CDE
1F7
018
D3C
FF2
177
1D6
05C
DA6
D7E
E22
0E2
348
045
EB8
43F
4C7
088
E0A
E23
FC7
05B
F75
00B
F48
F46
34E
071
AB6
C33
FE1
007
E95
E24
130
3A1
20E
166
F8F
CE5
0C8
33F
FE5
E33
13C
3F8
37A
F6E
D64
FAC
E2A
ED5
F71
CF2
E66
360
28C
EC8
CB1
E4F
15E
F1B
D30
02A
18B
24E
493
177
E1E
FE8
1C6
073
CF8
D33
29A
3A3
008
F94
EDA
DA5
FA5
F1C
BC4
CC9
02F
3E8
20F
D8F
F92
22E
010
F35
F66
E99
18A
481
328
043
EAE
17C
28B
C96
B5D
FCF
099
0D0
0DD
E71
E5D
000
03D
E1A
AC9
D47
3B1
2D4
FAF
151
206
210
146
EB7
DAB
EE4
198
3ED
0C4
D6F
1D4
2FF
E39
C74
CB0
E1D
00E
FEC
FCC
F88
F6B
313
1BC
B7B
C16
18F
1CF
11B
094
18F
34B
1D0
0CE
F47
BA9
EDF
32C
F5C
CE4
02C
268
1E5
E2B
C1D
DD5
E58
F80
1D7
E7C
F55
401
437
F53
DBD
EAE
236
174
EE7
134
1C0
158
351
03A
B28
D40
09F
FCA
D74
CCC
15A
39A
027
F2C
EBF
D5B
FCB
181
E68
E9B
204
573
3B9
EB0
F3F
1AA
FB1
EE9
FBF
E95
09F
3E9
1B3
E4A
C10
EC8
18F
D0D
B7A
084
1AE
161
2AD
03F
EAC
04B
13D
019
D42
E84
4C2
48D
FD3
01C
03C
001
FC8
DE8
CBF
DCF
020
3AA
11F
C28
009
1AE
EBC
D0F
DB3
F51
21B
2FA
20E
116
FB3
300
2D1
C86
C37
1B6
262
1A8
00B
F99
049
FEE
EF1
D84
ABF
D1E
320
127
DF3
023
243
212
F67
D37
ECA
056
176
3C8
0FE
F21
33F
3EB
EBF
C4E
D75
005
0F9
EA4
007
FCB
F76
22D
FFF
B18
C39
0AA
186
FBC
EBC
261
429
1B0
021
FC3
D4F
02D
359
006
EA6
143
3BD
2D2
C81
BBC
F32
E56
DC8
FEF
DC4
F67
34B
286
EBB
C54
EEC
298
022
D66
15D
2D0
2A1
3B1
04A
D83
EFB
0F9
0A4
D6C
D2B
2B0
415
EC9
E5D
ED4
D92
F0D
F45
DB6
E17
138
4F2
313
D6B
FFD
301
095
E84
F01
F7C
263
3B1
1E4
F95
D83
FFB
1D7
C8D
AF4
FC6
1B5
0FA
036
F2E
F2B
F72
01B
F57
CE6
EE8
52C
3E8
FDD
097
1BA
1F4
016
D88
E80
FB8
0DE
38E
05D
C50
030
1F7
E23
B59
C20
F9F
1A9
04E
0D3
0C9
FA9
2B5
1EB
C76
D90
1ED
39D
257
F73
16C
2E9
062
F07
E5B
B83
E6A
2DC
057
DF1
F0B
1E6
254
D75
B8F
F18
F63
0B9
2C7
04E
087
3E9
3F3
014
C74
E22
2B3
156
E96
09D
11D
076
1C5
E95
B67
CFE
F16
128
E57
CBF
23F
43A
043
F39
EC6
E2C
0BB
1BB
017
FCA
15B
542
3E8
D42
D07
0ED
F9E
E81
E74
E7D
0B1
261
172
E89
B6F
DE5
265
E81
C96
0F3
2AA
3B7
1F3
F8E
F9D
FE8
0B9
14F
DA7
DDF
44E
42E
F7F
DED
EFA
F95
EDA
D37
DA5
EDE
058
3D6
147
C84
F4C
22F
046
DBC
E2C
14F
416
293
220
056
E43
13A
193
D05
BA7
FC1
28D
1D1
E4B
E9A
04C
EA7
EA9
E69
C05
DC8
3D4
30A
FC5
FA2
203
3B1
F64
CF8
FC4
08F
1B6
39A
062
ECC
119
242
F63
B09
B6C
117
173
EBC
027
0CD
036
16C
057
C76
D6F
090
3D6
22B
E94
1B1
45D
137
F37
EB1
D3B
FA5
14D
01C
EC1
ECB
2CB
29B
C7A
B4D
EDF
EE8
FB8
FC6
FBC
144
32C
30F
0C3
C52
E4E
39C
142
E96
0D3
263
2A5
195
E66
D2B
DA4
EF5
12A
E1F
C83
216
3B2
00E
D63
DE6
F16
041
EF7
FDC
012
104
540
41B
D91
E8D
19D
090
ECD
DEA
FC5
261
178
0AA
F76
BC2
E58
10B
D45
BAE
F4F
2E2
3F6
098
F14
09D
FBB
06E
10A
DF0
ECE
3E7
4C1
12E
E60
F91
1F8
EEF
BC4
DE3
E8D
01F
320
06E
D39
EE7
0C6
0A2
CEC
BD0
159
41A
1B7
20A
143
013
1A7
128
DD5
D2F
F41
40C
2D0
D89
F7E
23B
F7E
E1C
D1A
BC6
E78
126
20E
010
DC4
1B3
44C
F0A
C85
FC4
0CA
204
2D3
0D7
10E
18B
227
146
BB6
B73
144
0E0
E16
ED4
032
151
0C0
E22
D1C
CE5
F28
2D6
125
E57
295
521
222
F9F
DEB
F28
0CE
047
0E6
035
F5F
33A
34A
CC0
B4D
E80
FCB
F6C
D58
EC9
1CE
1A4
1E8
0CE
C8B
E49
275
0C7
EE0
FE6
2E2
554
10D
ED8
FF7
E3E
F25
0F8
D85
D05
143
34F
0F6
D71
C9D
060
F3D
CFD
F83
F92
078
4A0
34F
F76
F00
059
276
F4C
BF8
096
3A3
212
10F
F91
DBC
F43
006
D95
BB8
CB7
2A4
3D9
F04
E70
118
048
02A
EC5
DD7
FC2
24A
454
2E1
E65
FF6
3CC
F81
BD9
DE3
F2D
137
152
F65
F8A
E29
026
11B
C20
A9F
068
2AD
134
06D
072
275
29B
FF8
F96
DCA
ED4
3A4
344
E70
FF3
2A6
1F8
E89
BCB
CC7
EFF
F7F
179
009
E2B
1C6
398
F21
C12
DBE
132
26B
FF1
02C
2FF
1CA
346
1C4
D2A
CB3
0CA
1BF
F9B
DB0
F98
3C5
060
DA2
DC4
C7B
E5A
129
F7B
E86
07A
3D9
471
FAE
C9D
109
15F
F58
089
030
05F
32D
2C0
F7C
C54
D1A
118
FB0
B04
E54
211
187
181
F55
D82
F0F
00B
0D6
ED5
D73
2C9
61C
1DF
F3C
06A
064
052
F08
DC6
EA9
F8C
2EB
324
CD7
C7C
0E5
FB0
CE2
CBC
E9A
236
236
1B4
118
F25
006
317
F94
C3B
FFB
37E
364
11A
F38
0FE
0C7
E9A
EDD
CB5
BB0
16C
32C
EDD
E77
010
185
036
C66
DBA
005
079
3A8
2E1
FC5
10A
401
1EB
E06
B5E
FBB
26A
FBB
F00
086
F40
053
0F7
CA1
AF6
DD5
12E
1D7
E94
F88
46F
29B
FA5
F9C
E30
EDE
229
212
014
FCE
1E4
4C6
000
AFD
E03
F1C
EB5
ECF
E9A
F5B
126
1CB
198
D19
B84
185
271
EBB
F0F
2AF
3B4
372
0EC
EE1
EB2
F5E
12C
04F
C21
FDF
42A
1B6
E15
CF0
DF0
F98
E12
DC9
F52
EFF
2EA
55D
FF3
D10
048
19E
04A
DAE
EA1
37A
300
1E1
1E2
E17
DD5
11A
FC1
BDF
C72
05B
32C
0CB
E0A
FB8
096
ECC
09B
E14
C4A
165
496
3A0
FF8
F69
2D8
2DC
D96
DAD
F47
F3E
252
21A
F19
E4C
FB6
131
E18
9B1
CCA
1DF
0CD
02B
102
06E
199
1DC
005
DA2
DA4
1A0
4FD
027
EDB
30F
244
FFD
DEA
C8C
D2E
F76
051
0ED
E1A
EC8
3AB
1B5
C1F
D16
F47
0F4
0F2
016
0FF
225
25D
3B5
FCB
B86
F5E
27F
FB3
ECF
FC5
24C
23F
ECC
DC4
D49
BDD
FF1
105
D5C
E90
35D
48E
15D
DC1
EF6
1C8
01F
FE1
16E
EC9
215
52E
16D
D8C
D46
F72
0AD
D16
C48
068
136
0CB
192
E55
CBD
FA4
0A5
F4E
CBF
FAB
524
429
FBC
0DA
08D
FC9
0C9
F12
D84
F1B
1FD
351
03D
BC2
FA2
134
D7F
C5B
D90
EAF
1FC
204
196
FEC
F1E
2BE
295
C19
CC3
23C
2BE
208
11A
02B
157
070
F37
DBD
B32
E0D
31F
0B5
DC1
F87
12F
13C
E47
CE9
EA5
FBA
13A
3AD
123
F62
412
3FD
FA2
C95
DB9
0E8
10B
F27
024
0B9
FA4
201
F8E
A93
BC9
03D
1CA
EF8
DD9
1F2
401
0EF
005
F87
D72
067
2B0
10C
F8F
10F
41A
3D8
D83
C97
F62
EBB
E81
EF0
DE5
FBC
265
238
F6B
BAA
E37
29A
FCD
D55
060
285
396
338
061
F37
EE5
053
1A4
E06
C57
28A
3A4
002
E93
E44
EF1
F52
E64
DCE
DE3
FAC
46C
384
E20
F37
1F5
177
F10
D6D
057
31B
22A
2E7
177
E12
01F
21B
D5A
B16
D92
1A8
22D
F44
E76
149
FFB
FB2
016
C62
D63
33F
411
1B7
012
135
484
072
CB5
E69
F33
013
2BC
05E
E4B
F68
177
0F9
C3D
A2D
F99
180
ED9
03B
0A8
0C2
2B2
200
F17
D1A
EC2
34B
2FE
E29
086
417
278
FCD
E02
C75
E08
F7F
01B
F16
D3C
193
4BA
F62
C1F
E40
F88
03F
FA5
01A
1D0
247
435
31A
D6D
CC4
19A
0F6
E04
D9D
02B
30C
18E
F2D
EA6
CCA
D41
0DF
E50
BF7
00B
3BB
355
075
E34
136
144
EF8
017
F71
F43
36A
4CD
01F
E0C
EBC
138
F23
AE2
D3E
0A9
0ED
0F7
130
E15
EDA
0FD
045
D71
C6F
102
561
1C9
FE6
28A
0C6
0D8
07D
D76
D75
EF1
254
33D
E24
DD8
293
0F7
D01
CA7
D83
F81
169
10F
0E9
074
13E
456
099
B4F
EC6
233
1F2
0AB
FED
106
2A9
0CD
F8C
CDD
B0F
FD0
231
D9C
D96
0F4
32C
223
DED
D9D
F7E
F64
183
1F9
F00
130
4EA
3BD
EDE
C99
F6B
1F3
EB9
DDA
040
048
121
28F
E6B
BD7
DA1
058
05F
CD6
DDA
3BB
3CF
0F7
0D9
F64
F1D
174
090
ECA
E9A
163
57E
221
D08
F22
0B1
E91
E29
D59
D68
0CA
26B
21D
F2B
CDF
10D
2E0
CD7
D0D
0A3
301
3DE
227
0E1
0E3
FB2
140
FE2
ACE
D0C
305
1D4
F24
E8A
F95
177
EA7
CBA
D59
D55
FF2
41A
0B8
E9F
255
3BD
18C
DA3
CFC
0F3
195
077
1D0
069
FF1
2AE
0CA
C65
B22
E06
13E
F98
D1C
088
2E9
152
0EB
EF5
D2A
F74
1F7
1AB
FDF
F52
3DE
596
FBF
DF4
ED5
E8D
FA3
FA0
E39
EAE
089
2F6
103
B24
C8A
17B
F97
D9E
FA8
0AB
32F
38D
180
03B
E08
FDB
303
E5E
C82
143
384
211
F6A
E07
F32
F36
DD7
E83
D18
D22
397
3A5
F1C
E36
033
1F8
FEF
CF3
F46
209
189
3E2
1FC
EDC
010
25A
FE7
BFA
C16
041
2DB
F97
ECE
0D6
EF1
FDE
078
C23
C3F
037
2D8
2D2
F22
056
476
276
EA2
EDA
E34
FD7
275
179
00A
F1B
0F8
310
DB3
A46
DDD
00E
F40
FD0
F99
11F
234
1E7
118
D44
CBD
23F
347
F6B
FB1
2E7
3CE
24E
E78
D78
E3E
DE8
05D
F8B
CA9
087
3F4
0C2
DF0
C55
ECA
0D7
E50
F17
0A0
0E6
3B8
471
F86
D4C
061
1A2
FC3
CCE
DE5
2F6
258
05A
018
DDF
D50
067
EB6
C15
D39
12C
4E1
1C5
D8A
175
1CE
FBB
FB8
E95
EBF
1F1
3DB
2F6
EFD
E6E
265
13D
B05
C12
EA5
FD7
123
FFE
F24
F80
029
144
F0A
AA9
E52
403
232
047
1A4
249
2F9
0E6
EFF
DDF
CDF
0C0
336
F2B
D29
185
289
F64
C05
BC6
F60
F7D
F55
10A
FA2
077
4E7
267
D99
D60
082
2DA
0C8
E38
1AC
38F
152
155
E7E
BB6
DFD
070
EDB
D3B
DA3
2AB
3D6
EEE
E02
F4F
F10
FF6
0B5
E7C
0C8
2CD
528
291
D35
EF8
2C9
F2B
D47
EBB
F6C
1A0
1FF
047
E36
D48
F23
10E
C89
B40
119
372
23C
0B5
07D
10B
165
035
FD1
D67
E89
3EF
3E2
EE5
F5E
0D8
196
EA0
B9E
D39
F13
FCE
20B
086
D7A
0E7
2F2
FB9
CDC
D4C
1C0
323
096
11D
2EB
12B
2D6
1C3
C9A
C32
FE2
1C4
FF8
D09
FE2
361
0A2
DB3
E43
CB5
EE3
160
FF4
F9A
074
3C7
550
F83
C83
09D
134
FDB
FD6
F94
105
25E
1FD
F95
C1D
BC8
0E9
FB8
B8A
DDC
19D
32C
1D6
F9C
EE1
FE0
F57
1A8
F93
D22
238
5EE
217
F6E
F30
062
081
D87
D3A
EA4
EBF
271
2C2
DF7
D3E
09F
131
E44
B94
E15
2F7
230
15B
249
078
071
2EF
FE0
CA0
D9A
1C5
3B9
01C
DAC
15C
11F
E31
E15
C73
C9D
010
200
08D
ED8
F97
4D1
28E
C74
DF1
096
0CF
231
12D
0D2
1AA
26D
28F
EBB
A26
E2C
1F3
E81
DAC
F5A
17B
24D
02C
E5E
E2C
D44
11D
243
EAB
F55
45D
4AA
1EE
E0A
EDF
119
F6B
ECF
017
E0A
072
40D
104
C92
CD5
F4D
03E
CF7
C4B
040
262
1B2
2E5
023
E54
13B
1A7
F68
DA0
F47
423
40C
EF6
FC9
09A
F20
F05
D6B
BF3
E26
116
2BF
060
C61
068
316
E7A
CC8
E92
07E
228
305
1BC
14E
0B6
2D8
1F8
BE7
B5A
091
148
FF7
F5B
F8B
0E9
04E
E8A
D88
BF9
DA6
2FD
140
E56
0E9
3A5
3A1
09B
D1F
FB9
0F6
FF4
1FA
0CE
E95
2C1
3F5
F6B
BD8
C65
FC2
025
CDC
E92
12D
105
248
133
D4B
E27
071
1F0
F9D
D74
21C
5DD
209
F93
FC2
EC1
FB4
026
DC3
D8C
EF9
22D
360
E08
C73
0F3
006
D34
D8F
E51
0D2
2C9
2B0
214
F6D
02F
36D
036
B4B
E87
1C0
2E4
0FE
F11
04A
02F
ECC
EFC
C77
AB9
0DB
338
012
EEA
073
348
1E4
D3F
E03
FDD
FF0
322
340
F69
0DE
37D
254
E2D
B89
DFE
184
EA5
E16
00E
015
0FD
198
E15
C31
D88
11E
2BA
EC9
F4D
471
467
0DF
034
EA2
EBA
0E7
097
F57
E20
048
472
139
B91
DD2
F87
E96
E6F
D3C
F2F
1E1
274
360
FE2
D0B
0EB
2EC
EA4
D73
0F1
349
340
0AC
FDC
001
E81
FA9
F74
ADC
D03
2E4
236
F52
E2F
FFD
243
F15
D43
F02
E7F
137
4E2
227
F37
109
340
1AD
C99
BC2
0FB
14C
F44
0E7
F72
F0A
150
01A
C86
B5E
DE4
2DE
12B
DA4
11B
404
286
12F
F78
DF7
FE7
131
1D5
FFF
E6E
2F5
485
E5E
C16
DD4
EF9
F3B
E2B
DF6
030
16D
31C
185
CC0
D7A
1F7
125
EA4
F5A
1BA
47D
2F2
099
027
E7D
EDA
14D
D82
BF2
021
312
1BF
E99
D38
051
FC5
D3A
E3A
DEB
F34
3BD
431
0AF
F4B
0FC
364
03A
BF9
EDC
20C
0FD
163
0D7
EDC
034
05E
EF4
BA9
B0D
042
3E3
F62
EAE
234
1F4
19E
F9C
DFD
EFE
03D
2CC
35D
EBF
04C
4C1
1FA
D65
CDA
D6A
F83
F5B
EDF
FEE
F5E
110
374
E5B
AC4
EC5
142
0A7
E95
004
3F3
449
1A0
115
F49
D72
120
1A3
D53
E4C
13F
388
149
C62
E0A
FB8
E05
EDF
E6A
DBC
114
462
27C
F7C
E35
19E
28D
D8A
DAB
17D
203
332
2AD
FE4
EDC
FB5
02D
E4E
AB5
CCD
31C
23A
EF2
FCF
057
113
00E
E2C
DB4
EFF
1D5
4EF
16A
EA1
2E3
3C4
FB5
D6D
CD2
F3E
0B7
009
0A8
F59
E65
226
133
B1A
BC8
F65
18C
07E
EB7
0D6
415
204
1A8
FD8
CF8
FA6
2A8
0AD
EA0
F91
38A
3FC
EA1
C54
F1C
E13
E58
F93
DB5
E55
287
32E
115
D1D
DD8
29A
051
D81
04F
200
2C9
3E8
15C
EF1
EC4
010
118
D08
AEE
0C1
38F
027
F14
E8E
F89
FB5
E5C
DDD
DCD
F08
401
4D6
EDD
FE2
32F
23A
F76
D14
E77
14D
0EE
1D2
0EE
E1C
01B
2AF
DBA
AC3
C29
022
22C
FAF
F02
241
1D7
0E7
0D3
D9A
D0F
179
2FC
112
EF6
0DF
51B
201
CC1
E26
E11
E5E
06D
F5A
DDE
FA1
27B
2F0
E45
B0F
048
1D7
E8D
F35
0C6
22B
3D1
312
0BD
ED0
E37
18E
10A
BE9
DDB
314
253
012
E63
DEE
F03
E58
E3D
E6C
CC5
104
557
172
E7C
099
23E
1A0
E6E
DD4
127
1AC
209
37A
F8D
E42
221
061
C07
B34
D8A
260
14B
EB0
024
0F0
043
144
EE5
BC4
EF9
302
365
091
F60
3A0
44A
F0C
D7B
DDD
DDA
075
0A7
E89
E98
027
317
098
B29
C93
146
03C
E9B
FBB
09B
2B7
38A
1B7
F8A
D5A
F9C
326
F35
D3B
1C5
3A0
26C
FE2
D3D
E43
E4D
DE7
EEC
CB6
D9A
41A
3F3
F5B
EAB
060
1F5
FC5
D66
FD0
180
253
42E
22F
DAE
02E
1DE
F35
C0F
C22
0D2
2AD
F75
F5F
05E
EEA
02F
000
C7C
CAC
0C1
432
30A
F5B
139
48F
19F
E80
EF9
E3D
FBD
21F
0AE
F2B
ED2
13A
2EA
D02
9CD
E76
04D
F50
FE3
FC3
14C
31B
1ED
0FC
DF8
D41
37E
29F
DBA
F55
30E
31C
1C5
DFF
E1E
EB3
DEA
FD1
E15
C4B
0F6
44F
084
DCD
DE6
078
0EA
E45
EE2
10E
16E
3E5
494
F35
DFF
12B
179
EC3
BBA
E8C
315
187
FA6
055
E77
E66
03B
DAA
B7E
DED
25D
405
0A4
E64
2CF
2C7
F20
F2F
E38
E92
23F
2E2
1B5
F02
F6C
329
059
A5D
C29
FB0
03F
FBF
F78
FD3
149
209
141
E68
B35
04B
409
03E
F63
234
3CB
322
FCF
DD7
EC5
E4C
028
132
CBF
E20
309
2DD
E77
C72
E00
080
F23
DE8
064
0BF
269
52B
197
DDF
FA0
183
110
DA9
CEC
23E
395
033
043
EB7
D1B
F6E
F3D
C50
C42
FCB
421
2DF
E1E
044
29B
036
F08
EDC
E2D
14F
378
389
0F7
E80
183
2AD
CF0
B26
E83
FB9
01F
FD5
F2C
019
073
154
019
B92
CA7
36C
2DA
F8D
0C3
294
3E9
1F3
EA2
EAD
E92
F29
234
FEB
D10
15E
34C
094
CC9
BE7
F01
FBB
DB3
F72
064
044
42B
326
E3F
DCA
057
231
FF5
D0A
086
44B
1F0
0FE
FBC
DA3
EB5
FD0
DDC
C28
DAD
227
438
ED6
DA8
11B
069
F51
EEC
E11
058
2E9
454
2B3
EBB
FAB
3D3
014
B84
DC3
00E
0A7
149
FE4
F86
FB8
F8B
06E
CD6
A71
03D
366
05D
FEB
0F7
343
301
F94
EF6
E67
EB2
292
2AA
E50
FBE
389
234
E18
B68
D11
FF8
E9A
E82
009
EDF
228
45B
FBC
C9E
E73
18A
1D6
DF0
F37
3CE
35A
1D7
142
DD0
D67
050
F8B
DA4
CAA
FC6
42E
184
C55
F04
07B
E6E
F3B
E04
E46
173
398
3B1
091
E57
28A
2CE
D27
CB1
F6C
184
220
0F2
F54
F19
F3E
04E
F0A
9A4
C84
28B
15A
FC4
002
144
2B7
08F
E96
EE9
E28
15E
454
07D
E4A
261
310
035
CA1
BF4
F89
F7E
E66
016
E9C
F27
3D9
10F
C92
C58
FE4
257
04C
E1D
1F6
4B0
1DF
1EE
FDF
D06
FCD
152
F19
D93
E51
30F
39C
DDC
D57
F4C
E00
ED6
EC4
D79
FB5
2E4
40B
1F9
DAA
016
3B1
FC2
D24
FB3
179
2F1
272
055
F43
EE5
FE6
0A4
B28
AD6
129
22A
06E
F79
001
18D
10D
EC4
E69
DBE
F7D
52B
341
F04
11E
3F5
240
E35
C1F
EA5
020
F6F
011
FC3
E0B
1BF
2B7
D95
B93
DA2
117
1C0
E75
03B
3FE
23E
235
13B
D94
E48
1B1
169
EFA
E11
1FD
46A
FED
C91
E7C
E26
E10
F67
DC9
E46
165
33D
31C
DAD
D9F
280
157
D9F
F2E
0E0
2A8
3B8
1BE
00B
F03
F58
179
E3C
A16
EC8
31E
0CD
F21
F03
F99
10D
F22
E2D
DD9
DF3
353
4F0
FC5
F88
34B
335
020
CEB
D9B
0FF
022
0D8
158
DE4
FEB
315
E7B
ABC
BEC
F3D
1AB
F62
ED4
2DF
2F3
15B
19B
E60
D08
15D
281
066
EF0
05D
4E4
2D4
D88
DC8
EA6
DE3
F86
E9A
D04
F82
2AD
328
F46
BD9
F98
225
E5F
DF9
0D3
21E
389
362
0C0
F0D
EFB
19F
095
B72
DC6
2B6
21C
F7D
EED
EE3
F94
F1B
DF3
D91
D45
0C5
530
150
E42
15F
2DA
0B8
E4D
D63
024
188
1B4
256
001
E96
2E2
12F
BAF
B40
EB2
190
07A
E13
04E
268
110
122
EB3
BB6
FC2
307
1D8
FB0
019
3F0
417
F11
DCB
EFE
E04
EF9
073
DE7
EBA
1EF
2BA
039
B55
D08
14B
F2B
DA2
FE8
151
28D
404
195
E93
EA2
11A
1EC
E7B
C55
23A
3AB
076
F8F
E79
EB1
F2E
E27
D2D
CCA
EF6
3FE
2A1
DB2
EF1
216
145
EC8
DCF
F68
23B
279
2DE
194
E75
170
2F8
D36
B19
DBE
103
15D
EE7
F2F
0EE
038
033
FB4
C0C
D3F
2DC
280
068
01C
310
4FB
10C
D79
F01
ED1
F72
208
F94
DD7
124
2B1
089
C89
B29
01B
042
D61
F2D
098
19F
395
235
E85
DEE
FCD
2B4
053
D5E
10A
55F
1F6
04B
F2D
DC4
EDF
F38
DFE
CEB
D26
1FE
418
E0C
D73
186
07D
F55
E3A
E26
0DE
310
320
27B
F18
FEC
3AD
007
B80
D63
10C
1E7
09A
F03
FDE
FD4
FAD
FDC
C33
AA9
16B
34F
055
F26
118
3AA
2C9
E32
E8C
F77
F47
282
1F8
E94
027
33C
188
D5D
ABB
E08
0CA
DFE
E05
0D4
055
223
2AA
E9E
D18
EB7
19F
191
E3D
FAF
4AF
3EF
020
083
E9B
E93
033
F43
DB0
D51
095
48E
F9C
BD6
F11
05E
DFA
E28
E22
F8C
2DF
3F9
2AF
FC0
EA2
2DE
22F
C19
DD7
16E
1E1
1F9
02D
F13
04A
EFC
F2C
D93
A09
EB7
3B2
109
EA2
071
1DB
1FD
F3B
DB7
F0F
FCF
28F
413
FE6
F1D
3E7
2EC
EB0
B76
D85
12B
FE7
EC2
05F
FF6
020
2CF
F7F
B17
D9C
15A
1CB
F0D
F3F
377
4C1
0D1
0BB
F63
D8A
068
10F
E76
E26
0BA
43D
1D5
B7D
D81
033
E75
D98
E6A
E15
169
371
298
F70
DE4
0FE
2E6
D9B
CF0
1A7
314
257
20E
FD4
F8A
FE3
F94
E01
B0C
D2F
373
219
DD1
F7D
101
112
F64
DA2
E05
F92
19E
45C
1BC
EFB
2A5
3BB
F54
CEA
D6B
03E
1F0
F95
FE4
029
F45
159
058
AAC
C3E
04B
14E
F9B
ECD
1BB
3B3
154
002
F9F
D9D
040
368
FBC
E8E
199
440
316
DC5
BFA
F6E
EC5
D9B
EF7
E15
F76
375
2A7
EAC
C8E
ED7
1FF
FEB
C72
17A
368
305
2D3
112
E65
FDC
098
F5D
C95
CB6
2A6
364
E30
DD3
01A
F6F
F06
E0E
CA1
EC8
1AC
426
2E5
E74
0D1
4A4
FCC
D45
E8F
FED
230
1AE
09A
092
FB2
0EB
0A0
B8D
A66
013
196
F9B
ED8
FD6
290
1AD
F3C
EEE
D3A
ED9
3C4
239
EAA
195
4BF
2B9
EC9
C81
EE2
02A
EBD
FE4
F3E
E47
225
2E4
E2C
C16
DF1
125
0C8
D54
FA6
37B
2B9
2D7
193
DCF
F35
1C4
0A2
DDA
D9C
1EF
4C0
FDA
D3C
FBD
E9B
E16
E7A
CE1
D5F
0C1
371
212
E03
EB8
34D
132
CDB
EC4
08E
1B8
362
242
05E
FDC
0DE
1ED
D33
99F
F35
2B6
FF3
ECE
F85
071
11F
F18
DBF
CF5
DA1
2CB
3D1
EB1
035
466
348
FC2
DE2
E09
07C
038
008
0DA
EB3
14A
3B1
E2C
ACC
D7C
003
03C
DFB
E44
2AB
2CA
192
1FC
E14
D77
24B
217
F02
F99
1BB
52A
22C
D6C
ECD
F00
E0D
F0C
DBC
C04
080
322
171
DED
D4C
0C8
1AF
D31
DF3
0E5
192
345
3C0
FF1
F8C
14B
188
EBB
C28
ED0
3CB
12A
EE1
018
F24
F46
FA6
D23
C43
DBF
171
402
F86
E7D
394
2E1
FB8
E4E
ED9
022
25E
23C
18C
FA1
05D
3C2
0A9
A78
CFE
01D
FFA
F40
ED6
07D
1E3
09B
000
E5C
BBA
0A0
3D5
F08
EB6
2DD
47B
323
F75
EC2
F97
F05
020
087
D46
F80
3D7
1B9
DA3
C39
F03
032
DAC
CD0
054
173
298
3F3
01B
E17
0FE
21D
FB8
D84
F57
423
333
FCE
052
F5E
E77
018
E29
B44
D56
1A0
2F6
053
D74
118
292
E5B
DC9
F3C
F53
2EE
3D4
127
003
0E4
309
196
B73
C1C
1BF
130
FC7
049
F33
05B
0F8
F26
D04
B46
F5D
36B
051
DCE
2A7
410
221
02D
DF6
ED3
0A2
116
1E3
F42
FB1
494
2D9
CB5
C3A
E87
F45
F0D
E08
F83
145
183
303
06C
BA8
F62
29F
FD5
E58
021
3D4
439
116
FC8
FB1
E55
FF1
0A5
C47
D5C
2B1
2EB
FF4
CE9
EA1
102
EE8
CBA
F17
F07
166
534
254
EFF
09D
247
25C
D48
C57
1E6
2D8
08E
101
FFF
EB6
0BE
F65
C01
B78
EB9
2BD
138
DB9
077
35E
052
F7D
E68
DDC
0CF
2AD
267
0C2
FCC
3AE
415
D6D
BD1
F47
F5D
FF4
F7E
E92
FA5
16A
0EF
F25
AFE
CE3
280
000
DC1
0BC
354
3A4
24D
FF3
EBB
EDC
0A1
1C1
E88
D74
34A
498
F09
DA5
DA7
EEB
F0A
D2D
D9A
F48
04B
42A
262
CE4
EEB
271
0A9
E4C
E53
144
406
2BD
154
047
E60
036
14A
C26
B2E
FB5
2C7
186
E1E
EAE
165
F72
E3A
EAE
D73
F03
3DB
331
FDB
031
25B
3C9
F04
BBD
FD5
14F
0EC
1B0
FAA
EBB
1A5
0E1
DD3
AD4
B8B
19D
1D9
DDC
00F
2B1
1BE
115
03A
D0D
EA9
149
2A3
12B
E6F
2F0
5B3
068
D11
E23
E40
F38
F3A
DF3
F2A
0AE
2DD
1AA
C74
C05
173
0D4
D8E
F4F
161
37C
3EB
107
04C
F04
FBE
2BC
EAC
C1B
148
405
182
ECA
DDB
F67
FCE
D52
E07
D41
E59
323
3AD
E2C
EB7
1A0
1C6
F5A
CAE
F06
293
263
264
1E7
EB2
0C9
29D
DD1
B24
CFB
064
254
EC9
E30
15C
043
F6E
FD5
C90
D4F
275
385
0CD
F6C
239
4D7
115
D30
EC7
FA6
F37
24A
05F
E86
0D3
237
0A7
C30
A7C
013
120
DE9
ED6
134
151
33B
1A1
DD1
DE5
FE0
271
0D6
D65
133
588
232
F55
EB0
DF7
F09
F34
EA5
D5A
E89
268
3E2
D96
C1B
08E
0D4
E57
EA6
EF5
1AD
35B
317
20C
EE9
F89
2F5
FCE
BD9
EBE
267
23F
0D2
ED2
F23
FEE
E59
ECA
C94
B91
1B5
495
005
F08
108
294
10A
D66
E63
058
10A
31D
31F
EB8
0BE
34A
078
B91
B70
F08
160
E9B
E93
0B2
FCB
092
175
CB8
BF0
06F
20F
111
F46
0EE
5A0
29F
F38
F23
EDD
EA6
1F9
0D8
E21
036
274
296
DEA
AB6
E74
0A6
D80
E52
013
031
343
35E
014
DF5
E8B
28B
20E
C97
F8E
47C
356
1B3
018
D98
ED4
F71
E06
D93
C99
0D6
43B
013
C95
005
06E
ED9
E3E
DC1
02F
2F9
393
34A
F63
F43
3B7
123
BF1
D8E
0BF
258
1C1
F61
F69
F83
F59
003
CBD
9B6
FE1
35E
0C2
F31
04F
211
295
F0A
DE7
FA7
FB4
248
3C2
F19
014
38F
1E2
E45
BCC
D55
0A3
F3E
EC9
0A3
F93
0CC
2CD
EB3
AC1
E6F
17A
201
F36
F81
432
416
0C3
094
E80
DCE
182
0FC
E01
E8C
184
413
08A
B87
D44
FEB
E16
E6A
EE0
F05
237
3BF
232
E73
DC2
19F
2AA
CEA
E12
2BA
33A
2C1
1A5
F22
EC7
F9F
F1D
DE5
BA1
EC1
41F
105
D75
FCA
FF4
F6F
F0B
D8C
EB3
0A8
37F
454
0A8
E39
3E0
2B5
DEF
D50
E8F
10C
18A
0A6
FF6
F8B
ED7
14C
E89
961
D5F
207
0C6
FB0
FC0
182
2D3
01A
EFB
EAC
E12
206
412
FAA
F6F
2FD
3BE
00E
C86
C82
FAD
F29
EAA
FBB
ED6
02B
3C5
03D
B6C
CBC
00C
1C4
F9E
E68
2FA
407
23C
240
F34
D2C
081
1A9
ED5
DF7
051
3F5
259
D0D
DB3
EC6
D97
ED7
E72
D58
018
3E9
2C2
F9A
D34
086
2FA
EB4
DC3
158
239
2F0
34F
FF9
E9D
F86
071
F38
AD3
D6A
330
1E2
E5D
F42
F9B
F8B
F88
DFF
DA1
E7C
1C4
4CA
14E
EBF
2A0
3DE
F44
DC1
E30
FB4
212
13B
0A1
FD6
EEF
248
FAF
A54
B7A
09D
0C7
005
EFA
05A
26E
12D
FF6
F34
CC4
0C4
48A
04F
EAB
1FC
3E6
226
E05
C1A
F42
F0E
ECD
067
E33
F28
353
1E4
D01
C16
E5A
191
FCC
DD5
1A6
2D4
220
35F
09B
D28
FD0
1EE
04D
DFA
F24
364
3AD
EF6
E07
EAA
D6F
F0C
F1F
C30
E12
264
3A5
15A
CAB
F73
2BA
F1E
D15
012
0A3
2C5
4E6
167
EC5
F6F
0CD
09F
B8C
B82
1DA
281
F88
F79
EC6
ED0
077
EB6
D8F
D03
FC6
4E2
2FD
E47
14D
41D
149
EFC
DC9
F00
138
21E
201
FAC
DBD
20E
1A8
B80
A91
F3E
085
06B
F1D
FA3
187
17C
136
FFF
BA6
ED3
432
1BA
F0E
0E6
36E
384
040
D7C
DF9
E69
EF6
15A
E70
D83
28D
2B3
E34
BB7
CD1
07C
019
E83
009
19C
1D3
486
14F
D0B
E8D
1E4
16A
EDF
E09
230
443
083
EFA
E88
CE6
F1B
FDE
CF0
D00
0F2
35C
24C
D57
E45
203
035
E2C
FA7
FAA
20B
46F
2ED
FE1
ECA
0E2
298
D87
AD5
029
232
07B
075
ED9
E4F
FAE
F78
DE6
C1B
DEE
417
374
EE9
001
2F2
18E
015
E45
E5F
03C
1C6
304
14B
E3F
1BA
2F1
D5F
B39
DDE
F2E
028
026
F58
070
0BA
161
0BF
C20
CB6
2B3
25F
FAC
03C
247
389
233
EA9
E90
E09
F11
1D9
F52
D04
1AF
385
036
C48
C05
F28
FEB
E44
016
05D
095
47E
384
E01
DF2
0DB
1F0
FC7
DA1
0C5
417
1C7
0D3
F62
C82
E49
0AD
DCB
C70
EF3
26E
361
E84
D22
0F1
FA1
EDD
FE3
E01
000
484
3E8
12E
E3C
FA3
2E6
F78
B32
F47
170
11E
1CC
FE8
D82
F3D
FBC
E9C
BFE
BD7
18F
454
FC5
F65
172
1D6
110
F7B
E48
F24
163
3D8
2B6
E29
040
3A9
FD3
C1A
C41
E17
027
078
FEB
F99
F18
157
23A
C60
AB4
0A6
29B
0EF
FF4
124
3BD
310
048
F89
DA5
E07
30D
0FE
CE9
FF7
30D
1A6
E73
BAE
DB3
F62
E63
F4C
FCF
EB9
308
439
F29
D42
F31
20E
1BB
EEB
037
359
25F
1A6
0D1
D06
D60
0DB
F98
D8E
D6D
109
3C9
FBB
CEE
F6D
ED0
EA9
FD1
E53
EB7
2AD
4E3
2C5
EE9
ECA
2D6
1A0
D14
E84
0E4
19B
2B6
125
E38
E83
F97
07E
D44
A2A
FA7
3F9
0C5
F6D
06B
091
103
0E1
E10
E5B
FF5
39D
4B6
F5C
F68
351
15D
DD3
C96
D56
FAA
0EE
05F
FB9
E5F
F7E
27D
E03
A49
E19
214
127
066
0AA
1FB
2DB
13E
07B
E04
D87
249
32B
E92
F27
23C
2C1
FF7
BE7
CCE
EAB
E58
FE7
FA3
DF0
133
495
081
CE8
DAB
048
212
F6E
F94
2D5
25C
30B
2B2
D9A
CDC
03F
104
EFE
D46
F52
3F4
1CD
D6B
E0A
E09
DDB
FE0
EFE
D5C
06C
3EA
478
035
D8D
126
285
E11
F44
0A8
0E7
339
2F9
F71
DED
E5D
0A8
FBD
A5F
CE0
31C
193
018
FB1
EC7
012
05D
EE7
E19
E06
266
5B2
105
F20
20E
1D1
F90
DCB
CFE
F6C
14A
18E
16B
E19
E04
243
FD1
A91
C4F
05A
19F
150
FF5
156
1D5
121
18B
ED0
C01
129
494
15B
F8E
0D7
282
21F
DEC
BFB
DFF
E0D
04A
121
D4A
E83
339
19A
DD2
BF4
EB1
239
07A
FCC
20E
266
29F
3F2
FC7
C95
F18
0F0
125
E06
E09
3AC
33E
F03
E44
D49
C86
F7B
FC8
DD3
F0D
238
4F7
175
C98
F53
1FA
FAC
001
010
0C7
316
46E
190
EBA
D1B
02D
151
BCD
BFD
11B
270
0E4
FC3
E24
EB0
FAC
F84
ED1
CFB
FCD
5BB
352
F48
084
1CA
15E
F66
D7F
EED
051
1F5
303
FB5
C5B
07F
15C
C2D
AE9
DC2
0F9
1F5
FD9
011
0EB
F9F
1DC
06D
BD5
EF4
3BC
32F
102
04A
213
355
02B
DC6
DB2
D29
FC9
2E2
F3B
D73
0CE
1E5
FAD
B43
BBA
08A
0A6
FB6
1DB
0A3
122
3D6
1C4
D8C
DA8
0C4
2E9
12C
DCB
1AB
2FD
032
F08
DBE
C26
ED5
FEB
F1E
DD9
F08
376
3B7
CBE
CDD
04F
FE2
FF7
0B5
FFE
1DC
381
339
08A
C57
ED6
2C8
EDF
C5B
028
1B7
1AA
140
ECA
D69
DAB
F7A
05B
CF8
D16
3E6
425
048
FA9
005
14A
09D
E4D
F74
063
169
469
2CA
CF3
F13
15C
F3E
BF4
C92
F6E
28A
079
022
FD9
DC8
053
1A3
CD8
C71
140
44C
31D
FEE
0C4
364
0A7
E98
F33
D59
F34
3F1
204
E89
EE6
105
12E
D16
A33
E7D
0AE
F86
108
01B
F23
20D
253
F14
CB4
E2F
336
318
EE5
0BD
3BD
192
0C5
EB5
C1E
DB9
FEA
0EB
F66
D14
142
399
EBE
B71
DFE
EE2
F83
0C9
FE8
100
269
3E1
2E8
D76
CCB
205
210
E2F
F51
136
2A1
1E5
F44
E1D
CAA
D89
0D1
E98
B9F
0A1
405
1E4
F2F
DF6
F8B
0D8
F60
02B
0BE
024
487
4F1
EE2
DAC
091
0FA
F3C
C6C
E63
22E
0D4
08A
FEC
CF5
D7E
171
EBC
C03
E9A
296
406
0FA
EF8
1F2
10D
FDA
048
E42
E54
31E
414
18A
E76
EF2
1DE
FF9
AFE
CF1
F6C
F92
1B9
0EE
E17
F36
119
08B
D9D
B72
0C8
4E9
150
03C
273
1AD
1EA
050
DE7
D8D
F26
21A
26B
DC1
E2E
2BC
0FE
CA6
C49
CF2
FA5
096
047
054
025
1B3
457
F84
B69
F72
2B0
19F
0CC
02E
277
2DD
0F6
F70
D35
BFC
0CB
174
D06
E36
1E1
2DF
090
D0C
D47
FDB
EFD
026
081
F03
208
61F
204
E24
E0A
0E1
1B7
E4C
DF8
182
1C3
13E
17F
D8F
BE2
F54
FCC
DF4
C6F
F03
407
29F
E52
FA9
01C
F3D
0EE
F9D
E53
179
467
4D3
0BA
D1D
120
20A
D55
CDD
EBF
F50
185
1AD
F29
DFA
E68
090
F8E
B03
D51
362
2CE
140
095
082
1D2
111
F56
EC2
DE5
179
584
104
DCD
090
1CF
EC6
CA7
BC8
E6E
03F
0A1
0FF
EC5
E71
320
1BB
C44
C77
0C9
311
264
020
1A3
325
1B7
0F6
F4E
C01
ED2
2EB
117
E73
EEE
21E
241
D84
C0C
E1F
DF9
FB8
1C3
F0B
F6C
398
3C7
03F
CD7
EA8
255
16D
EFD
132
1F2
246
2F8
F21
C62
D37
F98
0CF
DD0
C61
1F4
3E7
F2C
E3E
E92
DC5
01B
023
F50
FDF
15F
56A
438
D72
E3D
254
09A
F07
F0C
FA2
201
269
10D
E8B
BDA
E7B
15F
D14
B26
FA5
2AC
22B
0E9
ED3
029
064
050
075
E1E
ED5
4F0
4A9
FA0
F63
0DD
15A
F08
C80
DE9
00C
037
264
06B
C75
F4F
177
EAB
C27
CA0
10C
356
0BA
10A
26F
048
14B
170
D58
D38
1B3
369
1FB
E7B
05F
2FB
FA8
C61
D8B
D16
E53
216
0A4
F07
F77
1F0
2A5
D7A
A79
075
27B
07F
180
15B
1AB
340
1FA
EA2
CB6
D5F
1FF
1E7
CEF
EE6
311
142
F6B
CEB
C35
E82
F7C
064
FE9
EB5
27B
55F
036
CF0
FE3
148
164
F69
FA7
1BE
27B
24A
1AC
CAB
C06
09C
082
C92
D9E
037
318
1A0
E79
E9B
E2E
E98
0ED
F67
D47
1D7
4DD
354
FCC
DE6
1A6
1CB
E1A
EAC
FE2
00D
2ED
32F
E32
D43
F31
02D
EA1
B3D
D66
2C7
20C
09D
0A0
F37
F9C
17D
F8D
DBA
EBF
29D
5CF
0F2
E21
1CF
1CF
F0A
DFF
CEB
E55
0E2
1F6
0FD
E1D
DD0
21B
042
ADB
C30
075
1AF
211
160
0A1
1A8
1C6
193
F60
BA9
024
47F
144
EF5
092
1B5
1A9
DD4
BF0
DA2
DA1
026
1DF
DE9
E8B
344
290
E6E
CA7
DF7
1F8
115
FE6
1E2
1DF
212
41B
03E
BDD
E27
0D7
0E7
E64
DFC
24D
31D
F0E
E61
D4C
C68
F60
0D5
EEB
E60
170
476
318
D6F
E89
1EA
066
FA7
0C2
FB4
1C7
40A
1CD
EE7
BE9
F0B
189
D3A
BD9
FF8
1C4
164
06F
E26
E34
F24
FB9
FA9
D8D
E95
530
536
FFE
FA3
0EA
13F
063
DC2
EE9
FCC
12F
359
111
C22
EE8
148
E10
C05
C5B
06E
288
055
003
079
F10
146
1D7
CD3
D49
260
3FE
28E
FF0
088
2B0
063
D6A
E49
CB4
EBD
363
0EA
E0C
ECF
120
187
D05
AA0
F52
0D4
05D
1A6
12A
061
292
2D3
F9E
CC0
DCD
2B3
314
EAB
FA5
2E1
0F8
FFC
E0F
BDD
D6A
01A
0AE
FC2
D1F
17F
50C
FFB
C1B
EB5
008
133
083
08F
140
1E8
365
350
D80
C57
167
181
EAD
E1E
058
2EC
13B
F49
E46
CFE
D52
160
F9A
C42
09C
42E
2F0
FBE
D7B
05A
1BB
F74
02C
0EE
04D
3D6
519
F90
D34
E95
0AC
F93
BAD
D64
1ED
121
068
05E
D74
E04
0FF
F60
D60
D9A
1E2
5C1
1D6
E65
19E
1BC
FB2
FEF
E15
E1E
16B
2DC
23E
E58
D4E
196
FDA
AEB
BD2
ED2
008
1D1
141
FA1
F79
0B5
20C
F01
B24
FC1
488
2CE
0BA
0C0
1B4
1FD
F87
DD7
E02
D4C
0E0
328
E9C
DE2
1A2
23C
E62
B9C
C3A
07D
0A5
01D
1CB
03A
10D
461
169
C84
DB4
162
28C
055
E84
241
301
035
FF4
D74
B0E
E93
13A
F19
D8F
F34
316
23D
CDD
CA9
FEC
F8F
0C2
0F8
FD0
14C
462
3E0
025
CC4
EB5
300
F57
D63
050
15B
1F6
18E
E57
D03
D2E
F10
063
C7F
D07
340
406
057
FCD
F2C
06F
0F5
FA6
F49
FF0
18E
507
2D8
D39
ECA
160
F79
D10
C4F
F33
1B4
13E
0B9
FB2
CDA
FCE
1F0
CD2
BDD
046
365
3AA
04F
009
24F
0BC
FC5
038
D69
ED0
3A5
2E0
FCE
ECD
06E
253
E90
A84
D6A
F7A
047
1C1
0D2
ECC
0DB
206
0AD
CC1
CA2
252
3F2
015
0AB
270
161
212
FB1
CB8
D6B
F1E
29A
116
D07
F20
32E
00A
D0A
CCA
CC6
FA7
056
09B
0C2
FB5
2E2
467
ECA
B99
01B
27E
07F
F9C
FE7
294
2B5
0AF
FB3
C45
C25
0FA
FE2
D20
E33
1EE
358
085
D35
EE0
FC4
F09
10E
03F
EED
2F7
5B1
28D
E99
DDC
0F3
1C3
D4B
DD5
0CC
080
1E7
1C5
D6E
CCF
F9E
010
E75
BB8
EA8
45B
242
F3C
062
FCF
FBC
10B
F64
E89
FFE
37B
558
036
D74
12A
193
DC0
CF9
D7D
F19
1B5
12C
03E
E8C
DE6
14D
05D
AB7
D24
23D
2F2
22F
08E
0D6
299
121
069
F57
C57
0E6
481
1C0
E24
01C
1C1
0EB
D00
B40
E08
E70
075
1A8
E9A
E87
2D6
1FE
E92
C03
E82
2B7
1E7
02A
225
27F
203
2CB
FD1
BFF
DF5
0C5
178
ECA
D73
1BC
37B
E74
CD5
D75
D2B
F79
130
F2F
F84
121
479
311
D2A
D31
257
0AA
F4B
04B
0E4
2A5
29F
154
E70
C46
DEE
1D6
E2E
BCC
FED
255
1D3
F9D
D91
E83
F45
FB7
0C9
E3D
F3B
505
534
030
F10
057
12E
016
D8E
EB8
0CD
12A
2CD
16E
C9A
E1C
130
EDD
BAF
C4B
06E
38B
08B
015
139
F59
042
181
DB1
D90
204
49C
3E1
F8E
F91
2DC
0A7
D46
DC8
DAB
EAB
23D
120
ED6
E5A
FDA
29E
D95
9F9
ECA
22F
109
1E2
14A
0D8
264
1F1
05B
D5B
D2A
223
37E
F35
F80
23D
19B
057
D16
C25
D74
E3A
0F4
0FD
D38
034
4D8
125
CFF
DB8
FB7
202
07D
01E
205
1C2
2D1
3FA
E90
BED
FD2
185
F58
DED
EEB
315
25F
E03
E29
D3D
D07
068
03E
D37
EF7
2B8
400
14A
D0D
FE2
20E
F85
FA6
093
01A
2B6
3DD
15C
DC7
CFD
05C
0E9
B81
C53
0E5
11F
119
072
E10
E6E
F28
FC3
EFC
C6D
FED
624
370
F69
0B7
136
10E
FD6
D9B
EF6
FB0
21C
3F8
01E
CA0
0C8
181
D46
B1E
D16
053
1F4
075
086
062
F5F
208
0E5
C41
D4E
215
38C
1FB
F59
14A
357
04C
E8D
E13
CB8
F3A
349
045
DB0
F27
1AF
177
C18
B71
F7B
05F
043
1CB
09B
0C1
3CC
339
F23
C7E
E90
35E
18F
DFC
0B7
2C9
1A2
10D
E27
C50
D97
F36
071
E70
CE9
1E1
477
F45
D8D
E32
F57
04D
015
007
14B
188
459
384
DA2
D7E
1A3
0B4
E01
D8A
FC0
26F
16F
042
F93
BEE
E0A
10C
DE5
BE2
FAD
3A3
366
024
E99
142
0EB
F29
079
EEA
F03
44A
4CD
0AE
DB9
F65
1B5
F86
AFB
D44
FED
03A
1E3
0A3
E14
E65
0CE
FFF
CDC
BF2
0FF
597
159
02A
1F6
11E
143
08B
DCC
D6D
FE8
2EF
326
E9A
E23
2CE
08B
CCD
CCF
D2B
F1D
0C4
080
0A8
F41
0CB
3D6
FB2
B2A
EB9
287
24F
09D
0AB
234
33B
13E
066
DC1
BD2
0A2
277
E26
D8E
0EB
25A
0A4
C7F
CFF
F21
E13
0D5
120
E85
158
539
37E
EF1
D80
009
2C1
F00
EAF
1E7
1E0
260
307
E0F
C18
E81
049
F7E
C70
CE1
317
306
F8D
EDA
EB8
EF2
063
F8B
EF9
F34
2B4
5EE
2D8
D83
067
241
F50
E6B
E27
F27
1BD
18B
145
E83
C8B
FC1
0D9
BA9
B39
FD3
21F
28C
049
036
160
FEA
025
054
CA5
F68
4D2
36A
FFE
FBF
18E
210
EAD
BD5
D7F
E30
FB5
251
FEA
CBF
0D5
229
FA6
B96
C09
15A
24D
00D
183
1A1
0FA
2AD
131
D2F
CF6
03C
30E
144
D70
106
379
071
E05
D3E
C21
E98
077
01F
EE0
EB4
2AF
484
E39
C61
03A
0D3
095
0AB
04E
20D
34F
310
11C
CE1
CE9
1EA
046
C58
E27
124
24F
0BB
DF5
E00
DA5
EAB
12F
EA7
CC5
261
5B0
2A1
FFF
EB6
0E5
162
EBF
F43
FEC
007
3C6
40C
E5D
D1E
08B
09F
E12
B20
D97
228
131
010
0DF
E2B
EA8
1A9
F3E
D11
E3A
267
55C
152
EF8
28F
1DF
F89
F2A
D89
D21
127
2C0
0F7
E34
E5F
29D
053
B35
C6F
ED2
008
209
0E3
074
145
1B7
2FF
F1C
AC5
FF5
3D2
16D
03D
0EC
1D7
23D
09E
DE7
D43
C2A
FEF
1E8
DAE
DB5
297
2E4
000
C97
D31
04D
FEB
02A
157
FDB
1F1
567
252
CE2
DA4
106
208
F07
DD2
1A0
234
0DC
150
D8F
B9A
EBC
06E
EC1
D1C
E64
3F1
3A7
EE0
EC8
064
F6F
090
033
ED1
0A9
3B4
485
130
CC6
F8C
24E
DF6
CA1
E3A
F4A
18F
21A
FFD
E51
D95
0B4
076
BCA
BC1
227
300
165
10B
05D
18B
1C0
021
F5A
D1E
F79
4E9
268
E16
FA4
137
0CF
DC8
B36
D1C
F51
018
1D5
04D
D93
197
2AA
E93
C7E
DD9
217
318
05D
155
281
130
224
0EB
C2C
CF7
103
193
FDB
E0F
096
3A4
F78
CF2
DBF
C7D
E8B
19D
FCA
E86
0E5
3BC
37D
E66
C72
13F
190
FB6
07F
0D9
14B
2F9
222
FA0
BFB
D7C
17D
F87
B9A
EDD
240
21E
08F
EDD
DD7
EA6
FA3
106
F2B
D3D
339
5FB
18E
F69
F93
09D
14E
EB8
EA3
FB8
FF3
2F3
32C
D4E
D31
0D0
009
CB4
B58
E70
28E
1A0
084
0FA
EE5
FA3
2D0
F33
C84
F5B
3B3
427
10F
EF1
264
18C
ECE
E6A
D6C
CC7
139
22B
015
E47
F1C
2B0
034
B5A
CF0
02A
FB3
23A
1A5
066
1DB
32D
2A5
E63
BAD
04A
3D4
037
F42
136
153
1F9
01C
CC5
C6A
D50
064
173
CAA
E7F
3C7
2CF
F6E
DDA
DE3
FDD
0D1
04C
166
094
21C
5DA
1DB
C64
EFC
0AA
06B
E1C
D8C
078
1E4
0BF
0AA
DEE
B84
005
0DB
D9A
D2A
057
401
371
F52
00C
125
F10
121
0AD
DAE
072
446
3DA
04A
D4E
032
21C
DB3
C52
E51
EED
0D1
2CE
FB8
E0C
F45
118
0F3
BF3
CB2
2EE
32F
1AE
21E
135
151
1BF
FE7
E30
D13
F28
45B
18C
DFD
02E
1E9
045
DC6
C79
C98
FB0
099
205
011
DFD
32E
347
E8E
CEA
F18
1A7
249
044
0F8
280
1CA
24C
091
B8C
CA8
166
096
E1D
D87
09F
345
FE3
DB3
EE6
D09
EDF
1E2
F28
E89
1B0
4F1
3CC
EB5
D7D
191
0ED
EAC
02F
F77
FF8
314
2AC
E87
C6C
DB6
11D
EC5
AEF
EF7
1C8
128
150
FF2
E93
FAC
0A9
082
E8A
D95
38B
5FE
104
F9F
093
05F
019
E91
D3F
E10
FA7
2EC
202
CC3
DE3
1E3
F57
C68
C52
E98
1D0
273
18D
1B2
FF1
14F
3AD
F61
C28
FC0
2E8
2CA
019
F95
1DB
187
F29
E8C
C3D
BBE
14F
1BE
E71
E16
104
2EF
083
C6F
DC7
014
060
1D8
21A
FCD
25C
490
289
E53
C17
015
229
EC6
E61
146
085
17F
15C
D07
BE5
DBA
07C
023
C7B
EE0
4A2
26C
022
03D
ED5
FEE
131
017
F7F
FD7
297
5DA
0DA
CE8
F98
072
E91
D63
CC0
EBD
178
1CA
1BD
E2A
C64
10F
16E
CA1
D14
0E3
407
3A5
0E8
0E6
110
003
1A6
F79
BC3
F5F
3B4
282
F9A
EDF
073
150
D47
C3E
DBF
CB1
118
383
FE9
EA6
1C2
2B0
0C8
C93
D43
241
203
1CF
261
069
113
302
0DA
C8B
BA6
EE3
200
F51
CEC
0DD
224
001
F9C
D4F
BF9
EF0
182
13B
F40
F5E
47B
489
EA6
EB1
F99
FA8
0FA
06E
F52
078
22D
399
041
A5B
D69
0F0
EA9
D13
E2A
098
28F
229
015
F4A
D02
04C
2BE
DCE
D4F
2F1
492
39A
000
F62
0F6
FA8
E9E
F27
CCE
E97
3C6
23D
DDA
D90
FA7
0C0
E1C
BD8
EF9
0C6
1B2
3E9
10A
ED4
18F
2A0
FB8
D1D
D3E
2AE
40A
010
08A
0D3
FB5
0AD
F89
BA5
BBF
F6B
1FA
0FC
D08
07A
35C
008
DEE
E6D
D65
04D
2C4
1ED
076
0CF
36B
493
DDC
BF1
FBB
0AE
FED
FEB
F4E
04E
196
13B
F99
B26
B81
13A
0AF
D32
F72
207
3AA
2BE
F4D
F0F
EF4
FDD
20A
003
DC5
2B5
558
1A6
E8E
D24
F54
FB0
DA9
DB4
E85
EF5
326
2EB
D90
CC6
01C
118
EEA
CD6
FB4
3B7
2E0
285
1F0
E8C
07E
22D
FB1
C6B
DB7
223
3EB
013
DD6
0C2
F88
DE0
E59
C4A
C38
09E
2C6
1B2
E6A
F63
3C5
19F
D3D
EC8
FC8
16F
31C
23D
07C
082
229
224
DB8
A6D
EF5
18C
F1E
F61
FE4
04A
189
022
E04
C85
CCD
203
32D
E55
FA4
3EB
422
173
ED7
E25
FD6
FFA
188
100
DF1
10A
50F
052
C3D
D0E
EB6
010
DE1
D70
019
0BD
26A
303
E46
C67
0D3
20F
003
E62
FF4
4F4
40D
0DE
0E4
F4B
E71
093
F21
C2D
E1C
1B1
371
F99
C84
F86
04E
DAE
E1D
E05
DEE
250
46B
16E
F9C
FE0
2E8
229
D1B
DB3
1D6
17C
201
213
F5D
FDE
0ED
024
D1B
A09
DAF
32F
FF2
E91
06E
0E1
16A
04B
E01
D5C
EB6
1DE
412
FDB
ECD
454
463
FD2
DA2
D45
FEC
03C
FCF
FED
EAB
F9C
390
0BB
A67
C91
FE8
041
EAB
E61
180
2CF
1E0
26D
FEC
C0D
08E
2EA
FA9
E8B
0E7
3D7
3A3
F2A
E5F
F4C
DC4
F59
F57
C35
E34
2A4
2D0
FAC
C5F
E86
219
EF8
DE6
07B
090
2B7
524
190
F06
FD1
207
153
C93
C7C
1F4
275
FFB
030
EED
F24
00B
F13
CCF
B55
E4F
3CF
26E
E3E
138
2F3
11B
FC3
EA4
ECB
069
26F
3A6
0A0
E98
2D4
3C8
DB7
B95
DC8
F5E
085
F78
F29
FAF
FC5
203
127
B7E
C36
199
17D
018
017
20E
3E7
23F
0A1
FB5
D19
F3B
344
F4B
D29
114
337
224
D9A
BF8
EC7
E9B
E61
F98
DF9
EC7
432
3B6
F73
DE7
FAF
283
041
D6D
04E
27E
20A
3F4
16F
D54
EA6
05A
F4F
C87
BF0
17B
369
F8F
F32
F35
E34
FF6
FE3
D42
D57
02C
42F
3BB
E72
05C
3D7
127
E9E
EEA
E43
056
264
235
00B
DEB
08A
2D7
CF7
A63
DFB
FFF
0AE
06D
FBC
060
11B
19C
0C4
C51
CBE
395
377
FE4
0D1
2B0
2F9
23C
E7C
DAE
D35
E8C
1FC
00E
BF8
07D
34A
092
DC3
C49
EAF
036
F2F
08F
0A6
026
411
4D2
F16
D39
03B
21F
FE0
D91
FD7
333
1BE
177
0A5
CFF
D8E
07D
E5D
C62
D37
101
3F1
011
E82
063
FDF
FA8
0D2
E1A
E14
284
507
36D
F59
F20
31F
0AF
C6E
DB3
E9D
003
269
1BB
E77
E63
FCA
17C
D66
9E7
EF5
2D8
1A2
11A
0AB
09E
245
1E1
FD8
D78
D6A
273
45A
F0F
F3B
2AE
23E
FE0
D85
C67
DBE
EC5
0FA
026
CFF
097
4B1
062
D1C
DD6
F3B
191
066
02D
16F
144
37A
44C
E38
C1C
09E
154
F40
DBE
F16
2BC
1D2
F55
F10
C92
CBF
0B5
F4A
CEE
EE8
2A5
4E7
17E
E81
0B7
0FA
FB2
08C
F63
E61
296
4CF
179
E18
E28
1B0
055
B74
CC0
F7D
FC6
1D2
172
E96
E36
0A4
146
E95
B3C
060
4D9
24D
0F0
1F5
0D5
198
189
E4A
CBA
E09
1AB
36E
E81
DE9
1E7
140
DFB
CFA
C12
E5A
089
12B
127
F3B
0E6
512
140
C13
EC9
0DC
19C
10C
026
140
262
1AE
1DA
D9F
A8D
F57
195
DBD
D5C
F85
215
2A0
E7F
E27
E23
DC4
14F
124
D8E
04C
4E2
492
179
E40
021
1C9
F33
E72
F98
E8A
192
44E
F71
C4C
E18
0B7
F5D
BEA
BF1
102
15D
1A5
211
F32
EAD
245
1DE
E04
CDE
0C8
520
29F
F36
1B1
13D
F7C
01A
DA3
B8E
E83
17F
224
F0D
CDC
1C1
20C
D51
D03
E18
F3B
1E3
29E
129
0D0
210
44C
1AE
BB9
E5B
1D7
10D
021
FF6
FED
1A2
0FD
F73
D05
AA6
E90
1F7
DF0
D2B
199
32D
22B
00D
E4E
F67
F8C
0B3
216
E87
040
59A
38E
ECA
DCE
EE4
04A
EF8
D34
F5F
F6A
072
351
F2F
B9F
F2F
070
F41
CEB
D6D
23A
3B4
1C9
1AB
04C
EF8
20A
132
CFA
D9D
0F0
3D6
1DB
DE4
F40
108
E5D
E29
D00
B80
F83
34B
21A
F2A
DF5
254
2F0
DA9
CEF
071
0CC
262
34C
08A
055
233
23B
FCE
AAB
CAA
1E0
004
E6E
FE9
016
0BC
13F
E6C
C46
CD9
F7C
2EC
FE8
DE1
31A
4B0
19B
020
E7A
ED3
086
09E
0DF
EE4
F18
46D
252
C2A
C44
F19
EA9
E58
D36
EC4
119
1B9
314
061
C21
F5C
29F
F82
DFD
FED
290
487
1E3
044
FD1
E30
006
0D1
BD6
C64
240
2B6
0AA
DD3
EAF
0D5
E73
D3D
E3C
D7B
FDC
553
284
F58
038
2A4
2D2
E07
C6F
148
161
169
251
FB4
E99
1A5
0C1
CE5
B08
CA6
199
0CE
D9C
069
1DB
112
1C1
FBF
C42
E8A
187
2E9
10F
E5B
371
572
05C
E07
E58
DB3
FC6
095
E8D
EBA
FCF
302
210
B98
C11
090
F98
E99
F98
FC3
268
354
26D
FED
CE9
FF3
362
F74
CA6
099
302
2D1
107
EC9
E97
E50
EB6
F85
BF9
CBE
36F
3B4
F83
EB0
F7D
0C8
FD8
E1D
F0A
040
150
548
2F3
DFF
119
2B3
041
CB0
C3D
FB4
214
03F
08F
F73
E0E
0FB
0CC
B95
B07
F0F
279
1BE
EEC
0AB
397
170
0C4
F76
CD0
F10
308
255
F8C
F7F
266
42A
EC6
B5F
E7B
E14
E9E
0C1
E65
E31
217
317
0BA
C8D
D21
1C0
159
EA2
0A1
157
2DC
404
1C1
E45
D60
F69
172
E83
B73
0FD
310
0A6
F0B
E03
D91
F02
F2F
E8B
DCB
E7A
3F8
48C
EF3
F52
1A3
145
028
F16
E8C
122
23B
367
16C
D4D
F6F
211
DF2
ADD
CF5
F7A
1A0
0FC
FC0
048
F61
0A8
166
CC4
C34
29E
3DE
1DF
095
12A
38B
1C3
EE9
E4B
D6A
E72
308
145
D65
FC1
23E
15D
DDA
AF3
E24
FF2
FBB
107
049
F47
36A
484
F43
D11
E3D
1B6
229
E85
094
2BD
1FC
21C
068
BCA
C9E
FDF
04E
DA7
C9A
09F
44E
076
E60
F29
E34
F50
0D7
F13
EA7
183
4E2
497
F15
DC8
1E1
FDC
DF2
E08
E4D
034
2B4
1EF
EF3
CE0
EA5
143
DA7
A96
EED
22C
258
22E
0C3
099
143
10A
0C3
D85
CCF
35B
45D
054
F1C
160
14C
030
D43
CBD
DA2
EAB
1C9
138
C9C
FA7
384
055
D7A
CAC
F0E
1F3
131
164
1EA
0C0
3B2
406
DE8
C0C
F6B
0FB
FF9
E3B
F3D
298
124
FB5
ECE
B34
C4A
11E
056
D5D
EC1
2A3
4E3
10B
E22
004
02F
F8F
1C8
FA0
EC4
318
4DC
114
DBA
D5D
0DC
FDC
C28
DE9
F6E
004
2E4
1DD
E37
E2E
044
14E
E69
BCD
0E8
4AC
21D
1DA
173
FFF
0E0
163
E67
CD4
DDF
29E
3EE
E1C
E19
186
043
DD2
D4A
C71
E6A
126
247
15C
E84
11A
500
070
C5B
EA9
13F
188
230
08C
0AF
14D
1C9
1B9
C25
A7B
04E
183
E1E
E39
024
1EE
1BD
EA5
E57
DB1
E67
26E
19F
DC9
0F9
4D8
3CE
06D
DC0
FB2
0FB
F16
FCC
F92
E26
279
3FE
E7C
C2B
E1C
FD6
F97
C6F
DFE
1AD
1D1
2CE
21E
E2A
EC4
285
0D3
E05
DE0
1DB
516
1A4
F71
0A7
F72
F1C
FD9
CA1
B83
012
2CF
25D
E7C
D73
1BA
0C7
CBD
E07
EC9
018
3BF
313
028
034
198
39C
F60
ADC
E9A
1E8
028
03B
032
F4C
118
09A
E85
BAC
B85
0FD
26A
DCD
EBD
354
2FA
1B5
FE9
DCC
EC3
0C0
29D
18D
E7B
18B
580
128
D47
D4D
EB4
F74
ED7
DF4
F0A
00B
1FD
328
E34
B96
047
0DF
F74
EAE
00A
362
3AC
196
139
E72
EC2
225
02F
C2B
EE2
255
27B
0BD
D74
F24
FC0
D74
E8F
D08
C3B
213
4CD
0E8
F1C
025
289
160
D08
DF8
147
1AE
318
2EA
EBE
F34
211
062
D1C
A76
EB9
285
FF0
ED8
0AC
FDE
051
109
DF2
C3C
F22
292
31B
F8A
020
491
2F8
FA3
F45
E0C
E72
1AF
147
F4E
EC6
0D2
3F6
F56
A4A
CFE
FB8
EA5
F74
F4D
06B
2AA
302
210
E45
D0F
1BD
324
E15
EF7
271
2D2
2C1
08C
E28
E6D
E68
020
EA3
B39
F85
42B
144
E64
E6B
EDD
0AB
E82
E8E
F91
FE2
3A6
5EC
029
E3B
1E7
200
F1E
D2B
DD5
14A
1AB
0E1
183
DF5
DE8
19C
F17
A56
C82
0FA
327
14D
F23
1CB
254
002
0DB
E54
CFD
176
3DD
131
FC9
03B
31C
1E6
CB8
CA1
E96
E64
0B8
131
D97
EF6
253
1A3
E4E
B28
ECF
26A
FD9
F6A
25D
1A0
324
375
F8E
D78
DDB
101
148
D50
D95
32E
22F
F73
ED9
D01
CE8
FA8
F31
E52
DF3
135
5AD
1F5
D52
FE7
186
FA7
FEC
F00
04B
240
339
2CE
F27
C77
0FC
137
BED
BF4
F0C
151
1A2
03C
F5A
F0E
F4D
12D
F5E
BC4
F7B
49E
31A
0F3
09F
19F
256
F5A
E23
EB4
D99
190
3AF
F95
DEF
0E1
1D1
F34
B4E
BD4
01F
059
009
190
FE0
063
414
189
C68
DDA
0AD
343
0F1
F00
238
261
100
0AF
DC1
B09
F31
0CC
F20
D85
EC8
376
2FE
DED
DAF
F60
E61
081
101
F66
0E5
421
46F
164
D42
FC2
25F
E75
DBF
FA6
FFC
231
27E
F6E
D00
CD9
F9E
02E
B81
CBD
2D8
2B9
150
0AF
F8C
07E
10F
029
F13
D9B
0AB
5C1
23C
DA7
036
135
F14
DCD
C6F
D72
F70
162
205
EB3
D2C
217
244
CAA
BEA
F84
233
2DE
0C4
14E
22D
123
291
FF4
ACA
DF7
2A8
118
F14
ECE
12C
223
EE6
CF0
D53
BBC
FE0
28F
E6B
E80
263
443
1E7
D69
DBE
173
0CD
034
1BC
FA6
1C5
3F9
1B8
CBD
C1E
E8B
124
DBE
C28
108
251
13E
105
E2D
D21
FC7
120
FCB
E27
FED
52F
48E
FA0
FF1
0C1
F51
020
EB2
D68
F56
1F6
32B
038
C39
F04
185
D93
C2F
E4B
FA4
1D8
32E
084
F87
F8D
231
215
C93
D35
33B
30F
184
101
04C
10C
0AB
E76
D16
B35
E2E
323
0DD
D66
044
1E9
102
E41
CA5
EC4
047
181
302
04C
F96
461
3EE
DC6
C60
EE0
106
0D2
E74
FBA
12B
FEF
184
F93
A81
CD0
12D
080
E8C
E89
27F
442
0DA
F8E
FC4
E1B
034
23F
E64
EC8
292
42A
22E
D32
D19
0A2
EF0
D1C
E82
E21
FB4
343
178
DF3
D4A
FD3
1D2
E27
C47
16A
3A6
2D0
2C7
0A6
F2C
094
12D
EC4
C8E
DE9
30B
31F
DDF
EDA
08A
FA3
EBE
D5F
C13
EE9
132
3E5
13D
DD5
1EB
4AB
FBE
CE9
F02
033
21D
1CA
0CD
0ED
00C
1C4
0D2
B08
AD1
0D9
138
EF4
EE4
FCC
264
154
F32
EDB
CE0
EF5
3EB
166
E85
256
451
345
F43
CFB
EF4
009
F1E
09A
EAA
E0C
2D4
2C1
DCA
BD2
E15
008
F90
CAF
FB9
2BE
23B
370
15A
DBA
F91
227
0A9
E2D
E9E
27F
4C1
079
E6E
F78
DDA
EC7
F96
CA2
CA2
0BE
348
1F3
D8D
EA7
292
097
D65
EEE
FAB
1C8
42A
290
058
F78
18B
2B1
D43
A87
FF3
26F
056
03F
F85
F39
057
F5E
D66
BD5
D14
30E
33C
EE0
00B
351
223
04D
EAE
E40
002
0DB
29F
12B
D9D
1A7
3DF
E79
B93
C8E
E9C
023
EAF
ED6
0A5
0CD
1F9
233
CAF
CA8
1E9
208
FC6
FA1
1E5
474
295
FBC
F49
DEA
E95
1CC
F15
C6C
092
323
201
DB1
BA1
F85
FCB
D89
F2E
F64
FD2
46E
3F2
FC9
E3E
01C
2AC
05B
C8C
F6C
386
206
1FE
07D
D92
ED4
08E
E6A
C49
BFD
16F
3EE
F71
E48
166
0C0
F9C
F95
D9B
EB3
250
440
333
F60
FE3
435
108
C63
D34
EF6
07B
166
FA8
F3A
F5F
FE5
174
CA8
9FB
F56
2FA
004
FF2
121
1AD
311
04E
EE1
DE5
DF4
2A9
31B
E61
F6E
32F
227
EE0
BFD
D14
F18
ED3
F0D
FEF
E16
18D
467
F74
C5C
E65
137
179
F58
EF0
2F1
366
252
220
D8A
CDD
0B3
056
D47
D36
029
3D0
176
D3B
EFF
ECF
DE1
FFB
E82
D18
19C
46E
42C
001
DB9
285
2CC
DAC
EB7
06B
0D9
2E1
2AE
F4A
E3D
F31
0C0
E8A
A09
D06
2F3
14D
02E
07F
FF9
10F
105
F12
E44
E5B
218
55B
08E
ECC
2EC
2C0
FE4
DD0
CBA
E8C
08C
0C4
0CF
E88
EA5
328
053
AEE
C36
F7C
10E
134
020
14F
294
230
28C
F28
BA4
073
345
033
EB8
049
29F
2DD
E2F
D1D
E29
CAC
FF0
0BA
D22
EF8
3CB
303
FBD
CF3
F23
209
FE5
FC8
12B
140
2E0
4D3
030
CAB
E57
0AD
085
C6B
CA3
204
288
F92
FB3
E3F
DB1
00B
005
DA7
E0D
166
5B4
31D
E81
0B2
23F
FD0
F20
EB9
E4D
1AD
2F4
1EC
EDA
D66
072
15E
B1A
AD7
F67
0BA
1BC
111
FA6
0A5
0E3
169
FDB
BFF
EC7
4DD
2A6
FB5
0A9
217
1B8
FFF
CEB
DAD
DB8
FFB
291
EDC
D84
206
2BC
E9D
C83
CCB
0B8
146
009
12E
12F
144
43F
228
C92
DD3
0FE
1B2
FBE
E4A
0A7
302
046
ECD
E05
B80
E75
0E2
E2F
D9F
085
3D0
31A
E30
DA9
114
013
F94
0AB
FD8
134
46B
3E0
FF4
CBF
EA0
1E9
E1F
AF1
F04
120
0FA
13D
EC0
D72
EB2
006
00E
D20
D5B
41F
526
015
01B
0FB
11C
0AA
F09
D8E
F16
046
35B
1A4
C6F
F4B
200
EAF
BF2
C60
ECC
110
147
100
0A4
F96
1B2
29D
D44
C43
256
31A
1D5
0EF
0BC
2A4
175
EA3
EA1
BB9
CFA
229
07C
D52
F28
218
223
E4B
BBE
F00
03F
F90
21A
15F
FDF
397
4A1
010
D0F
DCC
1D0
136
D85
EFC
226
118
0EB
F57
B3F
CAF
017
FEF
E6B
D6F
1DC
5A8
0FF
DF9
03C
FE5
025
0F5
FA8
FC9
1DE
40A
3B6
DC7
CAA
19E
FCE
C5F
D0B
F0E
0F7
210
073
EE8
DFE
E97
1FC
E82
B51
103
4E7
316
1E1
056
12E
17D
F7F
EE4
DE9
DC8
283
436
E58
D6C
0D6
0AE
E20
C11
C96
048
0E3
19A
22F
F23
096
3B9
086
CB6
DF0
1E0
3FA
0D5
FB1
2E8
1B8
03A
FD9
C69
B75
FFD
140
FCD
E20
F3E
39E
152
C78
DB6
F9B
F8A
194
1BA
F47
15E
3DD
38E
F05
BDC
F85
28F
F1D
E2F
09E
12E
19D
09F
DBD
C52
D04
FF9
0C6
CAC
EAE
49B
346
08C
F5D
F31
07A
132
FEC
00F
FC2
20F
57B
095
C59
F89
088
E2A
CC9
D18
FF0
1B2
126
149
E65
D6F
122
181
CC9
DA9
24D
470
32E
03A
0B3
1F5
F90
FFA
F45
C3F
02D
3B1
14C
DE8
E48
0E4
0F9
CAD
B3C
F1B
F9B
0FE
2D4
FF5
FB9
28C
2DB
FAC
C37
E90
3F4
24A
FA7
134
117
078
0F4
E82
B63
CD3
FA5
22B
EFE
D0B
2B7
3A9
E82
DCC
EBF
EC6
110
1A4
0C7
145
1B0
4DB
2BF
C6E
C7C
1AF
00B
EAD
EF6
FD0
19E
129
FC3
DB9
BD5
EA7
21A
E86
CCD
231
458
2F5
02B
ECF
052
09C
01B
09F
F0F
F6B
4CC
372
E1D
D63
F00
042
DC3
B89
E8F
106
104
261
067
CD8
FE6
1F7
F87
D81
F05
3D7
530
155
002
1F8
FDA
FE9
FB1
C8C
D63
109
2AD
12A
D14
E3F
23A
ECD
B99
DE8
EDE
139
33B
15F
068
0F1
266
306
DFF
BB9
14F
380
03D
00F
0D5
125
120
ECB
D05
B90
D7E
1F7
189
C6D
FA5
3B7
1E9
F41
CDF
EB2
0D2
152
156
1CC
033
2ED
4EA
F3F
BD1
E53
042
FF9
E22
E46
1A6
192
061
F9E
C23
C31
163
133
DDF
F02
269
53B
210
E4E
FEB
FB6
F43
0EE
F98
E78
22D
430
169
D7F
C82
FCA
0D8
C19
D50
063
0DD
22B
239
EC8
E99
08E
1A6
F7D
CAB
0AB
5F5
2A4
07A
0EB
012
FDF
052
D78
D4D
E7A
19F
340
EDF
C2B
141
17F
D34
D10
DE1
0CC
248
220
1E1
046
057
39F
09D
B6E
DFF
29E
292
0DE
F35
0B6
1E0
EA5
E2F
D37
B17
011
278
F56
E62
0FC
307
17D
D20
D89
0A5
101
0FA
28E
042
0E3
440
1D7
D73
C14
F02
227
EF4
C7C
0D2
1FC
080
05C
DD8
B5E
EC4
0EC
0CD
E6F
F9D
46F
4AC
F4A
F31
099
F5C
08D
01B
ECD
03E
23F
33E
04A
AF8
D6C
117
E16
C2D
E49
095
2F4
204
07D
F68
EAC
0A4
251
D6B
DFF
3F1
534
235
FF5
FA8
0E5
FE2
D1A
DC6
D7E
EF9
3DE
1B7
CAA
E4B
0EA
05A
D60
BFB
03E
26B
221
297
18E
F4E
1DE
292
DA1
C72
F0B
363
2F9
E99
F3E
200
FD8
DCA
DC9
B87
DB2
1E8
1D5
FF0
E7E
17E
40F
F63
BFE
F67
083
106
2EE
127
118
23A
235
00A
C02
B6F
169
159
CE2
EEA
0F1
18A
0CF
EA7
CE4
DC0
F41
273
0B3
D90
218
631
262
E6E
E33
FBE
0C6
F48
F32
035
014
1D8
302
C4F
B36
FBE
034
E51
CF4
F81
362
2A8
0B4
0C6
F3C
ED6
267
064
DA2
050
445
446
015
D83
F7F
074
DE0
DD2
DC8
DF8
1E6
351
F3A
D5A
E91
189
FC7
BA3
E56
362
2A0
256
216
01E
09B
1D4
024
D67
CB3
10F
4B8
065
D84
0B8
032
EA3
DE5
BFA
D4B
FE3
200
23F
EEC
F02
415
29E
D41
DD1
FEB
239
266
096
14C
172
109
17E
E68
A48
DE0
2BD
F87
DC2
F45
221
245
EB0
DA8
E58
E35
10B
303
F90
FD9
435
482
0C8
CBF
DAF
19B
01F
DF5
04B
FE1
0B9
2AD
F64
BF4
C8E
F7A
0E7
D9A
CD1
2DA
43E
0F9
085
F99
EC2
125
09A
F0B
F20
1AC
534
376
CA1
E21
08D
EB5
D16
DF7
E1A
0C7
1EE
162
F2C
CC1
FED
279
DE5
C8E
179
412
3A8
1D9
07A
0F1
0A4
00A
F66
C63
D99
382
2B1
E4E
DFC
FF2
0F3
DC3
B2D
DC9
FFB
0A8
341
1BA
E7E
19D
359
00D
D43
DA8
267
36D
044
06F
234
056
0AE
FD3
B42
C1D
FDE
202
07F
D6E
018
384
04D
CAD
E43
F1E
034
2BA
172
02C
170
358
3B0
E3F
B68
045
17E
E9D
F49
FD2
0E2
1E1
FE5
D95
C37
D35
192
126
D02
02D
51F
349
0A5
E69
F4A
098
04D
005
FED
F4D
2DE
541
F14
BB9
EB4
03B
ED7
C77
D42
14D
18B
054
0D5
DD8
D54
1ED
061
D71
E89
26E
569
2F5
EA0
033
151
EE4
F4D
E07
D30
109
309
135
E0D
D17
0B7
0F2
B54
C8F
050
0DA
27E
2B3
02D
057
18C
21B
F47
BEA
FAB
537
237
F09
08D
08B
053
EF3
C83
C1F
DA7
094
2A6
F32
D9B
2C9
31A
DFD
D16
EBD
0EF
21D
14A
1A6
19E
0E8
39C
127
AC4
CAF
1DC
113
F4E
DE6
0DF
289
F66
E78
DDA
BCA
F22
260
F82
EA6
238
4E4
2D4
DDB
D48
109
0A5
F51
097
FBF
096
3D0
14B
D72
BE6
E20
0CB
EBD
B71
06B
2EA
146
0BD
F4B
DD4
012
171
04A
EAF
F79
4A6
5AB
EF8
E49
0C2
FDF
F3C
DD4
D9E
FDF
1F9
20B
01D
C00
E23
1C2
EB7
AE6
EB0
1DA
358
273
059
14A
092
07B
1BD
D99
CA2
2C2
462
08D
E52
F4E
13F
F3E
BC2
CCC
E72
F13
334
209
E2C
FD1
271
156
E5A
C19
079
3D0
150
0D3
1DE
088
18E
174
CEA
B79
EA7
13F
17C
DD6
E52
28E
0E9
D69
DC0
CE9
EC5
1D4
1B3
03C
021
282
4DE
05C
BA4
F13
1DD
050
F8A
F91
110
20F
072
EF7
C08
B19
FEE
162
CB2
E25
2A4
390
1AB
EA4
E9F
006
03B
0EB
149
EF4
1F5
61F
237
D96
E4A
F87
036
D72
CBA
0AD
160
133
204
DFA
BEC
02F
0FF
E97
DC0
025
525
3AC
FB0
085
0AB
FB6
109
FBF
D5D
FDB
301
3B1
F6A
CD8
FF2
1D0
CAC
BAE
E6E
F9C
1B0
2AD
02A
F7B
02C
159
0FB
C37
E06
432
3D5
097
0D9
072
16D
05C
E28
D06
D39
F31
356
094
CDE
091
280
F0D
CC8
CD5
FD1
1A5
13B
244
114
03A
39A
2C7
CFD
CD9
052
23B
09C
E09
015
379
FDA
EBA
DD2
B81
DE3
16F
FF4
E62
FD2
399
41A
ED4
CB3
082
0F7
FA6
185
09E
0CF
34C
2C7
FC6
C38
D1A
13F
FF9
BFA
ED9
22D
19A
0E1
ED7
D9D
E7D
00D
101
F55
DD3
378
644
10F
E9E
014
097
FE8
E95
E4A
001
157
2EB
2A4
D11
C8F
122
F6B
C0E
C96
FD2
341
270
009
0AB
00A
FCF
25A
EB0
C63
114
46B
2F9
00D
F04
197
140
D1B
D32
E17
DD6
1BC
317
E8A
E1D
0AD
1B4
EDF
B1E
E7C
39C
1BA
127
28A
0C4
196
257
ED7
CD9
D7A
12E
37E
F12
D65
221
188
E57
D35
CD7
E1E
03E
09D
0B9
FA0
0C8
52C
264
C4E
DDA
1B3
16C
113
02E
0D4
2B5
1B1
0E2
DC8
AEC
EBC
21F
DD9
CE5
04F
242
231
E74
DC2
F80
EEB
FDC
16F
EE7
0A9
57B
43C
FA7
D6F
F6B
176
F03
CFB
FF8
0F6
0DA
211
F3E
BE6
E48
07A
F32
CCB
E12
3B9
48A
01A
021
15B
037
11E
0C4
E55
F63
275
4B7
252
D22
F3B
229
E4C
B61
D46
E4D
162
1FB
024
F08
E6D
0C7
1CA
CFA
C35
1FF
48D
1E5
111
067
254
1C5
F0E
E64
D00
E52
380
1D4
D06
F25
198
117
CDA
B2F
E42
0D0
04F
1B2
149
F8D
293
434
ED0
CB8
F7E
20E
31A
F23
014
35D
1B8
FA8
ED4
BE5
CCA
085
007
F20
E1D
144
490
FF5
BC9
EF7
010
FD1
165
099
0FE
305
3BC
1CE
DA8
C9C
108
1DE
CFE
E53
138
1D6
141
EDC
D20
D43
E29
0D2
F37
CBC
0B4
61A
272
EFB
F5C
04B
14C
FB7
E73
003
075
2CE
486
E80
C4B
FFA
01C
D4B
B74
DC6
234
282
FD1
019
F55
ECE
1C8
055
C51
F3C
3E2
4A7
1D3
EF9
0F4
234
E6E
DE3
E0A
DAF
110
2C7
FA5
E4C
EFF
150
049
B29
C7C
163
181
134
1D0
065
17B
257
121
E25
C82
FFD
4D0
139
E0A
1AC
2B1
056
E1C
C25
CAF
E90
00A
109
EFD
E5C
3CC
349
D6F
D08
02E
17A
1E2
03C
19F
2EA
265
273
004
BC6
DBD
1F7
FA1
D7A
E67
129
308
EF3
D52
DC8
DE9
F5D
1A9
E88
EAC
39C
4E9
171
DF8
EE1
24C
127
DBB
FCB
0BE
159
32A
090
C9D
D15
F1A
FC0
C96
B8B
13A
3ED
0C0
FAE
017
ED5
0E1
06C
EB3
F0C
0EA
4A4
4BB
E89
E8B
20B
03A
D48
D08
DAF
095
1C6
0F4
FF9
D26
F4B
1C9
DD5
AD0
FAC
2A3
318
14A
06B
243
1EF
FFC
FC8
D53
D89
312
37E
EC2
E83
0E0
185
F34
AE9
C46
F63
F99
158
19B
E1B
0B9
3CA
0BE
D30
D4C
0E4
3BE
FE6
FFA
2F2
24F
175
0D2
CD1
C49
F7C
086
F43
D38
F5E
3C3
194
C2A
D8B
E9E
F47
0BE
080
FD6
17E
3DC
46B
F69
BE4
0B6
28F
F29
E83
060
1C4
30C
096
E85
D6C
CA8
057
04C
BAD
DFA
3D5
2C8
04C
EDF
F40
10A
027
F5C
067
FAC
22B
5BA
191
DB0
F95
0DD
F62
C54
C8F
0DC
1C0
09F
166
E67
D1A
0D3
01B
CBC
D19
14F
4E1
2B5
F23
188
294
05C
FCE
EB9
D0B
0D3
362
1BA
E7D
DFE
141
190
BF3
B16
F1F
FCE
0CB
19A
FCC
04E
267
1F8
FE9
C7F
EAD
42D
2DE
EE9
139
291
22F
FEC
E02
D0B
DF8
F74
266
EF4
D27
22A
397
E7A
C6D
DCA
FA8
1AD
FF2
0F6
190
1A9
41B
289
CE9
CAE
1B2
109
EA3
E2D
0CF
397
05C
EA4
E07
BFC
E1F
111
E6D
CC6
133
4A8
374
E9B
D87
1C8
0F3
E64
068
FD5
0EB
4A0
2D5
F62
D4C
E7E
12E
E7B
B05
E7F
23B
111
0B1
FA0
E43
FA2
037
EC3
D99
E4D
3A2
56E
077
EF4
25D
160
FCF
E74
D7E
EE6
16D
297
119
D24
E8A
27B
E89
A8D
D10
007
200
192
03E
0E7
107
0EF
1C0
DD2
BEA
1FF
467
12E
F7F
0A4
279
0F8
D19
D39
D8D
D86
1BC
14B
D57
FA2
2CB
1BE
E0E
BDC
F1A
29B
031
0A1
250
192
2BC
3A8
EEA
C64
EAA
122
1CA
DBD
E54
2A5
1F5
E69
E63
CD4
D7F
016
FE3
EF3
F09
1A2
53B
14D
CBB
FB4
1EE
FB8
00A
FD3
0A6
2CE
2CD
0F5
E0B
BEE
005
11F
BCF
CA4
11A
252
15C
F67
E37
FCC
F38
00D
FE1
D89
0D7
61C
347
EF0
007
100
178
E8E
CCA
F52
024
199
283
EC4
C7F
063
124
CFF
BDF
DD9
279
344
017
12E
191
012
1CF
063
C83
EDE
2AE
38D
077
DE1
186
2C1
E02
C44
D7A
D78
FC8
193
F63
ED5
039
2BE
192
BD2
C1D
20A
23A
083
18A
178
2A8
2C4
05B
E19
CA3
EB9
323
FB1
C9E
0D9
2E8
017
E54
CA5
DB7
F15
F6E
0BF
F97
FB3
45E
471
E02
DAF
03F
11C
049
E93
049
327
1A2
201
F98
B75
D7C
0FC
ECB
C59
E04
20F
391
096
E11
FF2
F1F
FAB
14E
E50
F14
3D9
521
1A6
E4F
EF4
23C
FDC
C42
DF9
FA6
053
27C
100
D84
E64
051
053
CB0
A96
107
3DF
0F2
085
130
07B
186
0AC
E91
DA1
FED
379
3B5
E64
ECD
296
02C
CF0
C2D
CF1
F3F
0D9
00A
058
EB3
136
3DB
ECC
B35
F7F
291
1BB
123
0C1
2F7
2E8
0A8
002
C8C
BCA
160
21B
D9B
E33
142
2EC
FEF
C65
DC7
ED8
F5B
107
0AA
ED1
272
57F
1E2
DE1
DB4
0AF
2BD
EB5
ED0
18A
1E5
1FC
1C6
D5A
B8F
F08
03C
E45
C06
EDD
472
28B
EDA
FA6
F60
F40
118
FD0
F2F
103
454
4C9
07F
CD0
0E8
1B6
D90
CE3
E42
F78
27C
1CD
F73
E0D
DCC
11D
FF6
B1B
DBC
37E
33D
16C
085
0DD
233
0D9
F45
ED4
D20
0F3
585
06C
DDB
097
14C
FA7
C52
BE4
E9C
FE6
00F
203
F9E
F33
347
1EC
D2A
CA8
04F
2DC
256
F87
20E
2C7
118
18A
E93
B0A
E7E
1CB
058
DE1
E94
2B5
311
D5C
D1E
EEC
E5B
0A9
208
F21
058
37C
43C
1C4
C97
E5B
23E
012
E11
05D
0C5
153
247
EE5
C4D
C81
EC4
0C6
D19
C2D
2A8
3B1
09E
FB0
EFA
F26
09B
056
FB4
F82
0DF
613
3AD
CDF
EC0
0E2
F83
DA5
CB7
E61
110
134
0E0
F8B
CCF
FD1
1FE
D2D
BDC
FA3
387
39F
0DE
FFF
1EA
08D
03A
06C
CDA
E21
3C7
2B9
F69
E6A
02F
1C6
E49
AC3
DBC
EDF
009
2DA
0A5
E8A
1E2
2CD
0D5
C7F
D1E
2A8
34C
0A2
113
1D3
148
1FE
021
C66
C5E
F12
183
F8F
CE1
056
3C5
014
DB3
E5B
DEC
F9C
1B6
0E6
056
124
401
512
E51
C82
114
0CA
F8D
FA9
F8D
1F1
1DB
0C0
F2E
BAB
C35
16D
F01
BCE
F49
2DC
317
163
EFF
FCF
056
FC7
145
F8A
DFE
36C
5A2
085
DE5
F21
071
F9F
C56
D4F
FDE
069
223
1F8
D39
E0B
1B1
FE7
D1A
D63
0D4
4A7
282
0AC
261
098
0BA
1D0
DD1
C6A
FBA
2ED
273
DF4
E4A
20D
026
C16
CC4
D34
E64
256
22C
FA9
F96
1FD
3F8
FDF
BAB
FB5
2A5
10B
12C
172
0B3
1CA
0E8
EF5
C7F
BA3
0C5
23D
D19
DF9
28E
210
FF1
E1B
D10
EAB
08A
146
1F4
EF8
1F8
67E
18D
D6F
E92
00B
0FA
F41
E00
02F
17C
1BB
216
D70
B12
FD0
0BA
D87
D31
042
3A6
393
FCA
056
F88
EEF
224
033
D96
045
490
377
02B
D6B
F9E
0E0
D85
CD0
E6F
E85
169
345
F2B
D96
FF1
156
02A
BEA
DE5
369
2D9
1BD
278
008
097
215
FCD
D1C
C8E
03A
3E6
091
D12
09A
0F7
EED
E41
C8C
CBC
01F
264
1CC
F83
001
432
37B
D4F
D6B
08A
0E3
183
126
07B
185
15C
1A6
E7D
9FA
D65
21E
F39
DA9
F8A
192
272
01C
DEB
E88
E60
0FB
2C0
EDC
F61
4CC
4EC
131
E48
E32
074
FE7
DF7
003
F05
065
3D5
00F
B9E
D47
FD7
049
DA0
D5D
185
3D5
19F
1EF
068
E2D
1CA
2B8
E3A
D8D
12B
4B8
33C
E7C
F01
10E
E46
E7B
E52
C01
EAB
2B8
25C
F7B
D6B
038
316
DB6
C76
07C
134
30C
341
139
07F
1BC
161
FD2
BE4
C65
28F
214
E8C
FA7
038
057
014
DAE
C53
D2F
FAA
3A5
0FD
D6A
2E1
47D
10D
E7E
E65
F5E
1A2
0FE
15A
08D
02F
31C
21C
B90
B58
F56
05F
ECC
E0C
F87
2B6
16D
166
F49
C50
F1F
334
076
E32
11D
459
48F
F93
EBA
00E
EEE
ED0
06B
D9D
E13
31B
309
EB0
C7C
D83
0AB
EE3
C36
EE4
0F6
19D
43F
1A4
E86
022
229
122
DFC
D73
2B1
4CE
083
FFA
08E
EDE
FE2
EE5
C0C
C2D
F4D
30B
25B
D6C
F1C
304
04B
E52
EBB
EA8
14A
394
2DC
114
025
17C
368
D65
AC3
F8C
137
089
017
EEE
FEF
0A6
FB3
F1C
B0B
C51
269
1E2
E43
02E
368
380
16F
E94
DD0
010
028
22F
0E9
E1A
22C
447
FF7
BEF
C84
EEF
FE2
DBF
EB1
075
05D
2A2
25A
CAB
CA5
0ED
166
F80
E31
163
559
2F7
06C
06E
E2E
EA2
16F
E1C
C86
F3F
2EE
30A
E2C
C5D
011
FD6
D6E
E4C
E85
F5B
3A5
3E9
153
EE8
03F
377
006
BD9
F59
1F8
169
247
0B6
EAE
F46
022
ECD
BD0
AD4
07B
3CA
F59
E72
1A8
0F2
108
F4B
DD6
EC5
0AF
3A7
2F3
F57
0AF
4BD
19C
D3F
D62
DD2
FF7
04F
F72
FCC
F00
0DC
2AD
D40
A5E
F1B
1A2
02D
FDD
066
316
355
15A
089
DC8
E31
227
15E
D7C
F43
2C1
353
FDE
CCF
D71
EF2
E1B
F15
EE5
D27
17E
47A
0D9
D9B
E3C
0E1
1F7
E27
ED1
281
27E
34E
352
E68
DD6
131
092
DF6
C06
F2F
3E7
0D5
DE2
F9E
E3A
EC7
070
DD1
CDF
017
369
445
09C
E95
2DD
28C
E0A
E9A
EBA
FD5
280
1C6
071
E7A
F59
1F2
F93
9A9
CDE
0E6
00F
01A
02D
008
140
19A
016
DDF
CE1
1D8
4AF
FE4
F89
312
2E1
18E
E8E
CFB
DE6
EE2
07B
0E0
D24
F27
444
0D4
C88
CAF
EE5
111
FD0
EF0
158
1B1
2D7
456
FC9
C19
038
220
FF0
DEE
F44
311
2AD
FB2
EE7
D3A
CA0
FA2
F9D
BC6
E37
2A7
3BC
0D8
D99
F6D
174
F71
F85
003
EDA
2DE
57E
21B
EDB
E7A
119
0AD
C26
C79
047
090
12B
113
E2E
E9D
083
001
D64
B3F
F47
486
285
F66
225
248
12B
176
E51
D91
F43
20E
325
F14
DBA
2A7
22C
CD6
C12
CFC
E34
0B6
042
FCB
FD0
0E4
3E8
102
B17
DF3
286
176
08D
071
1C6
357
1F9
069
D9D
BE7
FAC
1D0
D43
D12
194
2EB
147
E08
D19
EDA
EF6
001
0EF
E7B
0B8
615
3A2
F0D
E73
05A
176
F2E
E06
042
0B1
1A5
32E
EE3
BE5
EEA
05C
DEA
B4A
D12
219
369
FC3
0B2
FED
ED0
1BC
07B
CFB
F4A
2F0
4E2
1CD
E77
100
228
E9D
DCB
D52
C95
062
25C
01D
E22
EA2
1F4
0FA
B81
C20
125
0F8
1BD
21A
0BE
1DA
31F
1FC
F1E
BBE
ED3
3E7
09A
DC1
0D0
16C
0DF
F40
CFB
C12
D85
FF7
177
E87
DB1
3AA
3D9
F4B
E4C
F00
045
145
0BD
07F
155
1FE
51C
1A3
B95
E25
0F9
ED0
D43
D84
FD3
236
126
0CF
EFA
C44
FBF
221
D4F
DA1
1CB
428
35C
000
F6D
11F
016
001
005
CBF
F8E
42F
2B1
E6C
DD8
FDE
10D
D02
B4B
E40
F45
087
3D2
008
E27
1CD
2C3
00E
C40
DF9
306
325
09F
1AC
1AC
0AF
1C0
F8A
BB8
C71
FE7
262
FA9
D0F
0EB
2AA
ED7
DDB
DA7
D5C
03C
2B6
0E5
FED
0A1
4D2
444
D22
CEB
099
FF4
00F
012
F96
0F6
1F6
1BB
EB6
A64
D82
1AF
EC6
C6D
060
21C
2B9
1E7
F35
EF7
F19
0CD
231
E62
E33
438
53D
0B1
F38
F1A
FDA
F55
D60
DDC
E0B
F57
3DD
183
C97
EA4
1A7
FB2
DC2
D1A
02E
37F
22F
2CD
11C
EE9
1ED
27A
D94
C7B
F83
2CF
26E
ECA
F1A
17F
EF7
EE1
E46
ACD
DC7
2F0
221
F61
F12
1B9
389
FA7
CF5
F77
FF8
0EE
3B5
098
FCC
284
31C
0CA
BD6
BAD
0EF
0D8
E20
030
FAA
FF2
24D
069
CAE
C5D
FC5
2BD
02B
D78
28C
50B
1AF
0A4
FD0
E33
0AC
0AF
02E
E62
F18
307
3B4
D24
C86
F76
EC1
E50
DD9
DDE
050
24B
2D0
102
CF4
F3B
342
FDD
D5C
FAA
25E
3F3
29D
044
FEE
EA4
FCD
0BA
C16
BD5
175
32D
FEC
E86
EC5
09D
04C
DBE
E4C
DE1
FDD
49F
321
EF1
12F
3D5
1C0
E7C
C83
F1D
13A
03F
1F7
05B
DD8
1EC
1E5
CD5
AD9
CEA
10A
129
E2B
F60
2A4
131
182
058
C24
DF3
25E
260
FAD
F0A
31F
4D3
00E
DA0
E70
D6C
E29
079
E3F
DE1
0F0
300
1BC
C9F
BEE
0CE
054
DEA
FD0
0E0
28B
487
2AA
F6A
E20
00B
307
EC1
BA4
056
34C
17C
05F
E52
D75
F33
EA4
E02
C7E
C97
357
43D
F3B
F9A
19B
12D
06C
E5C
E3A
036
280
49F
23F
DE2
006
312
F45
BA8
CB0
F30
0F3
06F
FA4
FB3
EBC
0C5
194
C20
B27
0F8
28F
180
02C
113
3A8
235
014
FBA
CDC
E12
2DE
125
DF6
005
298
205
E5A
B62
DDA
F1B
E71
072
F1A
E80
2D5
3F1
001
CF3
E56
1F5
183
DF8
042
2DA
1CC
392
11B
D39
D50
058
015
D67
BE5
073
3AA
FFD
F2C
F43
DBD
F13
05D
DEA
DB4
0D9
4DE
4BB
E9B
EDD
2D5
184
E4B
E94
E20
FFD
2DB
216
FF1
D91
EDD
1EE
DA7
9F0
DF1
12E
118
155
045
08C
142
178
140
D98
C87
2BF
41B
042
FD7
1CD
291
113
E22
C67
D6C
E38
1CF
037
CA9
F7E
338
0A7
D87
C7C
EA5
11D
060
09A
10E
095
41E
524
EB3
CA5
029
18E
06B
DE7
F1B
2A8
1F0
0A5
028
C0D
C7F
0CF
F3F
C6D
DBC
285
42E
0F9
E31
05B
036
F52
158
F04
E28
311
523
2CE
EC7
DF3
1A0
007
C19
D85
EE4
F4C
2B1
159
D9D
E26
044
172
DDA
AE4
FEC
3F2
204
208
1D8
0AE
1ED
1E5
EF3
D37
DED
2A9
3C4
E44
E6B
262
069
EE2
D99
C78
DB3
000
1A2
138
E4D
11D
4DA
07B
C69
EBA
056
1B5
14B
0B5
0FE
1EE
2ED
2A4
CE9
AAE
FD1
145
E3E
DE4
F76
1BD
1A1
F28
E17
CC3
D66
1E3
056
D57
0B0
477
420
0D0
E6D
FDF
0DE
F1E
FD9
F6D
DF2
280
486
F54
CDC
E54
FD5
F18
BD4
CBF
0CA
126
231
28E
E48
EED
2A2
075
E32
D61
12E
4AE
1E2
02D
1B0
029
FB7
0BC
D22
BCF
EB4
1E3
1A9
E4B
DBC
1F6
05C
D54
DAE
D57
E90
2D7
29A
123
047
1FE
52A
0C7
B38
EE7
176
050
0A0
071
FD1
15F
1CF
FF9
BFC
AD2
FC3
19F
D97
E4A
1D6
1EC
255
FCE
DED
ED7
FFA
237
1C4
E4B
163
563
2D8
E8E
EB4
EA9
FCE
F11
E26
ED2
F22
1FE
3CF
E69
B68
F7B
034
E4A
D4C
F2D
2AE
36A
25D
2B6
F21
F40
32B
0A5
C70
E5A
1D6
3C9
1CF
EE0
FFE
00E
DEB
F28
D10
B44
FFF
36E
0A4
E65
F6E
25B
1E9
D4D
E00
017
FDA
34E
3CF
FE9
07D
249
21E
EA7
ACD
DE4
213
F4C
F09
062
F47
098
195
E10
BAE
CC2
124
245
E90
F3C
3E6
39D
191
0B2
ED2
E96
0E1
164
02D
E61
0AD
551
12A
C24
E01
EB0
E77
EA7
D96
E99
0EA
2C5
2BA
F49
BF1
0CC
23B
E4E
E77
0FB
352
41B
286
0BB
F43
EE4
138
FED
AA6
DCD
2D9
25A
F81
EC2
F0A
006
E74
DE3
E2B
D1A
1D0
528
0BB
F3C
191
28D
176
DEC
E1C
0C5
0F2
223
2DD
EB6
E52
26A
08D
BCB
B12
E13
162
005
E59
07C
09A
0AE
21D
E8F
BF5
FCB
2EC
247
024
FBB
461
3B0
F7C
F94
DEB
D6B
05C
0F2
E72
E22
0DC
399
080
AF6
CE6
014
E82
F7B
FEA
FB4
231
435
2CE
F93
D4C
09C
2B3
DBA
DC3
237
253
2B3
190
E7F
DF7
ECA
F6A
EDA
B67
DBC
44B
229
EFC
F6E
F97
00B
002
E7E
EEF
FB7
318
5CF
174
E43
1D8
2F1
F75
CF8
CB6
FBB
1B4
0DE
0CC
E6C
E12
19E
03B
ABE
BA3
008
242
165
F62
11D
30C
192
154
F66
BD5
00D
3B8
1E7
F1F
009
2DD
2AB
D8D
C40
E0E
D46
FA0
0BE
E4A
ED8
26A
2BA
F55
C8E
DE6
1E0
058
F09
133
10A
2A8
4F7
195
DBB
DE5
0B0
1B3
DB8
C8F
195
2DC
06A
0B9
DCF
D27
F46
F83
E4B
D2B
FAB
479
3C0
EA2
FDC
19A
03D
05D
F33
E2A
0C1
319
486
0B1
CDD
01B
271
D48
BCC
DB6
F8B
1C3
12D
FC0
F54
EF1
152
12B
B35
C6B
2D8
34A
1FB
176
15E
2C1
0F8
FC3
EED
CB6
F2C
42F
0A3
D77
06F
1AC
10F
D59
BB3
E42
EF4
F7B
198
F7F
EE0
3F9
3EA
E62
D3A
E99
2AC
185
EBC
126
231
16B
350
041
B4F
D0C
063
FF1
D21
CBF
113
335
00F
ED3
ED9
D59
046
11A
E8B
E88
183
585
37D
E47
F20
200
F80
EAD
F95
E3E
08F
327
1B3
F22
CCE
F00
16D
CAB
A94
ECE
124
1D8
23B
043
F9E
07B
18F
0D8
D38
D18
3D0
3CD
058
072
10B
102
01F
DDD
CC0
CB2
EB7
274
0F8
C86
FF4
29A
057
D37
C66
E4D
10C
09A
1FC
175
01B
3D0
3F9
E6D
CB6
F7F
1A5
0CD
EFD
FAF
245
0C3
0A1
F77
A7E
C87
0C6
00E
D37
DFB
1D9
456
0FB
E73
FCF
F38
050
252
F94
F0C
30B
4E6
284
DF2
D9B
0DC
FC9
CEC
E4E
E76
F2B
2E5
14F
DBD
D27
EE9
13B
E7A
B42
0DC
36E
24F
29D
0BB
F16
153
13F
F7E
D3F
D97
366
441
EC0
EEB
0D1
FB4
F2A
D29
C2C
DD8
FDD
273
183
D38
052
45F
097
CD1
E94
F92
224
277
163
10A
0DF
23B
2CF
CDC
AA0
FA0
11F
F8C
F0A
F14
12E
1A2
F4C
EB2
BCB
CAE
277
10E
D9F
001
3AD
445
14C
E3A
F70
05F
F78
198
027
E52
2AB
459
FEB
CE5
CB8
FF7
FE8
CDE
D90
052
014
2A4
263
D93
D9D
109
18E
F3C
D7C
0D6
572
2AF
117
152
EFA
FAD
14E
E31
C55
E2F
202
386
E7A
D53
0E4
00E
E03
DC1
C83
E78
278
345
1DE
F43
028
417
111
C4D
E59
0D9
1B1
1DE
074
034
047
086
0A3
BFE
984
F4E
20B
EE7
EA3
061
1C1
1B3
F6F
DAE
DBC
E3B
230
2E1
E2F
0BD
507
3EC
010
D73
E70
066
FF0
FBE
065
E53
148
430
F53
B41
D4C
FA8
033
D43
E33
21C
29C
277
28A
E4D
DB9
1BA
21F
F29
E30
0BF
4E2
2D7
EC0
F1D
F1F
DD2
FC9
D8E
BEF
ED0
277
2FA
ED8
CB7
0A8
1F0
D8A
DFD
F1E
FEC
3BA
443
16C
F6F
047
2C0
0FE
B5B
DB4
247
126
062
039
EA8
FF4
035
EC8
CFC
AB1
FBB
3E4
071
EA7
1D5
28B
1B7
FE9
DCA
F39
FEA
214
394
F29
F99
41D
308
D9D
C1B
D8C
F8C
FAA
E64
F8C
F3C
03B
376
F8F
AEF
DD0
1C7
0C3
F8E
F3D
2E2
490
194
13A
E99
D34
10C
266
E91
DF3
0F9
406
21D
D3A
D00
F21
DDC
EA0
F1D
C90
FAC
3D4
274
FA2
D38
0B6
2DC
E82
DC1
0B6
157
306
474
0A2
E77
F77
0D4
FF4
B59
BF1
212
26D
EF3
F88
F1B
F17
011
EE2
CD3
D01
FDB
50F
25E
EA4
1B6
380
0C4
F1F
DB9
E89
0F4
1C4
1E9
FAE
DB8
2DF
272
BD1
AE6
E4F
F65
050
EE5
FD5
197
0C5
29B
070
B7F
E19
304
1DC
005
047
2D8
433
125
EF8
F12
D6A
EEC
16F
E3C
D6A
0EA
3A8
0DE
CD2
C71
FC9
F72
E64
FEF
F65
0CF
503
336
F52
E06
085
304
F58
C7C
0D9
35E
192
1F5
FDF
D54
F14
FD2
E63
BD7
CB2
255
3E3
F14
F1A
018
FE1
019
F71
D92
F7A
1DF
4A3
35F
E10
055
39B
01D
CFD
DC8
E7D
0B4
1AF
FF8
FE7
E07
03B
1C3
C65
A62
F62
156
112
024
003
26B
203
088
042
D23
E23
3BC
32D
F14
FF4
258
2DA
FB5
C65
CFB
DF7
EB0
163
F7B
CC8
137
3C4
069
CCC
C1A
054
1A1
ECC
097
1E4
1E4
40D
353
E56
D44
FB8
148
F9F
CF1
FDB
3C2
169
F5A
EF4
C9E
E10
FC1
E72
D12
E20
2E7
58E
042
D9F
10A
11F
FC2
00C
F10
07B
363
3AD
237
ED9
E0D
21F
02A
B51
CDF
F9F
0EC
167
F90
EF7
EAA
ED4
098
E29
AF2
01D
404
220
05A
106
238
2B9
FA3
E77
E69
E09
257
383
E4B
E6B
1BA
1E2
E3E
AC3
CDC
F8C
FDF
048
115
E73
0AF
3F1
04E
C69
D4A
117
35D
043
F50
300
278
200
1B8
D66
BD7
F92
0FE
F46
D1C
F06
359
1E3
D31
D9E
E60
E0C
00C
FD7
E78
031
377
4D8
11A
D1C
07F
2B4
EE9
EAF
01F
079
2ED
2A3
08A
DEA
CC2
01A
06B
ACC
C90
179
228
11A
00F
F39
FFA
FB1
03C
FAA
CDF
052
651
2D1
FCA
04C
16B
1B4
EBC
CE5
EA4
F6F
101
387
EC8
C8C
093
18A
D93
BA5
CE3
18A
1F3
0AC
14F
184
02F
332
175
C6A
E59
179
322
17B
EA5
1D0
358
01B
EAF
D7D
BD8
F0F
147
F61
E20
F7D
2F6
258
CE5
C95
028
FA4
048
16D
034
1EB
3F6
3B7
087
C91
E31
2D9
FAE
D4E
06E
1DD
25F
1B2
E26
D16
D7E
EA1
0D4
D1E
C4B
2A0
4C0
0FD
F73
F17
063
145
F76
FA1
F76
106
506
405
D70
E85
0DF
023
DE9
C0A
E07
12C
120
153
FD8
CA9
F59
1D2
DC0
C00
E7A
264
48A
0FC
04D
246
10F
087
0D5
D13
D90
264
2E8
0C8
E07
FA5
269
F1D
BC8
D18
D9D
F4A
26A
0BA
ECD
FD1
266
2F6
DF0
C02
13C
2E5
030
175
1AE
1BD
2E9
19E
EBD
C2D
D6D
1FE
136
CFE
F19
2BC
16E
F8B
D7C
CCB
E8A
F90
113
07F
E2E
25C
5E9
0D9
D31
F42
0B4
0F4
002
F0E
11C
1B0
2E4
2DE
D0B
BDC
01A
07F
D4C
C48
F2A
2EF
22B
027
FB9
E3A
E7B
1AF
FB2
CD2
FFC
4D8
4C4
130
E3F
143
1CB
E74
E4E
E94
DDA
1CD
340
FA7
D67
E74
11D
FA6
AFE
CC5
115
0A4
1D2
1B0
F75
104
228
0EB
EBA
CBE
031
58C
168
F70
1B7
174
0DB
FD9
C9F
C46
E7C
0E6
21F
DE6
DF3
305
1E7
DAD
CF0
DF8
011
164
15D
1B7
108
1F2
537
14A
BAF
E3D
1C5
0E8
F9F
EC6
0EE
21C
095
F81
D72
A8A
F59
15F
E23
D18
129
37F
296
E3A
E66
066
F1A
0FF
13F
EC3
091
4FC
384
007
D31
EFC
1ED
E15
C5E
FB8
FA9
112
2A8
F49
CCC
E6B
096
087
CC1
CF4
38A
42C
168
12C
0BB
013
163
019
E79
E14
073
4B4
2D3
D60
EBB
180
EE0
D64
C81
D7B
FEF
13D
1AD
FEE
DB7
149
346
DB0
C34
F95
25D
334
1D9
114
22C
172
1A9
03E
B47
C5D
233
1F5
ED2
E68
08B
29E
FA3
C4F
DB7
D53
EDE
338
07B
E80
1E6
45B
23A
E5A
CBF
135
1FA
FC7
114
0E8
0C3
393
259
D6E
C25
CD3
11D
FB8
BB2
EF1
2E0
10B
0C1
F8C
C9E
EA1
09C
0D2
F2B
EBC
34F
65A
089
DF5
068
005
FD7
F7B
E72
F03
150
246
20E
CD5
C35
0E6
F82
BFF
CE8
F63
21A
2CD
0C4
063
F69
001
289
F97
BDA
0B1
425
35C
0CC
F7B
115
053
E2B
E26
D5A
CE4
188
307
EE0
DC3
062
1FB
F3B
B7D
CF5
160
13A
208
2DC
FB5
131
436
11B
D81
C92
0D6
3DE
FAE
E93
185
0CD
FD4
FA5
C1C
BB3
E96
132
177
E21
E8D
3AE
2EB
E35
E54
EA0
FC4
1B8
1A0
0AC
0B1
288
4DC
12C
B5B
E72
1A4
F31
E9E
E69
042
231
080
F4B
D29
B74
FF3
136
D4F
E04
230
402
2A8
FA4
F5F
06D
FE3
02D
098
E0D
FE5
53E
2E2
E81
CF7
F19
09D
DC3
C1E
F34
062
10C
332
F39
CD5
F91
190
FB4
CF2
DFE
391
44C
0AF
176
117
FB6
106
FC7
D1D
D31
09B
39D
11E
CC1
F81
1B8
E83
CDC
D11
CF6
04A
23B
192
037
F1C
250
3DC
D69
C98
0C1
285
245
19F
093
1C6
14A
08D
EC7
AF4
C36
262
0DB
DC3
F6B
114
1D4
FA4
D04
DE6
E98
FA1
31D
130
E7E
31F
4E6
17A
E3A
D38
093
1B7
F24
FEC
10A
FFE
33D
1E9
C70
BD4
E5F
081
E8D
C05
FA2
3E5
12C
040
FA2
DD2
F98
25A
04E
EE9
F81
416
562
FB6
D2A
081
02B
E7F
F15
E1B
E6A
155
258
096
CFF
CA3
1F7
000
BB3
DF1
0F7
25F
2BA
149
058
06E
072
21A
F07
BDB
124
50D
1B1
F71
F4A
00D
0A4
DD2
CE8
D47
D22
184
2CF
E43
DEA
1C3
1CA
EF5
C7D
E6A
240
24B
1E7
274
097
15D
3E0
008
B7D
D5B
108
2C3
FF8
E02
18E
179
EFB
F51
C2F
BAC
FF9
1F0
0AB
EBA
FD4
4DD
281
D49
DCE
FF9
04F
198
15D
02E
185
2DF
31B
F19
A34
E19
211
E5B
D36
F79
0BB
1A2
0D4
E83
D59
D47
09E
1F2
E00
E73
424
4EC
165
FA7
EFD
0F9
02E
F7B
FAB
F06
049
4B6
182
CB4
DB1
FD1
F88
D9E
BFD
F88
1B0
150
1C9
FAB
C7D
0E0
21F
ED8
DA2
03C
460
47F
041
088
110
F26
F94
F55
BB3
DA5
230
2B9
042
D43
F0C
20A
E05
C3A
E03
ED1
0D4
364
126
F92
131
281
24E
D29
C64
20B
391
034
0BC
0C0
099
0F3
EF3
D15
BEE
CF9
2F7
12D
D17
FEB
2AC
14C
EB0
D52
DDF
068
0F4
1FB
15D
F4C
390
500
F50
CD9
E18
0E3
16B
ECD
F74
193
0A3
0FD
04E
B0C
BB7
086
0CD
E5D
DED
15D
4D1
1BE
ED3
F37
EC3
F26
282
044
EB5
193
463
380
EB0
C68
05A
064
CE8
D96
EF0
F77
2A7
1E0
E99
CE1
E20
16F
036
C0F
F94
42C
2E4
1EB
0F9
F58
098
0E2
05C
E8E
D78
217
570
FDC
D38
FBB
FD7
EF3
D35
C35
E8A
FCC
261
2B6
E4E
E03
2FC
194
D31
D5E
033
3AA
33F
0FB
1E4
10C
0C1
217
E79
AE2
E79
228
1FA
ED8
E63
0F6
17B
D46
D63
D9D
D20
162
2FF
FBE
FAC
222
3B6
1AA
C63
DDF
1E6
14E
0B3
161
06B
11C
2D2
FFB
D2F
AF8
EB1
230
E14
C43
136
25F
04D
F45
DD3
D5C
FC6
18E
1A2
F41
007
596
462
EFB
DEA
FEF
056
00F
EA9
EF7
0C6
12E
2C7
FDA
A8D
D73
09F
EC2
CF9
E7A
19C
3A4
136
01C
FF1
EAD
10C
237
DEC
E62
322
512
2CC
F03
E67
0F7
F38
D71
ECE
DA2
F33
37B
165
E2B
D78
022
155
DD1
B25
057
2A7
1F7
300
17F
F5F
143
19D
F3A
CE1
DB7
32A
454
F34
F20
0CD
FBA
F03
DA8
B8C
D49
060
265
15F
D3C
FE1
40C
FC6
CD8
E18
021
245
28A
1BB
170
0B0
221
295
D18
ADB
06D
227
FF7
E8F
F49
11B
0C7
E1A
E17
C2B
D1E
217
17F
D7C
03D
39C
40F
03F
CF6
F69
1CB
FE9
137
18D
F80
2F2
42F
F91
C1E
CB4
FE2
093
C8A
DAC
22C
18D
13E
06F
D0B
D65
035
10E
FE6
E3F
1D2
663
2A8
EBF
FC9
FA3
F91
00F
EEA
E5B
053
283
2E8
E5D
B16
FEE
05D
C3D
CCA
E8A
115
2FC
17F
007
F28
F70
24C
133
C19
F41
455
39A
187
FB9
FDE
0E6
EC4
E17
E22
C4D
057
431
008
D16
F25
136
001
C73
C63
05C
1A1
21A
323
018
FB3
330
1AE
DED
D05
FFF
3DB
22E
E98
126
1A1
FB2
FFA
D7C
AAE
DE8
16B
12E
ECC
DD9
282
372
E83
D2C
EFE
FD8
1DE
24E
0FE
0CF
253
3B1
11F
B99
CD9
1B5
08E
E7D
F65
030
168
12A
E9E
CCF
B28
E99
271
F5C
D5E
227
476
27D
FBF
EA7
FCD
0E4
01F
140
00D
FDB
4F6
366
DE3
C8E
EB2
FA2
E88
CA2
F14
12D
0DF
1F4
FE0
C4E
ED3
192
FB3
DCC
F1C
34E
54D
12F
FBD
0C2
FD9
029
0DE
DC1
DC7
20D
34F
16B
D69
D93
148
F32
BBD
D61
EE8
02B
2D0
1D0
F28
F60
0E3
2B0
ED8
BCE
13F
43A
23B
179
0E6
071
131
F98
E56
C50
D3A
274
2F2
D86
DF0
1A3
109
DEA
C50
CCA
FC1
13D
244
25E
EE5
170
50B
061
C12
E07
0E0
26F
011
F51
1D0
15A
050
044
C15
A5B
043
19E
F5C
E29
FF4
337
188
D3D
DEC
EF9
F40
232
209
F2F
1ED
43A
3DF
F45
BFC
F85
22B
EEA
E63
013
FF8
199
179
DF4
BC0
CF5
0AF
0B0
CDD
DF3
401
347
076
FC9
EE1
FBE
0FE
098
028
F4C
1F5
5CE
13F
C82
F4C
00F
EED
D88
CBF
F7C
15F
14B
1CD
E07
BC4
087
1DC
CF8
D5D
154
3BA
393
0B3
0C6
16C
FFC
052
F8D
C7A
F30
47A
261
ECE
E18
FDB
0E2
D66
B68
E67
E71
13C
346
028
E2D
0B5
1E9
064
C84
DB5
2F0
374
114
1CD
154
069
1F3
F9B
C5C
C86
FD2
2F8
00E
C91
081
263
EAB
D93
D25
CC6
044
1F3
188
01D
FF2
426
426
D44
C81
062
161
12E
09D
059
1AC
19D
0E8
EE3
A83
C4A
1BF
FD2
C26
F63
200
26E
FF1
D2A
E9D
F05
FAE
28A
04B
EFB
45C
510
0A3
DEB
E18
0C1
09E
E4D
F21
092
05D
229
1B9
B72
C52
FBB
FF3
E06
CB2
0DE
454
18C
090
088
ED8
FF0
203
F17
E09
0C2
46C
481
F21
D92
112
FAA
D4B
E21
D98
F4C
254
1E0
F13
CA8
EB3
203
EEB
AE1
FAD
2AE
2DB
2AD
143
FEC
14C
094
072
DEF
C3A
2BE
493
FB3
E70
05E
0AC
F31
CBA
C32
E00
F75
1F7
224
E0E
F37
378
0AA
C8B
D83
064
30A
26E
140
1CE
0ED
13B
2E6
DDD
B08
F13
1FA
127
E48
EB8
1F9
180
DA9
DE0
D20
D0C
1EB
250
F31
FFC
344
428
0DC
C84
E70
224
061
0A3
111
00E
280
2FC
026
C95
B74
F30
177
CD1
D30
1AE
297
07F
FB5
D10
E0E
FA7
150
0D0
E58
112
69F
314
E36
F0B
FEE
F95
F71
E43
F12
04B
1B8
2C6
E62
A9C
F1B
0BC
D5E
CD5
F4C
264
360
0F1
009
FB3
EA9
1CA
186
CB0
F08
458
466
173
ED6
F6A
0BF
E83
D45
DF2
DC1
0B6
3C3
04E
CE3
EDF
0F1
FFA
CA1
C89
153
2DA
187
2BC
0DF
02E
27C
139
DE2
CCA
FFA
456
1D4
E29
05D
196
F0E
EC6
CB4
B8E
EBB
17B
151
F7F
E59
25F
3AC
D87
C58
015
113
1F7
25A
0BE
14D
1D2
27F
078
B55
C86
268
117
E08
F66
078
13D
067
D59
D1B
CD6
F0D
33F
00B
DB5
307
494
141
E8A
DE6
0AB
19C
001
0A2
0D1
088
3C3
265
C31
C1E
F29
FE8
E9A
D27
FA6
2F2
11C
085
FCC
CC4
F90
203
FA8
EA4
109
44F
4EB
00D
E46
117
025
ED1
FF2
E0B
F3C
2CF
2C3
F55
C51
D7E
104
E8F
B8D
E89
102
1BE
2F2
0B0
F16
012
151
0D4
E5B
CD9
2EB
5A1
0FC
FB2
067
00A
FEA
E67
CBC
DB6
F19
2B8
21B
CBF
DA7
226
F89
CA4
D2B
F05
21F
231
256
178
FEC
109
35A
E52
B59
FF6
2A8
205
020
F3B
12C
13C
E1F
DD9
C28
C04
20B
25D
E22
EE6
1E8
2EA
043
C11
E64
128
0A8
202
24F
F99
279
40F
014
CB0
C7D
081
1AA
E6F
E27
1CC
0A0
060
F99
C04
BDF
F36
10D
009
E45
0DA
5E6
29E
E03
F50
FEF
FD3
14E
027
025
10F
339
369
E8B
B3D
F70
0E1
D19
D67
FA0
09B
1F0
173
F0E
DA9
DE7
183
105
CDA
025
497
45A
1A3
FB5
012
0BF
034
ED2
ECD
DB7
0CE
471
FCA
C90
EC3
06F
F04
C8E
C95
07B
1D4
211
233
F66
E39
24C
192
CAA
DB5
131
4A6
31E
FB2
108
163
EDF
F07
D87
B03
EEF
2CE
184
EA9
E3E
132
210
CE6
C40
F8B
FBA
218
369
07B
0DF
298
306
01C
BA8
E6F
375
14E
F03
0C9
072
08B
0DE
DF1
B84
C81
FB5
21F
F0D
DAE
2D2
372
F32
E34
EA5
F68
165
182
136
0EF
10D
46B
22D
B8D
CA4
031
FDC
E90
E71
FEE
215
0CE
FC9
DAC
B30
E86
201
EE2
D93
19F
3F6
3FD
FE1
E3A
FCB
F82
FEB
175
F31
F5F
4EE
347
E7A
C5C
E2C
079
E4F
B8A
F2A
0A3
122
2A3
02D
C5F
F8E
14C
FC6
D8E
E7F
379
547
107
0BD
0D3
F25
09D
FEE
CE8
D82
15D
337
190
CA6
E1D
16C
E6E
BD4
DA1
E82
0D3
351
19F
F8F
F5D
1C2
262
DF9
BFE
234
3C9
1B2
17F
04C
074
104
F2C
D79
BA2
DF3
32E
17F
D24
F6D
287
091
E89
CFD
DB9
009
129
289
15E
F17
2E0
4EF
F4E
C56
EFE
116
1F0
FCD
FE6
1B9
08C
077
FBF
AF4
B9E
162
0A1
DEC
EAB
176
3D5
11D
D76
F4D
F3E
FB8
21B
0C0
F00
2E8
4E3
21C
DE0
C71
04F
0BF
D83
F27
07A
FC2
22B
16F
CF4
C6D
F05
0FB
F46
CB7
075
54E
299
0D5
0A7
F1D
013
17F
F20
E1C
F5C
370
440
E48
D01
069
F39
D6F
DEA
E01
FB5
217
262
09C
E07
EEC
34E
010
BA2
F30
345
3BA
258
0D4
064
0E9
03B
FCD
D7E
BDE
189
41B
F67
DFD
FB3
070
F60
BF9
CC2
EFC
F7E
2E9
348
EF5
026
493
196
D67
C9E
039
335
17A
04A
1FD
08C
0D8
1AD
C86
A21
ECA
171
0B7
EBC
E83
27A
17B
E20
E4B
D6C
E0A
226
2A2
FEE
01A
391
4B7
058
C29
ED7
1CB
F21
FBE
082
F41
1D1
255
ED7
B4E
C13
03F
16D
D37
DE0
330
2CF
15A
0B3
DAE
EC0
12D
14E
025
EBB
1D8
5F3
1CB
D67
EAB
FB4
ED6
EDC
D7D
F20
0B4
235
1D4
E03
B8E
04C
13C
D3F
D8F
096
30A
3E8
151
0A8
02F
F71
190
052
C05
F4F
4AC
233
F2E
E93
F86
05D
D3B
C8E
E2B
E14
144
42C
FBE
DB9
1B2
22C
FAF
CAD
E07
297
29E
167
217
05E
FF9
29A
F7C
BA9
CA1
0D7
2EB
022
D6D
0F1
14E
E41
DF4
D79
C73
09B
316
0AE
F83
09D
3FE
345
CD0
D87
15D
0D9
127
165
FBE
093
270
080
D03
AC1
D82
21E
F0A
C77
0FC
1DE
104
048
DF8
DB5
F90
19B
228
F89
F6B
598
47C
E61
E20
EE6
F9A
FE6
ECB
ECC
032
0E9
2E8
FF7
A5C
DDF
161
E8B
CD6
EC5
1E0
380
1FA
07C
FEB
E4D
101
266
D9B
E2B
3A4
455
132
EBE
E54
07C
F22
DA7
E2F
D1C
FB1
3E4
13E
D3B
EBB
0AA
129
D5C
CC0
10E
31C
27A
2CC
151
EED
1F2
1CD
DC0
CC7
F6E
356
20F
E11
F73
153
EBC
E6D
DE5
BAF
E8D
21B
294
FDA
EE6
202
3DB
EB6
D7C
FE9
099
180
2EA
0CD
094
230
211
FD3
B47
C0C
1FD
134
DCA
F96
138
14C
165
E94
D08
D72
FFA
327
074
DBC
383
54E
0F7
E83
EA2
FD2
10F
091
064
FD3
FCB
37A
269
B6B
BAB
F9C
FC1
E32
E0E
FA5
2BE
20D
0CD
FAA
D1D
F90
338
F96
DAE
211
4C5
402
FF8
E6F
FFB
F9D
E0E
F5E
D8F
DFD
371
259
E20
CB2
EB4
0BF
E92
C4C
FDF
1DE
1DD
381
1A0
E20
0B8
288
FE5
D21
DC6
291
44F
FDE
ECD
098
EC8
F34
EAC
B36
C79
060
2E7
0E0
E05
F6A
35E
011
CE9
EE3
FDD
1BA
39B
1CF
03B
0BE
1C2
206
CF8
AD2
08B
1C0
F31
FE7
FA1
031
09D
F26
D44
BE3
DE2
2E1
1D5
DA7
105
44A
229
F46
E09
E8B
0AC
117
1B3
0D3
ED5
309
3BF
D5E
A87
E5C
F8B
F71
E4C
F06
178
178
151
05F
C70
D91
267
150
E31
02E
351
48F
1CE
F0B
FB3
FA9
F31
0F4
E94
CE1
1C2
3B1
FDD
D13
C58
006
F7A
C50
E17
011
0DC
396
2CB
E75
ECB
18B
14E
EF0
CB5
12B
50A
171
08E
03B
E8D
FAC
022
CD6
C22
F69
27A
264
E62
E0F
211
08D
DC8
E90
E38
06A
3F9
33E
0F4
08A
1A3
3EF
F1B
B3C
F36
20B
0E0
0BD
005
F97
02A
FA4
E33
B3C
BBE
18F
2FA
E07
F36
291
23D
0C8
ECA
DC1
F59
108
2F1
1E6
ECA
1B2
558
FD8
C22
D33
F6A
096
EE3
E3B
068
092
16C
181
CC3
B7B
09A
17E
F25
EBB
1FE
4CB
354
FB9
FC1
EB0
F66
1D5
FE4
CC2
06F
455
23A
DAC
C0E
EE8
015
CE5
D99
F73
F8B
31B
3A3
EB9
D8E
052
233
094
CD7
F9A
40C
311
17D
170
EDA
F85
0B5
E88
C00
D8A
143
419
ED6
D1B
083
013
E5F
DFE
D17
E4B
27F
388
20D
F37
08E
424
154
BEE
E42
10D
0EA
27C
134
F88
01E
0BF
039
C83
9B0
FDC
345
F21
E61
118
265
153
F62
DB4
E55
019
2B5
334
F10
02C
58F
258
D61
CE8
E44
052
041
EAB
FE8
F93
0F3
317
DC3
ABD
EF6
0E4
F7A
EF1
FD7
37B
3EA
0AC
FE1
EED
D92
1E0
181
D68
F6E
385
363
007
C74
DCF
F6A
DC4
DF8
EC8
DB1
188
44A
075
D3B
EA3
192
145
D33
E38
3D8
378
30B
2A1
F61
E7E
174
057
D82
CC4
F84
470
11C
DB0
F61
FE8
E10
EE1
D48
C96
0DB
349
291
F83
EB4
2F9
2E1
D7D
DE8
0CD
13A
261
1A9
F73
00D
0AC
0E6
E39
99B
DA3
2CD
040
E65
023
0D3
1B1
08C
DEA
DCA
E71
222
3F1
F7B
F2A
486
3B9
FA0
D76
DC8
F66
04A
F7E
005
F27
FF3
385
F83
A5C
CF7
067
049
EE9
F0F
1A9
370
1B6
166
EEF
D0E
18B
281
E7E
E75
21D
424
1EB
DD4
DBC
FD1
E4F
F0C
EDD
C4B
03D
425
1E2
E18
DB1
00E
16C
E7D
D5C
1BC
282
2ED
3C2
FFC
DFC
162
0FA
E3B
BC4
E3B
3B0
207
E5C
F91
F5F
E42
F23
DB4
C04
E95
231
3A1
0D2
E12
204
3C5
E96
E1B
F68
00D
262
352
0EC
F78
024
1E1
00E
A17
BDF
16B
079
EDF
FB7
FFC
143
0FE
F26
D78
C61
039
41B
0A0
E73
37F
46B
170
ECB
D3C
E67
047
094
0C1
F17
F23
3AD
14A
B7C
BFB
F04
048
F3F
EA6
0B0
2D7
22C
278
FBA
C3E
004
37A
F6C
E56
120
3FA
3D8
FDB
E20
F2E
E33
ECF
F6D
C51
DD2
32F
321
EDD
D0A
F15
150
ECB
D65
04D
0E6
2D7
564
167
DFA
044
25F
01F
CCC
D06
21F
2D6
FA3
022
F63
E58
01B
EF0
B2B
C64
100
3CB
1B1
E36
103
3C1
FD9
E9E
EB3
E98
170
3A0
1FB
FD0
FBF
2ED
201
BFB
AF6
F97
026
FA1
058
F1F
02D
16C
032
E6B
B3B
E51
3AC
175
E79
217
3C8
2CC
102
DE4
E02
FC1
02A
15C
E82
E5F
3B7
30D
D4E
C38
DE0
F0B
F88
E49
F22
0BA
1F7
43F
174
C16
F42
2F6
06F
E6B
FA2
2C5
48B
19B
F13
F1F
DA7
F6E
0BF
C23
C46
1AD
34F
0DF
D99
E23
12C
F6A
E18
F1A
F6B
128
547
360
F4B
FCE
224
1AD
DCF
BC5
0C7
29D
06A
138
F2A
DD5
077
019
C35
B7C
E3A
306
1F8
E84
04E
333
10C
069
F47
D80
058
2F0
2C6
0C1
EE1
2BF
417
D7F
BAC
E97
F60
FBD
033
EB4
ED1
149
1DD
FB4
B36
CFB
2D1
193
E79
114
339
372
321
FB9
E1A
E72
07B
221
F0F
CA9
24C
3E4
F53
D47
D65
E86
F3E
E2D
E5B
F38
060
479
32F
DCE
DEF
25C
110
EF2
EA6
154
3AF
2DD
0BD
052
D6D
F26
15F
D09
B83
F6F
2C3
1B3
ECD
EC4
0C1
FCD
E67
F44
E26
F1C
4E4
3D9
029
FBA
219
319
F88
C10
F54
157
07E
245
0B4
DB8
04C
160
D7D
B0C
BDF
15D
2D7
EBB
FD7
27E
131
148
03B
D74
DEB
203
30C
198
F03
216
4DC
018
CA1
DBB
DDC
EF4
081
E16
EE5
041
251
1A9
C64
B9C
143
11F
E6E
01F
1B0
2C8
3E9
15E
F4C
E1E
F1C
238
FC0
C00
05D
3DF
148
F02
D48
E01
EFB
E7D
EA8
E13
EC4
3BE
4AA
ED1
DF6
185
203
049
E22
F49
254
2B7
316
194
DA6
F0A
278
DB0
ACB
D9A
10B
23D
FBE
EFA
08D
027
F6E
051
D2F
CF0
2EF
447
112
020
170
3AF
10A
CC9
E24
FCA
FDA
22B
097
DA1
023
215
FC4
C15
AA5
F54
1F7
F14
FBB
1CC
18F
2A0
21B
DF5
CF7
018
328
11C
E55
04E
562
20B
EBE
DED
CF9
E89
FFF
E71
DFC
EE3
25E
3BE
E6D
BE8
00A
0E2
F27
FB8
FF0
186
407
33E
14D
E0B
E4D
263
099
BCA
E62
28D
238
078
E6C
E41
F05
EA7
EC8
DB9
BFB
23C
511
0EF
E8B
0FF
19C
109
EB3
E48
081
170
36F
36D
DFB
F2D
2A9
011
BA7
BCB
F04
17F
060
F39
09F
FE6
FE8
1C1
D56
B0B
086
386
1ED
FDE
09A
450
32B
EFC
E7B
E99
E66
1C0
114
DD5
F17
23C
25A
DF6
B1D
DDF
0AA
EAC
F00
0EF
053
2FF
424
03E
DAE
E8A
29A
21C
DAC
F4F
396
288
0DB
FE7
D76
DEF
FB6
E58
DD7
D36
0B7
4BA
0C8
CE9
FA3
0B3
F3C
F9F
E8C
020
2A7
3CC
377
F81
DBA
2DC
182
C94
CEA
00F
110
13C
FDB
F8D
F4B
EE5
04F
DDC
A88
F84
425
1D5
F97
0B8
220
30E
FAE
E46
EF7
F29
20C
446
F35
E74
2E7
1C5
E24
B76
CEA
011
000
EEF
055
F9B
0C9
383
F8A
B90
E2C
1FA
25F
02D
F7D
3CB
406
0CC
FCC
E4A
CC9
063
116
E63
DD1
09D
3BC
0AE
C4C
D2B
006
E1D
F13
F7C
F24
216
41A
2E0
F30
E05
193
282
DE9
D42
178
256
26A
1BF
E76
DCA
F3F
F9B
DF6
B1A
DDB
35A
215
E15
FD4
040
058
FEC
E5C
EA0
FAF
2A0
50F
119
DD4
2FF
338
DE1
C64
DEC
F86
165
070
FF8
F5C
ED6
198
FCB
A38
C81
1A8
1F1
055
FBF
262
36E
140
FAB
F47
D6A
09F
35F
F99
E92
1A7
372
102
CE1
BF8
EB8
F05
EA7
FE2
E79
FE5
3B9
242
DDC
CC5
039
21B
FFE
DF7
218
3AA
268
2D5
F44
CF4
F67
057
E7C
C6B
DF6
330
2B4
E3F
E8A
F62
E8A
F9E
EFA
D68
FDD
35E
464
22C
E10
045
3A6
F3F
D16
F0F
05D
21B
2CC
031
EC3
E74
0BC
FA7
A9C
B08
1A3
280
FDF
063
063
1B8
174
FE7
EB4
D94
061
53A
24F
E5B
214
387
0E3
E0B
C81
E2A
FD8
FB0
05D
F4A
E3D
253
289
CE7
BCA
F7E
124
0C5
F0D
09E
3AB
2BB
2B2
0FE
C67
EEB
294
FBC
D62
EDC
2FF
391
F69
CF2
EC7
DE9
E7E
FA0
D54
DB7
2EA
449
16D
E04
F2D
2D9
053
D7B
00A
143
1E5
448
1D5
E5E
F13
0C3
039
C5A
A7C
0EB
2BD
FB4
FF8
F9F
F28
0A1
FC9
DB1
D4C
05A
469
35B
EEA
0D5
3E7
161
EA1
DCE
D5E
02D
19E
13E
FCC
E48
146
29E
C87
9D3
F04
0ED
FD9
08C
015
246
27E
224
09D
D2F
D4B
36C
232
E63
046
2D3
2D0
0A9
CCA
DA7
E06
E1D
070
ECF
C54
1D1
426
06D
D34
DC7
0AD
0DF
E59
FDF
1A8
22D
45E
38F
E88
E87
19A
0D9
DDC
C35
025
3D2
06E
F6F
FD2
E46
EC9
014
D2F
C66
F70
40F
3D5
F6D
F08
317
1FA
EDB
ED8
EBA
02A
32B
20E
07E
F1D
04F
2A9
DF7
9A2
DAA
0EC
FE1
04E
00C
FEF
1E8
1A7
FDC
D0B
CFE
273
40F
F58
002
3EE
2DF
18D
E59
D51
E8E
F2E
065
010
C7A
065
475
043
C16
D4F
F0F
03C
F1D
E7D
0DD
1FF
303
403
E7F
D48
186
1D2
F14
DE2
FD9
37A
272
F2B
F66
E7C
DA4
098
E85
B8C
F07
2F7
339
00A
E1A
0F8
1B8
E89
EC6
FCC
EFD
3C2
4C9
0DD
F29
0B3
225
023
ACB
CEC
169
084
04A
114
EF4
FA6
13F
F11
CD5
BFC
050
468
117
EC3
329
35A
180
024
DEE
DEB
023
1B6
16E
E6F
F08
40E
1CF
BAC
C31
DE3
EEE
FB4
F0F
F87
122
219
317
FE2
BC9
019
2FC
019
EF2
093
350
3DD
0C5
ECA
E61
D2C
F82
0CE
BD6
DA9
2E4
288
03D
D57
E9E
148
E98
E0B
FDA
F23
2D8
586
1E7
ED6
088
1EE
116
CE0
C96
151
233
06E
11D
F16
D93
0AD
FCF
BE9
B7F
F54
3BF
209
E78
19B
2FF
0C0
050
EE3
D9E
FE7
377
27A
072
EAF
2EE
367
CF0
B91
E6E
EA9
F7F
FC5
EB4
FBB
12C
286
017
B0D
DC2
30E
0FB
E61
0F5
2C0
3BE
2E5
001
E8C
DD0
F8C
1F6
DA2
C62
1F0
382
01C
D88
D3C
F8C
F1F
DB5
F2E
F2A
09A
519
37D
DE6
F5A
1C9
1B5
F21
D34
10B
2BA
1B9
193
024
D43
F84
0F5
C29
B0E
E2E
23A
245
EB6
F5B
214
06F
F44
FC6
CCF
EFF
368
3A3
142
F91
21C
448
ECE
B69
ECA
F35
FC2
18D
F49
E6A
08A
136
06F
BC1
B65
234
233
E80
0B1
270
2BC
321
0B3
E97
DD9
F9B
225
096
D44
10D
4D0
107
E13
D2A
DCE
EC0
E38
E68
E8A
F7C
328
3C7
E4C
CE6
10D
142
F9F
E6A
FA0
32E
33C
234
17A
D9A
E86
198
E5B
B4D
D55
191
2D2
FF5
D68
032
003
EAA
007
D74
D7E
2BB
4AE
1DE
F69
0ED
3B1
145
D31
E10
FE5
FCA
1D0
0D5
EA4
F9B
105
052
C4E
A37
EE9
2B4
F49
F48
216
16A
264
192
E7B
DCF
F2A
1F8
263
E78
F86
47F
2DF
E91
D9D
D33
EDB
F84
F20
EFF
EEB
0D5
462
F98
B5D
F88
12F
003
EB5
F66
244
3FA
2AC
1DE
F79
D87
207
0FA
C34
D50
0EE
34A
12A
E1B
ED1
FCC
E7B
EC8
E3E
C42
037
4EA
2AC
F78
FBD
2DD
2D4
E31
D7E
08A
13A
245
34E
F6A
F42
124
0DB
D42
A6E
D02
28F
091
E75
0B3
086
14F
1BF
EDA
D1F
E9B
1CF
3FA
107
EC6
3C1
44C
FBC
E56
DC1
E31
021
034
F09
EBA
F8E
34E
150
ACC
C90
073
F6F
F0B
F53
08E
374
334
1E1
033
D02
098
336
E54
D32
0DB
394
1C5
F41
DAF
F61
DEB
E02
EB1
C00
E15
40D
383
FA2
E7F
000
24C
FA0
D80
003
136
233
43D
14D
EA4
0F0
1C4
E8A
BC9
B8C
0EC
21A
EB8
FB8
05C
F64
0FB
FCD
BDE
D17
094
39C
1D9
E65
1C8
4B0
127
E7E
E8B
DEC
FF1
19A
032
F31
E75
272
2BD
C3C
A63
F15
F6F
F3B
F8D
FDF
1EA
2F3
227
0A3
D36
E6F
34C
090
DAD
055
3EF
352
10C
DF4
E97
F13
E42
F57
D2E
C47
1E4
3B7
FDF
DC9
EDC
125
04E
D38
E83
125
16A
3F1
3B3
F1F
FAD
269
0D5
D95
B72
FCF
352
02F
EE9
016
EA2
F91
044
C90
BB4
F1C
28F
354
F4D
FA2
410
28E
F35
F15
DE8
F7B
2B1
213
05D
F80
158
36F
EA9
A3A
D43
FC3
F2A
F45
EBF
019
224
1E4
0E9
DD1
C40
1C3
2EE
E7C
F56
2F7
3E8
2E7
F3C
E7D
EF2
E36
FF6
F8B
C2E
F7F
439
14C
DBC
D8D
F31
0FD
DF4
D87
01E
089
2CE
511
02B
E3A
11C
224
FE4
CEA
E12
358
28E
005
077
F2E
E37
04B
E3B
B0D
D14
0E6
3CD
117
DA1
223
34C
F57
EF7
ED6
EA7
237
344
1CB
066
FF8
348
250
B96
C1C
F4D
FBE
FA5
FA5
F08
0B5
157
0A4
E79
B4B
EC6
3B5
02C
EF4
17F
3B9
3A5
11E
EA5
F14
F23
FD5
0F4
E00
DBC
374
312
F01
CBF
DA3
035
EF6
CCF
F34
000
118
457
200
D4E
007
1F2
140
DFF
D3D
195
43F
13C
0D2
FC1
DBA
FD4
040
C1C
B8A
F03
2B4
27C
DC7
F10
217
02E
E8D
ED3
E1D
011
32F
357
144
F8D
1E2
39C
E61
A9B
ECE
07E
089
06E
F52
F85
11D
0E7
F3F
B56
BA9
1B1
219
EB2
FF4
300
359
2EA
F8C
ECF
F3E
009
2A5
0FC
CED
1A1
462
0E2
D06
C66
EF3
FC5
DEC
E3F
FD9
009
2D1
360
E61
D16
0A7
182
FCE
DDD
036
44E
310
15E
136
E73
EEA
0D8
E38
BAB
D99
170
413
F02
D3B
0CD
043
E11
E6B
DC4
EC4
221
3E4
28E
F70
007
3C0
1D2
C05
D82
060
0CE
1BC
031
F56
FC2
FED
00A
CE1
975
F44
2B5
F77
EDC
0FD
270
2DE
00D
E67
EBB
E92
260
33D
E32
F55
488
348
F22
CB1
D73
FE6
EAA
E1F
F9D
E85
0EB
42C
FF5
BEF
E17
0B4
14E
EAF
E3F
38C
492
26B
244
F1A
DAD
0CD
0F4
DDA
CBB
F8A
453
211
CEA
EEC
00D
E8C
E70
DF3
D22
018
38B
2EF
07F
E1D
1F8
3C1
DFB
D1F
FEE
0EA
29B
1E7
FD4
FE3
F62
0D7
F70
A3E
BD8
1AA
180
EE9
FC9
097
2AF
123
E80
EA2
D92
0B2
4B0
17C
F03
249
44A
176
D9E
C1A
F75
F91
E54
00F
F5D
EE0
2D3
1AB
C9C
BE5
ED4
169
072
DAA
0D8
455
2D0
270
0C4
D47
018
21B
06C
E14
ED9
320
473
F63
CF3
FC2
E3D
E3B
E9C
D1F
E6C
17D
38F
260
D99
EAC
330
0BB
CDC
F13
0C4
2CC
33B
17E
010
F44
FD5
1D3
CD1
A1C
FD7
240
059
F45
F33
0D2
155
EA1
E5A
D56
E19
2FB
3A2
F4D
03C
362
35D
03C
C9D
DD7
0D6
01D
068
0BB
E7F
0C0
2CC
EF7
B62
BFE
FC3
173
E62
E99
286
2A3
215
20A
E24
E27
129
244
043
E53
0C7
545
249
D62
EA9
E66
E30
F65
E01
DAA
FE3
1E8
323
F3B
C3B
04A
1B1
E81
E46
047
20D
3BB
308
109
F54
E9D
1BA
0A9
B14
CE2
1F0
258
FF4
E7F
F26
0A8
EDC
E72
DFB
BFA
072
483
1E8
F08
158
35F
23A
E2D
D14
093
08C
140
2A9
F75
F09
24B
138
D43
AA4
D3E
182
016
DB3
07F
1EC
11A
1E8
F18
C49
EF9
21C
2D7
066
EE2
3FE
4B0
FA7
E7F
E60
DAB
FF7
F8B
E0E
E5C
FDD
3AF
1D2
BB5
D0A
0E2
FBF
DB4
EA6
001
384
33F
27E
09E
DF0
04F
2AE
E63
C47
084
34B
2CE
FA0
E0D
FE3
ECD
E39
EA2
C0A
D28
31F
37F
F8B
F51
104
30D
03F
D12
F35
13B
14F
41C
1E7
E4F
10A
1E7
FB4
C2E
ACD
003
20E
E6D
EBD
0B8
FF6
155
033
CF7
D27
FC9
2C0
2A2
E7E
0ED
558
2C9
FDE
EA4
DCC
F62
051
FBF
F79
EC8
209
436
E3E
A87
E5A
01C
F02
EA0
F29
1C3
2DF
25D
1F8
E81
D54
260
1B0
D85
ED6
24E
3D1
1C4
E89
E98
F39
DD7
F38
DF9
B7D
01E
3F8
221
ECA
E4E
0E0
16D
D87
DAA
05F
073
3B2
4BA
FEB
F4B
11E
1E2
F5E
AEE
D8D
2A5
13E
F16
052
F7B
FA2
0AC
DD6
C40
D13
136
3DF
096
E95
39C
40D
048
F7C
E3B
E90
111
191
188
ECB
EFD
426
1C7
AEF
BE2
EED
FA1
F5F
EA7
FA8
1B9
1EE
29D
FA5
BA9
FD2
320
011
EEB
050
399
40B
033
EE8
F1A
DA3
F28
010
CBB
CF5
25C
3A0
091
CC9
DF9
182
F29
D80
FB9
F8F
192
4EA
235
EFE
F6E
189
20A
DA4
BE5
0F6
284
0E6
0F1
F2A
DF4
FEF
F07
D51
BD0
D87
39E
380
E70
FD4
324
1EF
042
E58
DC9
048
22A
34E
13E
E35
1AB
402
EB0
BA0
D1D
F2B
0E5
F45
F5B
14C
031
1D6
1BD
C58
C70
164
26B
0C8
F41
1D3
520
288
F81
F87
E0F
E64
174
F7B
D1D
FA1
32E
308
DF6
B64
F0A
F40
DAA
F22
F8B
007
391
455
0D3
E90
E57
250
14F
C5C
F10
2D3
24E
249
024
DB1
ED2
F66
F03
D93
B2A
045
472
09E
E71
00E
0D7
0C8
F43
DDF
F62
10A
367
4DF
F3C
E71
31C
209
D50
C9E
D5F
071
08C
FF2
02F
F02
F6B
253
E62
A90
DF9
18B
2E0
0D5
FAB
382
3A3
0E2
020
E9C
CFD
13B
281
F81
E50
09B
34F
0FD
BD1
C62
EEA
E58
F51
FA4
F0F
0D8
386
275
F27
C9B
FCD
360
F79
E43
1B9
2A7
34C
273
F05
DD1
DF1
FC4
024
C2A
C6B
357
33F
F35
E8B
E76
FB6
FE9
E5B
E98
F5B
171
605
302
E25
0AF
27F
0F5
DC2
CCE
005
1E3
0CB
0F5
F6B
D77
0C4
0E4
BE7
B05
F07
293
25F
F5A
0F5
2CA
0BE
0CC
FC6
CC7
EFD
399
2D7
06F
ECA
155
38E
EBA
B7D
D99
E12
F64
10B
F07
E72
0DB
2FA
1A1
C3C
BF1
19F
242
F2B
137
210
33C
3B0
0F1
E8C
D91
E74
2DF
F91
C01
025
3DE
178
E6F
CCF
DF6
EE5
E98
F5A
EEB
EBD
3BF
549
FAE
E00
03D
1AA
07C
DF6
F1B
1CD
214
2A9
142
CF5
D6F
0D2
EEE
C45
C71
00C
387
0C2
EFC
0DA
007
FE4
0D0
E0C
DEF
145
4D4
3E0
F8F
EB1
349
154
D38
D65
DE5
EEA
20D
10C
F0F
E8F
FE2
231
E9B
A03
E07
24E
0E6
144
14F
1C0
32E
219
058
DC7
C72
147
3FB
F0D
E02
1BF
263
0DB
D7F
C67
DB8
DD2
FDB
0A0
D7C
FE5
4BA
1FD
DDC
DEC
FFA
1EA
017
F21
1AE
1F2
26F
422
F90
BB3
EE0
0DE
F47
C91
D05
2C5
2F8
EFF
F2E
E85
D54
0B6
056
DEC
EC0
213
5E3
300
DAC
07F
28C
F9C
EDA
E86
E09
137
2D1
150
E8D
D16
02C
140
BB0
B5B
FCB
14D
1D3
11B
FF9
0A6
0FC
158
02E
C7F
E2A
43E
312
F96
FB1
17C
243
F6A
C98
D3C
D82
F16
2B6
00E
CF2
14F
306
FD2
CDF
C63
0E6
1AC
037
1A1
179
139
3EA
32C
D90
C6D
F76
194
051
D2F
04E
318
0F9
FAC
E10
BA2
E0C
0CA
F68
E77
EDF
376
592
F8E
D9A
087
037
02A
090
F4A
050
2AD
37A
1AC
CBD
D25
15A
F1B
B41
DD1
FD7
1A0
21D
011
F42
ED1
F46
1E3
EC3
C52
1AA
58E
28E
09D
00E
0F0
0E9
E58
E24
D92
D81
283
331
DE0
DDA
0B1
0AA
ECE
BDE
DB4
149
0F8
1EB
2A4
F8C
177
3DD
0AD
D08
D33
195
3B6
048
F17
21F
0DC
F9B
FFA
C29
BC9
E83
16F
0D3
DB3
F58
48E
1AE
D87
EC2
F2C
F86
1DF
10B
026
0F0
316
55A
FB4
AB1
EA0
1A1
EAE
E3A
EAB
088
256
0E2
F54
D53
C22
133
15E
D0D
E86
37F
4D5
292
FC3
F51
0C4
FC5
06B
FE2
DE8
0B3
493
1C0
D97
DB6
F76
022
D36
C24
F2F
070
18A
34C
FF5
E2D
12B
1E6
F15
D29
E75
440
38B
043
152
079
FDB
092
DFD
B88
CB8
06D
38E
FCB
C92
079
256
EA4
DDA
D88
E53
137
330
279
087
033
41A
2B2
CAF
C74
076
16A
099
FB1
FF2
0BD
0CB
0C8
E4C
A66
CE8
268
059
DC0
010
233
2D7
0ED
E39
F35
EFE
0C8
2F2
FF5
E49
3C2
466
090
D35
CBD
FB0
F88
D79
F60
F51
FF1
3B3
16E
C71
CC1
06B
19B
F06
D6C
1F2
4AB
21E
278
04B
E1E
FB8
17B
EB3
D90
EFA
34B
3D7
E3E
D5B
FBD
EB6
E5B
DFB
CCE
F56
24B
3AB
1C9
E18
F97
3A8
058
CFD
F8F
11E
2B0
2CB
109
012
F6A
FE7
0F6
BF4
A19
FF6
2C1
FE8
E9E
FA5
165
15C
ED1
EB3
D5A
E9B
3EC
3B3
F1B
070
3DA
2C7
F2F
C6E
E2E
05F
FB2
133
022
E2D
148
2D2
E8C
BD4
C74
056
1ED
EAC
F49
29B
21F
209
170
DF7
DB2
145
251
050
E4A
0EC
51A
16B
DEB
E19
D37
DA2
FC4
E33
DF4
FDF
268
375
EC0
B9B
0D8
1EB
EB4
F26
010
237
462
3D2
114
E46
DEA
1B1
FFA
B14
E05
1ED
1F6
0CA
E55
E70
E96
E91
F23
E3A
BD2
120
56B
1E3
EFC
FE4
217
195
E6C
DB6
041
094
2C2
363
ED2
E27
1C3
063
D41
ACA
D50
1DC
114
F67
0EA
016
039
251
EBB
C37
E9B
2BF
451
123
F3D
313
368
FBD
F28
D41
CE0
051
1A6
F7B
E7D
F88
28F
0CC
AF9
C34
FFF
FBE
035
0EF
0B9
26D
33C
307
FFE
B7E
FBE
311
FA5
E25
086
269
280
06A
D93
D2D
D21
EE6
0E6
CB4
DB9
39B
36E
044
E0C
E9F
0BC
016
F56
0C4
044
1BA
559
25D
D55
E45
065
0AD
E28
C4F
075
217
0A4
122
EBF
CCB
FDD
0FD
DBF
C67
FE1
495
4AA
FC1
060
1EA
01E
FE9
FC4
D7A
EE6
33F
3A5
07A
D27
F7E
1EC
D42
B4D
D7E
EAF
107
28A
061
F56
FB4
1C7
1A3
CEA
C75
2A9
361
176
190
126
177
1C5
F7F
D85
C14
DE9
29D
0B5
CC1
FE1
27D
116
E81
CB6
DFE
F90
04B
27F
117
F39
40B
4F0
F0D
D12
EBB
155
180
F13
F5E
13D
05A
195
088
B0A
BD1
008
019
EAD
DD1
135
432
1B6
EC6
FBB
E3A
FB8
2E1
FD4
E37
18E
474
460
EE8
CC1
0AE
FE7
DC5
E73
E69
F1D
295
24F
F35
C3E
DBA
1BC
02A
BB4
F76
3AF
2E3
30F
107
FAE
FF7
0F8
0CB
E39
C2F
230
4BB
FCB
E46
F5C
F1E
F41
D9B
C93
DEE
FAA
370
2F0
E18
EF4
313
113
DEC
DA3
FAE
28F
2B2
16B
101
F31
01A
272
DB0
A33
DCB
19C
12C
F13
E9A
150
12C
EFE
F33
CF5
CA9
26E
356
0A2
002
254
446
181
CCE
E80
FF6
F85
165
0B3
E13
0BD
31A
102
CEC
A56
EF0
17E
E63
E88
123
149
267
27A
F07
D52
F69
22B
1C5
DD7
FE6
51C
30C
F4F
F15
D7C
E92
FBC
E9E
E0E
DD2
0F0
491
FC9
C2B
ECC
084
F0D
F2A
ED3
11E
30B
38D
387
F0A
D4E
1E7
194
CF0
DF2
016
2D4
22B
F2A
E8F
E61
E0B
074
E7E
AAE
F0D
449
299
FB1
ECC
0C6
25D
F24
E22
F9A
FB1
2D0
568
097
E9D
0AB
16D
F83
B69
C83
11E
063
FD1
11C
E7D
EB1
1F3
FD5
CA3
CAB
060
533
21D
F61
25A
222
130
0B8
E51
CB7
FCA
266
16A
E96
D8A
2B0
1F6
BD4
BDF
DD3
E43
056
11E
F7F
096
1C8
3C7
0DA
B00
E7F
33F
14D
005
0D2
1FA
313
194
F28
DCD
B99
F1A
1F2
D44
CB9
12F
327
137
D93
D17
F1F
F84
FC8
146
F11
096
562
403
E67
E25
F93
19A
F80
D9C
084
184
0CB
2BB
EEA
B01
E7F
0B4
E8F
CCC
E22
291
3ED
010
033
038
F67
120
0D2
DF4
F38
30E
4ED
29C
DB2
F22
217
E9C
D0E
E03
D66
036
2B3
116
E46
D58
0A4
1C5
D3C
C41
134
2C0
20D
2DC
0EB
FE4
17C
175
F88
C73
D90
39C
2E5
E5A
F5F
0DE
024
EFC
D35
CA0
DB7
029
362
0C3
D8C
1D1
454
064
DBA
E10
058
2B2
1E8
16C
12C
FD0
300
206
B77
B3A
FA2
121
F80
DD6
F80
247
0BE
FFC
F24
BE7
E62
31F
189
F04
0C7
3E5
431
FDD
DC4
061
F72
F82
177
F05
E11
2C9
2F1
F5E
BE2
C65
096
FA0
CB4
FC9
0E8
165
3AD
1D6
E06
E91
0A4
2AB
01B
D74
30D
51A
1A8
056
F64
DD0
F42
F8D
E1E
D16
F26
2C4
34D
D4C
D11
0BE
FCF
EFC
E8D
EC4
172
37D
3ED
1A8
DBD
FDC
366
F91
C3B
F70
16A
2B9
1BE
F6E
EF2
ECB
EDB
01C
C1A
AFD
1CC
36C
0B1
F52
024
221
16D
E81
F66
ED4
052
518
336
EA7
FE0
26F
142
D8A
B4C
E05
087
FB0
099
FFE
D9F
123
1B2
D64
BD7
E17
26B
2E1
FBD
0A0
392
1B6
12B
0E5
CA4
D68
26A
23E
FAE
DE5
0A3
35E
F57
BA5
D98
D79
E61
171
FC6
E80
0C4
345
2FA
D91
C05
184
2C3
F9A
0AD
14B
236
359
1E5
EA0
CBC
D67
1D4
FDF
C29
F15
2C0
11F
FA8
D82
D65
EB1
FB4
077
F78
E9F
40C
63E
090
E27
FF8
0DA
FEF
F1E
F47
0A1
12D
2F8
225
C61
C6C
0C8
F5B
C46
CCE
FF8
328
1FD
01D
059
E73
F70
24C
F5E
D07
149
47A
3BB
03C
F1D
09F
0B8
DF8
E2D
D6E
DCB
268
2D4
E94
D0B
F80
12A
EFB
B6F
E3C
19E
1C7
2E1
1FC
ED2
10A
2CD
06B
D6C
C9F
151
42A
0A9
F03
16C
FE7
F9B
F07
BDE
BD9
F35
224
170
E4D
F21
387
168
DE3
E7A
EBC
03A
337
1F1
0D6
0CA
2C9
3F6
F03
AB7
EB8
13B
F8E
F8B
F8E
FFE
0F9
FEA
F0A
C0E
B7D
177
2F6
E39
FB4
309
3DD
255
F5D
E1C
F7F
015
1CE
110
DAD
130
4D6
08F
C6B
C82
E75
FC8
EC3
E46
FFB
F82
241
36A
DE1
BDB
074
248
06A
EA4
029
421
391
11D
08C
E5A
DD7
1A0
FA8
C17
E4F
1FD
342
FAD
C8B
EBD
F63
DBD
EF8
E5C
DA4
2AB
4F3
17E
ED5
F24
22B
18A
D10
E4C
1C5
17B
291
202
E62
E3B
003
FC8
D08
ABF
EAC
3C0
0FC
F74
093
F65
FFF
0EB
E30
DEB
F6E
34D
545
02B
E81
336
24C
E53
DD7
D9E
F47
18D
17C
092
DE7
EA2
24E
F4A
A30
D50
115
136
16B
097
139
225
1EB
177
E2E
C16
1C9
494
088
F43
112
227
13C
DDE
C7A
D90
DBD
0D6
1D3
D02
F04
39F
232
E3A
C42
E85
150
135
098
1D7
085
268
4E0
FD3
C67
E69
0F5
121
E51
E34
20A
24F
F69
F25
C9E
B7F
000
0E3
E16
DF7
147
4F5
22B
D7D
ECC
08E
F7C
193
0D9
F25
18F
47D
2F5
E6E
BF3
FEB
10A
C9D
D18
033
075
257
1BB
E22
D54
E73
1B2
068
CAA
F63
4F6
39D
0EA
0B4
FB1
002
0A6
FE5
E0A
DA5
13C
4BF
03C
BF9
FB2
FC3
DEC
D41
CAA
E48
1A1
2B8
24B
EFE
E4C
2BD
211
D01
DFC
15C
2FD
38B
130
081
048
FC8
0DB
E07
A3B
EC5
364
0F2
F3E
EDA
01B
11E
E2E
D4E
E52
DF7
28F
4A3
00C
F37
31B
385
035
CEC
E24
190
0F0
119
169
F34
F85
2A4
F5C
AB0
BA8
F68
20A
F23
E60
1D9
1D3
0BE
126
E89
CAD
14A
360
153
FB2
062
48E
2B7
DE5
D7B
E6B
E11
062
07F
E1C
F0C
1C0
22F
E20
A81
DC2
1C1
FD2
F70
137
144
301
372
FF9
E02
E65
166
295
E16
E71
39A
379
04F
E7A
CCA
D5B
F80
F14
E30
D77
038
507
1A6
CD5
F0E
07B
008
05D
F33
05C
2DD
3C1
403
F8F
CF6
120
1B3
D0C
CAA
FF2
120
1E6
021
E7F
E14
DE2
094
F6A
B47
E89
432
3A1
0FD
F91
069
1C5
025
F21
00D
EBC
23A
519
FDF
D87
F53
0D9
F11
C21
BFC
F9D
070
0DB
1F5
E3B
E48
251
0B7
C89
D5A
0A5
422
312
028
19D
1E9
02F
149
E23
B89
F61
34D
18B
EAD
DE3
193
171
D2A
CD7
DCA
E05
1DC
25D
F93
015
223
353
0B4
BC4
E8C
312
163
0D9
1C3
045
1CD
271
F52
C1E
B9E
F80
28C
EC8
D09
1B7
1D7
FCD
F6F
CBC
D54
FB1
1B9
1DB
F5B
0B4
5FA
346
DA4
E0D
F96
046
05C
F87
F83
0A6
158
2C3
E47
9D1
E38
121
E42
DDC
FB4
216
30D
19A
F5C
EA9
E48
1DE
278
DCF
F53
442
41D
1A6
EA0
E3B
FD0
ED5
EDA
E9B
D03
03C
493
0A9
C78
E3B
01C
FDB
DB4
DC7
148
269
288
44D
FD9
DB6
1F7
19F
D9B
D84
FB6
3DC
2C2
ED7
F8A
EF1
DFE
FEF
E00
AE4
E5F
2F5
2D0
FAF
DE6
0B1
28F
E58
E31
FB0
F65
2CB
4A3
0DF
F6D
0A2
202
058
B6D
C8A
19D
0DE
003
07D
E40
E8C
0CE
F14
C70
B9C
F90
404
17C
ECF
1E5
2CC
0B2
0D5
E59
DDB
07C
2D5
21A
F51
EA5
34F
1E0
C42
C06
DC0
E9F
0C1
088
F9C
F81
153
2AC
F3D
ADD
EAC
29A
13D
081
12C
1E8
3AA
217
FF2
DEB
C94
0AF
2FD
E27
D7A
25B
29C
FC4
D23
B9A
E21
F16
FC0
0E3
E2D
0BA
593
24D
D53
E19
046
179
FF4
F41
19F
22A
291
304
E5B
B23
F56
0B7
DDC
CBC
F08
2CF
23C
EF9
EA4
E7C
DAF
0B9
0D3
D7F
FD5
4CC
4C9
14C
E08
FC6
1FB
EEA
E7A
F7D
E97
1CD
427
FC2
C9B
DBA
FA9
F5D
BCB
C40
151
1D3
197
1F1
EDB
ECB
15C
08B
E9C
D63
0B1
543
33B
F81
0A8
154
ED5
FD6
D5C
C37
F12
227
240
EA2
CA9
11B
18E
CC1
CDD
EC7
009
32D
2D2
123
080
0BC
2C8
0BF
B04
DEB
360
1AF
FFC
09C
023
09E
063
E0C
C3C
BA2
FA1
32F
F29
D9F
1C4
23B
FE4
E5B
D99
F5A
116
242
2E3
04C
059
4B6
27B
CA0
CD0
F2C
08A
090
EFB
012
0A7
074
107
DCC
9F9
EC2
1EF
FA5
ED2
FFC
30F
39C
01C
F39
F37
E52
193
2EA
E2C
F47
3CB
317
FF9
C68
D38
FC9
E41
E74
F8B
E6A
0DE
416
08E
C16
DD6
0D1
1CD
F0C
E0B
2BF
3DD
241
2E1
EB8
D38
0A0
151
E0F
D39
01D
447
259
D96
E36
E8A
D5D
F37
EB4
CAB
FB3
3CF
3A1
016
D53
0CC
2EA
ECF
E22
0CD
10C
35B
3C5
06D
ED2
F39
0D1
FD5
AE5
C90
255
1D9
F7C
FEA
EA4
F7A
0AD
E6F
DA9
DB7
12B
5C1
1DC
E69
240
28B
07E
F1F
E25
EE4
169
26D
1A2
F14
DF1
1EB
0A5
A90
C2B
F23
044
184
FFD
FCA
028
0B7
1DD
FC4
B06
FAB
425
22A
054
12F
23F
2EE
FB8
DCF
DDE
D63
0A5
2D8
E66
D71
1ED
268
F15
BF6
C50
FD9
042
FFD
1AE
FE7
121
567
155
CC7
E22
12B
24A
00D
E97
229
2F7
0A6
094
DBE
B22
FA1
0FC
E3F
D31
F4A
339
266
DE7
DF3
FC2
E68
111
1CD
ED1
0B3
4A2
3EB
FD8
CF0
FD6
266
E5C
D2D
01B
FB9
161
2BC
EC8
C00
E46
004
004
BF4
DB6
385
346
0BC
0D0
FB6
F55
179
0A7
EEF
EE8
1EF
5A6
1EC
D0D
F59
110
E6F
DA4
D03
DA3
0F5
223
1AC
E53
CA4
12D
220
C3E
D25
0FD
26D
331
232
09B
0DE
0B1
140
FCF
BB7
EB9
44E
1E2
F0B
F11
014
032
EBC
C80
C7A
D74
0A5
3DA
F8C
DA6
222
2DF
F67
D45
DB5
0B7
2D4
1CA
2A8
041
023
379
082
B40
CB3
041
10F
FDD
E4A
06D
19B
F28
F64
D0F
B46
F8A
348
0B0
FAD
183
45C
36B
E5A
DC0
01B
017
10F
255
F0A
FB4
353
1F0
E26
B2D
D54
14F
EEE
D3E
051
08B
0D3
2B1
F3A
C57
EB4
179
1C1
EC0
EC4
478
514
0A7
FF1
EE2
E21
0A5
086
E8D
DB2
107
360
08B
B63
D5F
01C
E3E
E54
EF5
EFF
1B1
41A
224
F05
D97
0FA
2FE
E28
D6B
278
31C
30E
1EE
EC9
E65
EBD
F66
EB2
B25
D99
3F4
296
DFF
EA2
FF1
FC9
F8C
DD5
E7E
FCE
274
521
192
DAB
1F1
33A
EC5
CFA
EAB
127
272
166
082
F62
DC2
0DE
035
A8C
C41
14D
263
0D5
F25
0E2
200
014
F7F
EA9
D42
0C4
50B
204
F28
19A
34D
1A5
D47
C36
F04
FD7
060
190
EB7
D8C
22A
130
C96
B05
E3C
26F
197
F27
165
2E6
1DA
2FA
FCC
C5F
EE5
26E
22B
F60
E97
2FD
383
ED1
D2D
D9E
C7A
FB5
0B0
E0F
E3A
149
340
11E
BE1
D8D
1F6
071
FB0
10B
0EE
2B7
432
1B9
E51
D11
F6E
2B5
E33
C79
16A
2DC
0B2
FD1
DA3
CDB
ED1
F90
EE6
D92
EED
500
415
E7A
F17
0DB
0C9
01C
F3D
F99
0F8
2CE
471
0FC
C87
F8E
175
D64
B89
E00
0C9
1FB
180
F32
EB2
E5E
096
0A2
C01
D39
3DF
446
147
011
100
214
099
F12
EC3
D3D
068
4EA
1B0
D25
F83
14A
F7A
C80
BDF
F04
111
0BF
1C9
FCE
E84
274
252
D2D
CBC
FFF
3AA
2FA
FB2
111
2E0
0FE
08A
F20
B4F
E08
230
0CC
EBB
E3E
1CC
2D1
D9D
BDC
E28
E65
05D
1DB
024
FBC
2B2
3E9
10B
CEC
D31
28A
133
ED6
0D3
102
14A
20B
FB7
BAE
C55
EE6
1C0
E46
C20
136
41B
099
F5F
E74
DD5
067
16D
09A
028
0EE
59F
4CF
DE2
D79
19D
FD1
F65
F01
E64
0F5
1D2
1F6
F23
B4F
E23
1BB
DF3
B6E
F65
1E2
2DF
1AA
F62
FD9
F75
0C6
1A5
E00
D8B
4C0
4D0
06C
EF3
F7A
043
F72
D0B
DA4
E40
017
35B
14B
C3F
EF2
1F3
FD0
D16
CAC
0B4
3D6
218
25C
142
FA4
1EA
275
D27
C7A
04A
3B3
226
EDD
F49
1E8
FDF
DD1
E0F
BD9
DBC
2F2
189
ED7
F66
1CE
35F
EF0
BBB
F9F
164
18B
327
17E
FAF
2C3
2E8
F89
C1E
C63
1FA
187
DBD
F22
110
04D
098
E9D
B64
C9D
FD2
1CB
0B6
DEF
1DB
587
13A
E5E
F78
F1A
0AC
1B2
FC7
FC5
06C
36A
2E7
CCD
B30
F99
005
DD5
E9C
F43
132
233
13C
F36
CE6
E39
2A6
05C
D06
14C
4E9
351
1B9
F99
F2B
04C
F8C
020
E0E
CF3
305
417
E35
CBD
ECD
F61
EC1
C91
D2F
089
131
2B7
254
D46
EC1
2A6
0E5
D16
DCD
210
44E
1E3
03A
0B4
FC9
F3E
047
CAF
AE9
0AF
350
101
E8B
E6D
164
01B
D11
DC9
E74
FAA
3D4
33E
F85
068
2CF
29F
EEF
BF3
FFA
295
0DE
13B
0B4
EE6
0D6
181
D4F
B0C
CB7
110
20D
DF4
EA3
302
1CC
039
F12
D1D
EC4
1BB
253
1CC
FC4
264
5DC
11E
C01
DE6
F3A
F48
FC2
EBA
F48
0AA
19E
0AA
C48
A57
02F
161
DB9
F10
1A9
344
336
0D0
EFF
E6D
F9F
232
124
D45
0FC
511
257
EE2
DA9
E4B
F42
E71
D91
E77
E9D
1E2
451
DFA
C19
FF4
0CC
F4F
DC1
F16
2CA
380
249
204
EF0
EC5
2C7
01A
C52
E64
219
372
0D3
E11
F81
FC7
D76
E74
D40
BC7
108
44E
186
F1D
FA2
2C2
25E
D3B
E41
176
16F
301
335
FD9
F98
234
0FD
DAD
B0A
E04
280
FFF
EA6
03E
001
FBB
03B
CFE
C2B
EF4
208
323
F9D
F60
407
3F0
F4B
E7C
E96
FA5
1AF
177
06E
F72
056
362
FA5
9E0
CED
0B4
EF3
E8E
F33
FF9
247
20C
043
E5F
C8F
0EA
364
EF1
EFD
382
41E
228
F1F
E0D
F41
F16
FBD
06E
D75
F4A
425
1B6
C83
CED
EF3
FBF
E9E
D1A
01F
1D3
273
42C
FEA
D20
0A6
28F
F5F
D8F
FD1
3A7
451
07C
FD8
FAD
DF9
009
EE1
B85
DA8
224
2D6
048
D09
FDB
1B4
E26
D3D
F36
F0D
1D6
524
203
F27
056
2BA
17D
C6D
C71
1A8
22E
03A
0CC
EE4
EFF
10A
EFF
C88
AEF
ED1
2C7
146
D88
100
2F1
03B
FB2
E7F
E1A
0EB
28B
2C6
0CE
F3B
3A1
3BD
D34
BBE
EB1
F6C
041
F73
EE9
06B
0BA
155
F80
AF5
CBD
211
0BA
E17
064
281
3F6
205
F38
EA0
EC5
094
2F2
F3D
D96
2E5
494
FF9
D18
D19
EB6
F3E
D2E
EA3
F16
FDC
3E5
1EB
D3B
DD4
101
10D
F43
E04
1CD
47D
27A
216
0D0
DE4
01C
1AF
DA1
C70
FAC
2FB
2BD
E35
D82
041
F32
D90
EAE
CCF
F0D
337
30F
FB0
EB1
0DD
38D
F71
BF6
016
200
1AE
2B1
136
F6F
0F8
0BF
F6E
B63
B5C
0EE
298
E7B
EC5
085
093
06A
E91
C84
E4C
01B
2FA
2B1
EDA
15D
526
1BB
DCF
DEC
F6A
113
0FE
053
075
F88
163
269
BEB
9A8
EEA
0E1
EC9
EB1
FF3
259
252
FC0
FB5
E2B
E3D
343
1D5
E32
099
4CE
409
069
D01
E66
009
DC1
F0C
EB9
DE4
199
3CD
F0F
C16
D94
06F
061
C84
E4F
2AC
29D
2F3
2B5
EBA
EE0
2B3
108
E80
D6C
17D
55D
1E8
E54
FC0
FAD
E49
F0C
CE4
C7E
F3B
22A
292
EC4
DA1
223
1DA
D2E
DDC
01A
109
3A8
2FC
0D1
0B6
178
259
FD0
AC3
E5E
302
091
F6A
01C
02A
074
F71
DA3
C94
CDD
09B
35B
F51
EB2
2E9
38B
040
E0B
E00
0CB
1DD
177
1E6
046
0A7
4AD
0B2
B27
CB7
F74
06D
EA6
DD4
095
204
053
032
E28
B74
F92
268
F51
EA0
162
4AD
424
F53
E4A
0C3
F95
0A0
0E4
E45
02C
35E
29C
EC7
C39
DF7
0E0
D36
B64
F9D
0D6
1A2
312
FE0
D8F
F97
189
126
D6D
D9F
497
46C
025
0C3
069
FAA
07C
E5F
CBE
D98
FFB
371
13B
C00
F4F
1EE
E9E
CE3
CF5
F3D
1B3
2B5
197
0C6
FA8
277
304
CDE
C10
18B
2D6
164
043
04D
1A5
0BC
F02
DF6
B66
D7D
2B5
0A6
D32
FE1
26D
27F
ED4
C70
EC3
FDD
057
25E
12F
FE6
3F6
4A1
F94
CE2
E32
104
127
D7C
F69
1A2
144
168
F8B
BBE
CE6
084
FBB
E17
D59
1B8
4F1
123
E4F
031
F9D
FF7
16C
F9C
E93
242
475
322
DE0
C95
101
00C
C5E
D6F
F64
087
26E
0F9
E92
D88
ECE
173
EB1
ACC
040
48E
2C4
178
0C8
0A1
176
043
F04
E1B
E17
2D9
49F
E7A
DD0
0FD
0A9
DD1
BC2
C0C
F74
045
104
15F
E34
037
3B4
FF0
C69
E5E
1B3
2F9
13C
FF3
2F9
277
0D1
0BA
D53
B61
051
1EE
F41
DBA
F7D
36D
0DD
C6F
D32
E5B
E26
0EE
131
E8D
106
400
369
F69
CD8
00C
2FC
F69
EB4
17D
22A
28A
211
EB7
C5C
DF1
033
FDF
BCE
D34
350
2FF
F2B
F22
E91
F65
07D
F85
E82
FF3
2B9
64F
223
D5C
0A3
254
EFA
DAE
E1D
FD9
1A5
189
0D0
F28
CE2
093
0C9
B20
BC6
08D
26D
206
FC3
055
21D
093
025
F70
D16
00C
4CF
290
FAD
FEB
28D
20C
D94
BC6
E35
F67
F78
135
EDF
DB7
1BD
1E6
D93
BA4
DE5
268
18A
ED3
1AA
391
25C
2C3
FFA
D19
E86
16B
189
F4C
D79
209
4A3
EE7
CD9
E8B
D8B
F09
FC2
E4F
ED6
156
3A5
283
D1A
D12
271
0F4
E58
F46
159
368
411
15A
F87
E6D
F01
189
DA0
B0E
00C
35D
126
F3C
E57
F4C
FC8
E1C
E3D
DD5
E68
476
3FB
F56
F27
25C
24B
02E
D04
ED1
22A
1DF
214
1A9
EA2
F86
291
DEE
B09
C50
068
271
F41
E55
229
0F0
FF6
FB9
D1E
D62
1E0
35F
170
F91
14E
53A
233
D05
E0B
FCF
F57
09A
005
EEA
0B8
205
14C
D52
A24
ED6
1B9
DBD
DF4
0E7
1EA
294
196
ECE
EA4
F21
1DB
1E1
DD6
F75
590
3C8
FB9
E74
EE9
FBD
EE3
D52
EB8
E66
116
3C9
FDA
C8B
F85
166
F84
D40
DEB
216
36B
26A
259
032
F22
24E
165
CBB
DBE
0F8
33F
1FA
E22
FF3
16E
ED4
D9A
D7D
BF2
F14
2FD
0F2
ED6
F52
27C
2D2
D36
C61
091
198
196
2AC
0E8
07C
2C3
1E2
ECA
B46
D09
253
0B2
CD5
FC6
1DA
11D
078
E03
C78
E61
FD3
174
FCE
E27
3E5
5AD
FA5
DF9
F81
021
0C5
FC6
F94
0AE
16A
34B
1E4
BF4
C4A
120
EE1
C64
CF7
011
378
191
F9A
F50
E1E
F64
1F3
EA8
D24
1E8
50A
3E5
022
EF2
224
129
DAA
E65
E1E
E83
318
28F
EAB
DDE
F30
0E0
E6B
A4A
EC9
226
11B
11D
1C2
FF7
18F
261
F90
D75
DD2
280
451
F9F
ECC
2BF
20A
F90
E00
C7B
D68
FE1
072
00D
DE6
FA9
3FB
091
B40
DAD
FEB
09D
0A4
004
1CE
2FA
2F0
2F3
EF8
BDE
0A9
293
E57
DE4
0B8
270
275
E62
DAA
E2E
D5C
FA5
F83
C40
F36
465
2DB
FA9
E43
04F
1EB
F87
DF7
083
0F6
2A1
4C0
0C6
E47
FDB
116
F77
B8B
C16
256
189
F0D
F95
F6F
E75
08C
ECA
C98
D0E
12E
521
244
DF6
172
40A
FF0
E9B
E1A
ECA
0FA
245
1AF
F9A
E73
1CB
1F8
BAE
A85
F31
06B
FD9
F3E
FD3
20B
1C8
030
FBB
C58
EA9
3A7
1A2
E71
14E
40C
3F2
10F
D16
EAF
F25
EE6
0A9
E51
D6B
259
32D
E7F
C4B
D22
07D
FE4
C9C
ED7
1FA
1B0
336
24A
E25
F3A
1E1
121
E3F
D80
210
4FD
10D
F01
017
F17
EEF
F37
C9D
C20
FC3
229
250
DBD
DAE
27E
0FE
C97
E18
F67
116
36E
23E
14E
037
14E
30C
E9B
ABC
F83
2CA
084
F75
FC0
0B3
176
EE2
DDB
C37
C55
119
2CA
E47
EF7
38A
3EC
166
E04
E5B
11A
063
11A
18D
F80
14D
52F
0C2
C42
CDA
FB5
08E
D37
CF1
0B0
1FE
022
10B
E3F
C57
02F
11D
F22
E0F
0CE
587
3FC
E9B
FAB
194
FC8
FF1
F03
E35
088
2D9
2B1
F59
C99
FCC
150
C04
B0C
EA3
040
1E9
1A4
031
02D
037
15C
0D4
C85
D3D
40D
39E
071
0AF
1E3
23A
087
D97
D97
D9D
F32
293
FC0
D12
0D4
29D
F2C
CA0
C59
F67
143
FB1
0E5
1C8
109
3E3
321
D56
D2C
051
272
096
DD5
0B4
429
160
F30
E61
C90
DDB
077
E43
D32
F1C
2D4
3EC
EB1
C90
108
02F
F19
FDE
F34
0A7
428
360
1B4
E3B
F18
24E
F94
AF4
E2F
209
17D
0D9
EBE
E43
FB8
ED0
F6F
CDB
BB7
21D
4DA
08F
F7D
101
2B5
1BF
E4A
DE0
02E
0B3
249
360
EE3
FD9
2DA
095
C22
B1A
DF4
134
F8C
E94
08B
07E
047
1D6
E08
BD3
F61
24F
1A2
FB7
FD1
54B
437
F67
F1C
F22
DE7
13E
07E
E46
F35
1CE
39C
FAD
A46
D7C
128
DFF
DDD
ED0
023
297
339
14F
F0C
E0A
15D
2A1
D7F
D4C
32A
416
215
FB8
F2F
FE2
00D
E49
DF7
BFF
ED9
43A
173
D1A
EF0
13F
0A9
DF3
C3B
F91
18E
22A
36C
122
F26
2A4
3CB
E84
C25
EB7
250
26D
E97
F9C
1B1
000
F90
EF8
ADC
CE4
0D4
12D
F42
DE4
203
4F4
F54
D2D
F79
FA0
028
22C
085
05D
28F
3F2
210
CC5
BFF
0B5
016
C44
E15
028
16A
20B
FAA
DFD
D5F
E91
0F0
EB0
BE5
12D
544
2D4
03B
F84
0A9
182
F47
F43
F2B
EBF
2EB
3F9
E9F
DD1
0A3
059
DC6
B0D
CDD
1DA
0E6
03D
179
EFE
FB6
2A5
F77
C7F
E97
239
46F
12E
F36
2F1
2B0
FCD
F39
D5B
C7B
0C9
1BE
FF0
E2A
F58
357
14B
AB0
C52
F34
FC3
026
09D
046
20C
3A2
2FF
F3D
C60
FFF
34C
F15
E33
17C
35F
2A5
069
D90
DD8
DEB
F54
FB9
BBD
D7A
3B4
32D
E93
E33
F40
11A
F9D
DEC
014
0DE
25C
581
17E
D35
093
2B7
FA0
C8C
CC2
1CF
2A5
FD3
FDF
F85
DFB
04B
F50
B7C
C1A
074
323
1FD
E0D
11B
3B9
0B2
E7C
F24
E34
0FD
386
1BE
FB9
00E
282
26C
C29
A77
F45
007
E9D
F3D
F56
090
1B0
0F7
ED8
C12
D59
329
11F
DD5
0B4
439
3C1
1BA
EA1
F18
FED
F68
0AC
EFB
DA6
272
476
F0A
C65
DB2
F81
F5F
C69
D5C
0A9
111
277
2AF
E40
E87
2C8
1CE
DF3
DBD
149
562
196
FAA
0F6
01E
F13
012
D0A
BAF
F44
207
209
E3F
DE8
2BF
19B
C5C
D4D
E97
FFD
2F0
20D
068
105
203
414
FD2
B1D
F1C
2D9
0A2
F96
FFF
0F5
220
07E
DCB
C4D
B60
FDD
24C
D30
DD0
2FD
416
111
DE4
E8D
0E2
06D
FF5
0F8
F4C
143
5D2
205
DBA
DA0
03F
06E
D80
C25
FED
17C
0A1
116
E7D
C4F
FD7
067
D90
CD0
F29
48E
489
F92
0A5
262
070
018
F8E
D11
FE2
2B2
34E
04F
D4F
085
2D3
D3D
A8A
E04
F7D
08A
149
024
002
112
1F4
126
C47
CDD
334
2B6
079
0FB
240
368
1A2
E4B
DAB
D5B
E7B
272
FA6
CBE
121
359
0CB
D19
BFA
E79
07E
F0D
FEB
09C
04D
46F
46A
EEF
E4A
106
1F2
FF4
D7A
FE0
3A8
1F1
064
01B
D51
E52
06E
DD6
C69
DEC
197
3FB
FC0
D68
17C
137
ED9
F2E
EC0
001
2D8
3F3
2BA
FB3
00B
39C
0CF
AFF
D6B
02D
0C1
0D1
FCB
F83
006
FE3
F89
CE5
A84
FFE
35C
031
F20
1D2
359
2DC
FAA
E14
F90
FB2
200
2B4
EC5
FCA
45B
2B7
DD1
BAE
D99
028
E8F
D61
F7C
056
102
32D
F44
C2C
EE4
150
119
DFF
ECB
48D
4D8
0EC
0F0
004
E84
0CF
F9A
CDF
D62
0AD
405
143
C0B
EA7
180
DEF
CD4
DC3
E1C
182
362
1D9
04A
ECA
227
2FE
D1A
CC4
175
319
204
114
075
162
06C
F98
E4F
B4F
D58
2B8
0CE
D3A
F1B
210
1EA
EDD
CB8
ECF
FF1
052
317
0B7
F7C
3F6
46E
010
CC6
DA3
196
112
D7E
F60
1A0
092
18A
02E
B70
CC1
FC6
013
E2B
CC7
19C
537
142
F28
012
F6F
0B0
0F7
EBE
F2B
17B
461
421
E2D
D38
1E4
00C
C22
CE7
E79
074
209
0A4
F89
E2A
EF2
23C
E44
A95
F80
350
299
13B
0BC
258
2A1
03B
F94
E5C
D29
1F8
317
ECB
E1C
16A
193
F45
B19
CB2
F4C
F19
FD0
0E2
EFD
1B3
46A
0CB
D3D
D64
13F
2EA
F68
EDF
327
281
200
116
DFD
CB6
F8C
033
ECC
CC9
E97
3DF
1A3
D22
E51
F5B
F31
FEA
E74
EE4
11E
3A3
479
126
D8C
170
2DB
DF9
CA9
EF6
11A
2B1
144
F6E
EFC
E29
04B
F5E
A24
C62
2A7
247
020
EEF
0B1
2C4
0DE
EE1
F29
E2A
0F8
4DD
159
E7E
191
394
132
D1F
BEF
F71
02F
EB0
035
F06
F6C
282
162
CB8
BD4
EB8
206
070
DC4
173
49E
290
188
FD2
DA6
FC3
195
0B7
EDD
E92
380
464
DFA
C8F
F74
EED
E83
DF8
DB1
F98
1D2
344
195
CD6
ECF
32C
025
CD8
F47
1F1
3A5
2EE
06F
099
F77
FD0
08F
CA3
B1C
0EE
303
FEB
E01
EC1
13E
FE1
C9A
D33
E1D
EE0
374
2BD
F52
0F7
366
2D0
F1C
BD5
FE9
275
FD6
04E
1C8
FC7
150
17F
D32
B0F
D2D
0B7
108
D33
E84
3B6
216
FD6
F5F
DB0
F2A
12C
199
01E
F75
2A6
606
189
D23
F79
052
F07
E30
D8A
F34
17C
1D8
117
D72
BB6
135
0C1
C12
D09
13F
28F
372
074
0B2
150
FF2
152
FC3
BE8
005
461
1EC
F6D
EC2
11F
13F
D1A
BE8
DCA
E1A
0D6
2DA
EFD
EBD
207
244
F74
BC8
E00
363
217
038
22C
197
1B7
36A
F9D
CA9
D15
FEE
270
E81
CDF
201
330
F0A
DD5
CE2
D16
F77
043
FD2
F82
108
587
3B8
D45
EA2
1A8
0B0
F8A
EC4
05F
263
2B7
1D6
F61
BBE
EFC
1D2
CD0
B45
F13
1F6
250
FC8
EA1
07E
FA1
FBD
089
D0A
EEA
49C
459
11B
FA6
137
286
F57
C03
E4D
F3F
02F
2C4
03C
D31
02B
195
F05
B85
B40
0C3
277
F81
0AC
1F8
144
2C5
148
D69
D77
06C
324
1B2
E04
0F1
4D0
079
E42
D85
D00
E58
FC8
EF0
E95
ED8
2AB
3EF
DDF
C00
051
099
FE2
F4E
033
276
3F8
32B
1B9
D85
E92
2CD
002
BDE
E92
1C9
244
FEB
DD3
EC4
F22
E10
F83
D6D
CD4
1B8
4AB
126
F59
FC6
230
17D
D8F
E39
087
07B
31A
29B
E9C
F61
19E
062
CED
A5D
EBE
25D
F43
F39
102
FDF
14F
111
DD2
C2B
F2F
2A5
315
F4A
006
4C8
332
FB4
F13
E00
F1E
0D5
024
F5A
EC8
116
35D
F27
A5D
E19
06B
ED7
E11
EF5
18D
353
287
164
ED3
D7F
1DD
20C
D68
E7A
265
438
272
E77
F0B
FAC
E24
EF0
E42
B6F
F84
3A2
12C
E4E
DFE
089
197
DE3
D2E
0E1
147
2D8
477
01F
F4D
249
23B
F33
BE6
E0D
2EB
17F
E57
006
FFC
FAD
07E
D88
AF5
D87
030
2C0
FF0
E2F
359
463
FF4
EC2
F31
F16
15A
187
08D
059
142
449
1CD
B34
C58
016
F34
E3E
E7F
F91
20C
13F
0D8
EAE
C49
F27
2E0
EBF
D9D
235
46D
3CD
0B6
ED8
0E5
FAF
F17
FD4
CDE
E8E
3D0
2ED
E37
DB0
F25
0E6
D85
B65
ED2
0B8
1C1
37B
199
EDE
0EA
242
089
CCF
D28
284
478
08F
092
168
00E
099
EED
BD6
C27
F76
216
0C5
CB1
013
3B8
FF1
D76
DFE
E7A
0D9
1EE
0FF
0CC
0A0
44D
453
D93
C72
09B
0D4
F94
F41
F5F
1F3
1B8
03D
EC7
B68
CD5
1F7
F5C
C5F
F66
2DD
43B
12B
E38
009
062
FED
110
F4E
E56
3B1
502
05A
E2F
EBE
0D1
FF7
BC8
D62
FE1
03D
273
208
D71
EBD
16C
002
DED
C06
158
515
195
0EF
232
052
11A
0EA
DBB
D11
F5F
289
260
DD1
E3B
281
091
CE4
CCC
D0F
EA5
106
0C2
036
F9D
1F5
447
FC9
B94
FC5
288
0BE
0C6
070
1FC
2BF
131
005
D00
BA4
0B2
0EF
C70
DD3
1B9
26D
0A6
DE7
DC2
F98
F05
078
020
E03
22C
63F
225
EA8
E8F
0AD
19D
DD6
D78
07A
063
24E
24A
D79
CC8
FA2
030
D7A
BB2
E93
314
27A
F62
19B
02F
0B1
1F3
EE7
D6A
FF3
2DE
4BB
051
E3B
269
21F
DB5
CEC
CA3
D96
122
168
004
E41
FCC
2F6
10E
AD1
D9B
18F
113
1C5
102
122
31C
26D
191
EB6
BFB
038
325
ED1
D90
0FD
224
15D
E36
C66
D63
DE3
FC3
05C
D0E
FF4
50E
32A
F3C
E3E
FCB
24D
000
E9C
0DF
19E
251
480
01D
C23
F3B
05C
F01
BFD
D4B
1EA
2B3
FC5
FD2
F0B
E2D
0AA
FBA
CD8
E54
20B
503
266
E5F
168
325
FC1
E37
E71
DDF
0B0
28D
0A9
EB9
DF4
1C6
16A
AEC
B08
FF6
048
0D8
125
00D
10A
205
194
FA7
C4A
E9E
44A
153
EDF
19E
2C4
227
FD0
C92
D79
D6E
EDD
14C
E5B
D6B
2DC
3A0
F0D
CA9
D6B
003
060
ECF
087
167
24A
48F
22A
CCE
EDA
1A4
0BD
DE6
D88
191
33E
0B2
F5A
ECA
C6D
F1C
FF4
CB8
C47
05C
43E
32B
EC5
F32
24C
0BC
F04
FC7
EA4
11F
412
2A5
036
E0C
0A3
2E8
D3A
A66
F0B
01A
095
146
F8E
F49
075
076
F47
BB3
D10
347
336
FD9
120
276
1F7
194
EE4
D81
E1B
00A
292
012
CCD
165
3B8
F5D
C9A
C5E
EAB
020
F3C
FB2
09D
03F
3D3
383
D2F
D51
161
26A
062
F38
188
43F
263
073
F88
C39
DC3
191
E4D
C41
F1D
278
32C
F31
D16
078
F74
EE0
00B
E4E
F55
472
4A5
151
EBE
FA1
2E7
043
BF5
F41
106
0E7
287
027
DA8
EEF
052
F82
B96
AD7
0EE
3AD
07C
03B
1A2
127
1E9
000
E27
EBB
01A
44B
2FC
ECE
021
3B6
076
D45
C94
D34
F84
03E
FE3
FCE
E5C
1D5
3D4
DAF
BD0
F41
1B1
129
001
097
37F
2E2
1A1
134
CE9
D39
288
100
D7A
F0B
1BE
355
002
CC4
DFC
DEA
DFC
05B
EF7
D5A
298
4C1
1CD
E95
E38
1FC
1EB
DC8
F21
12E
158
3BC
2F7
DF6
DAB
F87
FDC
D74
A66
EF8
3FB
0C3
F88
FB5
E90
062
08E
EDA
DAC
EAA
3F9
53F
04E
F14
34F
1D0
F29
E98
D7F
F68
18E
1C2
0B5
D74
F3D
2E9
E7A
9FD
D4C
02C
0F2
0EF
FF0
118
1F9
218
1ED
D5C
C21
203
3AD
FD2
FE1
1CF
2F4
1E5
E30
D77
D53
D72
169
058
C21
01C
3BA
1A2
DF2
CB2
F67
0E7
F1F
FE0
154
128
3E8
4FF
F86
D08
FA8
184
FDE
CE8
E3D
2DA
12F
FFE
FF4
CF7
D74
0C1
EFA
CA4
D85
1F9
58C
173
EB9
172
13F
FBD
062
E76
E67
259
483
261
ECD
E27
242
00C
AC6
C83
EB8
FEB
1CB
07F
E9D
FF0
0B1
1C3
E53
ACA
047
464
1AF
0FF
17F
27C
289
062
EA9
D54
D3F
17F
2EC
DAD
E51
277
191
E55
BEE
CA5
F2D
F84
05A
0F1
F16
155
518
0A3
CE4
EDA
141
17B
F27
F2C
1E9
219
1B2
13C
C7E
B49
043
0A2
D55
CAA
FBF
3D0
1A9
D89
EF3
F39
E65
11A
FD0
DD5
1F2
4F9
45C
003
DCC
0FA
272
D31
D96
EF2
FB5
268
240
E99
D24
E69
0BF
FA8
A9F
D8F
378
247
139
195
05E
0C5
139
FEC
E29
D9B
239
5E0
03B
E54
1C7
177
EDB
D8B
C75
DE3
F7E
153
18E
DA7
F1B
389
0E8
BE7
DA4
03A
1E2
1F0
0DC
224
1A3
21B
2D7
E81
AC7
FD5
22E
F44
E58
EE8
265
1D0
E82
D8E
D92
C39
154
163
DB3
F43
3CC
46D
11A
D76
F56
1B2
FFD
FDA
0FF
FB6
272
45C
FE1
C76
D7E
FCA
057
BFA
CDD
1AE
190
147
194
DF2
DE6
12E
0D7
EFE
D7D
121
5F7
326
F70
0A6
0DB
00D
01E
DAB
CFA
F88
24E
334
E7C
C7B
146
0ED
CA2
CA5
E11
FCD
2B6
2AF
152
031
0CF
34D
08E
B4E
F11
328
210
0D3
034
06D
176
F8C
E18
C55
B10
F68
29A
E8D
DB5
1F3
2D8
142
D8F
D67
FF0
017
1EA
2D6
FA9
1A8
56F
27F
D38
D54
F4A
11E
F13
D88
02A
061
0E2
1EA
D0C
B07
EBE
0A5
FB6
E13
F6F
46B
3C2
03C
092
F64
EE3
169
0D5
E1D
F71
335
44D
0AA
C12
F07
052
DA9
D78
E24
E87
1DA
2FE
0BE
E2C
E21
1C2
161
CCA
E17
2EF
2F6
2E0
238
F97
00B
08F
046
E24
B8C
EFF
471
0AC
DA7
FDD
FAB
F7F
E8C
C7A
DAC
F4F
23B
414
FF4
EF0
3AF
2EA
EF8
DBD
E43
167
27F
0E1
087
F62
01B
2E9
F0D
9B7
CCC
0E7
04B
F2B
E9D
181
1EA
034
00F
DC2
CB2
1AC
3C5
033
F57
31B
470
256
D8F
D72
F3F
E8B
FFE
028
D9D
FD5
33F
0C0
D0C
BD7
E71
137
DF0
E4C
1DD
184
2D3
395
F45
D76
F8D
228
088
D6E
ECB
470
2B5
F30
F67
E34
D80
FA0
DDF
CEB
DEB
1B2
47F
097
CFE
0D4
1CA
EFD
F09
EE7
FF0
3C1
3DE
26A
FA5
E60
25C
0B1
AEF
D0D
09F
192
1AC
026
EF6
F49
FA7
04D
DA3
A95
FDB
4B0
1BE
03B
0F5
25B
2D1
FA9
E26
EFF
EC3
262
372
EDE
E28
224
183
DC0
B3E
C3D
FEC
FCB
FC6
0EF
F26
0C5
3C6
FBE
B4E
E31
15A
27C
064
F22
385
342
0CA
0BC
CF6
BA6
FF6
120
E13
DAB
FD4
38E
16C
C84
DDC
E9D
E59
0A4
FCD
E6E
19B
4D7
3F8
FE0
CF2
08C
294
E45
EA1
0B4
0FA
2B0
222
E92
CB8
DBF
FCE
F00
AEB
DBD
3CB
263
0D9
03F
EB1
FFD
06E
FD6
EF2
E44
2B6
60F
171
E28
0E5
1B5
F21
D75
C7D
E7C
0D5
1BB
193
DF2
D27
230
052
B93
D26
FF9
252
2C8
0CB
198
144
12B
205
E89
B49
000
40E
1DC
F6C
F40
13B
102
DF1
CDB
CAF
C75
13D
291
E34
F1C
259
34D
04E
CC8
EB0
172
0CD
0FF
232
016
1E7
3FA
FDD
C68
C5F
FE5
0F6
DC3
D25
183
140
09B
0B1
CF7
BD0
03E
16A
FE7
E92
111
604
330
EFB
FD5
FB8
F61
109
F64
E04
06E
306
2E4
E6C
B77
FBD
0FB
D71
DC5
F50
FEF
33C
240
065
E90
ED6
230
18B
BF7
F7A
413
38A
1BD
07F
F29
FC8
F22
E9F
CE2
BD3
049
4EE
FB1
D4B
FEB
0CA
FF6
E05
D44
F35
102
348
3A9
F46
F9A
3BC
1B8
D43
D3E
F36
284
1EB
048
07A
F89
F37
149
D94
A09
E7F
240
155
FBD
F93
2E2
29A
F5A
F8D
E7D
DF2
2FD
36E
FD8
FC7
289
334
005
B38
CF1
FCE
EAF
FE9
012
E32
064
33F
006
CA4
C0D
076
2F4
F17
F4F
2F8
2E5
2E4
21B
DF8
D4A
FBD
186
014
D51
FAD
4D1
139
D95
E1E
D66
DD0
014
EE3
E49
F93
32F
4FD
F87
CB2
15C
1E8
F60
F55
FB8
17D
3A9
32D
0D6
D94
CEB
174
F81
AC7
D7D
15F
203
0F4
E9D
EBF
00A
F1B
070
E51
CEC
299
63C
202
FBF
0D0
11C
0FC
E49
D97
F09
F4E
2A4
282
D88
D84
165
05C
C22
B36
E62
1EB
19B
0D0
1AB
000
0CD
350
F57
C4F
FC1
2C8
333
03E
F19
27B
161
F1D
EE8
BE6
C0C
10B
213
F35
E3F
05A
37B
FF5
BA3
E6B
FD7
001
2A8
1C1
FF3
272
3B1
1E3
D40
BE4
056
23F
ED3
ECE
0AA
07A
1D5
0A3
CF7
C08
E22
150
0A2
D22
06C
536
2C2
020
EFE
DE2
00C
1B5
072
F89
F99
2E2
509
EFB
BE3
EDF
F89
DED
E0F
DDB
025
1AD
1FF
135
CB2
D40
25F
107
D9C
F20
245
462
3A0
0C3
FDC
F9A
FA0
102
EAC
BB7
090
3A8
04E
E7F
DEF
F8A
FE1
CDB
DAF
E95
EE2
409
482
F04
F55
1CB
1F6
FF8
CA6
FC6
2BF
1FA
1CF
111
E24
F80
1EA
DB4
B2F
CE0
14C
2D1
EE4
E26
1CD
0B6
FC3
FFC
D30
D9F
233
3AF
253
F03
0AA
4AF
12D
C9D
E1D
EA3
F54
1BE
06D
E54
F7B
125
136
C4E
9BD
F7E
213
FE3
09A
147
194
2C0
222
F58
DD0
E6E
2FE
250
DE1
024
402
20F
F51
D81
C77
DFF
F33
FCC
F09
DCC
22B
512
F95
CAE
EF8
00F
0E5
03D
FEC
1E1
2D4
3AC
2F1
D46
CDD
169
0A6
D31
D9E
FFE
2B8
12D
F19
EFE
D40
E41
14D
EAF
C4A
156
52D
393
043
E93
120
130
F55
F9A
F12
E9B
3CE
3FC
EEB
D17
EF7
082
E62
B22
DDC
147
0BC
223
0E2
E26
FAA
220
03C
DB5
E19
27A
57F
19D
05D
1B3
049
FE6
027
CAD
C4B
FF6
2D8
1B6
D18
E8A
1DE
005
C75
DD9
DC8
FF3
322
29F
061
001
264
3D1
F21
B4C
FD5
2AF
0E3
0EE
FD7
032
1AB
08F
E20
AC9
BF9
1D6
246
D56
F26
1FE
212
119
E85
DC5
EF4
11F
381
1D6
EBB
26F
534
071
CF6
D6A
EF0
0BD
F64
EAF
008
FC8
19F
287
BEA
B29
01A
0EB
F6D
EFB
115
42B
2F9
172
08D
DBA
F11
345
03D
D71
01E
2ED
30A
F02
C15
E29
E9E
DD2
F3C
DDF
E6B
343
456
05E
D52
E7F
1FA
175
D8C
F9C
285
202
3BE
205
D53
E4A
098
028
D68
B2F
0B2
3DF
052
EC5
F8F
DBE
EC1
050
DB1
D7D
039
473
509
F12
F1C
312
0CA
EE7
EBA
E01
FD4
31F
23F
FCD
D79
F3E
220
D29
9F1
DDC
0AC
164
14D
01F
FEC
0BC
155
11F
D03
CFA
3A9
424
FEA
07A
17A
1CE
0F4
DDF
C8C
D8F
EB6
299
165
C8D
FA6
305
02A
D19
C6C
EC4
1BC
165
156
19C
FBB
30F
3EA
DBD
C2F
F3E
1AD
0B8
E5D
F1C
244
0B6
F80
E50
AF9
C8D
193
0B6
E6E
EE7
2B4
46D
082
D03
F8E
F90
FBE
2C2
051
EEB
2CA
404
19F
CC4
BF1
FCD
060
D2D
EB9
FE4
02B
275
11B
D16
C6F
EC0
1F2
FF2
D5B
126
54B
23B
10A
01A
DE4
FD2
0BF
F9F
DEC
E85
30E
3E3
DD7
C99
FA6
EC4
E9F
E54
E1B
005
29A
377
1FB
D10
EE8
34B
048
CF6
F9A
1EB
32E
30E
0A1
F77
EF1
F25
0A8
CAA
A80
0A9
2F0
086
EF2
ECF
092
038
DF2
E40
E20
FBA
54D
40C
F91
FE2
27F
1C2
F4D
C94
E56
188
11B
1B3
052
D60
F72
222
D7C
A91
CF2
116
2DF
02A
FBF
23C
13F
089
0EE
CF9
DC8
2D3
3D1
173
F74
13D
3A2
FBB
C32
DA6
D40
EA8
241
FF7
DF1
002
23C
223
DAE
B3B
036
228
012
151
14F
11C
38A
25A
E7C
C8F
E0E
284
106
D42
F4E
2B9
116
FDF
D76
C3A
DF4
F87
05F
FA2
E69
2E4
5C4
079
DEB
F7F
FE2
0FE
0DE
FDD
068
1D8
3A3
26C
C49
C20
12E
F9F
CEC
DE5
FAB
200
1AA
00D
EFB
D32
EB7
291
F5E
CC7
1E7
4C1
3A2
108
EA6
FFA
0B7
ECB
FD9
E75
D95
395
3E9
DDC
CC4
E52
065
E96
C2D
EAF
194
1F0
371
1E5
E16
FA9
30E
0B8
DF2
DA8
21B
48D
17A
F69
03A
EE5
F4E
04F
C28
BC2
FB9
2A0
208
E0D
E2D
291
057
DBA
F0A
F0F
0EB
41A
39F
02C
00D
17F
2D5
E41
A83
E9E
16E
028
0C8
F66
ECF
09C
024
E34
B3E
BFD
205
38C
F3C
012
285
22F
172
FD8
D97
EC6
056
34D
260
DE3
0FD
41E
F85
BF3
C42
DA9
FB9
FC9
FD6
FD2
F3C
1D6
31B
D89
B90
0C0
268
135
080
0B3
363
2C1
028
FED
C7E
CCF
1EC
0C7
CE7
EE8
23C
20D
F7A
C6B
DDF
EDF
EAF
140
07D
E0A
31D
51E
160
DF5
E24
189
161
EB5
FBA
156
13F
2DD
121
C61
BE7
F3E
FD9
DE7
BB8
F9D
46B
151
FEE
F7E
D9B
FDF
1B0
013
E45
0F8
489
57E
FF6
D65
11E
081
E47
E8D
D95
F51
263
244
FD4
C96
D84
14A
F66
B2F
EE1
1F9
2F9
2A2
109
020
058
0C0
13E
E3F
C12
206
4DA
096
EB2
F30
004
F76
DC1
CCB
D8D
EC2
28D
3FF
DC5
EAA
2B9
145
E4E
D1D
F29
2E1
2B0
269
22B
F3D
FFC
2E2
E03
AB4
E20
147
1B3
F66
E83
0E8
09F
EF2
F0D
C62
C19
1EC
386
10F
00D
1E7
469
183
D23
E5A
F99
F8A
2CD
1C1
E0E
020
299
060
CC8
A53
E29
1CE
EFC
F81
17D
05F
2BC
287
E4A
CBB
F15
271
342
F2F
FD1
4D5
31B
F96
F0A
CF0
DA6
0B0
071
E6E
E03
16D
3EE
F15
B1B
E2C
FE3
F42
050
FD9
0FF
302
369
2B7
E18
C8F
1A1
222
DDB
EED
0E8
2A5
210
EDC
D7A
CFA
D33
089
ED8
BEB
F83
4D6
258
F84
E6B
FCA
122
017
FA3
FFC
FC1
37D
57F
F6C
CB4
F27
0C5
EF2
C8D
D07
13E
168
0DD
0D3
DAE
CFF
1AB
028
D15
E17
22F
54F
2AD
F94
153
12C
F5C
0F8
EEC
C9D
0B7
3DA
22D
E71
D58
0E8
0C3
C2B
C88
EF5
F72
2B5
2B0
F6F
F56
11C
273
FB2
BB4
F1D
3C9
23C
112
155
FC5
09E
0FA
EAB
C28
C6A
088
333
F2A
D59
16D
1B4
F35
E45
CBF
ED6
0F6
296
2AF
00D
FED
4CE
20D
CBB
D14
FFA
0CC
0F6
FB1
FE9
09C
018
15C
DBB
96D
DD8
259
FBA
EE7
0A9
295
354
010
F0C
EED
E5D
234
3E5
F07
F4C
372
37D
FEF
C5F
C88
FD0
EE5
EB4
01C
EA4
FEB
402
024
C16
CCE
FFE
210
F3C
E2C
26A
399
265
22D
F33
CF5
050
192
FF9
D7D
F40
33E
29D
D05
D7F
E8C
D11
F64
F7D
E08
017
2DB
437
0AF
CEF
FB4
30A
F6E
E92
0B0
182
2D3
397
073
DF7
D6A
FC3
0BF
BA1
B93
218
2AA
065
F74
E21
F80
FD0
FD4
F4C
E0F
075
62D
3A0
E3D
055
19F
087
EED
D11
EC2
069
164
2E4
EFA
C50
FE0
1A5
CEC
B64
E52
1B5
334
07F
132
1B7
053
1CE
122
CAA
E87
343
3BC
118
F78
04F
25B
F24
CDB
D9A
C88
F1E
2E5
009
DD2
071
26F
112
D2D
C63
100
1E8
0EB
2DC
121
05F
2CE
208
DF8
C04
E27
272
107
D07
001
16E
027
FC5
D65
B37
DE6
0E5
1E4
FBA
EDE
335
4B9
F94
E1A
FC1
FA0
154
1CF
001
06D
124
2A7
191
B2D
B3C
095
FBB
DE2
EB2
FE5
20C
21A
05B
EB8
CA9
EC9
376
097
DE3
1AB
4C2
33F
01E
DD6
EA5
FBA
F3F
FEC
E54
DC0
32F
3AA
DDD
C40
E7E
026
F76
D15
F36
1FC
1CB
3BE
207
D6C
F12
278
0D2
EB9
E07
1CC
482
0CD
E9D
F7C
D7F
E42
FA8
D3E
BFA
FCE
35C
29D
DF7
DA8
1CB
0C6
E59
F9F
F7A
102
4A3
38B
070
EC0
017
295
E5A
AA3
E8E
216
102
094
F77
DF0
FC6
FCE
E56
C71
C57
248
52B
FE6
FE7
221
23D
154
F5B
D85
F66
168
30B
2AC
DBB
F64
2F8
FBE
B29
C2B
DF5
064
0A8
035
120
FA5
0AA
2AF
E24
B31
069
3BC
256
0C5
046
2B3
26E
F93
F5D
D27
CCC
15B
223
DCA
E04
151
236
F47
BAD
D0F
FFB
FDF
12F
1B2
F79
1C0
48E
1CB
D62
C96
0C5
2B1
F32
F00
237
184
0FB
0F3
CAE
B7B
E3E
05C
01C
D54
F15
4B4
2C3
ED5
EE7
E7F
F4B
19D
0E1
007
0DA
391
4F1
0B7
C1F
EFC
11B
DC8
DF0
F1C
F9B
1C7
153
F8F
D42
C28
06E
1AF
CAD
E13
2F3
455
2A2
057
F2F
05A
02B
023
FB3
D52
072
520
1D3
D91
DD4
F4C
F53
D76
C59
EE8
FEA
1E0
43D
FA2
CB4
0E5
276
F3C
D8C
F05
303
429
103
09C
010
F17
102
F24
B14
CF0
15D
2F6
09B
D73
F41
219
E92
DF5
E08
E04
149
464
27C
016
094
33C
2DA
D2D
C1D
10E
18C
135
191
FA4
F8E
0A3
010
D55
AE8
D0D
37C
196
E3C
09C
26D
14F
0E3
EC8
DCA
FFB
228
419
11F
E77
2E6
4B4
EB9
C9B
D8A
E62
FDB
FA4
F70
FD2
FB6
297
14A
B63
BFE
0D6
1A8
05C
FF7
1A1
3F6
2CE
0DE
FD7
D05
EAF
2FE
FDD
D4F
FC7
2C8
254
DD6
B9E
E07
ED0
E3A
023
F21
E94
3A1
420
051
D2C
E59
24E
18A
DBA
04A
32A
1F9
2D5
13F
CBC
D56
001
FE0
DA9
C21
09C
49E
020
E0F
FA4
E3A
F16
087
F17
EE8
173
4C1
478
F41
DD8
262
14B
DDF
E89
EE9
09B
2CA
13D
F5D
CE9
DD0
1D6
E8F
9D0
E70
27E
243
1B8
FFA
030
10A
09F
0C5
E92
D34
29E
5AA
114
EE5
04E
14E
025
C7F
CC1
EB9
F89
166
209
D52
E13
24C
07D
CD8
CC1
FA6
34C
256
0CF
230
142
106
2CA
ED1
B05
EDA
248
292
F06
E69
1AF
1B0
DC0
D98
D00
C9B
116
247
F8C
F8E
19F
465
18C
C2C
DFB
1D8
0BB
127
17F
FC7
1A7
2DA
07D
CF6
AAD
E91
246
E5B
D0F
128
1B1
0F4
03D
D61
D47
F62
15B
22B
EFF
F9F
56B
466
F47
E6E
ED8
F96
007
F02
EFB
FE5
0AD
360
FF8
A79
D8B
0FE
F43
DB4
E51
1B6
3B0
219
134
FEC
E27
0F6
27E
DFA
DE1
26A
48B
2A5
E3A
DB7
053
E63
D99
EFA
C9B
F1B
3D2
23D
E4C
DAD
029
1E2
F02
C8C
0DA
29A
29B
417
164
E65
0FC
149
F4B
CC1
CF7
295
33C
EF1
F05
00A
E93
F3E
E79
C19
DE3
0EB
400
292
E59
0BD
43A
0F4
DB1
E8A
FA2
195
34C
18A
087
F41
160
1C8
C1A
A40
FA3
1B8
008
F36
F84
0AD
1C8
008
F65
CBB
D92
3CA
39C
FBF
043
39E
38B
06A
D51
D51
F93
F63
11E
04C
D62
06F
364
F41
C07
C14
FB5
1C5
F0B
FA2
256
1EC
312
2BE
DEE
D23
0BC
26D
039
E86
079
419
215
E5A
E69
D18
D8B
003
F04
D47
F99
2C3
3E9
FA4
BA1
FC5
135
F57
F4F
09D
0BA
40B
42D
154
DEC
DB8
105
10C
BAC
D31
1EF
1EE
0FE
F80
D75
E62
EAD
F94
EB2
CF0
0AB
5F7
2D5
EBD
063
1BD
12E
F40
E4E
FC1
0B1
279
3DC
ED3
C6F
09D
082
CE2
B2D
D61
10D
236
FD0
0CF
025
F41
18B
031
BB6
EE0
386
3F6
1EB
EE9
13E
283
FC1
DB6
D9B
D11
FA9
307
FC9
E39
F43
1AB
0E6
BE9
B78
091
153
073
22F
07F
05C
365
1C6
EA7
C41
EA5
38C
1BC
E05
0AD
201
0E7
FC8
D70
BAD
D79
010
128
F6A
DBF
30D
4E6
F1F
D95
EFB
FA5
161
11B
02D
150
200
3E7
277
C06
C8D
105
08F
DC3
DBB
FD4
22C
0D6
F41
DE2
C82
E65
1E3
F2D
CDA
1C4
495
37E
051
DF9
07D
0DF
EF5
023
F24
F05
371
393
E78
C87
E9B
03A
E9E
B83
D73
18D
0D8
1ED
20D
DD8
F12
1EF
090
E31
D54
20A
5A0
1F9
F38
143
05E
F52
F62
CE3
CB3
FAC
29B
21E
DF3
D3D
1A4
079
C6D
DD0
EC8
0D4
328
2AC
0DB
04A
146
33E
FE4
B25
F26
35D
14A
028
FBD
006
0DA
F53
DBF
C77
B90
09A
359
EF7
E34
234
371
07F
DF5
DA6
01D
11C
214
2B0
F6F
09E
4FC
191
BF9
C79
E84
100
FA4
DA0
041
141
033
10F
DD2
AFE
EEA
28D
0DB
F1E
01B
47D
4CC
FF1
F23
FCC
ED9
0AA
18E
DE8
EC2
223
31B
027
B48
C62
0BA
E98
D66
F37
FC9
166
352
15F
E73
DF6
0E2
283
E93
CFA
2FC
448
1E3
0BB
F25
EC5
F61
EC5
E13
D2F
E02
387
2C6
CB7
DBC
0D9
FAB
EB7
D1A
ECF
13A
29E
3C1
23F
DD1
0AD
3D2
F7D
C0B
E5D
148
2C2
0AD
F4D
03B
E5F
FB3
009
B60
B5F
169
27E
089
EAE
04D
2FE
194
DFF
EB0
F09
007
3A6
2DC
F2F
025
2DA
174
D37
A6B
E27
157
F28
F8E
070
F75
199
1F1
D8D
C39
D9D
1EC
324
EC8
01C
491
2E2
0AD
FFD
E08
ED8
0B3
0AB
FF4
D8A
07C
48E
FFE
B28
D2B
EC5
F09
ED9
E54
047
1EC
30C
326
EE8
C46
150
2AF
E8A
E54
187
38C
369
FB4
EA8
EC6
DAD
013
F70
BA0
EA0
352
276
F97
DB9
EDB
137
EB6
DB4
01E
048
29F
5FC
138
E07
095
199
07D
C6E
C89
1C8
289
03A
0AC
ECB
E02
049
F4B
BE2
C44
F99
40B
271
DF3
0B6
2BF
015
FE5
EBD
DC4
0C9
35F
2F1
054
E24
206
2AD
CCC
B0D
E66
F6F
060
0DA
F27
F71
0CC
0FE
FCA
BA9
CB5
2DF
2DA
F74
119
2D8
2DF
217
F3F
DAD
DE2
F49
2A4
FEF
CED
12D
3AD
F94
C58
C19
E0C
01D
F01
FA1
03E
007
421
3B2
E08
D16
08A
1C7
080
DFF
08D
3A4
277
074
F87
C46
D80
0AB
F10
C3C
E09
1FC
3B9
041
CF5
FE7
01E
EF8
07C
ECD
F5C
3C2
4E6
24C
ED6
E84
1DC
102
C07
DAA
0B4
0AC
236
0DA
DBA
E0D
F54
FB8
D93
A5C
FD1
4B8
20D
F96
136
168
181
04C
E5F
E6B
F6B
2F0
4CA
F60
DD3
21D
191
D6A
BE3
CBC
FAD
0BA
FD9
08D
EED
F29
2A2
02E
B78
DBC
1F6
2DC
185
FB3
271
34E
0D1
055
E5B
BF2
F5D
2F9
FAC
D65
FFA
311
1B9
CCA
BE1
F4C
EA9
F7B
0A5
F0D
079
48D
37F
F91
C6F
F21
325
051
DA0
143
264
1AC
262
EF4
C4E
DE4
FEC
025
CC0
CAF
267
454
F6C
E39
F6F
F6C
076
FA3
F06
FF9
1BA
5BD
376
DEF
F34
20E
F8B
D31
DC4
ED7
1BC
1E3
083
F3B
CF2
EEB
175
D29
B15
FD8
35B
2DE
108
029
1ED
140
FEB
00B
DA1
E6B
455
3BE
EF8
F11
0A4
196
ED5
B02
D0F
F31
FA4
229
101
DD5
138
36E
034
C99
CBB
0FB
3EF
0A5
001
2D2
1CA
1E0
180
CE5
C6E
002
14F
01D
D3B
EE0
392
0D8
CC8
D7C
D43
E60
172
09E
F7C
096
336
4F1
040
C14
FCA
293
F8D
FF1
01A
0CC
303
1E6
F47
CC6
B99
06B
02C
B84
D27
26D
2C4
118
F63
E22
FC9
FBC
FD5
FC3
E50
15B
6B6
293
E79
F4F
06A
02C
E17
C89
F9B
092
10F
24C
E7D
C8D
0DA
152
D57
C0E
E2A
310
2F5
FFA
1A0
197
008
19B
059
C71
E89
30A
373
078
E24
0DA
283
DAF
BE7
DC4
D5C
FD5
210
FAF
ED8
0A7
2AD
1ED
C1E
C2F
21B
262
0AE
18A
1B2
1DD
2E1
137
DC1
C40
E51
1E4
F9C
C0E
088
2C4
10A
ED0
D19
CCE
F2C
FFE
085
F61
F59
430
568
F41
D34
03A
101
00F
E8F
F03
159
1F4
27E
142
BB8
C52
0FB
EF6
BC4
D60
090
3C0
179
F0D
FFC
F03
F4B
19C
EF3
D73
29A
541
342
FF9
E49
189
0A4
CA3
D9D
EC0
E9B
230
22E
DFD
DB1
077
0D2
E36
B1B
EE5
36D
166
184
201
04D
1AD
219
F6F
D67
DFF
1A6
487
F7A
E0C
246
17B
E75
DA5
C02
D5B
FBE
0D9
0A7
E44
FCA
42F
19E
C2D
DAF
11C
13A
188
0A5
132
2B9
22E
1F4
EBE
B1A
F22
206
E55
D4D
FBB
227
262
F4E
D8A
DD6
DBF
FDC
0A2
D4E
F82
4B2
444
087
E29
F92
1A5
F74
D9A
07E
020
159
455
047
C40
DEF
040
F69
BFB
BC7
147
2BE
07C
0A1
02C
EA3
0CF
173
E23
DC9
120
4C4
354
E65
018
259
FB2
E66
D88
C8D
F4C
25A
18B
F33
DEE
06E
2CE
D06
AEB
F60
0F6
1C0
1A8
0CC
18C
261
1FE
12A
CAA
CC5
34A
2B6
ED2
F9B
193
191
00E
D42
C67
D24
E45
1C2
F80
CFA
1D9
51B
11E
DFA
DF2
0B8
1D3
FB0
06A
1A4
1BA
334
395
D9A
C2A
FF8
0C1
EAC
C20
F12
286
13E
F5B
F63
D3A
E15
122
F65
CE4
033
3DF
583
142
E29
10A
1CE
EDD
F68
ED2
ECA
278
2D6
032
DC0
E09
13D
F83
A4A
CD6
0E0
0BA
180
157
FB5
083
205
099
E63
C78
0F9
4ED
1E8
EF0
1F2
23A
0F0
EED
CB0
CF6
ED9
0CC
240
DEE
DAF
33B
1D5
CED
C45
E16
09E
10E
005
12E
186
1F4
471
0BD
BA8
EB0
240
0B9
E7C
F04
1CD
343
FC3
DE1
D6B
C0D
F68
104
D3E
DBA
1BF
424
236
E35
E18
14E
06B
F6C
12D
FEF
12F
5D1
2A7
E9D
DA5
FFA
126
D27
B1A
004
1A7
0C4
0EC
F66
D69
F90
069
EAE
CDA
E6D
481
45F
FCC
087
283
0D5
07B
F04
D39
F53
18C
358
0FC
D20
FDF
2EF
E1A
AC9
CCF
E5C
0B0
139
024
0DE
073
1B7
27D
D01
C36
262
353
079
046
14E
358
225
E8E
E2D
C83
D73
184
020
C42
FE7
2D7
162
E35
C53
E9B
07C
F35
FFB
106
FFF
3FD
518
F99
D75
F50
17D
0A9
D55
E99
2CE
18F
0BB
06C
C7F
D6E
07C
F01
CA8
CEC
186
4BE
0C4
E21
047
12D
FB8
03F
EB5
E59
248
420
27C
F20
E1E
225
157
B9B
C6C
F28
FEA
15A
0E9
F50
F3A
FB0
102
E78
AE6
F02
3D1
1FF
09D
137
24C
2A9
07C
E8A
E2F
DCF
176
3B3
EF1
E1E
28F
1F6
E84
C09
C6D
F6A
F73
F98
0AE
F98
0B2
4FB
1A4
C78
E52
158
195
FFB
F58
20F
3D0
198
13D
EB8
BD7
F58
166
D91
CCE
F73
34C
242
D8E
D2D
FF3
EDD
EF4
F80
DEB
0BA
4B9
3F1
087
E50
091
2DA
E8E
C5A
FDC
0CB
1BD
285
FA8
DD9
F33
005
F08
B25
BF8
281
359
F90
079
144
0DB
18F
F77
E0C
EC2
10F
43D
26C
E3E
173
3C3
01A
D8F
CAC
DFB
00B
041
FE9
F89
EB9
213
263
C17
B15
02D
17D
04E
FAD
12D
385
307
1BF
00C
D52
DA4
2E6
048
D37
F16
2C4
2AB
FBA
C45
E06
E93
DBB
F6F
E4C
DC8
2F4
4E1
0D0
DA4
E89
239
13B
D65
F48
294
266
383
255
E13
E4F
0F6
055
CA3
B53
FB4
3BC
034
EC5
002
F20
F51
FCD
D8E
CCC
031
3A6
416
FD4
F36
422
272
DA4
E1E
E43
01B
264
17A
F5F
F5B
009
1DD
E70
9B2
D62
143
01F
F7C
FEB
106
22B
1A0
032
E8B
D40
1F9
392
F45
F15
363
3CD
151
DD7
D29
EB8
F0D
F7E
FCE
D1A
F9D
47E
135
C57
CF2
FC7
088
E84
E4D
109
302
305
367
FE1
D03
169
1DC
EE4
CE2
F02
367
318
E8F
F11
F7B
E24
F9E
E52
B45
E38
28C
387
07C
E70
14E
2CC
EE6
DC3
F75
FFD
22D
3BD
16C
FB6
056
241
058
B37
B9A
131
0CC
EEC
FEC
FE2
06C
1C5
F07
D32
C65
F7E
3B2
0CB
DEC
28F
4F0
1E8
FBC
E4F
E4C
033
0B1
0EA
EEC
EC2
3B9
30C
CA6
B95
E90
F23
F43
DAC
EFB
1B8
1BF
365
0CF
C74
F12
34A
FED
DE7
FC0
33C
4CC
132
F70
03A
EB6
F00
00C
CDF
C64
1EA
357
011
DF9
E9A
1D5
FBF
C61
E2D
F97
0B7
477
2D9
F35
094
332
1A0
E18
BAF
08F
2F8
03D
06C
087
EDF
0D2
03A
CAB
B93
DF5
179
171
DA5
F8B
3F0
1DC
FCC
F37
DED
FA5
22E
1B1
104
FDE
2C9
54A
F59
B4A
EC4
F81
EE7
EAF
E76
005
199
187
05C
CE2
BF3
14D
113
D1F
F05
2A7
438
33E
094
FFD
053
FB0
158
F4B
C84
0F9
545
121
E35
E00
F4E
F80
C9D
CB7
EB5
F9C
287
3EC
ECF
E5C
27E
1B3
EC2
CC3
F40
3B4
2F6
14B
219
091
0B8
1E2
E4B
AD4
D64
11F
1FB
F1A
DF2
213
1D0
DEB
E70
D64
D33
164
2BA
056
03F
242
521
285
C17
E43
1AA
00B
017
099
F72
16C
26F
0AB
D20
B57
ED9
18C
D26
C67
151
27F
1B7
0C4
EB3
EDB
055
0EA
0A3
E1B
00F
617
39D
EEE
ECF
022
03E
F0C
D14
E4C
F5F
111
347
F74
C08
FFB
189
E10
C04
E24
1DD
35F
178
155
166
04C
27C
144
BA0
DA5
294
29A
0BD
EBE
047
2B6
EDB
DE4
D52
C4C
EF5
261
FBE
DF1
108
32E
244
D6E
C4E
139
130
051
224
0B0
0CD
3F5
1E9
E31
CA5
E6C
1D3
F11
C4B
076
23F
105
0D8
EB8
C82
EB0
088
FD7
E30
EB5
49E
5DD
FC9
F6A
113
03B
03D
F48
E6A
FC5
206
362
157
CB7
E47
21D
E16
B77
D78
FA9
1A6
1EF
09D
033
FEC
0D9
17C
D5F
C04
254
426
1B5
0A7
115
2F8
1A8
EA3
DD4
D0A
E5E
29C
0FC
CEF
F91
1E2
0F8
D4C
B61
E03
078
F8D
128
104
00F
3DE
457
EF3
CF4
EFE
209
10E
E76
01F
317
1C8
10D
FF1
C00
CAB
01D
F3E
CFC
D99
1C4
4AC
089
D93
01A
021
F3A
0E2
F81
EB8
2F4
4EF
27F
EA8
E69
27A
0A2
C32
DA5
029
0B4
1F0
0B1
E1C
EAC
FB6
052
DB5
A51
FB9
3E8
165
FFD
194
179
20D
084
EAF
DB9
EC5
33B
392
E2A
F35
32E
1F9
DD7
C3A
CD0
F90
FF7
F76
018
F1A
150
426
F54
B9E
ED3
1BB
1D0
044
F91
382
316
1FC
145
DBA
C6B
08F
148
D34
D61
12F
2EB
0B1
D2E
DA4
F96
DC2
F94
F1E
D31
1BB
55E
271
F21
EB0
19D
27E
E20
E4D
0B8
15F
2CC
2C0
EEA
DDC
097
031
DAD
ADF
D55
2DD
1BB
EB8
042
08C
039
140
E2B
CE4
F2D
27C
459
0CA
F38
3B3
38B
F0E
E35
DD8
EDD
0A0
0A1
FCF
EC0
FF8
307
FFC
A7D
C93
0FA
FD8
FB7
F99
10C
34E
2D1
1B3
F07
D04
0CA
2E7
EAF
E6C
2BC
425
22C
ED7
DCD
EDF
E97
F21
EAF
C9B
EE0
466
208
D93
DEA
053
152
ECB
D48
03F
1B4
25D
4BB
0CC
E22
13E
1F9
E5D
C10
DB0
239
264
F2A
009
00B
E84
050
E59
A88
D58
16C
2ED
0D2
E65
24C
408
FA6
E4B
F19
EB9
1A6
374
0D4
F9C
193
313
118
B2C
BB9
080
FFB
E45
F57
F49
0B1
1FA
09C
DF7
C2C
ECD
30E
012
D89
276
4E8
2CD
12C
F18
EBD
063
006
FED
DBC
E61
397
375
D7A
D91
EE6
F2D
E5E
CB3
E00
056
1DC
351
142
D9B
070
31F
F01
CF6
E9D
244
373
177
07D
0CC
F71
04F
00E
B2D
BA1
110
1E8
F6F
E27
F95
240
FF6
D38
E6A
E1A
013
364
196
F3B
1F3
408
267
E0F
C77
040
173
F18
000
012
FCA
288
113
D01
B99
DED
0DA
FB8
C7C
054
3F3
1B0
077
FF8
E01
FF1
140
087
EDD
FDD
43B
599
EFE
D73
02E
FAF
E70
E28
D58
F33
190
20E
0C2
CC4
DA9
255
F50
B99
EF4
17C
2EA
31E
128
0F2
0BE
10A
1A6
DDC
C18
1B1
3A7
008
F13
FA7
167
02E
D5F
C68
CE2
DEB
1E5
199
DC1
06E
3ED
193
E8D
D0A
F6C
222
0BE
119
218
0D9
30C
362
DA9
BBF
E65
080
03A
D36
EAD
29E
10E
F6F
F68
C10
D9A
154
03D
DEE
F9C
3C8
552
102
E48
0AD
0C2
F03
02F
E7F
E92
250
367
122
D9C
D9B
110
F91
AB9
D70
FF9
12B
21C
11B
F21
039
138
177
E2B
C2B
17E
525
1CE
FF5
186
16A
19B
F97
D3B
D5C
E8E
1B2
22D
D60
E11
33F
108
D2F
C80
DF9
000
0C7
05B
12E
05C
23F
47C
F7C
C0C
FB4
1EB
10C
F8C
F8D
24F
291
0B5
F75
CA0
BD6
046
FA9
C51
DDA
258
394
143
D27
F0D
0B9
EF3
0AD
FF0
EB8
302
5CD
200
E8E
F16
1AC
13B
CAE
CC3
01D
0A7
1B3
1AD
D88
E41
074
FDC
CF0
B68
F22
469
1CB
FF5
1DB
0FF
135
13D
E6B
D08
007
2DF
3AF
F9B
EB8
37A
1EB
CBF
CC3
D87
E33
0A1
071
F27
F80
109
39E
F99
AC9
E82
2B9
074
043
095
250
3A4
275
103
E76
CD7
126
195
D72
DAD
27D
2BF
021
D74
CE8
EB3
EC5
EDC
F54
D1B
076
5F3
244
DF7
FC2
200
11F
E7D
DD3
10A
25E
2B8
38C
F27
D80
10A
0A2
CC5
B5B
E65
269
1A3
EC4
014
03E
F7E
0AC
EC0
BC9
F4C
2FA
356
088
F6E
374
40A
EE5
DC3
E6D
DE8
139
203
EF0
F35
13D
2F3
F61
A29
C27
10B
FB6
E71
094
FF6
249
2D2
034
E55
D55
144
300
E88
E76
368
430
1AA
FB9
D59
DF2
F0F
F51
EBD
CB4
F3E
494
1BE
C83
E3B
06E
F8A
EBF
D71
FEA
290
337
3D1
066
E14
222
292
DDD
CBD
F9E
221
2D3
FB7
FA5
FA2
EF3
F6B
E18
A4D
D06
2B0
204
00B
F03
193
350
F64
DDB
F70
F06
18E
479
0B2
F7A
2A7
36F
0A0
C00
C8F
08C
05F
EC1
069
F55
FB4
2F2
FEE
C5D
C4F
FC0
1FF
F68
DE6
299
523
1D4
150
F58
E46
0EA
140
F72
EA8
FCA
46F
302
C9E
D85
FCF
EA9
E51
E18
D8A
02B
26F
2C3
FF0
D74
01E
2AB
E47
CD8
106
28E
3A8
290
0EC
07B
013
0A9
FB1
B1F
C99
306
217
E8C
E4D
FBB
0BD
FB1
CE0
D47
D93
FFD
388
0F7
EC7
299
3EC
0D0
DAB
DC3
0D8
1ED
00B
0ED
10E
026
2E8
12D
B71
C18
F18
0CD
F20
D40
041
332
0BC
001
EFF
C9D
FA9
283
FC9
E9D
11B
4EC
48D
F17
E40
121
F5C
EDB
FB9
D94
FB2
2E3
276
F38
C00
E90
1B1
DE1
B0A
F4F
18F
1EA
2E4
0B4
F87
0A4
12F
117
D18
D57
435
44A
FF3
01C
0F3
055
FC1
DB3
C4C
D3F
F5D
27F
091
CB4
06B
2DC
F1E
CF8
CF6
FA0
1AB
15C
165
18B
0AA
430
329
CA3
CEC
047
1B4
032
EC6
FAF
297
11A
F35
DFE
B44
D84
20A
F15
CE7
06E
3AF
3A4
F51
E04
06F
058
F94
134
F93
FDC
4B0
3F2
F7E
D50
EF0
1B2
E8C
B73
EFB
094
0C9
1ED
024
C85
F35
04D
F6B
D4F
C94
30E
531
0A8
0C2
1C7
06D
0E1
032
D6B
DBA
0D2
3A9
1C0
CDB
FA9
315
EEE
BF5
CCC
DCD
FE0
138
0FA
FB6
F70
22D
291
D58
BC5
123
293
12C
097
102
2FE
2F0
087
F13
BCF
D77
229
04A
C62
FDD
2A1
24D
EA0
C6C
E36
EC6
E8C
0DB
FB1
EB5
463
4A7
FBE
E7B
F6F
1D4
137
E0F
F69
217
1AA
317
184
C6D
D89
081
E8B
C18
C13
07A
40B
FE4
EEE
030
F2B
FC7
0C5
D46
E01
231
464
337
FBB
010
372
0AF
D0D
DD6
DE8
FB7
22E
070
E8D
E9C
084
188
C56
9F3
F1D
1AF
051
066
073
19E
315
142
F5C
D46
DEE
36B
21B
E30
086
3D6
1CF
002
D95
CA5
DDB
EF7
FEF
ECD
D61
1A9
454
F00
C67
F40
030
099
EE4
F4F
246
2C1
3AC
270
D36
DD0
276
077
D44
DA6
0FB
34F
151
E28
F32
D73
E09
0A5
CAB
C0B
16B
385
299
EDF
F26
237
13E
DB9
F23
F5B
0C6
443
383
F63
FA6
1AE
1C6
DA9
A91
EDE
179
F65
FDD
FE4
E77
0B4
175
D8C
BF2
D6D
255
34D
E74
02A
3EB
27B
10A
F24
E11
F1C
17B
126
FFC
DFE
147
4A5
E93
B32
DAC
EE4
F34
F86
E0E
056
1A3
243
203
D16
C99
27B
1EF
E68
F62
220
432
2FA
01A
F44
EE6
E95
135
E43
BB7
04C
391
14E
EC2
E05
FD0
FEB
D4C
DF3
EF7
F4B
3DA
42C
F30
FCE
267
217
F50
C6F
F8F
371
186
16A
15C
E58
001
136
D50
B3C
CC2
0FC
28B
E8B
E29
22E
0FB
F6C
F51
D25
EB6
23D
293
199
F95
1E0
570
115
C24
E97
FFD
F95
085
F55
EE3
165
16A
0BF
C1C
B14
035
105
DC5
ED4
160
279
2CB
101
F15
E64
FA6
279
0DC
D43
12A
5AB
23E
F52
E0F
F04
F90
E2E
DB4
E12
DEE
2C0
3D2
E13
C97
099
10D
F17
CC0
EA8
34E
303
226
270
F60
02B
328
FBE
C45
E44
236
37D
079
DFB
0A5
052
E10
EAC
C43
C03
0D7
292
03A
EF0
089
3DA
141
C58
EB7
0D9
0CE
2FA
225
F8C
14F
2CA
1D8
D1D
AAD
FA1
1D0
E3F
E84
075
0F8
156
FEE
CEF
CC0
EA6
1A9
1A8
D6B
054
5BD
391
F76
F7D
F25
08C
0A0
FCB
FE4
016
253
444
EDF
B93
F3B
FE8
D85
CF5
DD4
18C
20D
13B
113
E10
E00
258
0B2
C50
EB9
367
481
25F
F9D
0FA
12B
F39
F96
DCC
C0F
145
371
004
E14
EB8
15B
01E
B5B
CA5
F26
019
298
2B7
F4F
07B
34E
1D6
E7F
C48
FF0
3E9
096
F68
200
0EC
0CC
0BB
CB9
B77
DE9
0DC
13D
D38
E56
38B
24F
E8D
DD8
DE6
F88
1C6
08C
079
0AB
2E7
589
075
C07
F65
1A8
FF0
E9E
F3E
0BD
1FA
0F8
05B
D0D
B89
054
032
B96
D57
206
37F
251
FA2
FBD
0D6
F72
0B6
02B
DB9
250
5B1
210
E68
F1A
0FD
0C0
C95
C1D
F5E
F71
1C9
23F
DC3
D8B
166
040
DAD
BA4
F3B
3A4
22E
037
20C
168
0D9
1F2
ECF
C77
F2D
255
318
F78
DE5
2BC
20A
D68
D53
CF7
D2B
07F
0B1
F55
F05
133
46F
0AB
B74
E57
1F0
0C0
0E3
0C1
1B6
3BC
29B
130
E1E
C3E
07F
1E0
D72
D38
198
262
0BE
DEE
D46
E6C
EB4
FD8
FF6
D22
070
567
31A
EFF
F20
07D
1E0
F8D
E7F
0B7
157
214
3C3
F04
C2B
FED
02B
DB6
B39
D9E
2BB
20A
FA1
FE6
EC0
EC4
168
FB2
C07
F30
36C
4D7
17D
F0A
224
309
E95
ED2
E8C
E08
181
272
FDF
E56
F62
12D
FDF
A74
C06
08D
034
0D5
117
FFD
1C5
2AC
0E5
E1C
C64
0BB
4B6
0E4
EC1
218
2C5
19B
F1B
C54
D79
E66
FC1
053
D39
EB7
386
236
D05
CE9
E1A
0C6
08E
EC8
0B5
205
2EC
45C
071
C45
FD4
1F4
F94
D97
EFC
2D7
319
F9C
F45
EA0
C78
F93
FBA
BBC
DA9
253
39E
125
DC7
F50
1FD
F76
EC7
FC5
F69
2C4
530
23E
F2E
F06
1A8
1E3
C11
BF1
0F4
164
097
0F7
EAA
ED8
015
F79
D98
B40
EDB
4B4
1A2
EE6
170
2C7
194
FFB
E44
E3C
01D
1CD
32F
FBD
E21
31D
25A
C88
BD3
D1D
EFA
042
F43
F94
03A
049
2E2
FF5
AE7
E39
29C
15B
FCB
032
30E
433
1A0
FC9
EEC
D9C
034
2A9
D85
E69
227
2E4
101
C18
C56
FDD
E56
DDE
FE5
E26
0EF
492
23C
EB1
E28
0DB
283
EC2
D8E
253
370
281
22A
F77
DA8
FCE
FC4
E3D
C2E
DAF
3AA
2D7
D6E
E6B
01C
EF8
FA1
E00
D0B
01D
248
475
19E
E3C
205
38A
EB5
CBA
EBB
0AA
23D
181
025
008
F8F
14F
F9B
A9C
B27
182
1BC
FE5
F75
014
2FD
0D7
EA8
E83
DAC
0F7
4D8
1CF
EE6
251
3D5
23B
D57
C62
F82
FE9
F34
087
EFE
EC3
300
183
CC0
BE0
E6A
200
FC6
D6E
1D2
349
2A1
217
00B
DD5
FFD
1DA
132
EA9
EDA
452
469
E33
DEE
F2F
DEA
ECF
EB6
D2F
E9A
1A1
311
0FC
BCE
E8C
2C7
F37
D20
FA0
09A
3E7
375
1B8
05C
F22
0D6
224
C5F
BDB
188
35F
07C
F1F
EA2
006
F2B
D24
D97
CB4
EB4
3B1
25C
DF9
01B
268
23B
EF5
CDE
FFF
1EA
1B3
2D1
0E4
EDC
256
202
D51
AD8
D62
1A8
183
D92
F8B
1CC
FD2
008
EBB
BC2
DB7
17B
25D
096
FA8
325
51C
FEA
D93
F72
F0C
0A3
1AF
F46
F81
106
2A0
153
B3C
B0F
07C
FC1
D0B
EF3
04B
217
2B6
08F
E42
D94
F5F
30E
FE7
CD1
22C
509
27F
06B
E6B
FAF
FD0
EA3
F3B
E71
E3F
396
30A
D0F
CFD
F91
FDD
E3E
BD9
E90
21A
1E4
357
1B1
E2E
00C
32F
FEE
D56
EC6
2A7
497
042
F88
122
F0A
EF2
F01
BB4
C44
0DC
221
0E1
DA1
F37
2B5
FCF
C13
EB8
F62
0FE
39F
1EE
FF4
0E6
2F3
27C
DA7
B36
0EE
27D
F7A
FC4
042
082
14A
F4D
D04
BEC
D36
244
15D
D08
047
3E6
2D1
FB9
E27
E7B
0EC
139
177
15C
F76
33D
526
E99
BF2
E37
027
FAB
D96
E72
12F
112
12F
066
C15
C54
112
0B1
E6E
E35
241
510
229
F01
09D
F7A
F9B
18A
F28
D9A
1A0
3F4
22E
DB4
C8A
0DB
F8F
C11
D9E
F02
00B
2C2
1AC
F00
EB0
039
27A
F9D
BB4
0F4
4BF
2C4
19A
0ED
FD8
0F4
06E
E9D
D34
DA7
216
41E
E70
D9E
10A
06B
E4D
C6C
CB5
F76
0CD
1E5
219
EC2
08D
4CA
0A4
C5A
E50
18B
33A
101
FC3
18D
127
061
064
C36
ABC
033
1C3
F5A
E13
F4B
339
149
CFA
E10
E9C
F32
20E
1C8
F1D
163
481
388
FC8
C64
F91
1E1
F62
F6F
05E
007
213
13D
DBA
BDC
C65
048
06D
C34
E8C
3C2
32F
0E3
F9D
E87
FCB
07B
0C9
FCF
EF0
253
62A
12C
D00
FA8
023
F05
E11
CC1
F66
108
13E
167
D06
C5C
151
08F
CB2
D79
093
3CD
339
0B9
0BD
0B1
FA0
1AE
F7F
C54
094
456
2CF
F24
E0D
0C0
147
CF8
C30
E21
E31
153
2FE
ED8
E70
0BD
228
02A
B9C
D7A
33A
273
147
226
0C8
158
290
FE4
CB1
CE9
073
3C0
EC5
CD8
11F
1AF
F43
E04
C78
D29
024
0F2
15E
F0C
017
4F4
2CD
D03
DFB
05C
13D
136
012
0F9
20C
1F4
272
EA1
A7F
E67
160
E65
D31
EF8
223
296
F0B
E24
E26
DAB
0CF
1DA
E70
FAC
4F0
49D
171
DE8
EB4
208
F76
E51
02E
F75
189
39A
02C
C4B
D51
FB0
03D
C8F
C50
200
289
107
11F
EE5
E58
14C
086
F0A
DEA
0DB
5E2
393
E1C
009
11F
FA2
EBA
DB0
CF8
FDF
1EE
22A
F6D
D03
036
1B4
C85
BE9
F11
1DA
2C1
128
0CC
139
0DA
1D8
11A
BF4
DD3
309
303
04B
F3E
0DE
22F
EB1
CB6
CE1
CC1
F6D
2A9
FFD
D62
0BE
240
0DF
CAD
CAA
17B
1EE
061
27F
13B
123
38F
1B6
D7B
C69
F0E
28C
099
CB2
07C
2A5
005
F34
D6C
C26
ECD
FEE
0C3
F06
F0F
427
44C
E72
DB9
FDF
07D
0FB
0C1
01C
1D5
289
339
0CA
B7E
D36
152
F1B
CA1
E7A
08E
21F
0BA
EC0
EAA
DC9
F93
212
E0E
D34
303
560
27F
F32
ED5
164
0A8
E2D
F82
F8F
FE7
462
290
D41
D39
FBD
002
D31
AF5
F03
26B
163
146
0A6
E19
074
156
EE6
D73
EEA
446
508
FCF
F65
232
061
F61
E85
C38
E1D
17A
258
046
C6C
F57
2EA
E6A
AE5
DDA
FCD
1BE
22D
0B2
107
138
215
2A8
CBB
BDC
1AA
353
0B5
F66
099
226
14C
DCC
DAC
C56
D89
1CB
0E3
C9B
FAA
2E4
1C5
E6C
C2A
F48
1AD
03B
164
171
06D
397
461
F35
CBE
E4B
20A
156
D39
EEA
27E
139
00E
F44
BC8
C8E
FE1
042
EE6
E5D
190
587
11A
DCB
FD2
FDC
069
0ED
F98
FF9
266
40A
31B
D8E
C5E
125
096
C36
D57
F79
145
201
009
E77
DB1
E3C
1A5
F64
C1B
05D
4C5
3A1
14D
F5D
0C2
14A
F61
F02
F28
E37
32E
484
F47
D07
FA4
0EE
E35
B13
C94
099
14F
120
1D3
E76
F8B
2BF
02F
D64
D0B
1E8
57D
244
F72
24B
199
FFF
FEA
D45
C4B
F86
1FD
18D
E53
DC1
291
0E7
BE4
CC9
EBA
F74
1EB
183
094
0D3
23F
322
FC8
BB1
F2E
3BF
16E
07D
0F8
178
24E
FF1
E1C
C7C
C12
00D
1F4
DD9
D69
2B6
304
010
D62
D35
FCD
00D
06E
1B4
FD4
1C5
5CC
20D
CFF
D93
FB8
18F
EA7
D94
13B
1E8
037
0D3
D22
B04
EB4
039
F5E
D15
F4A
496
38E
E90
F2B
063
F3B
10C
098
F01
0D6
352
4AB
07B
C60
F81
1BA
D9B
C88
E95
F78
17C
21B
EF4
DD9
D0E
040
14F
C5D
D77
352
403
22B
096
029
12A
0DC
FC5
F53
DB3
FF2
4ED
1ED
D0A
F0D
0A9
031
D36
B35
E6E
05F
095
282
015
DA2
18E
226
DD9
C7F
F5F
3A9
3D9
02F
17B
246
02A
07D
ECE
C0D
E16
17E
1A8
FDC
D30
0DB
27A
DCF
C0D
D87
DF7
03A
297
0DC
04E
13F
326
269
CA9
CBE
2E3
214
088
0CE
0A0
1D1
1CE
FBD
D69
BA4
DDA
256
F87
C23
0A5
2DC
16E
F02
D55
E63
04E
094
1E8
064
F88
4AA
4D3
F4A
D15
EBF
150
09C
E05
F50
14B
0F6
15B
03D
B1C
C33
027
F81
D83
DAA
224
502
185
EBE
045
EA4
020
1BB
F4F
F13
24D
4C4
3EB
E3F
CCF
106
FEC
C4B
E5F
E98
05B
2C2
14B
EF8
D1A
E36
1F4
E13
B47
06B
42B
2EB
1DD
06E
01F
09D
09A
FBD
DE3
DD8
36B
534
F99
DCC
030
FE4
E92
C30
C45
F6D
05A
205
254
D8F
F7D
367
FE3
D20
D8A
0F1
44E
28E
087
1E5
0C3
05B
181
D4E
B86
FB5
248
138
E00
DEE
21F
08E
CE4
D23
D62
E85
235
21C
FE4
030
250
457
069
BB8
F5B
297
135
0AA
0CD
094
1AE
147
F52
BEE
B69
05C
274
D54
DE9
276
1C1
0D9
E8B
D0C
EF7
020
181
1D7
ECB
149
5C6
262
DAC
DE6
F8D
111
F73
E5E
08B
00F
14B
28E
DA4
A7D
E75
0F2
E60
DB7
EF1
364
357
FE9
F7D
F4E
E47
1C2
16F
E3D
020
3D2
4B1
172
C7A
EC9
0E4
E1F
DD8
EDD
DF0
140
2FF
004
D32
D19
077
110
C7E
D03
30D
373
242
2A7
FE3
FEE
0C6
0E1
FC8
CC5
FB3
549
274
DB1
EEB
01C
F27
E0E
C60
D0A
F54
14F
35E
FE5
CA9
1CC
2C2
EAA
D42
EA9
22E
3A3
1C1
16D
111
F72
220
083
B7F
CF3
0D7
209
07A
DBD
FB8
1AF
EA0
D7A
DFD
C4E
FD0
3A6
128
F83
0AF
319
2F1
DE4
CAC
124
177
0CD
23C
FE4
051
24B
0AA
E00
A64
CA9
22F
057
D0B
027
1CF
118
0E1
E87
D25
F07
0F0
28A
0F0
E8D
3A2
51B
02C
DF3
E79
F5A
087
F82
F52
FD3
05D
27C
133
B4B
BEF
027
052
E1B
E7A
060
38B
21F
050
FEF
DAB
F3C
2CA
FCD
E02
15C
3EC
436
F61
D14
F37
F12
DBB
EDA
DB5
DE2
2CA
32F
F0C
CBF
DF2
163
FED
C97
F99
281
2C0
3C2
230
EBF
FAC
162
158
DCD
C3D
1DA
464
016
E97
F2C
E5E
F00
E87
C8C
D02
FB9
340
3B3
DE6
DF0
2EB
0FB
E5D
E6C
FF5
28E
3B4
296
17C
F30
001
2F0
E54
AE0
E20
1FC
1ED
F55
E54
067
FE7
EA3
EA0
D0C
C5B
295
410
026
F67
1CE
33D
1D3
D7B
E59
10A
019
225
247
EE1
06C
2B2
007
C3B
A9E
ED3
1F6
F4C
E51
11B
096
175
100
DA9
CC8
F72
2D8
33B
F74
01F
490
34D
F38
E61
DD2
EF0
132
07C
F55
EC4
0A1
312
F53
9FC
D7A
071
F20
F61
FB0
128
29D
29E
1C7
EA9
C77
1CB
342
ED1
EC6
242
37B
1E3
EE0
DB2
EDC
DE3
F40
FB9
C3B
EFC
3EF
1E0
DB4
D1D
F6E
197
EB3
E4A
123
1A2
388
4EF
03B
D53
024
15E
005
D36
DB8
35E
324
F3E
F78
E15
D50
F61
E8D
CA6
D43
189
4C9
1D6
D64
FAB
254
FAB
F3E
EC0
F9A
294
371
2B1
FF0
DA6
166
20A
C01
B2C
F34
143
0FC
FF4
E5D
F11
ED1
FA8
F19
B80
E2C
476
3A9
FB7
04A
1A5
266
04B
D72
EAD
F35
0C0
3FF
054
D0B
0F7
14E
E53
B4E
B4D
F8E
11B
F87
0D8
063
FA6
222
18F
CE7
CCB
0A1
384
289
F08
1B5
45D
10A
F22
E74
BEE
ECF
1DF
09F
E10
E9A
15E
2D4
D26
B09
EBE
F66
FB7
0B1
FDD
11E
31D
365
154
C94
D89
2F7
248
E85
00B
222
1C2
1D2
ED2
D1C
CB3
E49
0DC
EE4
C29
18C
452
0BA
DEF
DA2
F7C
0F2
FC5
076
0B0
0F0
495
44D
E2E
D58
046
10D
EC6
D42
F3B
24C
196
0B4
FA1
CAA
D69
165
ECA
C27
EC6
277
473
0F4
EBD
0D7
0DB
F98
079
ED9
F0D
2CF
425
1C0
DFA
E04
178
FEC
B56
D99
F8F
039
1F3
151
E7D
E7A
049
142
E7B
B7C
0ED
4D3
215
109
181
103
186
0D7
E90
D4D
EBE
231
362
E43
D58
1B1
098
D98
C3C
C95
F85
0DA
16B
161
EB2
013
3F4
0B0
C31
E29
1DC
306
276
030
1B8
12F
077
050
D31
AC2
FBF
288
F6A
E14
F31
241
13F
CD8
CF8
EDD
EA6
1DD
2C8
F73
09F
458
3BF
FCA
C3D
ECD
25C
001
FA0
118
04A
1C5
217
E5A
AEA
C16
FEF
153
DB2
D32
2CF
2F8
049
EE7
E14
E98
0FB
181
0CA
F87
140
5C9
317
CE5
E3C
FFB
F61
F68
E1D
EE3
0C0
166
22D
E7B
A7C
EF6
1F6
E51
D72
03A
2D2
3BA
160
FD1
FF9
F67
0BA
1C8
D55
EAC
3C5
3DA
096
DCD
E33
043
E35
CD4
E29
DC3
0C3
427
0E5
D33
EFD
16B
0F9
D71
D39
1B7
3B0
22B
2A4
084
E91
1A4
15A
D58
C7D
EB8
350
275
D5D
EEC
074
F06
EA6
DDD
C4D
EF5
265
350
0F7
EB0
1C1
4B1
F36
CB1
FA5
096
209
2F2
111
FB0
FFB
107
019
B66
A83
138
192
EC1
F81
FEE
159
0E0
EC4
DB0
D49
F51
428
29E
E97
1C7
4D1
256
F12
CCD
E83
0B1
F8B
0CC
FF7
E1E
1ED
299
D0C
A98
D7D
011
090
E38
F96
2C7
23E
1D3
170
C9F
DFD
2A6
268
00D
EFC
1D0
4E2
0D3
D50
E59
DFB
E1A
FE3
EA4
D74
085
317
1D8
D3C
BE1
060
0A8
E4B
01D
0C4
1FD
466
317
FDD
DF9
F3A
244
045
BF8
F19
391
1DA
04C
EBD
D25
E82
E8E
EA1
D60
D39
1E5
5CB
028
DE0
0B7
10C
0B5
EE4
E75
0D2
262
3B1
352
E5E
D69
214
010
C21
C1E
EBE
208
0FC
F18
F91
F08
F0A
102
E39
B5A
011
470
311
0BD
FDF
2B7
2AA
ED9
E94
E72
E50
273
39C
FA9
E72
0A6
19B
ED4
A5A
C48
0BA
0A0
0A2
11E
FA3
05C
2D5
06B
D83
CEB
11A
4A5
0D6
F73
257
216
0A1
057
D03
C52
F2E
12E
12C
E4F
E04
35A
1F0
CAA
CE8
EA4
EE8
101
0E9
0B2
124
253
450
0C6
BC2
EC2
31C
01C
F2C
FDD
176
27E
0D1
EFA
CE0
BAA
F5B
1B3
D85
D9A
23B
308
1D9
ED8
E33
00C
FF9
FD2
145
EF9
128
604
365
DC2
E31
F75
137
E8C
C75
FEC
114
0F8
280
F0C
BAF
E64
087
F00
D7D
EB1
40F
494
053
01C
0FC
F67
087
0BA
DAD
ED4
1BC
3BF
1D8
CBD
E8F
166
E6B
C6E
DE5
DE4
0CA
2CD
102
EE7
E74
0AA
255
D40
C43
1BB
3AE
226
29F
0BF
047
168
0C0
EE7
C08
D98
2FC
2AE
DBA
EE6
069
07A
EB5
CE0
CE3
EC4
0CB
3A0
18E
E55
1FD
47D
004
CD4
E19
0D8
248
166
0B3
0C0
049
134
16E
B52
B1C
00E
118
FB5
ECA
01B
312
12B
F00
EC2
D89
F08
3C9
1F4
F63
10D
429
413
F5E
BDC
F35
FDF
F3B
030
FD2
E85
278
2A2
E8F
BCE
BFD
074
0B2
CEA
F78
344
240
2E8
17C
E50
E57
14A
18B
021
DFB
1A8
53A
150
E0C
E8F
DCF
E8C
F6A
DC9
E00
F8F
305
38E
DE2
C40
172
142
E73
EC5
FB3
205
41B
2B5
153
ECB
E9B
24B
020
AFF
E3B
29F
1EE
0DA
E6F
E8A
F86
E19
EE4
DB4
C4D
187
4A1
121
EA2
03C
1BF
118
E5C
E0C
04A
117
368
3B9
EBD
E5B
211
06B
CA5
B07
E30
1B9
0DD
F38
027
F9F
FCE
1D8
EB0
B50
F1E
31D
356
0D6
FFD
353
38D
F1F
F53
DF9
D07
12F
22A
FB4
E77
04E
258
FE4
A6D
C6E
FAF
F80
05F
0FA
FD0
192
383
16B
EC1
C0B
038
3F9
04B
EBE
211
293
1BE
0F5
D4B
C47
DE7
07D
069
D20
DFF
413
31B
E28
DBA
E88
F7E
0F4
045
072
10C
2BD
5C0
1CD
C4B
F23
1E1
FC2
E8E
E93
0C7
2A7
0E5
004
E16
BB2
F3B
124
C92
CCE
107
3DB
27F
FAF
F24
091
039
04F
05C
DED
05C
575
391
F3F
DF9
FC2
16E
DE6
BC8
E96
FD7
0BC
2D4
FB6
D0D
004
183
FC7
CDD
D47
31B
3FB
0FC
1AA
14A
006
18B
081
C5F
D5E
0A6
3C5
19D
CD9
F8D
1E8
E60
D04
D60
C7B
F85
2CF
18D
FA7
FEA
296
34A
E00
CBB
09B
1D7
18D
228
0E9
080
1C7
0E5
EB8
AD6
C6E
215
0EE
DB0
F82
11A
12E
0DC
DE1
D75
DDD
07B
346
0E5
E36
325
554
0E2
E69
E20
FEA
121
FAB
F83
003
F77
2BC
22E
BFB
B17
F97
019
F1A
DF1
FAE
2B5
231
198
0D6
CE6
F10
30B
0AB
DF0
10A
3C5
42B
029
DC9
F7A
E95
E73
014
D8D
C98
25A
3A2
03C
CF1
DCA
10C
088
D46
F4B
111
1F7
444
30D
EEC
EF2
1FA
140
E44
BDC
080
3E9
0CE
FAD
FAE
DFE
EFC
09A
CEA
BD8
E51
284
431
FD7
EE9
2F6
202
F39
F43
E03
033
366
34E
18C
F1A
F8D
35E
F54
AB0
D23
00A
FC6
113
FC3
F3D
FE0
0C5
0B2
CE8
B73
171
3DF
0AA
04B
208
2B5
253
005
DE7
E69
E3F
1E9
21A
D9B
F22
3A4
108
D8C
C2F
D6B
FEA
F6B
F7A
037
F90
21E
4FC
FE8
BE0
F4E
1DB
16E
FAE
FDD
2ED
315
0F5
0CA
D1A
BAF
057
0CA
D4A
D8F
089
39D
19A
D1E
E69
F6C
E7A
0B8
035
DDB
1EB
585
330
FD2
DCA
0BC
20C
DD0
D9C
02F
0AE
1E2
2CA
E92
C94
E61
019
F4B
ADE
D1C
342
2B7
044
0CD
FDE
FEC
1E6
01B
E90
E5E
21C
5B3
1A8
DAC
0C6
18F
E9B
D8E
CE8
CF5
00E
233
0ED
E8E
D9D
26D
218
C17
C82
080
19B
2E4
27C
0D9
14B
1B0
1B9
FE9
B2B
E22
341
0D5
E5C
FA1
094
0DC
F3B
CFB
CEC
D23
002
383
F9A
E19
2D0
3ED
09C
E6F
DE9
0CD
12D
07F
172
096
004
482
1EC
BBF
C38
F63
06B
F55
D10
FCC
1C6
0F8
0D5
E9A
BE2
F49
253
F88
EA2
092
47D
4E8
027
E4B
061
EC2
F86
148
DE3
E94
32B
2DF
007
C3F
D5F
0B9
E95
C53
ECA
FDB
16B
425
18B
E3A
F2F
165
1C8
E37
CF3
245
402
128
124
FDA
E36
FE5
F90
D38
BDF
E34
347
2E6
DA6
E96
1C1
007
F5B
EA8
DC2
0D5
3C3
3D5
1D7
E8D
1B9
432
EAE
BBB
E7D
07E
138
0E6
F70
F7D
FBB
053
038
B1E
B87
18B
279
F68
FF8
170
2BC
22F
040
F00
E0B
F88
3CC
1DE
DCB
0CF
3C3
14C
DC8
C0B
D93
F7C
F61
F8F
FBE
E4F
240
3EA
DDA
BD5
F38
13D
141
F31
FD6
3AB
2F0
298
1C5
CBD
D4D
1E1
06F
D4E
E04
0D1
360
00C
D44
E59
E12
DFD
090
E89
D5D
201
518
2A2
EF2
E43
19D
195
E8D
F47
08B
0CF
417
33C
E67
D6D
FA0
0A1
DD5
A80
DEA
2CB
0E8
073
0A8
E7E
F9E
192
F26
D36
E6C
2CE
5A0
0D6
F04
264
18E
F36
F1F
C7C
DCF
0E4
258
0DE
E30
E59
2B4
024
AFD
D4C
ED5
054
299
1BE
065
182
274
25E
F23
B66
037
352
079
FBF
0D4
114
191
012
D74
B92
CAD
10A
203
D0F
E61
346
25E
023
E20
DE4
00F
0E6
15F
158
FCF
22E
59B
132
C67
DE7
FE6
FBF
E36
D9B
05A
167
106
19B
CFD
B2D
FF3
183
DF6
DA8
09B
3E1
3A6
07F
03A
00F
F4A
175
0E6
CC2
FE7
42F
304
FE9
D21
EAA
02D
D73
D46
E69
DEC
122
45C
016
DDA
010
1A2
0A0
D0D
D96
279
309
1FA
292
FEF
F61
200
06E
C32
BBB
F60
368
0ED
D94
067
13A
EBB
EE1
D58
C0E
FD1
2EB
2DF
02D
F6C
3AF
3CD
E75
DBD
F69
F54
11E
1EA
F42
F76
0A6
1F1
F53
A52
C7E
12F
FA9
F12
083
09F
1D7
2C8
FF1
E1B
D9E
040
3F6
056
E5B
37F
471
161
F93
D8C
DC6
F0A
F49
F03
DCF
F32
401
255
C87
D40
FC5
FE5
F97
EEF
F9F
290
359
3E4
130
CA0
FE5
2B2
EFC
D63
F0E
1BA
325
047
EC8
EB9
D4A
F4A
FD9
BA5
C29
29D
3B1
12D
F3E
035
23E
051
E7A
F2E
F09
11B
59B
2A6
DEF
039
15F
0A8
CE6
B03
EEC
09D
018
178
FEE
DF9
134
1CA
D27
C3B
EA1
293
35D
F93
127
399
141
0D5
02A
BFB
D5C
1A6
1DC
F39
DDE
0BF
37B
E76
C6B
DBA
DA9
EF3
18E
F4D
F2C
1D8
3FC
29E
D72
CDE
1A2
1FE
EE5
098
12E
171
341
19B
DC9
C19
E2F
0F4
F32
B3B
FC6
378
17D
078
F0D
DA0
F98
0BD
04A
ECE
F07
4A4
5F5
03C
E01
0CB
024
FF1
E35
DA2
F65
10C
25B
15C
C70
D15
1E1
EEB
B88
DAD
FEF
260
33C
0F2
0F6
FD6
11E
27E
E6D
BA8
115
44D
170
04E
FBA
08C
0B1
DEE
D61
CB0
CA3
21B
29A
DB3
EDA
236
1C5
EF8
CD1
E0F
109
131
2A6
20A
F6B
246
494
F96
B98
D25
05E
112
E6F
EF0
0D4
0C6
03C
0A8
B93
BB5
007
197
F46
EF9
180
544
2E6
EF9
F9B
EE6
F10
22F
09A
E06
0C7
3A2
305
E4A
C01
EA0
01A
D0B
DAB
F20
F15
296
3AC
F94
D67
ED0
230
115
CE1
EA1
44C
2EF
201
145
E8F
F66
064
F62
CD5
C2E
029
405
004
D6B
044
FCD
EEA
F74
D5C
DBD
143
3B1
360
011
EFC
373
231
D45
DB3
F9F
06D
22A
122
F6A
F1F
FFF
122
DD9
98B
DB8
21B
075
F92
017
103
215
15A
FB4
E30
D97
250
493
F86
F21
355
35E
053
DED
CB9
E10
F4A
F5A
FEA
DEA
F74
46B
12C
BF9
D35
FD2
063
06F
F18
1B1
28F
328
3DA
FC7
C40
0AC
273
EF4
D02
F58
282
2A5
EEA
E9B
E47
D08
FAB
F6E
BF6
E80
3E3
3AA
0FD
E45
051
24E
F97
EC6
FE1
F24
1F1
516
0D2
E08
F7B
103
054
BD0
B8E
023
0EC
08B
167
EE2
EA0
1E4
0FE
D86
C24
FCF
47D
324
F91
1EC
301
078
072
ECD
C11
EAA
218
143
E88
DB5
1DC
28A
CFD
C10
E3B
EAD
031
1CE
FFA
053
271
3E4
19F
C86
DFA
2DF
105
F34
0DC
0E3
17A
262
FC3
D15
C02
E86
165
E4D
B72
176
333
123
01E
E6C
EDD
042
073
03D
F47
02C
58D
4CC
E92
E2F
0AA
FA0
F1A
D74
E2C
024
111
2E9
03F
BC9
E6A
1CE
E44
C34
E9F
192
36E
1F7
0AB
115
033
10C
1CD
CA3
C7A
25B
37F
08C
F08
FEE
13B
F75
CF4
D1A
C80
E59
398
175
DDF
07A
318
176
ED9
D35
046
1B3
12D
23E
144
FD1
2CA
34F
DB3
BBF
E06
11F
08A
D74
F10
216
099
0C4
FEC
B82
D47
26C
143
F46
EBD
2BF
554
1C3
E54
FAF
EF0
FC0
11E
ED9
DC4
145
324
206
CD4
BE8
069
F71
C2E
E66
FA1
0DE
3B6
2B8
F64
E7C
094
2F6
FD5
C75
0BC
41E
28C
162
062
E78
FEF
FF6
DA6
BC7
C90
1B8
36A
E4B
E44
15F
0C7
F99
EBA
D53
F51
28A
376
2A9
F6E
0BA
4C5
0C4
C00
E0F
F9C
0EB
0E1
F9D
F48
F9C
06F
10E
CC7
9FC
FB4
28F
F91
F4D
134
2CF
322
163
F43
DCE
EA4
26E
256
E11
031
413
2DC
F5C
C66
D5F
EE7
EBB
EF1
F0A
DE3
175
4A5
FBA
C50
F07
0FF
11E
EBB
F51
264
2AC
2B0
2B1
E15
D7C
188
08A
C87
C54
02D
38A
19B
DD0
F88
F0D
E70
FF7
E58
C11
0BF
4B6
3A9
061
F78
276
2DB
E15
E09
F3E
F47
2A7
30B
F2F
E70
05B
15B
E53
A0E
C58
1A1
03E
FF5
0F9
F82
0BF
33A
F5B
D0B
DEE
14B
3E8
08D
EE3
2F3
368
088
F52
CD7
C6E
F74
0C7
FB3
D81
F32
405
18A
BF0
D90
F53
FCD
09C
052
FE0
22B
3CA
3F8
026
C49
009
268
EE9
DAB
FBD
182
23F
10F
E77
D63
CF8
008
02A
BA9
D8D
3B0
38B
0FC
FFB
FD6
120
0C1
F77
F37
EBA
19B
5CD
1D2
D73
037
0D4
EEB
D0D
BF5
E5D
08A
0E4
1F4
F30
DA6
22B
242
CAB
C67
FF5
33A
2D2
05F
196
2AB
17F
165
F38
B40
DC9
283
0F2
EA3
E87
13F
2C8
E66
C67
DDE
D7C
02E
2AE
F68
F4E
352
47B
17C
D5C
DAD
1E4
114
F1E
0EC
02C
0CE
401
0A8
BE7
C4D
EB1
05A
D8F
BE2
0C8
32E
0F0
110
F21
E23
062
141
FB8
E6B
037
54E
53D
EEF
ED5
16C
F82
F52
E2F
CDE
E6E
253
2A2
FCE
C29
EF6
24C
DFD
BC7
E97
103
2A5
385
17B
059
097
23E
180
C56
B99
257
28E
FD5
FC9
02C
031
02D
DF2
C99
C6E
E19
2C7
0E6
D1E
13B
458
147
F20
E09
EA1
13A
17F
171
13A
00D
364
456
D57
B9E
E87
FA6
F88
DA2
E8E
13E
115
119
064
BCB
CF8
197
112
E05
FD7
2FA
4D0
24A
F66
FF3
FA7
F52
12B
DE4
CCC
212
40C
0AB
DD0
D3B
029
F4A
C0B
DDF
F01
FE9
3B0
350
EE4
F60
21E
203
EE3
C12
04A
427
1FE
122
1B4
E53
FF0
14D
D12
B4A
D52
140
2BF
DDB
E74
2C7
162
F0B
F2E
D22
E58
29F
336
124
FC1
174
4FB
065
BB4
DFD
FFF
F53
001
F48
ECD
08D
245
0BF
C57
A89
FE7
205
E12
EE9
1C8
2D7
3D7
1F3
EA2
ED2
FCC
208
0DC
CE5
FE0
518
256
EE4
E1A
E27
EF0
E75
DA5
E39
E6E
26D
4E9
FC7
CFA
114
1BC
FCA
E4B
EB2
212
395
267
28F
F02
E9C
25D
FF7
A7C
CAB
092
22A
0BF
E51
FE3
044
F17
F6C
DCC
B9E
088
4AF
235
025
0F9
2ED
2CA
E50
D72
F78
ED3
133
234
EBB
EE3
2B4
188
D4F
A94
D05
0F9
FE5
ED0
12F
0D8
1CE
3E3
006
D14
E9E
17D
24B
EDD
F20
3E7
435
030
F41
E42
CCE
F5C
F3B
D94
D65
FEE
40E
178
CEA
E25
117
F51
F2C
F75
F95
2B0
457
350
026
E1D
0E8
279
CF1
C51
FD8
16D
195
06B
EF0
DEE
F92
F63
E8D
B21
DEE
429
32F
FEB
060
17A
203
0B9
E68
E39
F73
15E
3FE
0C2
D7F
1A0
267
E70
C11
BFF
E9B
086
F81
02B
FEC
FED
33E
238
C51
C6C
134
22C
0D3
FA7
1D3
465
20B
0B7
F42
C17
EBE
1FD
E6C
CE4
F74
2B7
274
DD3
D31
F32
E9F
ED3
016
EB1
FB9
4ED
438
0AE
E8B
F9D
289
FF1
CB7
F68
134
18D
2A4
00E
CD9
E9D
FEC
F14
BF9
BC4
194
3EE
FDA
FE7
109
F8A
1C4
09D
D94
DDD
129
455
2EC
E17
FFF
325
020
CEF
D0A
D38
EEF
098
090
F3D
E2A
153
2DD
D2D
ADF
F98
196
06F
0F3
05B
210
326
20C
079
CB7
C5D
25E
196
D20
EE3
292
1EB
026
D19
D19
DFB
E4A
0BB
EDF
CF2
219
5AA
11F
DDF
F19
15B
1C7
F38
F38
100
11E
368
362
D84
CCC
082
011
CB4
C10
EF0
31D
12A
FAB
070
E7B
F63
20D
E9B
CBC
011
3ED
430
0F7
F23
204
1E6
E3E
E13
D2D
D45
1E1
2A7
F18
E26
FE8
1FE
F9A
AA5
D83
0A0
063
190
166
014
1E2
347
102
DED
C77
0EE
3E4
F63
EDD
22A
15B
0AF
F76
C88
C6B
E30
056
FC4
D09
EEF
53C
2E4
E33
EB4
EF9
060
089
FEC
FD6
139
346
502
044
C41
F98
103
DEB
C8A
E58
11D
23E
08C
FA3
D6D
D8C
0EA
0F4
BB7
E19
415
39E
1C3
FFB
0A1
215
04B
F73
ED7
D23
018
48F
0D3
DE5
FC5
0E2
FEF
C60
AFD
EE4
017
0F2
29B
FDD
FBF
3C3
234
DF4
CAD
F78
376
200
F60
1E7
22A
081
126
E37
AA6
DAB
07F
01D
DF1
E04
2B5
349
EEE
D89
EE4
E4E
059
189
F80
090
2F3
4D6
21B
CB0
E47
25E
FCB
D34
F20
FA9
17A
24E
FDE
D79
C33
ECC
1B2
CB7
B9F
1F8
3E3
1F4
140
FF7
075
0D6
030
FC5
E36
F0C
540
34A
E2B
F5D
0CE
FE2
E28
C08
D0A
FB1
09F
288
032
D57
10F
32C
E76
C08
E79
1C7
2EC
131
116
26B
12B
1A0
13C
BAD
C3D
11E
15D
EE2
DEC
03F
321
01E
D4D
E31
D11
EF5
25D
006
E96
257
4CC
2E8
E9A
D45
122
143
EB9
023
09E
FE0
2EE
225
D38
C40
DF3
135
E9E
B0A
F05
337
18E
11F
FF1
E60
007
12F
FBC
E65
F0D
36D
59B
FA1
E94
129
046
EA9
DFC
C7E
E91
07A
190
128
D2A
E44
2F1
FB8
BA0
DC5
0FC
2AE
241
103
174
18C
1BA
25E
DDF
B44
0DB
311
011
F1B
FDD
186
12A
D56
CE0
CC8
D61
1BA
222
E5E
FAA
469
312
FB4
D82
F0F
202
00C
058
1BB
FE7
21F
3EA
F37
B7E
DA5
F94
018
C60
D2A
20A
1A5
079
0BF
DD4
DBA
182
0DE
E59
E94
20A
5BC
2E4
E51
0A2
162
F0C
F74
E15
D15
099
295
1DB
E24
C37
0AE
0D0
BDC
C68
F3A
15B
29A
25B
03E
0E6
127
25E
07D
B58
EDF
3F9
1C5
FA3
062
0EE
0F4
F2C
CDE
CE3
CCE
FD8
30B
EF0
D84
297
2F8
FF3
DC0
DC6
0D0
1C3
124
1DF
0BC
0EF
4E5
19C
BC5
D6D
035
043
E65
D7E
0B8
26A
05C
FCF
E2F
BE0
F8D
1F3
EC9
E0E
096
4CA
47D
FA7
F2C
12A
FC8
FE5
05C
D95
FFF
390
299
F46
CE5
EAC
142
D61
AD2
F01
084
11B
328
077
EF5
061
15D
103
CAE
CFF
363
438
06F
0A1
16B
0E7
0A7
E85
CF9
CA3
EF1
271
112
C74
047
374
FCA
DAC
CE6
E4E
13B
139
1B0
0FB
0AD
3C8
422
D8D
C62
080
172
FBF
EFE
FBB
231
12E
FEE
ED1
BCC
CE1
1B6
FAE
CE7
F3E
2F2
411
06B
E11
01C
06F
F74
104
F3E
F0C
3F8
4D3
0D9
CF7
D85
122
F1A
B23
D18
0AE
027
1DA
178
D59
EB4
085
0AC
E18
C30
1AF
5CD
1CB
079
1B5
075
104
014
D39
D67
F56
2BB
2D9
D7F
DA1
281
072
C7C
CEA
D21
FDA
1A4
176
108
005
1FE
43C
019
BB1
F69
260
156
024
FA5
198
290
05D
F6C
C12
B4A
018
0A1
D5B
E26
1C6
369
115
D92
E56
0B4
F13
0C0
113
EDD
28F
5B7
2A0
E42
D97
FD8
0D8
D6C
CEC
03D
08C
117
205
DF4
C80
04C
0AD
E5C
C48
F7D
502
346
FBD
154
115
00A
109
ED5
D4F
F4F
258
41E
FC3
CE1
0F6
195
CE7
C29
DB8
EC2
184
1BE
079
FBC
012
34F
14B
B8D
DA3
2A6
294
125
0B3
193
26E
1AE
F7F
DBD
B63
E9C
2CF
EA7
D18
11A
297
0AA
DBA
C62
F41
FF7
FD3
19B
FAB
07A
552
43C
E75
DD7
FE6
195
F44
D34
09C
223
083
216
EF8
BA0
E3B
028
EA5
CC0
DB0
2E4
497
FCB
F76
0A2
FEC
07A
05B
E28
F64
2AE
427
271
D87
F41
28D
E7A
B45
DA3
E84
070
222
091
F2D
F24
0B3
1DB
CD8
B69
191
3AA
13F
175
183
222
21D
FD0
EC4
CD4
DEE
337
1C9
D4A
F5E
279
0DC
E0D
B57
D56
FA7
FEC
09A
06F
F10
315
4DA
F8A
CB3
EFA
1E3
1ED
EE0
F86
2E5
212
1B3
017
BF6
C75
09C
F7A
C7E
D5E
0C0
482
07E
DAF
F91
F8E
F93
13F
F48
ED5
287
49C
3F1
EE9
DCC
231
0D6
CCE
D50
F4B
084
21F
133
E9D
DBA
EE3
0BA
E1C
A31
F4B
43D
1A8
0D2
123
13C
22A
080
F17
E0F
E68
28B
51B
EF9
E5B
200
131
E74
B71
C1C
FC7
FEE
00C
10D
EAE
064
3FD
02E
C0E
D7A
0F0
26C
106
F1C
2E8
35C
160
15B
DC7
BC5
FD4
129
EBB
DA2
FC2
364
1F6
C95
DB6
F48
EA1
FDE
044
EBF
191
4BD
41B
04F
D31
0A1
2B9
E50
D77
0BA
127
232
16F
EDE
D84
E30
F8D
F0C
AD1
D0C
3AB
308
FE9
FFB
00A
0D0
087
EA7
ED4
F00
1B0
519
1B8
DDC
146
2A7
F34
C51
BF8
F48
0E8
FCE
0BC
F81
E59
1DD
17B
B31
C18
077
29B
1AC
F16
1A0
436
1E4
124
FA4
C4C
FCA
2B1
FDC
E75
F40
303
2E9
D59
B8C
E9B
E7E
EE0
025
E41
F9F
325
395
081
CB5
E4C
2C5
11D
D54
105
2DA
32D
2CA
F9B
E5A
DA0
F49
046
D6C
B82
1A5
390
F94
EA0
ED9
F46
FFB
EB3
E7B
FCC
12B
535
47E
E97
F8F
380
106
D8A
D1E
F88
237
128
03F
0CF
DE1
FA1
11F
CD1
AAF
EDE
299
26A
F52
FA0
392
1F1
F50
F5C
E47
EEE
39F
2C4
FD3
F79
191
366
F34
A47
DF0
F65
EDB
FDF
FBF
F2E
1BA
1EC
001
CF6
C3A
1B6
271
DE1
FF7
394
3AA
292
07D
E57
EEE
F60
054
008
CAC
01A
4CD
08B
CBD
DC1
E8B
F79
DFA
DDF
023
0B3
2E0
48D
F32
DD0
1A1
212
ED1
DB7
FFF
39B
2D6
042
071
F54
E7E
07A
DF1
AC7
D90
273
2ED
F83
E00
123
24C
E78
E29
E86
E88
2A4
433
155
029
0BA
360
0FD
B66
D01
13E
0A0
FB9
FE8
F2E
008
0CF
F5B
C62
A97
F53
3BE
026
DF6
24F
3DD
26F
0A4
DE1
F47
059
13E
1AB
F5C
F6E
4A4
2D8
C99
C90
E51
FE1
ECF
D1F
FEB
0FF
0EB
28D
FC7
BFC
F28
28F
05F
E99
F8C
3C1
556
08D
FCA
FD7
E81
FF1
03C
C5B
D56
125
36F
09D
C76
E3B
19F
DD1
C57
E9D
F56
17E
4A0
217
FBA
FFD
231
2AD
D2F
C27
1E5
2BE
0C6
095
F75
FF4
059
E80
CC3
B23
DB4
327
203
D37
FC5
2E1
115
E5B
D4B
E92
186
198
24D
199
F4A
3B6
437
E9D
BD6
DA9
06D
051
E17
E70
192
0C0
11F
FE9
B8D
CD2
14B
10F
EEE
E84
28A
5E7
185
EB9
052
FD0
00E
163
F4C
E99
26A
3E0
189
D1C
BF9
06B
057
BC2
DB3
020
0F2
2D4
16C
F7D
E9F
FEA
1E0
FBC
BBD
141
50D
292
068
059
FA6
08E
EF7
DE5
D4D
D9A
1ED
39B
E6D
D2A
12C
0A7
E30
C07
D5C
1BA
1C6
1AD
21A
FBE
0F7
3DD
00B
BFA
DC0
203
35B
02A
E38
1C5
15C
F08
EE8
C59
B8D
042
13E
FB7
DD0
00A
485
230
C8E
EA8
0A7
01F
1BD
18F
FBD
239
317
251
E69
B48
EE6
165
DCF
D1E
086
1A6
1F9
FE5
E04
DCB
E1C
069
0CC
D37
F87
610
409
009
F77
FE0
115
004
E4F
F92
F47
168
441
F9A
BD4
F16
0C0
E44
C0E
C55
0E9
263
0AA
146
FFE
ED4
1F0
0D2
D2A
E17
1C6
4E7
276
EB2
0F4
29C
EF9
DBC
D40
C3E
FB7
275
039
EFD
E4F
202
1E5
BE9
BA8
068
141
182
1A9
0BE
1F6
2A6
1C0
FA8
BED
E67
3C9
0DB
DBC
092
1AA
243
F14
C4F
D3C
E18
E38
0F8
EF5
D9E
38D
486
FDA
D6E
E4B
187
1AC
F0E
05A
219
1CB
454
1F9
C7F
D72
098
032
D5B
C74
0FE
3B6
017
E8B
F3B
E14
FBA
129
E73
E20
11E
518
463
EEF
EC5
2DB
0CE
DEA
E35
EFC
0B2
2E8
166
EFA
DEC
EBA
17E
CD2
A1E
EF4
239
164
0B1
015
14A
1D5
04C
011
D56
DB9
388
44D
F7B
006
1F4
2DA
F94
C23
D28
F27
F20
135
0A9
D90
05D
342
F7E
BFF
CD8
0BD
2AF
F8B
F91
32B
31C
21A
252
D68
D1D
08D
1A5
FCC
D31
F9F
44F
132
CD3
D9F
DA9
E01
049
EB0
EB2
0AC
308
3D3
F78
C70
0D5
220
EA7
F03
0BE
270
3D2
1EF
00F
E02
DBE
10D
F48
B26
D9C
2E4
24D
FD3
E2C
F5D
097
EF9
EAB
EFC
E9D
291
53E
199
EDC
090
282
14D
CA9
CD5
0D2
16E
145
17F
EB2
E80
17F
EE8
BB3
B90
F3C
33B
0C5
E2C
1DC
275
090
0AD
E1E
DC4
0F8
2F1
242
FC7
F01
432
30F
C8D
C3D
E62
EA1
FDA
F2F
F1A
073
0DD
234
F7C
A9E
DE8
306
08C
EBD
0B2
31C
491
1F3
F05
ED5
DFC
068
227
E58
E1D
26C
320
F94
C67
D12
059
EAE
D3F
F7B
F9B
0D6
491
1AD
D8A
E52
13E
231
EC3
D06
22B
442
17A
14B
011
EA3
017
FDC
D01
C2D
E40
3AB
2C9
CFD
E66
115
F8E
E83
DBE
E55
105
302
357
181
ED6
207
3EA
E29
BDF
F47
164
1E9
036
F46
059
F9C
F98
F24
A84
C0B
256
233
F36
F33
1B3
387
122
DC0
EC8
F99
04F
37E
14E
EE8
24E
34F
13C
CD1
B59
F3F
0E1
DD3
F32
0DB
031
1D3
06E
CA7
CDE
F28
23E
10A
D41
199
5DC
299
045
FB3
EBE
FEF
0EF
FAA
EC0
F2D
318
414
D8B
B39
FC2
F32
DDF
D81
E72
162
29A
1BF
1B6
DC4
E87
2CA
017
CE4
F40
37E
447
184
F17
02B
00C
EA8
F6D
CED
C4C
0E7
309
03A
DBE
E47
1BC
008
BD0
D83
096
126
371
333
FE0
03F
307
1BB
E02
BBE
06D
433
03D
EE2
0B6
045
FFB
EDD
C6E
C02
E27
14C
288
E06
EAA
4AC
25A
E1A
D8F
E12
126
232
0FD
106
09C
164
3E3
F51
AB3
E15
08C
FEA
DF0
E08
1BC
220
FE0
F33
D31
C6E
17E
1E2
E15
F09
30F
4F3
1E9
DA4
F50
1B2
F9C
FC4
009
E7A
1A4
3EA
0A6
D2F
C38
F60
0D2
C28
C25
143
1C9
1C1
1EA
EC3
ED7
087
184
02A
D7F
04E
5FF
32D
F5C
026
0AC
00A
F5F
D33
DDC
F1A
128
368
F0B
C9C
0DA
1A4
DB9
BD7
DFD
1A5
311
0A6
13D
16B
079
2C8
0D4
BEB
E28
29B
2DF
049
EB8
105
232
E8A
CC9
D1F
CBA
F9A
264
F9D
EA9
125
2B4
219
C82
CFC
181
195
0BF
195
111
22A
331
150
DE1
B74
EB9
249
F05
BF0
053
2D0
0BC
FDB
D38
CD4
EC7
F80
06D
ECD
F01
537
4C4
EE1
DB7
027
191
0A9
E99
FE6
203
17C
2C4
0A0
B1E
DB5
13F
E60
C5A
D69
168
37D
009
EBD
04E
E71
F9E
134
E30
E78
380
54D
240
E98
F3F
2E4
FDD
D06
E43
E9A
03B
324
086
E36
E6A
039
05C
BBF
ABA
0DA
2CC
10D
158
102
170
256
0C3
F04
D6E
EC8
430
3A7
E75
F50
2D0
0C3
DFE
C0C
CC7
F01
FC8
0F6
06B
E32
16E
3D8
E60
C36
E5F
1CB
269
FCF
0DA
358
27C
196
0C7
C92
CC8
189
169
E9C
E04
08F
40D
F85
C0A
DCB
E3C
E49
0C8
F1D
EBC
252
404
2DB
EA7
CFB
1E9
18C
EBC
F32
184
201
3A3
0C0
E13
D4C
E45
061
EDD
B10
F64
3DB
120
F42
E22
EF2
FD0
F7D
EDE
F47
F7C
467
58E
075
E74
1A1
190
F19
D1E
E16
1C3
1AE
0CE
0EA
DC1
E40
1E3
DF0
AF4
D06
13A
31F
04E
E8F
1D2
1BD
FBE
0B0
E60
DDF
23A
454
1C3
F2A
FB4
3B9
0AB
B7A
CA7
ECC
EFD
08B
075
EDA
012
140
0F7
D9E
A76
F9C
3C5
0FD
FBB
232
2A0
2DD
0D0
E56
E27
E90
1B8
228
DB8
ED0
3D9
166
DB1
C4C
D1B
F6C
F24
EC9
044
03C
1B3
4B0
030
C2F
F7A
213
13C
F51
F04
36A
429
140
09F
E51
CDC
091
00D
C9C
D56
0DD
3D1
157
C2E
EB4
097
E5C
F0B
F80
EAD
25B
497
2D8
FBE
E2E
1D7
2C3
D36
CC1
16F
21B
25A
0E1
EC3
EAE
F08
F3F
DDA
B21
E59
3C6
1F2
EA6
FAA
133
16D
F73
D4B
F6D
020
290
51A
0AB
E55
252
2A5
E96
BED
D1D
0C3
189
F17
FF9
F82
EC4
17B
EE4
B20
D4B
142
2D9
057
ECE
2CE
44F
076
F14
EF5
E25
0C3
270
069
F3C
088
396
163
B48
B3E
02F
F1B
ED2
FEE
F31
110
234
139
E78
C0A
F25
3F0
031
DF4
22D
42B
2E9
0D9
DF3
E7C
F52
F75
0EF
D75
D82
413
2DD
DAC
C4D
E76
F85
F43
DB1
F66
11F
20F
42D
171
D49
016
2D6
028
E06
E7C
336
44A
109
FD1
F7A
DE5
F78
F65
C68
CB0
097
31E
172
D26
F10
22E
F7B
D83
E8E
F36
1A0
438
2E6
053
FEC
1AB
2B3
D64
B1C
0DB
249
074
028
F6E
FAB
06E
ECF
D53
B77
D5C
350
23D
E2E
0D7
2D0
219
FEF
D5F
E8B
0AF
1A4
34A
129
EC6
2B5
33D
DD6
B83
D69
049
126
DD8
F2E
0FB
030
1B4
02F
B60
D07
18C
1DE
00F
F3C
261
5F1
1C4
E8A
F8E
E41
F8E
1B1
F70
E9C
0C9
2B4
1DD
C81
B22
035
FF4
CF0
F00
FE3
11A
371
1D3
EF5
E12
F84
2BE
FFD
D34
1D0
4E8
316
0AA
F03
E76
F70
EB7
E26
D90
D69
2FB
370
D5F
CE8
015
015
F22
D63
E8E
21F
25F
370
2CA
E6D
00C
31F
04A
D1B
DEE
1EA
3F1
088
E60
07C
EF6
F11
F77
B67
C0D
0DA
33D
091
E89
F9F
30D
117
CE4
EAB
FFD
0F1
3FD
229
FF7
14A
229
22A
D4A
A7D
FB2
1FE
EE1
F34
052
035
11E
006
D3D
C2A
DAC
26C
2EE
E25
057
464
2F5
04E
E55
E64
0E7
0FA
151
133
F26
252
463
E7B
A9D
D68
00B
FE6
E07
E91
17E
1B3
124
0AE
C39
CF9
1F6
1CD
E6B
EF7
299
579
23C
E47
FB5
FA6
ED7
0A8
EF2
DB0
118
37B
1B6
D1A
C3A
FF6
030
C2D
DE5
071
141
322
27D
F9C
E9E
029
243
FB1
C70
0F1
558
23A
014
07A
F2F
FB4
EF5
D7C
D00
D9E
1CC
3C5
EB5
CC1
167
091
EE5
D86
DDC
169
2AF
2FF
298
FB5
000
41F
049
BC2
DE0
15C
2A7
0E6
E3E
0FA
0F6
EAE
EF3
C52
AC0
0CA
2BB
FEB
F03
05A
349
1EF
D02
E5B
066
FC6
2C7
26A
FC3
0FE
37D
1FC
DD9
AD3
ECF
20E
EB1
E13
056
FB5
101
0FC
D22
C4F
E42
1AF
1F2
E17
F8F
56A
390
00B
F14
F3D
FE0
0EB
044
03B
F43
1EB
44D
F4A
A2B
DB0
FC4
E3A
E08
DC0
0A8
223
14D
10C
E0E
CF3
1D8
1EF
D6C
EA8
346
49F
30F
F04
F7D
FEC
F23
FA4
EB1
C77
079
423
10C
DF8
D51
F87
0AD
C7E
CB7
009
0FB
2A6
375
F96
EE9
1DB
1F5
FA9
C6E
F6A
49B
2AE
019
110
FB7
F59
051
D14
BB5
DF1
0E7
336
F34
D9A
1C5
1CE
E06
DE8
DEE
05D
26F
2ED
201
030
0C7
3DF
09B
AFF
DAB
133
145
06B
F39
FB8
14F
003
F62
D20
AB3
F98
366
F63
E3C
1A9
353
21F
EC8
DAE
035
04D
241
2D4
F3D
0CD
46B
2A0
D4E
BC2
E6A
15E
EA7
D78
FDC
07B
0F4
1BE
E29
B75
ED4
107
0F9
E56
F35
53C
40C
020
02A
F21
F0C
169
039
E3B
F50
1C8
40D
028
B1A
DF9
084
DF3
D80
E04
F77
216
27E
0F7
EE3
D3D
17B
259
CC5
E60
3A1
457
2CA
0E0
F54
03C
FB5
EDB
E80
BFD
F1D
45F
141
D4E
E8E
01C
FE1
D91
C7A
ED7
0D2
1F9
3CE
040
EB0
256
211
EB2
CE1
F20
339
304
FED
0B7
012
F06
104
DEA
AD7
D22
13E
264
FE9
D5E
1DB
298
E8B
DAF
E16
E1F
25C
38D
17D
04D
1B7
3A6
1A9
C00
D11
18F
015
FCA
072
F78
07A
16B
F55
C77
ACE
EE6
32A
F13
D8C
1D0
2F8
255
086
E43
EBB
049
1CB
223
EE1
FF9
52F
366
D58
CD5
E58
FA4
EDB
DC5
F70
058
135
2E4
F0B
AB0
F22
1A8
F34
E43
FF2
399
46A
146
05B
033
E0E
0F3
138
D37
E5D
282
397
0F4
CAC
E20
082
E0B
D32
E8E
E0D
171
3D6
148
E61
E5C
146
20D
D66
DA3
2D7
3AF
27B
29F
00A
F42
0C8
04D
DEE
BA4
E78
428
1B7
D32
F4C
0B8
F3E
EFA
D34
D08
FEC
22B
41A
0D6
E54
39D
373
E2B
D30
F4B
1AD
276
12B
066
0ED
FFD
191
F35
9CC
C2C
1AE
0ED
EBF
EA0
124
28B
F76
E2B
E75
D77
0F9
424
0A4
F81
29D
449
111
D8D
CE5
01D
019
F50
0D4
ED3
FC3
2E3
0BA
C2D
B90
E58
16E
F5A
D9A
179
33C
172
210
F36
D72
01D
20F
111
EA0
F9C
50C
467
E58
DF4
F20
E6F
F40
F21
D4D
F06
1D8
296
FAB
B43
E9A
202
EBE
DFA
022
188
404
369
11C
F7A
EA5
0FF
1BA
D21
D0F
28C
348
0FC
EA0
E1E
F52
EE5
D8A
DA7
D56
F7F
4DB
1EE
DE7
FBB
253
0D7
E91
DC1
0F0
2B7
271
38A
0B0
E0C
1F6
1D0
C9A
BEC
E36
1E9
1CE
E34
F4C
048
E95
FF0
E06
AF2
EB6
34D
32F
076
F00
2B5
3D8
EED
D5F
F49
F8F
1BB
358
061
F53
11D
223
012
A81
BBD
0E6
071
EBE
011
FD9
0BA
1BA
F5C
D18
D0E
05E
409
064
E6F
347
4B0
1AE
006
E04
E6F
FC0
031
08D
DFC
EFB
3DB
248
C08
C0D
F24
F8A
F1A
E72
FC9
216
22F
285
041
BDD
F8F
373
FE3
E5D
082
35F
3D9
054
E69
EEE
D4B
FA0
02B
C12
D33
2ED
30E
F77
CD6
E5A
11C
F39
DC2
FBA
FEA
19E
514
1EF
E24
031
1D7
172
D99
CD8
1CE
285
090
0CE
F45
DAF
01E
F5A
CBA
BDD
F40
353
26A
DD3
059
25A
FDF
FE1
EB5
E21
13C
393
3B5
0DF
E78
22A
32F
D2F
C1D
ECA
026
11B
0B8
F20
F77
FF6
078
F43
AE5
C76
30F
1EC
F92
0AB
1D8
311
1B2
F62
E73
E7E
117
47E
09A
DB2
238
36F
FF9
CA7
C0E
EAF
F91
EAB
032
F2C
F6C
394
19C
C02
CD8
07F
1B7
0D4
F76
1FD
42B
228
216
F99
C53
F9A
254
F21
D51
F47
303
2ED
DD8
D7A
E58
DAC
F10
FC3
D89
F31
385
3F5
086
CBB
F42
27A
F8A
E11
0D5
185
2BB
3E1
039
D84
DEE
01D
060
C56
C27
1F6
2A3
F55
F64
ED2
E38
036
F99
E37
DF3
0EE
5D6
391
E50
052
2D3
FED
EF8
E56
EB9
1C8
2A0
25F
F3E
CB6
0D2
1D5
BF0
B35
EF8
0E3
1C5
087
FA4
0D8
040
103
025
B9C
E7E
4F7
33B
003
050
227
294
005
CD5
E11
DAF
049
303
F0D
D04
119
219
EDD
BAD
C0A
0A3
126
FDC
1CC
0F0
0A1
3E5
19D
CD0
D78
0F3
317
0D5
E2B
202
369
03D
FBC
D7D
B91
E54
12D
F45
DBE
F85
31C
2AD
CE5
C88
04A
F2F
067
0D4
F9B
137
4AF
44B
0CA
C7D
EFB
26B
F18
D40
017
138
19B
0F5
EC1
CE8
D68
F6C
0FB
C97
D5C
389
3FE
084
045
F97
FDE
0C9
02D
F91
F91
1E8
5D3
2BB
D2E
F62
137
F7F
D6A
D5B
EE7
186
0F3
16D
E5D
CE9
0A9
187
C84
C0E
05F
30E
301
0EC
096
22F
0B1
039
FD6
CC0
F06
443
2AA
F49
EB6
074
16C
DAF
B5A
DEB
E0F
040
2FA
FE0
E7C
160
235
01E
C6B
D77
2ED
283
082
248
127
0B9
2FA
028
C4D
CAF
FEE
232
F2B
D71
149
281
F6F
E52
C9D
C69
FC1
1BA
087
F48
FDC
4D4
3D0
D21
D98
0D2
087
0F1
0F8
FDC
13D
2CC
21E
EFD
B1E
DC5
21C
E8C
C86
002
19E
192
111
DF5
DE0
E7E
059
21C
E9D
EBD
4CE
50F
097
FA2
F0B
042
09F
F25
EE7
F10
0D0
48E
0B0
B43
DDE
053
EB6
D0E
C96
034
27C
170
1F3
020
E03
165
258
DB1
D21
170
426
3A8
F24
F95
11F
EFF
EEA
F10
B3B
E49
2E1
1DD
E8F
DB0
045
189
E13
BB1
F2D
F88
1D9
3FD
091
FBC
1CE
2F9
061
C1A
D84
333
2C8
F59
0C2
049
FAD
121
EA0
B7C
C1F
019
306
036
D19
16C
322
FDC
EED
DA6
DC2
134
30B
1D7
036
040
44B
350
D04
C3A
016
FB4
FC3
017
F3A
07C
163
0F2
EA6
9EB
D5A
257
F74
DA0
052
29E
34A
1D4
F2E
EF2
F15
0C4
298
ED0
ED1
460
3E2
FB4
DC2
D69
F21
F24
D8D
EF6
EE4
04F
40F
128
B7C
DD6
0B7
00B
E87
DBE
187
405
2BA
222
0AF
DD5
151
24A
D2F
CF2
04E
3D7
28B
E4C
E16
FD9
DDF
E4B
E7A
BF2
E8C
397
30A
FD4
E45
0A7
304
EE5
CF9
071
0CB
2E5
43A
0B4
ECA
0FF
1E1
F6D
B46
BEA
220
122
F47
FE0
FCD
EE3
07A
EDC
C17
C9E
07F
3FC
1A6
ED7
20F
416
118
F58
EAB
E55
167
2AC
0E2
FE0
F53
326
280
B6E
BB1
F27
F2D
FB8
F49
EA2
0E5
1A5
19A
F18
B65
E58
390
0E5
ED9
14C
328
3B7
1E2
EA8
E5B
E17
018
1B5
DE9
D75
321
336
E7C
D34
CED
EF2
F92
DEE
F6B
017
0AF
5B0
2B7
D8F
EAD
216
17E
F61
E80
155
405
1BC
186
F5D
CAB
F9A
0C1
CC1
BF4
FAA
28E
1DB
E56
E16
FEA
F44
F3F
FD6
CF9
FC1
4EE
421
0A7
EAD
101
325
F2A
D1E
F9A
080
15B
2EA
FE1
DBE
F3C
027
E60
AB9
BC3
1A2
2B1
FC7
08B
03F
FBB
1F0
04D
D66
DD2
0EB
4CA
27E
EA3
19A
3C9
FEE
E38
DCA
D0C
FE3
1D6
02B
ECF
DDD
1EB
1EA
C40
B40
F83
013
0E4
18C
042
25A
296
2BB
05E
C15
EAD
402
182
E35
0D9
1D2
24B
0C1
D93
C8C
CCB
EB7
166
DEC
C7A
2E3
3BD
FDD
E1B
DB4
F20
0B3
FA5
0C9
0B3
164
573
306
D79
DDC
0E3
054
E36
D80
FFD
262
0C1
0C7
E74
B48
EEC
174
D86
C32
F83
33C
3E6
FD0
F67
11B
015
007
0FE
DB0
FB2
40C
495
078
E2F
FD3
1F4
E67
BCE
E19
ECB
FFD
2CF
09A
CBC
F9C
136
FC7
C09
C34
25E
389
13A
1E7
139
07A
20D
131
D30
D93
FBA
3C3
1E2
D54
014
24B
F87
D97
D05
BA9
EC7
1AB
14D
F32
EE5
29D
3B5
D8E
C39
07D
102
1FA
22B
0CA
156
2A9
222
080
BB0
CBB
221
047
D6E
F3F
0A4
1A2
0E8
E38
CEC
CDF
F0F
282
FCF
DAB
304
4F5
146
F4E
EE4
FEE
0EE
FDE
037
FB2
01C
4B1
2ED
CAB
C99
FB2
F5F
DF5
D00
F3F
1C2
142
1D7
008
CCE
F6F
25D
ED2
D83
0BB
366
49C
14E
FB9
130
F97
FE7
085
CA4
D1F
30E
345
FBC
DBE
E7D
0CC
E42
BCA
DF1
EC0
00F
335
224
E10
076
253
155
E74
C86
210
3EE
19B
17F
142
F3B
14D
0B9
C48
B2F
E48
244
153
D6B
F68
1E1
FDA
EBB
E53
CC2
F1F
285
250
083
F7A
30B
4AD
F5E
C3A
F6B
030
0C0
19F
FF2
F83
14B
213
0A6
AA2
B21
0F5
0C4
D9E
FBF
107
1D1
23D
F77
E43
DD2
01A
3B6
103
D4E
282
543
253
FCE
E54
E2D
FD5
F48
F4A
E96
E93
314
331
D08
BA6
F58
FFC
ED8
DAA
EA7
254
326
2E3
246
D3A
F47
35C
012
CFA
FA8
27B
3B6
13E
EAD
F65
E82
EE2
061
C32
B35
167
37F
0AF
E7A
ECB
19B
040
D5C
EE2
F6F
092
4DD
364
EC8
FFD
2A8
1CE
DEC
C26
F47
23D
085
122
FB9
E46
071
10B
D03
B0B
D47
261
2EC
EF9
FCA
2EF
155
06C
038
D5E
E5D
27F
305
128
F02
13C
494
036
B60
E39
E36
EE8
0AF
F59
E8C
08F
251
0F3
CA4
AC4
0BA
189
E8F
066
1C8
26A
392
238
F26
D69
F5A
23F
120
C79
072
429
19A
F4B
E2C
CB6
E58
F07
EF1
E41
DAF
289
570
F8A
CF4
FF8
094
055
F8E
F61
154
2EC
396
314
D91
DED
25D
024
BFC
CFF
051
243
16F
EC3
F1E
E34
E87
083
DA2
B4C
0C7
474
237
048
040
208
1EB
F31
ECA
ECC
F16
3A6
413
E7F
E40
180
0FC
DF7
ACE
D52
0D4
FC2
069
098
E3A
03E
29A
EFE
C0F
CF6
17B
383
0BA
FA1
30D
295
0EB
146
CFA
C78
0A0
1DE
FEA
DBD
F71
37C
0E7
BCB
D27
DA4
E56
0C5
09F
E6F
140
3A5
37B
EEB
BE5
0B6
2D6
FD3
013
1B8
15E
377
2C9
EEB
CAB
D2B
0CA
032
C09
D7D
2AE
1E4
03C
F33
DEF
EF9
02E
040
EFE
E3F
1DB
633
21A
DC5
06A
16C
02E
F8A
E47
F4F
12C
288
25E
E36
C76
108
0A7
C08
C79
F32
143
215
0DD
02D
FC6
F57
1B5
017
BD2
FBC
467
2EB
187
03F
181
17B
F10
DBB
D8B
C8F
0D8
371
E81
D8D
075
233
F69
C49
C9F
FD8
059
1B6
2A7
01C
096
479
1E9
CF9
CFC
032
297
0BA
EAE
1B5
126
074
12C
D51
A62
DEE
117
F37
D9F
E74
2F5
32A
EA5
E58
E96
E6F
155
224
F1C
071
433
4A7
143
C86
E21
157
EAD
DF6
FDD
F49
144
307
FD7
C96
C88
F05
116
C6F
C58
24F
300
267
19B
FA2
ECA
0C0
08D
F85
DC8
FDA
515
38D
E3A
F6A
FCB
EC5
EB2
CEE
CBE
EA1
14A
322
F85
CA2
061
2B2
DFF
D2B
ECD
0CC
36C
233
181
0BB
02B
290
1CF
C09
D11
219
20F
03E
F3F
FCE
159
FC7
E2D
CF2
BCB
E79
38F
0BA
D9B
103
2FF
1E0
F16
D28
FA0
055
16E
270
0EF
F65
3F9
402
E0C
BD3
D7A
096
FE8
DB1
F9D
0CB
04A
205
F9A
B64
D64
12A
11E
E9E
EEB
2A8
565
158
FB8
FF6
E0E
079
28E
EEC
E60
16B
3FB
26A
D5E
C98
051
E5A
D39
E54
D96
FC9
378
27B
EDA
DE0
FBD
2F1
F7E
C62
106
355
23E
30D
13B
EB5
05F
0B0
F7E
C55
C4E
224
375
F1F
E68
025
F0A
F19
E08
C84
DE6
094
375
277
E55
065
462
0B8
DC0
E35
FBF
1A1
2C7
139
09B
F70
192
209
CB5
9D1
EE0
0F6
F7D
F77
F8F
165
16D
016
F3C
CB7
D7B
2DE
2D1
E58
036
3B8
410
138
DEA
E8E
F4D
F7C
19E
FB8
D3A
196
3C3
F6C
C93
CAE
F1B
FCE
DCA
ED0
12B
0DF
365
39E
E11
D39
1B6
173
F6C
ECB
071
466
2F4
059
005
DF4
DD7
0B6
DFD
BD9
E76
254
2E5
FC1
CE4
FC6
0ED
E10
F4B
EC0
EB1
348
5A3
1AD
FB9
03D
2DA
14A
C47
E1A
0E8
0D2
1F2
160
E46
ECC
072
F35
CB1
A5F
ECB
3BF
082
EED
1CF
11D
14B
08F
E2E
D5A
FFB
28A
44B
FAC
F44
41B
279
DF2
D4F
DBD
E9C
0B8
040
FBD
EC9
02A
2FD
FAE
A63
D96
0CB
01B
FF5
FCA
1B2
37C
2DA
1BD
EF2
C92
0CE
2D9
ED9
E52
198
34E
1E1
EE8
D51
DCB
DB1
F42
F8F
CF6
E9E
469
2ED
EEC
E02
FE6
0F5
F6F
EC5
113
132
272
541
147
D52
FB1
1C7
F6E
CDC
D05
14B
29C
008
070
F07
D06
FD8
032
BC5
C78
0EA
3F1
25E
EF4
091
269
08A
F83
F41
D39
0A2
43E
2B8
F8B
F62
0F9
2B6
CDB
B06
E7D
FA2
FB4
14C
F85
EBE
17F
20F
F5B
BF9
C8B
2E7
281
F7B
177
25E
268
2B0
01B
D30
D51
F9D
24F
012
C8F
17A
3F9
FE1
DB9
D41
CEA
F88
013
FA6
EEE
FB0
462
458
E17
D27
07B
126
F7D
F82
FCF
27B
313
2A2
09B
C30
D52
197
EC6
B23
E72
193
262
0CC
E66
F3E
E1F
FA6
116
E79
CEA
3C2
5C8
1DA
F92
02A
1D7
12D
E31
E14
F2B
FD5
365
2F6
D32
DF7
0DD
01D
CDF
B09
E70
1F0
101
0A1
176
FB3
0FD
30B
EC3
C5B
F12
2B5
444
002
FFB
2CF
1B3
FE3
F46
C63
C3A
0D1
1B1
EFB
DF6
FFC
318
000
B22
DEF
F23
F91
192
107
FB9
20E
3FC
37B
EEF
BB7
0CC
2C7
F34
EFE
0ED
09E
28C
15B
D8D
BDF
D74
016
FEF
C13
E09
453
30E
FB2
F3D
E38
F56
0C4
03A
FAA
F73
272
623
1FC
D0D
FFD
0D5
EF8
DFB
D90
F23
11D
1A7
1F8
E58
C23
0F5
0C0
BE0
C4B
FA0
319
342
11E
073
110
019
199
0A1
BF0
F14
485
2CF
FAC
F4D
072
1BB
E62
C47
D5E
D65
05D
342
FBD
DFC
166
276
06A
D29
CC5
11E
225
063
21B
09A
11B
3D1
20F
D15
C7C
F40
247
053
D16
029
289
014
FD3
D68
B81
E17
06F
01D
E5C
F44
3E7
453
FE4
E6C
042
010
047
176
F96
FE2
2B6
3E0
117
C8E
CE8
11A
EEB
C5E
E06
F3C
120
2B7
00D
E18
DE1
03E
1E2
E68
C53
282
504
240
14C
061
0AC
122
F8D
EC6
DAF
E55
303
35F
E05
E24
09A
FB7
E02
BE4
CD1
FAC
13D
258
1ED
EC2
080
462
FFA
CA9
E1A
12F
326
1B1
04B
1C9
091
0B6
12B
CAE
A33
FE6
1DD
F66
E1C
F9C
2CE
1AC
D75
E3C
DD4
E27
27A
268
E7C
096
445
42D
063
C70
ED8
15E
F4E
FB9
034
F25
1B8
375
F1A
C11
CB8
FAE
0A7
C71
DC3
2AA
2D8
181
184
E8E
DEF
140
13F
F5E
E42
0A5
5FD
325
E0E
F77
04E
F1C
F09
DBF
D18
F57
1FB
259
F10
BEC
016
17D
D1E
CA3
F47
137
3BA
338
0E7
08A
0AF
21A
18D
BAE
D49
342
2B7
0E4
FD5
FFE
0CC
019
E24
D20
B45
E84
363
060
DBB
0D3
2BE
20C
EA6
D2F
FD7
0CA
163
34A
0CA
FCF
46D
3E1
E16
C78
E44
0D6
0DD
D67
F29
0C0
077
122
F85
ACB
CD9
10E
0B1
EB7
E8D
2A5
588
15E
F7F
05D
EF9
066
1F4
EB9
E78
17F
3E5
2A0
D40
C4B
04C
F09
C88
E2C
E82
FCC
2DE
266
EE4
E18
F94
23B
FCD
B9D
FD9
3D0
2AD
22F
134
F6B
13A
078
F63
CA5
C9C
21C
403
EDD
DDB
031
043
F17
DA5
C4E
DEE
060
312
263
EF5
046
4F0
214
E18
DD0
FBB
1B2
1D4
0F1
10C
053
0F2
27F
DD9
9CF
E08
0F8
F62
E89
ED1
1AC
1E5
FB0
F50
DB7
D60
1F0
362
F15
F5E
30C
48E
24B
E51
EA7
05A
EE5
FB2
FD3
DC5
030
3D9
03E
CAD
C60
F02
0DC
D08
CD7
132
1FC
277
3A2
002
DB1
0A4
1B7
001
D7F
F33
454
406
F64
013
026
E97
F9C
ECC
BE2
D88
144
395
064
C90
063
2C0
E94
D92
E29
F83
243
3A0
1E7
09B
FE0
308
2FF
C70
BE2
0D0
1A5
0E2
020
F15
035
0B1
F0B
DE7
B04
CB6
2B4
152
D99
068
34E
2D2
136
DA7
E3D
FE1
0D1
351
0A1
E5C
32A
48B
FA0
C8F
CFE
F1D
046
DEF
E78
041
022
28F
1C3
C41
C77
09F
133
E96
DFB
0E6
578
301
099
09D
E2F
F5C
1CC
F30
D1B
F49
2E7
3AC
F17
C88
03A
FE0
CD8
DBD
DBF
E3D
29F
3B2
0BE
EA4
FC6
2A6
16D
C78
E4A
1F5
230
2EE
1FD
FC6
013
11D
064
D70
AE1
EEA
33C
06C
E27
05E
051
04A
F61
D0A
CFD
F0D
1C4
3A5
01B
F49
4DA
3F0
F7D
E05
E50
042
169
01D
FFB
F89
016
2F3
005
9C7
C97
FFE
F9E
EBD
EB0
0E1
2FB
155
0C0
F29
CC1
07D
322
F7A
EE5
216
45C
347
F3D
E08
F9D
E67
F4C
F68
D11
EBF
32B
29A
E3D
C97
EE0
199
EAD
C48
FC8
18B
25C
436
1E7
E02
06D
1C5
0C1
CFF
C89
2A9
41F
FF5
FE1
FE4
E8F
00C
F30
C3B
C6A
E69
317
264
DB4
F76
3B4
099
E8F
F16
E34
070
37A
281
0D2
FC8
1E2
3C4
E47
A8D
E98
056
FB4
FBF
F14
036
0E4
072
FB2
C01
B8B
1D3
1E3
EB9
FCA
30A
427
2F4
F2C
EAC
F45
F00
1EF
146
D2A
0D2
498
182
D43
C06
ED1
008
DB2
D9E
01D
FDA
238
3B0
ECF
CA4
FEF
19A
028
DDF
F08
438
405
183
159
EFB
ED0
17B
FB4
C6F
D5D
0C5
3E0
094
CD8
F76
08E
DAE
E68
E2C
D30
144
3BA
2DF
026
F56
2C6
28D
D32
D40
0C7
133
187
245
FCB
046
0BE
088
E98
9A3
CC3
284
0AF
E60
FFB
145
1DB
109
ECB
E2D
E3C
0BE
3ED
0B7
E7F
37E
554
098
DFD
D90
EDC
00D
F33
F6C
F3F
EB5
2D7
212
B7A
BBB
F1F
07F
F16
DFE
09C
3BC
25E
21E
0F8
DCF
F68
299
03D
E23
F83
30C
451
02A
DBC
FD5
EA0
DED
EB0
CE1
CDD
1AF
3BC
0B7
E22
EBE
289
097
CB4
E88
0E5
19F
423
2DA
FAC
039
1AC
153
DD7
AC2
FC1
2F7
065
F30
FD2
F84
069
F58
D0B
C2F
DA7
231
3D8
F27
EBA
41E
2E1
FD9
EFF
DCF
06C
19C
204
161
F97
143
4A9
FB1
B1A
CF2
FAA
FFA
F11
E4C
094
1AF
13E
126
E6A
B50
0B3
2D9
F57
EE4
191
40F
402
FEF
ED1
F55
EEA
059
050
CD9
E92
34A
2F4
F20
C71
DF5
11A
E24
D4E
F96
FDF
1C2
4D4
175
E1B
010
213
18B
D7C
D38
2B8
419
12A
0EF
FC0
E95
09E
F63
C75
B87
E8E
368
1EB
D62
F4A
278
FA6
F2A
E08
DAA
057
280
32E
190
F68
24E
486
EF6
BF0
EE1
05A
0E4
085
F8C
FF9
06F
0E8
FE8
B41
AFB
10A
1B4
EEF
F2D
1A8
384
280
F8F
EE9
EB6
F51
33F
127
DC5
17E
463
237
E76
CBA
E50
F67
DDA
E0B
F5C
E4D
241
3C8
E65
C73
F16
14C
04C
DA6
F76
425
363
20C
1A6
EDF
EF4
18F
02C
D33
D53
0BD
467
0E7
D2C
F54
FDA
DED
EA3
D31
CDB
0AB
311
2FA
FF2
E85
2D5
2DC
D1A
E35
065
101
2DF
1ED
027
0A3
049
10F
E95
9B9
CF5
230
061
E92
F54
0B3
170
01F
E95
DC6
D66
11B
468
094
E61
371
4BF
17D
E32
D5D
FBB
FF3
F76
051
F0E
FA6
388
139
C09
B77
EEE
05E
F4B
D3A
0E5
354
23D
20B
0B2
D13
FA2
2E6
04C
E13
F5F
402
4B8
FDA
E14
FC2
E6E
E6D
FA2
CDE
D43
1F2
31D
10D
CEE
DDA
256
050
CF0
FBA
041
1FC
470
1B3
02A
FFC
154
1F6
DC8
ACD
082
3B3
062
FB9
F5E
F4E
002
E93
CEC
C35
D2F
258
339
E87
F83
349
291
071
E2F
DC7
052
155
204
213
F3F
0F8
454
FB4
AAF
C72
F6F
07F
EEB
DE0
0AF
11A
08A
11C
D43
BF7
067
2E9
FDC
F33
1C8
5A7
3B3
EE5
F16
FAA
EAD
0A4
071
D7F
F83
295
2D0
F6B
B83
E3D
0A1
D9E
D69
FAD
FA1
252
3D8
0CB
E48
EF1
1C7
1DB
CEE
DA0
34D
3A2
133
15F
F3F
F67
03F
EBB
D1D
BE7
E9C
410
1AB
CEE
F7C
18B
039
EA4
E05
F09
142
28A
36A
14A
ED4
2D2
3E3
E4A
BF3
EE5
0F3
1C7
FD8
F72
10A
FAB
086
FDD
A86
BED
12A
1C9
EC7
F06
17F
461
138
E73
F70
EFD
003
3A3
0D4
E34
223
411
24D
DC8
BA6
F23
FFE
D3B
E76
EFC
F8C
2F1
1A5
DF7
C51
E34
1DE
023
CB4
076
46A
30D
210
140
E9A
FDE
0CF
FD3
E22
D52
12A
51B
FA9
CA7
FA9
F10
E6D
D6B
CF0
ED1
0F4
2ED
2EB
F1D
DF9
3AB
1AB
CBD
DEA
063
2EB
2FA
10A
0E0
051
F4B
126
E3C
9CC
DD8
219
0B7
F14
ED2
152
201
EBE
D6A
E33
DC1
20D
43B
FF8
F68
33E
427
16B
CB6
CF3
17C
07A
F94
08C
F24
027
2BF
020
BD3
B96
E73
206
E73
D2C
1BE
351
1BA
1DD
F1D
D95
033
1BC
0A4
E84
FD1
4A2
468
EC0
E06
F95
EAE
E5B
E17
D5F
F77
110
33D
09E
BCF
EAA
28E
F16
CCF
F65
186
346
34B
110
0B1
F63
0B4
141
CBF
BF4
1B6
316
068
F35
EEA
0B2
FB3
CC9
D3E
D44
E19
389
2E0
E8C
05A
2C0
27E
F12
CA3
FCD
27C
170
279
1D1
F22
17D
2CF
E80
AEA
C7B
082
165
D96
E42
1AD
050
FEF
FF4
CA4
DA6
19E
262
092
EE8
1B5
631
203
DE2
F7E
FC0
F96
0CC
F44
ED9
08A
1F3
309
DD4
A76
FB2
096
D36
D30
FCE
190
35F
25A
025
F81
EB3
1BA
156
CE0
F7D
4AE
3B9
13F
EAF
F14
01D
E8C
D5B
DF2
D06
07E
41C
084
D1A
FA7
0F6
00E
CF3
D7A
170
25C
25A
392
088
FA2
31B
142
D95
C42
F65
31C
19B
DB4
FFF
101
F2E
F22
D32
B5C
DF6
21C
1A9
000
EB8
2A2
49B
EEB
D3A
FC9
FCE
154
23F
050
07A
1C5
316
0C0
B2A
BA7
0A8
F65
D3D
F8C
049
17F
212
F35
DC4
D39
F32
274
FC4
D79
2C3
52F
28F
066
EE0
F65
03E
F1C
F85
E6C
E8F
3BA
396
D7B
C4E
EE2
FC5
E66
C30
E1E
1BB
22F
29E
18D
DFD
F43
378
029
D41
E6B
2E9
4C2
0B5
EEE
080
F95
EDB
F6B
BE0
BBD
104
278
13D
E26
EC2
29E
08C
C56
DBE
EEE
0B0
350
2A4
071
146
268
308
EA4
AE2
F80
31D
FA8
F69
060
FDF
14F
047
D76
B7D
C1E
0C6
271
D94
F52
3CD
2FE
107
F26
E04
F9F
0CF
114
19C
F60
167
56F
08F
BA9
DB3
F17
FD7
E3D
D5C
00F
157
1BA
1C4
E30
C04
0F5
19C
ED2
E34
094
4DB
475
FC4
01F
0C4
F7F
0B4
FA5
C3E
EEE
2BC
329
F8E
C42
F35
1AD
CE2
C8F
E9D
F55
19E
3F6
063
F07
032
243
1B8
C9B
CCF
324
375
09F
176
029
FFC
0DE
F37
CA3
BBC
E69
31B
094
CCB
0BD
236
047
E81
D32
E15
076
174
279
0F7
049
393
427
E01
C70
EF8
0F9
0C8
EDE
F58
13A
071
12B
FE7
AD7
C79
1D4
FE6
DEF
F1A
246
42F
1AE
EC3
FC1
F35
FE6
2A6
F99
E7B
279
4AF
1F3
D74
CBB
046
F1C
C8C
E70
ED0
F4C
2CE
1DD
E20
D8C
02E
136
EEB
C5C
0C6
517
2B7
1BB
146
F86
0F3
0BC
EF0
CDD
D8B
22C
411
E49
D2C
0EC
040
E09
D84
CF5
F0F
1E4
2FC
21B
F1D
01A
4AF
0FB
C0B
E9F
125
2AD
1DF
037
110
0D4
053
0B3
CA3
9FD
F31
204
F7A
E6B
F6B
22F
214
E65
DFA
EA4
EA0
25A
2FA
F59
0C9
4C0
380
FBC
C3A
EDF
166
F12
EDC
FD7
F76
0DC
30E
E9D
BC3
D58
FBB
124
CB3
E8A
357
374
199
135
F59
F49
127
064
F49
ECC
0F9
592
288
CE8
ED6
FDC
E7E
E02
D37
DC9
049
20D
28C
F82
C7C
105
285
DB4
D18
0BA
2B9
3EF
221
091
148
012
135
FE8
B31
D6B
2FC
200
F1C
F1B
008
0EF
E73
C9D
DD7
E09
0E2
3E3
0C1
E5D
24C
3FF
124
D36
D75
1B2
21C
058
172
0E6
FAA
26D
06D
BD7
B79
EFC
157
FCC
C8D
060
328
07D
FE5
EAD
CEB
FDD
22B
0C2
FE2
01E
460
516
EE5
D1F
FED
F65
F19
EEF
E3E
FBE
1E5
25D
039
B2F
D0F
1C6
F21
C3C
F13
23D
374
29D
070
019
FD9
086
1E3
E6C
D31
2C7
547
0FA
EDB
EBF
FBE
F1D
CE7
CEE
E21
E38
2C0
2EB
DE6
F03
19A
120
EA8
C81
FB1
39B
25E
1D5
28E
FA3
1A4
260
DE4
B40
DEC
193
27B
DF3
E51
1D6
0C2
E77
EA8
C68
D18
1B9
288
0E7
F7A
190
512
149
BF4
F2C
10A
040
140
03F
FBA
143
1F9
0AC
C79
A87
FA0
0FA
D90
D63
116
1EB
1FD
FCF
E1F
E47
F2A
234
187
DF1
0B6
65C
39F
F14
E6B
EDA
FBB
F35
DB3
F80
F01
19F
3EC
E58
BB5
FB0
0A7
F3D
C85
E20
2C4
35A
18E
1C5
F3A
ED9
235
08C
C83
E54
218
3E8
1D1
DCD
FDA
070
E01
E5C
CBC
C3B
036
31F
172
E76
E69
24F
23D
C8D
D5A
16F
142
296
2CC
059
09B
1D7
12A
E96
B0C
DEF
33D
03E
DDB
020
074
079
FEA
D26
C79
DDF
173
34D
F84
F05
476
49B
FAF
E76
EEF
FEE
0AC
025
0B2
019
02A
441
0CB
AC6
BEF
04E
F82
E74
DB3
0EC
2C4
184
093
EFE
CEC
06D
31D
F68
E25
24F
48E
3D4
EC1
DBC
0A4
E9D
EE4
F4F
D3B
EF3
36C
21D
E55
C9C
E77
18D
DE5
C2A
024
1D1
280
3DF
098
F26
100
1A9
FF9
CE1
D39
30F
3C4
F31
F65
F6A
F17
FB9
D3A
BB3
D20
04F
371
149
D92
077
3F4
FCB
D9D
E30
FD0
261
2AC
1F2
0EC
FD7
233
2BB
C4E
AEB
028
13F
FFF
ED0
F88
1E2
0B9
F3C
DD2
B7B
E28
30C
1A1
EB4
11F
443
410
002
D29
F75
081
FF5
17E
F8F
E85
305
335
E6F
B52
C5E
090
FB3
CBB
ECF
1F6
1A5
21A
165
D4E
ED3
14E
1EF
F42
E27
2E1
5CD
157
EAA
00C
E62
F83
F7A
E0E
DC7
006
2FC
2AE
D1E
D3F
1C3
036
D39
E21
F71
247
385
255
116
F46
FE8
377
F37
B08
019
38D
1BA
078
F05
FA7
FB5
E4D
DD8
C0F
C2C
1FB
3A2
F0C
EC3
1BE
27A
08E
D3B
E70
10F
0E4
321
22E
EDB
117
406
FC5
B8C
C07
FA1
20B
ED6
E22
162
048
05C
0B1
C83
C33
08E
24A
168
EB7
127
56C
26F
E99
F43
EED
F26
19A
FE0
ECF
FD8
25A
319
DAF
A26
F07
057
DA2
E3D
FA3
0D9
333
266
001
E05
E42
286
1CC
D0A
F28
45A
33F
149
F7C
E5E
FA0
EB1
EA1
DD8
CA2
0F8
4B7
FC4
C7C
F2B
066
F74
DCB
D91
113
21C
328
3F6
F46
F2B
312
0D9
D33
CE7
033
35B
13C
E49
FEB
F53
E85
F88
CBB
AF0
F65
36A
1FA
F74
F2B
368
2EC
E51
E4A
F44
F98
2E5
2D8
054
01C
216
283
F0A
A09
CAD
134
EC8
F2A
FCF
F9F
10E
0FA
F08
CB8
C9F
130
338
F71
F28
423
421
121
ED0
DE6
EF8
00B
041
03F
DEE
013
481
094
BB1
CF5
F5D
F75
EF0
DF2
08B
233
28F
2D5
FAF
CA4
10A
2B3
EDF
E5D
067
40B
34F
F99
F1D
F32
D9D
FCC
EBB
B45
EBA
279
2EA
F35
D4E
FAE
222
E5B
D98
FD5
030
2F5
535
10D
EBD
09D
252
03D
BDB
D00
2B6
25E
FC3
025
EB7
EF9
029
EC4
C31
C31
01B
423
0F3
E29
1D9
38E
051
F09
E02
EF7
14E
2FD
296
F6F
EF4
37E
163
AF3
B92
F13
F51
046
F54
F9E
080
11D
163
EC2
B0A
F20
3B9
081
F94
1AA
3F9
3F5
053
E87
EEE
E17
065
11E
DEE
E1E
2D7
291
EC6
C3C
CE5
0CD
F47
DDB
043
015
219
4D8
16E
DB7
F25
1C1
196
E98
D81
298
421
0FC
FDC
EAA
CC3
FBC
F49
D2B
CFB
F91
3B3
28C
CC3
EFD
14D
F18
F62
EF7
F04
193
44B
34D
0F0
E5D
169
302
CE2
BB8
FB4
101
120
051
EA1
EF0
F6C
FEC
E9D
AF2
D68
424
2D0
F80
082
1E2
276
01A
E2B
EEC
F38
126
445
048
DF3
1B4
2C9
EB6
B81
BFB
F8C
011
F31
049
050
014
317
111
BC8
D04
1BA
2A4
044
F7D
22F
490
14E
049
ECE
C46
F74
18D
EE7
DE2
F8F
2A6
1DA
BEA
C11
FF2
F24
EBD
0E3
F4A
172
42A
2D9
02A
CC7
F7C
33A
F90
CE2
11D
272
214
1E8
E6B
D72
E0B
F24
F8D
C56
D1D
36C
3BC
EF9
EE5
005
067
082
EE2
F73
062
22A
54C
246
D84
01B
25C
E7A
C3A
D60
FB4
215
0B7
032
F5E
DA6
06A
08B
B2D
BEA
1A7
36D
200
FAB
120
398
07A
F31
FA6
D34
051
41B
1A8
EA6
F9E
1C4
140
C8D
A89
E85
F55
FC7
116
FBE
F41
2EC
1E7
ECF
C47
E3D
3C8
23C
EE1
1EE
320
224
16E
EBF
BD1
E41
074
0EF
E75
D4C
21F
33C
DC6
C68
E21
E65
05A
012
FF7
0C6
226
4F4
299
C64
E2F
31C
038
E6C
F55
0E0
304
1AE
F46
DF6
C42
EC7
167
C88
BFD
1D7
353
1FA
F0C
EF3
0F3
034
FA4
0AF
E50
116
586
365
EE1
EF5
11A
0AA
DDC
B79
F4A
141
066
1C7
F36
C9E
011
115
E2E
C8E
EA0
3C2
3DA
005
0E1
25D
07D
0DD
F84
CA5
ECA
255
353
FF0
D54
0CA
294
D5E
B38
D88
E40
062
1DF
FEC
FC1
0A8
2BC
192
C61
CAD
2B9
26A
08F
130
144
251
239
F6A
D49
C34
E87
2A2
F22
C53
0D2
2CF
0AB
D8A
C86
E42
FA9
056
193
031
08B
562
3F2
DFD
D6A
FDE
0CC
00A
E40
05B
2AA
0FB
1CD
EA1
A70
DF5
107
E70
D01
EF0
343
3B9
FB4
EE5
048
F58
0DF
16A
E14
F5B
3F4
483
085
D6B
EF7
19B
EB3
BF4
ECC
EF0
0D0
2C8
FA2
DB8
ECB
0C3
09F
C65
C56
2F4
3F1
161
188
0E1
0F9
157
F51
E09
CD6
FD4
481
1DD
CE2
FA2
1B1
EF7
CF0
C79
DD1
05E
13A
21A
02A
EED
2B7
34F
D22
CBD
0CC
234
244
083
09C
1E3
0BB
0AE
E81
A43
D53
28C
040
D95
F69
1A5
240
E5A
CA5
E2D
EA4
057
329
FAD
FA3
486
437
03C
D0D
DB4
178
05D
DF5
01C
077
0D0
2AE
EF0
B5C
C7C
F91
0CB
DB6
D09
2D6
49B
116
07D
FEB
E18
136
1D1
F50
F1F
137
535
2E7
D01
D9F
08F
E7B
DDF
DBE
DAF
032
217
1C7
EB1
CAA
039
237
D72
C90
1A3
30B
376
237
057
098
073
021
FA8
BC8
E36
3E7
260
E32
E9F
FEA
01C
E2D
BD6
DFD
E8C
142
40F
079
E78
2B2
365
FA0
CFC
DE3
24A
2BC
07C
12B
0CB
F67
221
F5C
A47
C39
081
203
F9A
D73
119
2F3
F86
E42
E21
D10
12F
385
11B
FFC
151
4B4
2D2
CE0
D13
0B6
FD2
F76
061
EF6
023
24C
05F
D1C
B02
E76
221
E92
CE2
1D0
30D
2AD
1EE
F08
E54
F8C
114
121
E7E
F26
53C
331
E1E
DF8
E4C
ED8
EE5
D27
E1B
F77
177
35D
000
C44
FE8
230
F11
DE6
F6C
24B
452
1A7
117
016
DFF
11F
0E8
BC6
D72
1E8
32E
070
D7D
EDD
0AC
DC4
D64
E80
D37
140
4D5
187
F5A
08A
29C
206
D22
DB1
20B
223
16F
1EE
F1E
E9B
154
F8F
C3E
B13
E78
2EC
055
DF6
122
1D4
04B
049
E8B
CFF
048
2D3
328
042
FE6
474
353
D7B
D2F
EAF
F0F
066
FD8
F11
FBB
0CA
260
E65
A3A
E12
235
FBC
F33
08E
2DE
329
21F
FC9
E48
E10
1AE
2E6
DD1
ED1
391
2F4
010
CDE
CE4
EC3
ECA
E10
F5A
E3A
13B
476
114
CD0
EA6
122
0C2
F16
EDE
2A3
347
29C
2D9
F1C
CF2
0A5
0C7
CE2
CA7
FB8
3C4
15F
D96
EF3
EE7
DD7
FA9
E3E
C9D
0B1
471
38B
FD6
EAB
2BE
2A1
D9E
E25
014
081
303
2BB
EFC
E55
FA2
122
E84
994
D9C
2BA
112
FD7
074
FD9
128
10A
EAB
DE5
E85
314
4FF
011
F50
376
257
EDE
D27
CF6
F32
04F
055
077
E7C
F43
389
F5E
AB4
D1F
0A1
144
0AD
076
29C
366
186
1D7
E0F
C58
141
2B6
E4A
E6B
115
369
1E8
CC9
D03
DF6
DD3
011
FE0
D13
047
458
277
E3E
D1F
04D
29D
F49
F99
26F
1E1
3C5
35A
E11
CD8
F50
0BC
F5A
B83
E64
335
142
F40
F3F
DFA
E68
016
E95
DB1
F90
37B
5C5
095
D96
203
1A8
F5A
EA7
ED3
031
24F
253
0A0
D05
D57
1B1
F17
A43
D6E
0D6
1AD
118
FBF
FB7
113
070
077
E26
CEB
251
5AB
0F4
F66
0F2
218
055
D36
D39
E70
F00
1B7
1DB
D88
F47
2B8
03F
C8D
C08
F50
2BE
0EF
112
297
128
299
33C
D97
BF1
FCD
2B2
116
E63
F7E
31E
111
DCF
DD5
C3B
D6E
13B
0A7
E2B
FEE
29F
44C
F70
C09
05B
162
F9B
115
0D4
0CA
36C
31F
FB4
C77
CD8
10F
052
BA0
E2E
229
15B
0B6
ED9
D51
F19
FCD
0F5
F3D
DA9
30B
65B
